date,topic,Argentina_sentiment,Argentina_count,Australia_sentiment,Australia_count,Brazil_sentiment,Brazil_count,Canada_sentiment,Canada_count,China_sentiment,China_count,Czechia_sentiment,Czechia_count,Egypt_sentiment,Egypt_count,France_sentiment,France_count,Germany_sentiment,Germany_count,Hungary_sentiment,Hungary_count,India_sentiment,India_count,Israel_sentiment,Israel_count,Italy_sentiment,Italy_count,Japan_sentiment,Japan_count,"Korea, Republic of_sentiment","Korea, Republic of_count",Mexico_sentiment,Mexico_count,New Zealand_sentiment,New Zealand_count,Nigeria_sentiment,Nigeria_count,Pakistan_sentiment,Pakistan_count,Philippines_sentiment,Philippines_count,Poland_sentiment,Poland_count,Russian Federation_sentiment,Russian Federation_count,Saudi Arabia_sentiment,Saudi Arabia_count,Singapore_sentiment,Singapore_count,South Africa_sentiment,South Africa_count,Spain_sentiment,Spain_count,"Taiwan, Province of China_sentiment","Taiwan, Province of China_count",Turkey_sentiment,Turkey_count,Ukraine_sentiment,Ukraine_count,United Kingdom_sentiment,United Kingdom_count,United States_sentiment,United States_count
2026-01-20,Economic Data,0.0029,112.0,0.067,52.0,0.2152,37.0,0.2112,59.0,0.2605,63.0,-0.0322,24.0,0.3984,25.0,-0.0226,130.0,0.072,489.0,0.0102,34.0,0.2775,353.0,0.0094,10.0,0.1034,193.0,0.169,124.0,0.1825,225.0,0.043,45.0,0.3979,12.0,0.115,47.0,0.1744,42.0,0.1471,56.0,-0.1887,39.0,0.1162,198.0,0.2702,12.0,0.12,24.0,0.1909,32.0,0.1506,212.0,0.2241,203.0,-0.1451,153.0,0.2449,53.0,0.1807,69.0,0.1405,235.0
2026-01-20,Economic Data-Consumer Spending,0.1753,3.0,-0.4347,2.0,,,0.0004,3.0,-0.0002,2.0,-0.2046,1.0,,,-0.4582,2.0,0.0174,4.0,,,0.1639,6.0,,,0.0029,2.0,0.0105,2.0,0.0082,2.0,0.0116,2.0,-0.9083,1.0,,,0.0026,2.0,-0.3678,2.0,,,0.1578,8.0,0.1152,1.0,,,0.096,3.0,,,0.0133,3.0,0.4727,6.0,,,-0.1815,3.0,-0.3228,3.0
2026-01-20,Economic Data-Employment,0.0994,9.0,0.0362,13.0,0.0599,43.0,0.0013,26.0,0.176,12.0,-0.617,2.0,-0.1601,6.0,-0.3356,23.0,-0.0098,73.0,0.0139,4.0,-0.0727,74.0,0.203,3.0,-0.0219,52.0,0.1601,59.0,0.0509,59.0,-0.1419,19.0,0.3655,8.0,0.3461,5.0,0.9409,1.0,-0.0869,8.0,0.0432,14.0,-0.0505,37.0,0.1142,11.0,-0.083,16.0,0.1729,15.0,0.1149,31.0,0.0553,24.0,0.0724,44.0,0.1353,11.0,0.0915,21.0,-0.2398,36.0
2026-01-20,Economic Data-GDP,0.5371,4.0,,,,,,,0.4962,6.0,0.5071,2.0,0.9427,1.0,-0.3801,2.0,0.4603,6.0,,,0.5211,14.0,,,0.0408,9.0,,,0.0176,2.0,0.5999,3.0,,,0.7316,7.0,0.0408,4.0,0.145,3.0,,,-0.6298,1.0,,,,,0.9421,1.0,0.5249,10.0,0.7857,3.0,0.5792,8.0,,,,,0.5851,2.0
2026-01-20,Economic Data-Housing,0.1823,27.0,-0.0051,34.0,-0.3001,8.0,0.001,38.0,-0.0955,14.0,0.164,11.0,0.4275,13.0,0.0309,17.0,0.0838,116.0,-0.0712,13.0,0.0448,68.0,0.0112,5.0,0.0385,56.0,0.4254,23.0,0.2839,79.0,-0.0705,11.0,0.0675,26.0,0.0294,9.0,0.0065,2.0,0.5082,8.0,-0.2007,14.0,0.1944,62.0,-0.2385,5.0,0.3451,13.0,0.3899,11.0,0.117,93.0,0.2066,69.0,0.1463,94.0,0.0023,8.0,0.1055,32.0,-0.0058,60.0
2026-01-20,Economic Data-Inflation,0.2724,7.0,-0.8525,6.0,0.5831,1.0,-0.242,8.0,,,,,,,0.0038,1.0,-0.293,30.0,-0.0228,1.0,-0.1058,8.0,,,-0.0222,3.0,0.1058,7.0,0.1866,6.0,0.0108,1.0,0.2652,2.0,-0.0123,2.0,0.238,4.0,-0.8917,1.0,0.8585,1.0,-0.0695,20.0,,,,,,,0.001,1.0,0.0248,2.0,0.1582,18.0,0.6392,2.0,0.0044,2.0,-0.1964,7.0
2026-01-20,Economic Data-Interest Rates,-0.0904,18.0,0.2577,3.0,-0.0458,5.0,0.2802,9.0,0.0043,7.0,0.1875,6.0,,,0.096,17.0,0.0426,53.0,0.9522,1.0,0.129,49.0,-0.3285,1.0,0.2015,22.0,0.8093,12.0,0.3634,28.0,0.0343,5.0,0.0088,5.0,0.2975,14.0,0.6331,3.0,0.3083,10.0,0.2877,4.0,-0.1017,54.0,,,-0.9081,1.0,0.1656,7.0,0.138,31.0,0.2027,31.0,-0.087,12.0,-0.0793,13.0,0.1946,15.0,-0.0233,29.0
2026-01-20,Economic Data-Manufacturing,-0.3099,4.0,0.6843,3.0,0.0008,1.0,0.3351,6.0,0.6376,6.0,,,0.9287,1.0,0.5109,7.0,0.2853,79.0,,,0.5585,45.0,,,0.5569,11.0,0.5466,8.0,0.1857,27.0,0.4787,3.0,,,0.3302,3.0,0.0082,2.0,0.6797,9.0,0.9525,1.0,0.1606,7.0,0.7633,3.0,0.7361,3.0,0.8005,2.0,0.4461,10.0,0.6608,49.0,0.0144,1.0,,,0.4816,7.0,-0.0132,14.0
2026-01-20,Economic Data-Retail Sales,0.0048,1.0,0.3076,9.0,0.517,2.0,0.3906,12.0,-0.1592,3.0,,,0.4505,1.0,0.4778,4.0,0.3127,30.0,0.0017,3.0,0.0983,13.0,0.9291,1.0,0.3412,11.0,0.1738,42.0,0.7061,5.0,0.0463,3.0,0.0093,1.0,0.1866,4.0,0.2991,3.0,0.5041,9.0,0.0529,1.0,0.0117,18.0,0.4505,1.0,0.4533,2.0,0.0012,1.0,0.0024,3.0,0.3327,20.0,0.0848,2.0,0.1047,2.0,0.465,10.0,0.2308,14.0
2026-01-20,Extreme Weather,-0.0689,154.0,0.0946,36.0,-0.1865,182.0,-0.0508,41.0,-0.0793,14.0,-0.0744,21.0,0.1148,11.0,-0.0761,102.0,0.049,546.0,-0.0035,42.0,0.0063,244.0,-0.2023,12.0,-0.4002,242.0,-0.0641,103.0,0.0083,121.0,-0.0082,50.0,-0.2573,41.0,0.4356,4.0,-0.2403,16.0,-0.0603,28.0,-0.023,114.0,-0.1943,360.0,0.1957,6.0,-0.3245,6.0,-0.1256,21.0,-0.0324,236.0,-0.0857,66.0,-0.1928,208.0,-0.0986,144.0,0.1673,30.0,-0.0298,266.0
2026-01-20,Extreme Weather-Cold,-0.1796,14.0,0.1511,4.0,0.0874,8.0,-0.3015,42.0,-0.1041,12.0,-0.026,9.0,,,-0.0863,14.0,-0.016,52.0,-0.0655,36.0,-0.1242,45.0,-0.1249,15.0,-0.0038,16.0,-0.0697,31.0,-0.1332,73.0,-0.0541,20.0,,,,,-0.0267,6.0,,,-0.1504,46.0,-0.2132,206.0,-0.3368,4.0,-0.5662,1.0,,,-0.1878,21.0,-0.1496,63.0,-0.3126,158.0,-0.0681,53.0,-0.0878,15.0,-0.1349,167.0
2026-01-20,Extreme Weather-Drought,0.1418,16.0,-0.2281,9.0,-0.1727,133.0,0.0327,4.0,0.3592,2.0,0.0053,3.0,,,0.1405,11.0,-0.2305,17.0,0.0685,1.0,-0.1905,46.0,0.0283,2.0,0.0467,33.0,-0.2147,2.0,0.1946,6.0,-0.2294,6.0,-0.0125,10.0,,,-0.0504,10.0,0.0772,6.0,-0.2955,4.0,-0.1231,9.0,,,-0.2044,3.0,-0.4254,7.0,0.0081,40.0,-0.1329,10.0,-0.1553,20.0,-0.279,4.0,-0.2985,3.0,-0.1878,21.0
2026-01-20,Extreme Weather-Heat,-0.0309,25.0,-0.0241,23.0,0.07,13.0,0.4622,6.0,,,0.4739,3.0,,,-0.2652,4.0,-0.0479,25.0,-0.2649,4.0,-0.0619,17.0,,,0.124,15.0,0.0993,6.0,0.3227,3.0,-0.0333,5.0,0.0345,4.0,,,0.2903,1.0,-0.0071,1.0,-0.1761,6.0,-0.0371,28.0,,,,,0.0008,4.0,0.5995,3.0,0.9226,2.0,0.0986,4.0,0.0856,25.0,0.015,1.0,-0.1717,12.0
2026-01-20,Fiscal Policy,0.0507,91.0,-0.0008,70.0,0.2028,48.0,-0.0053,27.0,0.183,39.0,-0.3774,4.0,0.3274,19.0,-0.0725,200.0,-0.0412,222.0,0.0999,20.0,0.1211,233.0,-0.1749,6.0,0.0194,231.0,0.1646,63.0,0.051,115.0,0.0376,43.0,0.1889,14.0,-0.0653,53.0,0.0285,38.0,-0.0418,37.0,-0.0407,31.0,0.1113,142.0,0.1371,7.0,-0.019,14.0,0.0167,32.0,0.044,163.0,0.018,76.0,0.0225,87.0,-0.0089,40.0,0.023,31.0,0.0585,252.0
2026-01-20,Fiscal Policy-Stimulus Package,-0.0382,40.0,-0.0624,18.0,0.2792,10.0,0.0684,16.0,0.1095,15.0,-0.0155,6.0,0.0856,6.0,0.0647,63.0,0.1367,56.0,-0.0249,12.0,0.1222,138.0,-0.4282,11.0,-0.0107,64.0,0.0432,13.0,0.2811,57.0,0.079,34.0,0.0088,2.0,0.096,22.0,0.189,13.0,0.0031,31.0,0.0252,20.0,0.2838,50.0,0.2838,2.0,-0.0129,1.0,0.0285,11.0,0.153,48.0,0.3489,25.0,-0.0064,36.0,0.1038,31.0,-0.0591,22.0,0.0474,124.0
2026-01-20,Monetary Policy,-0.1469,13.0,0.7631,1.0,0.014,2.0,0.2142,6.0,0.1261,5.0,-0.0006,4.0,,,-0.05,10.0,0.1723,41.0,-0.9112,1.0,0.2036,36.0,,,0.3552,11.0,0.7602,10.0,0.3973,19.0,0.0068,1.0,0.0195,3.0,0.0685,9.0,0.934,1.0,0.3582,7.0,0.0072,1.0,-0.1369,17.0,,,-0.9081,1.0,0.2593,4.0,0.2856,12.0,0.1069,22.0,-0.2233,7.0,0.1643,9.0,0.4602,4.0,0.2701,11.0
2026-01-20,Monetary Policy-Interest Rates,,,,,,,0.9209,3.0,-0.0033,7.0,,,,,0.9418,1.0,0.0473,12.0,,,-0.1124,4.0,,,,,-0.9197,1.0,0.0366,7.0,-0.0005,1.0,,,0.5247,3.0,,,,,,,-0.1523,7.0,,,,,-0.0287,1.0,,,0.8344,2.0,0.0039,5.0,,,-0.0291,2.0,-0.9049,3.0
2026-01-20,Monetary Policy-Quantitative Easing,0.1364,9.0,0.6218,4.0,-0.006,2.0,0.4684,7.0,-0.1404,3.0,0.0022,1.0,0.2186,5.0,-0.2355,1.0,-0.1403,47.0,,,0.2148,7.0,,,-0.0662,15.0,,,-0.0447,40.0,,,,,0.0915,1.0,,,0.1472,5.0,-0.9241,1.0,0.1231,16.0,,,0.1197,2.0,-0.9209,2.0,-0.8604,2.0,0.0134,12.0,0.0145,1.0,0.1984,6.0,0.0141,2.0,-0.0072,17.0
2026-01-20,Natural Disaster,-0.6949,4.0,-0.0044,1.0,-0.8006,5.0,-0.6322,5.0,-0.4085,2.0,,,-0.5075,1.0,-0.2056,9.0,-0.0024,5.0,0.0034,1.0,-0.3967,10.0,0.0045,2.0,-0.6361,17.0,-0.271,6.0,-0.8057,2.0,-0.0065,2.0,-0.3187,3.0,,,-0.8589,2.0,-0.3077,12.0,-0.5214,2.0,-0.6289,16.0,,,,,-0.2629,4.0,-0.5686,27.0,-0.468,9.0,-0.3617,34.0,,,,,-0.4471,32.0
2026-01-20,Oil Spills,,,,,,,,,,,,,-0.0973,1.0,,,,,,,,,,,,,,,,,-0.0425,2.0,,,-0.4784,2.0,,,,,,,0.304,2.0,,,,,,,,,,,,,,,,,-0.8998,1.0
2026-01-20,Pandemic,-0.0038,139.0,-0.2441,201.0,-0.2139,140.0,-0.0814,98.0,0.1008,21.0,-0.2217,32.0,-0.0527,38.0,-0.1162,225.0,-0.0441,1045.0,-0.1926,47.0,-0.1254,510.0,-0.1223,92.0,-0.1243,537.0,0.0413,99.0,0.0916,275.0,-0.0111,157.0,-0.1016,60.0,-0.0016,124.0,0.0042,115.0,0.0504,119.0,-0.1298,128.0,-0.1468,585.0,0.0409,16.0,-0.0354,27.0,-0.0956,80.0,-0.0113,592.0,-0.0241,208.0,-0.1096,373.0,-0.0862,98.0,0.0165,94.0,-0.047,526.0
2026-01-20,Politics,-0.0095,402.0,0.0007,508.0,0.0233,264.0,0.0192,167.0,0.0906,115.0,-0.0855,102.0,0.0572,86.0,-0.092,971.0,-0.0346,1046.0,0.0448,141.0,-0.0478,1945.0,-0.1063,249.0,-0.0216,1167.0,-0.082,290.0,-0.0455,767.0,-0.0343,330.0,-0.0042,104.0,-0.0583,413.0,0.0222,275.0,0.0113,252.0,-0.0765,253.0,-0.0531,999.0,0.0669,33.0,0.0313,56.0,-0.0591,124.0,0.0009,878.0,0.0004,426.0,-0.032,849.0,-0.0492,246.0,-0.0643,195.0,-0.0254,1616.0
2026-01-20,Politics-Election,0.1848,8.0,0.0502,9.0,-0.0793,5.0,-0.0482,9.0,-0.6807,1.0,,,0.8017,1.0,0.0194,87.0,-0.0553,25.0,-0.2189,6.0,0.0488,193.0,0.0876,8.0,-0.0429,19.0,0.0192,47.0,-0.1718,14.0,0.0069,9.0,0.002,11.0,0.0222,21.0,-0.1184,10.0,0.0047,3.0,0.0066,10.0,-0.0752,14.0,0.0059,1.0,0.2144,3.0,0.004,2.0,0.0884,28.0,-0.0855,24.0,0.0057,16.0,0.4602,3.0,-0.166,6.0,0.108,106.0
2026-01-20,Politics-Political Tension,-0.0852,54.0,-0.1911,88.0,-0.0924,18.0,-0.0781,21.0,-0.0875,19.0,-0.1768,9.0,0.362,7.0,-0.0675,127.0,-0.1385,106.0,-0.0947,11.0,-0.274,250.0,-0.1091,53.0,-0.0541,121.0,-0.037,22.0,-0.133,81.0,-0.0437,42.0,-0.1465,10.0,-0.1116,45.0,0.0077,48.0,-0.1279,33.0,-0.1501,48.0,-0.0077,110.0,-0.1258,5.0,-0.1076,12.0,-0.4432,16.0,-0.0881,119.0,-0.1588,72.0,-0.1854,54.0,-0.0928,36.0,-0.2042,31.0,-0.0414,183.0
2026-01-20,Terrorist Attacks,-0.5561,35.0,-0.1182,51.0,-0.5332,22.0,-0.1713,25.0,-0.4371,2.0,-0.4001,8.0,-0.1504,4.0,-0.5284,44.0,-0.1035,34.0,-0.4063,4.0,-0.3885,136.0,-0.4607,13.0,-0.4227,37.0,-0.4142,8.0,-0.0217,43.0,-0.5035,27.0,-0.1499,14.0,-0.4126,28.0,-0.4793,30.0,-0.5659,6.0,-0.2391,14.0,-0.4017,102.0,,,-0.1454,2.0,-0.5805,41.0,-0.448,23.0,-0.126,2.0,-0.4856,92.0,-0.5405,7.0,-0.2752,22.0,-0.4159,188.0
2026-01-20,Wars,-0.1257,28.0,0.064,20.0,-0.1494,15.0,0.0286,5.0,0.0442,10.0,0.0495,8.0,-0.0015,15.0,-0.0629,32.0,0.0427,60.0,-0.2246,12.0,-0.0233,88.0,-0.0969,67.0,0.0174,61.0,0.0046,5.0,0.0406,68.0,-0.0707,14.0,-0.0441,8.0,-0.0053,37.0,0.1184,14.0,0.0167,16.0,0.0484,33.0,-0.158,575.0,0.0721,16.0,0.1927,6.0,-0.0026,6.0,-0.0371,48.0,0.1166,24.0,0.0202,191.0,-0.113,249.0,-0.2014,11.0,-0.0952,76.0
2026-01-19,Economic Data,-0.0878,147.0,0.033,59.0,-0.0257,86.0,-0.0286,68.0,0.2106,66.0,-0.1759,45.0,0.0978,21.0,-0.0135,135.0,0.069,441.0,-0.0509,26.0,0.0646,340.0,0.071,9.0,0.065,166.0,0.0245,127.0,0.2719,245.0,0.0341,54.0,-0.0726,26.0,0.192,45.0,0.0979,48.0,0.1951,60.0,-0.1363,38.0,0.0737,199.0,0.3984,23.0,0.072,18.0,0.0271,39.0,0.1433,185.0,0.2551,167.0,0.1776,107.0,0.0793,78.0,0.2501,73.0,0.0623,247.0
2026-01-19,Economic Data-Consumer Spending,,,-0.6311,1.0,0.0156,1.0,-0.3141,2.0,0.7411,1.0,0.0035,1.0,,,0.1761,1.0,,,,,0.1289,5.0,,,0.2703,2.0,0.4729,2.0,0.4358,1.0,-0.804,1.0,-0.4099,3.0,,,,,0.6319,1.0,0.0025,1.0,,,,,,,,,0.3475,5.0,-0.3057,4.0,0.007,1.0,,,-0.7703,2.0,-0.0013,2.0
2026-01-19,Economic Data-Employment,-0.1225,13.0,0.0317,9.0,0.0594,122.0,-0.4208,20.0,-0.0236,13.0,0.1026,13.0,0.4807,2.0,-0.0124,16.0,-0.0022,47.0,-0.3375,5.0,0.0621,124.0,0.2424,5.0,0.0621,30.0,0.108,55.0,-0.0693,51.0,0.1459,10.0,-0.0806,8.0,0.1661,8.0,0.0345,4.0,-0.1758,5.0,0.255,8.0,-0.0476,46.0,0.3613,8.0,-0.3442,5.0,0.0186,14.0,0.1368,39.0,0.2479,18.0,0.1563,26.0,0.0017,11.0,-0.0831,7.0,-0.1595,62.0
2026-01-19,Economic Data-GDP,0.195,14.0,,,-0.4994,7.0,-0.0609,3.0,0.5362,8.0,,,0.952,3.0,0.1808,1.0,0.5175,33.0,0.9344,1.0,0.7096,48.0,,,0.5596,12.0,,,0.4596,24.0,0.705,8.0,0.9459,2.0,0.5393,18.0,0.8379,2.0,0.0729,3.0,0.9332,1.0,-0.3336,4.0,,,,,-0.9142,1.0,0.901,29.0,0.5795,6.0,0.7614,11.0,0.9407,1.0,0.3518,6.0,0.8362,7.0
2026-01-19,Economic Data-Housing,0.1863,18.0,0.023,43.0,0.1681,18.0,0.1225,47.0,-0.013,9.0,0.335,17.0,0.069,18.0,0.0066,18.0,0.0787,127.0,-0.012,11.0,0.1168,72.0,0.4414,11.0,0.0716,37.0,0.2759,24.0,0.1594,104.0,0.2414,5.0,0.0838,32.0,0.236,11.0,,,0.4989,6.0,0.1148,14.0,0.2351,61.0,-0.1083,9.0,0.2549,19.0,0.2194,3.0,0.1902,101.0,-0.0775,79.0,0.0237,44.0,0.2375,15.0,-0.0173,31.0,0.1351,78.0
2026-01-19,Economic Data-Inflation,0.3476,9.0,0.2704,4.0,-0.4923,6.0,0.4126,29.0,,,-0.2307,8.0,0.0006,2.0,-0.0074,2.0,0.0228,12.0,-0.0968,3.0,0.4069,5.0,,,-0.5754,4.0,0.0005,5.0,0.1592,11.0,-0.0669,3.0,-0.3772,4.0,-0.4482,5.0,0.0089,1.0,-0.0412,2.0,0.4252,2.0,-0.2342,10.0,,,,,,,0.3033,5.0,0.4746,4.0,-0.0959,4.0,0.9273,2.0,-0.0168,1.0,-0.1177,8.0
2026-01-19,Economic Data-Interest Rates,0.2007,18.0,0.0598,5.0,0.1066,16.0,0.1025,11.0,0.0024,3.0,-0.0148,3.0,0.6066,3.0,0.1189,7.0,0.0167,77.0,-0.0342,4.0,0.1221,69.0,0.0216,4.0,-0.0152,15.0,0.6184,35.0,0.0996,45.0,-0.083,5.0,0.1152,11.0,0.1436,15.0,0.1016,6.0,0.202,14.0,0.0023,2.0,-0.0342,42.0,,,0.1781,4.0,-0.0158,3.0,0.1932,14.0,0.1953,28.0,-0.143,12.0,-0.113,6.0,-0.0615,25.0,-0.0601,37.0
2026-01-19,Economic Data-Manufacturing,-0.5485,9.0,0.2079,5.0,0.6244,3.0,0.3307,3.0,0.3028,11.0,-0.6134,4.0,0.0386,2.0,0.3989,6.0,0.0499,37.0,0.0512,2.0,0.5128,30.0,-0.8637,1.0,-0.0953,8.0,-0.4652,9.0,0.7579,28.0,-0.4586,2.0,0.01,1.0,,,0.3834,6.0,0.018,4.0,0.0211,1.0,0.2989,5.0,0.3842,3.0,0.0341,1.0,0.2253,3.0,0.3359,7.0,0.5828,17.0,0.6651,4.0,-0.1591,4.0,0.2767,11.0,0.3381,13.0
2026-01-19,Economic Data-Retail Sales,0.0003,1.0,0.0558,6.0,0.0089,1.0,0.3487,9.0,0.7903,4.0,0.022,3.0,,,0.0069,1.0,0.1418,41.0,0.0066,1.0,0.2495,15.0,0.0091,4.0,0.0149,12.0,0.2635,16.0,0.2074,16.0,0.4743,2.0,,,0.9502,1.0,0.0094,1.0,0.5085,6.0,0.2205,3.0,0.1055,22.0,-0.0028,1.0,,,0.3913,4.0,-0.1763,6.0,0.393,13.0,-0.2932,3.0,,,0.2721,26.0,0.2019,18.0
2026-01-19,Extreme Weather,-0.0794,250.0,-0.0311,24.0,-0.1242,182.0,-0.0998,57.0,-0.1296,11.0,-0.0291,40.0,0.0623,10.0,-0.0866,48.0,-0.0348,570.0,-0.2498,33.0,-0.1759,282.0,-0.0594,36.0,-0.3888,216.0,0.0432,55.0,0.0662,89.0,-0.1206,56.0,-0.0145,35.0,-0.033,4.0,-0.3432,35.0,-0.1374,23.0,-0.0486,84.0,-0.1444,330.0,0.1082,10.0,-0.1348,11.0,-0.1954,30.0,-0.0604,179.0,0.09,77.0,-0.2165,373.0,-0.0459,142.0,-0.0958,38.0,-0.0295,276.0
2026-01-19,Extreme Weather-Cold,-0.2429,10.0,-0.1725,9.0,-0.2136,4.0,-0.2686,70.0,0.2509,6.0,-0.2864,16.0,0.0496,5.0,-0.1903,9.0,-0.0572,72.0,-0.0718,42.0,-0.1469,84.0,-0.1775,10.0,-0.0465,18.0,-0.283,14.0,-0.1721,78.0,-0.1712,34.0,-0.0011,1.0,,,-0.2151,5.0,-0.0199,5.0,-0.0258,56.0,-0.1859,259.0,-0.0991,2.0,0.1104,3.0,,,-0.0959,26.0,-0.1162,70.0,-0.375,341.0,-0.0736,59.0,0.0301,20.0,-0.1002,217.0
2026-01-19,Extreme Weather-Drought,-0.1876,7.0,0.0255,3.0,-0.2724,77.0,,,,,-0.2045,4.0,-0.0022,1.0,-0.1253,10.0,0.1081,11.0,0.1538,5.0,0.0391,39.0,-0.005,2.0,-0.342,11.0,-0.0289,1.0,0.2461,3.0,-0.0239,13.0,-0.0078,21.0,-0.0008,1.0,-0.0458,5.0,0.0665,8.0,0.1261,5.0,-0.0434,28.0,-0.0011,1.0,,,-0.2476,10.0,-0.1283,28.0,-0.1504,3.0,-0.276,30.0,0.4468,2.0,0.5225,2.0,-0.2192,20.0
2026-01-19,Extreme Weather-Heat,-0.0624,18.0,0.0179,18.0,-0.3365,11.0,0.6159,12.0,,,0.014,2.0,,,0.0518,4.0,0.0083,25.0,-0.0219,1.0,-0.1975,18.0,0.3306,2.0,-0.3074,5.0,0.1873,5.0,0.0168,10.0,-0.0415,4.0,-0.1394,3.0,,,,,0.9227,1.0,0.0003,3.0,-0.2097,24.0,-0.0344,1.0,,,0.0049,1.0,0.0642,4.0,0.203,2.0,0.0141,3.0,-0.0246,15.0,0.0064,2.0,-0.1026,14.0
2026-01-19,Fiscal Policy,0.0871,116.0,0.0034,70.0,0.106,68.0,0.0027,31.0,0.1499,28.0,0.1713,33.0,0.0459,25.0,-0.0271,80.0,-0.0317,257.0,-0.0308,26.0,0.0604,219.0,-0.1655,24.0,0.0073,200.0,-0.0264,53.0,0.1949,106.0,0.0535,58.0,-0.0317,23.0,-0.0736,62.0,-0.0413,75.0,0.1145,60.0,-0.1181,36.0,0.1457,120.0,0.3525,8.0,-0.0346,10.0,0.1173,21.0,0.0313,136.0,0.0413,88.0,-0.114,84.0,0.0307,49.0,-0.0971,42.0,-0.086,269.0
2026-01-19,Fiscal Policy-Stimulus Package,0.1203,52.0,0.134,17.0,-0.0687,26.0,0.1821,15.0,0.1171,11.0,0.222,8.0,0.1867,9.0,-0.0633,43.0,-0.0608,64.0,0.053,12.0,0.1202,130.0,0.2169,16.0,0.0392,70.0,-0.0334,14.0,0.3739,31.0,0.2025,46.0,0.384,8.0,0.0926,47.0,0.1596,18.0,-0.0028,25.0,0.1268,24.0,0.1259,59.0,0.0154,1.0,-0.211,6.0,0.1966,5.0,0.0605,54.0,0.0298,13.0,0.0027,29.0,0.1081,21.0,-0.0344,27.0,0.0697,105.0
2026-01-19,Monetary Policy,0.2486,12.0,-0.0432,7.0,-0.0767,9.0,0.0878,8.0,0.2396,4.0,0.0036,5.0,0.3034,3.0,0.0014,3.0,0.0305,68.0,0.0082,2.0,0.1678,35.0,0.8601,1.0,-0.0766,10.0,0.7424,27.0,0.2171,26.0,-0.2141,3.0,0.4671,3.0,0.3589,12.0,0.4659,2.0,0.3086,10.0,0.0034,1.0,-0.1691,18.0,,,0.3128,3.0,0.0151,3.0,0.6117,9.0,0.1629,19.0,-0.1678,4.0,-0.8389,1.0,-0.1763,11.0,0.0187,16.0
2026-01-19,Monetary Policy-Interest Rates,0.0037,2.0,0.1381,2.0,-0.5769,3.0,-0.2147,2.0,0.7213,1.0,,,-0.7235,1.0,,,0.0015,7.0,,,0.3803,6.0,,,,,,,0.1991,3.0,-0.0013,2.0,0.0085,6.0,-0.0485,1.0,0.0446,1.0,,,,,,,,,-0.9031,1.0,,,,,0.1245,3.0,-0.0269,10.0,,,-0.0027,1.0,-0.136,7.0
2026-01-19,Monetary Policy-Quantitative Easing,0.3974,8.0,-0.4599,2.0,-0.8658,1.0,-0.2552,4.0,0.0054,2.0,0.4693,6.0,-0.3576,3.0,-0.2055,4.0,0.0297,50.0,,,0.0834,17.0,-0.8507,1.0,-0.1199,10.0,0.0062,1.0,0.1472,35.0,0.0,1.0,,,-0.2996,3.0,0.0131,1.0,-0.0417,6.0,0.0035,1.0,0.2469,8.0,,,0.002,2.0,0.5042,2.0,0.0282,1.0,0.1751,27.0,-0.9253,1.0,0.2242,6.0,-0.136,5.0,-0.0653,18.0
2026-01-19,Natural Disaster,-0.202,6.0,-0.3066,8.0,-0.6149,7.0,-0.3347,2.0,-0.5134,3.0,,,,,-0.4677,7.0,-0.389,14.0,,,-0.4948,43.0,-0.1343,14.0,-0.1701,13.0,-0.134,5.0,0.0481,1.0,-0.8953,2.0,-0.1695,2.0,-0.9024,1.0,-0.672,10.0,-0.3008,7.0,,,-0.5664,22.0,,,-0.2932,1.0,-0.468,8.0,-0.3776,13.0,0.0585,16.0,-0.1391,18.0,-0.2465,9.0,,,-0.5675,14.0
2026-01-19,Oil Spills,,,,,,,,,0.0083,1.0,,,,,,,,,,,,,,,-0.4457,2.0,,,-0.8835,2.0,0.2796,3.0,,,-0.6113,5.0,,,,,,,,,,,,,,,,,,,,,,,,,,
2026-01-19,Pandemic,-0.0401,169.0,-0.1478,224.0,-0.116,224.0,0.0248,84.0,0.0637,32.0,0.0556,62.0,-0.0074,46.0,-0.0397,181.0,-0.0103,1158.0,-0.1625,61.0,-0.1721,619.0,-0.1405,139.0,-0.1053,549.0,-0.0047,90.0,0.1415,282.0,-0.0518,181.0,0.0096,49.0,-0.0843,183.0,0.1489,124.0,0.071,98.0,-0.1079,124.0,-0.0679,615.0,0.1063,17.0,0.0635,34.0,-0.2844,64.0,-0.0385,729.0,-0.1275,202.0,-0.0972,332.0,-0.1238,125.0,-0.0954,89.0,-0.1056,560.0
2026-01-19,Politics,0.0039,451.0,-0.0954,472.0,-0.0047,440.0,0.0144,215.0,0.0686,82.0,-0.0025,170.0,0.0172,107.0,0.0413,558.0,-0.0093,1249.0,-0.0804,153.0,-0.0528,1888.0,-0.093,355.0,-0.0044,1135.0,-0.0277,296.0,-0.0222,787.0,0.0414,372.0,-0.0154,133.0,-0.0559,512.0,-0.0008,290.0,-0.0058,321.0,-0.0741,238.0,-0.0257,869.0,0.1626,46.0,-0.0461,71.0,-0.0777,131.0,-0.0558,979.0,-0.0714,449.0,-0.0353,863.0,-0.0373,263.0,-0.0485,235.0,-0.0609,1788.0
2026-01-19,Politics-Election,0.0667,17.0,0.3803,21.0,0.1139,15.0,0.0021,7.0,0.0005,1.0,0.0018,4.0,-0.0,2.0,0.0118,70.0,-0.1008,63.0,0.3127,19.0,0.0479,269.0,0.2496,4.0,0.0183,23.0,-0.0996,65.0,0.0045,32.0,0.0002,11.0,0.0053,16.0,0.0373,26.0,0.1521,13.0,0.2934,2.0,-0.141,9.0,0.0011,8.0,0.9479,1.0,0.0059,3.0,0.4356,2.0,-0.0232,35.0,0.034,20.0,-0.0258,29.0,0.035,6.0,-0.2156,6.0,0.0751,97.0
2026-01-19,Politics-Political Tension,-0.0146,76.0,-0.0668,115.0,-0.0579,32.0,-0.0594,31.0,0.0326,14.0,-0.0927,13.0,0.0547,6.0,-0.0684,23.0,-0.0427,131.0,-0.0741,18.0,-0.215,154.0,-0.0499,78.0,-0.0704,141.0,-0.0268,36.0,-0.3199,113.0,0.0346,40.0,-0.1963,20.0,-0.0842,42.0,-0.05,45.0,0.0583,31.0,-0.1389,33.0,-0.1087,81.0,0.0052,1.0,-0.1043,10.0,-0.0355,12.0,-0.0198,134.0,0.1032,42.0,-0.0434,102.0,-0.0609,25.0,-0.1066,20.0,-0.0813,263.0
2026-01-19,Terrorist Attacks,-0.408,17.0,-0.2253,93.0,-0.4082,53.0,-0.3272,33.0,-0.2933,5.0,-0.3733,18.0,-0.2551,5.0,-0.4873,21.0,-0.5073,61.0,-0.243,5.0,-0.4526,150.0,-0.4733,44.0,-0.3836,53.0,-0.6781,6.0,-0.3104,4.0,-0.4,32.0,-0.2591,14.0,-0.4105,66.0,-0.4523,29.0,-0.3734,5.0,-0.4601,11.0,-0.4419,123.0,0.0002,1.0,-0.4255,5.0,-0.1976,12.0,-0.4837,9.0,-0.5498,8.0,-0.4357,109.0,-0.4489,10.0,-0.3256,14.0,-0.3411,155.0
2026-01-19,Wars,-0.0924,17.0,-0.0809,32.0,0.0661,26.0,-0.0955,7.0,-0.0533,11.0,-0.126,4.0,0.1459,16.0,0.0749,17.0,0.179,92.0,-0.0184,17.0,0.0342,88.0,0.0423,83.0,-0.0126,72.0,0.215,5.0,0.0121,51.0,0.0083,24.0,0.0554,11.0,-0.0346,40.0,-0.0059,25.0,0.0577,19.0,0.0486,37.0,-0.1423,480.0,0.0986,28.0,0.2687,4.0,-0.2026,9.0,-0.0432,58.0,-0.0034,38.0,-0.0405,150.0,-0.1176,226.0,-0.3334,9.0,-0.1183,100.0
2026-01-18,Economic Data,,,,,,,0.0039,1.0,,,,,,,,,-0.4591,2.0,,,-0.1361,9.0,,,,,,,-0.6902,3.0,,,,,0.5086,3.0,-0.0058,8.0,,,,,,,,,0.2057,3.0,,,,,,,,,0.0319,1.0,0.0023,1.0,0.1369,12.0
2026-01-18,Economic Data-Employment,,,,,,,,,,,,,,,,,,,,,0.0139,2.0,,,,,,,0.0124,3.0,,,,,,,0.1102,2.0,,,,,,,,,,,,,,,,,,,,,,,0.0048,1.0
2026-01-18,Economic Data-GDP,,,,,,,,,,,,,,,,,,,,,,,,,,,,,,,,,,,,,0.0592,2.0,,,,,,,,,,,,,,,,,,,,,,,,
2026-01-18,Economic Data-Housing,,,0.0293,1.0,,,0.0027,2.0,,,,,,,,,-0.0085,1.0,,,0.0068,1.0,,,,,,,0.7815,4.0,,,,,,,,,,,,,,,,,,,,,,,,,,,,,,,-0.0048,3.0
2026-01-18,Economic Data-Inflation,,,,,,,,,,,,,,,,,,,,,,,,,,,,,,,,,,,,,,,,,,,,,,,,,,,,,,,,,,,,,0.0394,6.0
2026-01-18,Economic Data-Interest Rates,,,,,,,,,,,,,,,,,0.0069,1.0,,,-0.001,1.0,,,,,,,0.8651,2.0,,,,,-0.0074,2.0,0.0129,1.0,,,,,,,,,,,,,,,,,,,,,,,,
2026-01-18,Economic Data-Manufacturing,,,,,,,,,,,,,,,,,0.0437,2.0,,,,,0.0046,1.0,,,,,,,,,,,,,,,,,,,,,,,,,,,,,,,,,,,0.9216,1.0,,
2026-01-18,Economic Data-Retail Sales,,,,,,,,,,,,,,,,,,,,,,,,,,,,,-0.0664,3.0,,,,,,,,,,,,,,,,,,,,,,,,,,,,,,,,
2026-01-18,Extreme Weather,,,-0.4721,14.0,,,0.1089,2.0,0.0173,1.0,,,,,,,,,,,-0.6255,21.0,,,-0.8079,1.0,-0.8079,1.0,0.0026,1.0,,,-0.4481,2.0,0.0083,1.0,-0.0367,2.0,0.0099,2.0,,,,,,,,,,,,,0.0079,1.0,,,,,0.0036,1.0,-0.2211,17.0
2026-01-18,Extreme Weather-Cold,,,-0.4569,2.0,,,,,,,,,,,,,,,,,-0.387,12.0,,,,,,,,,,,,,,,0.8779,1.0,,,,,,,,,,,,,,,,,,,,,0.1644,1.0,-0.1643,23.0
2026-01-18,Extreme Weather-Drought,,,0.0342,1.0,,,,,,,,,,,,,,,,,-0.8368,1.0,,,,,,,,,,,-0.6328,1.0,,,,,,,,,,,,,,,,,,,,,,,,,,,,
2026-01-18,Extreme Weather-Heat,,,0.0053,1.0,,,,,,,,,,,,,,,,,-0.8141,2.0,,,,,,,,,,,0.0236,1.0,,,,,,,,,,,,,,,,,,,,,,,,,,,,
2026-01-18,Fiscal Policy,,,-0.4415,4.0,,,-0.2552,3.0,,,,,,,,,,,,,0.0287,9.0,,,-0.1741,1.0,,,-0.4729,2.0,,,,,0.2397,3.0,-0.1037,5.0,0.0256,1.0,,,,,,,0.0075,2.0,,,,,,,,,,,,,-0.0211,6.0
2026-01-18,Fiscal Policy-Stimulus Package,,,0.9472,1.0,,,-0.7668,1.0,,,,,,,,,,,,,-0.6198,1.0,,,,,,,,,,,,,0.0137,2.0,,,0.4648,2.0,,,,,,,,,,,,,,,,,,,,,0.4372,2.0
2026-01-18,Monetary Policy,,,,,,,,,,,,,,,,,0.0069,1.0,,,-0.001,1.0,,,,,,,,,,,,,-0.0196,1.0,0.0046,2.0,,,,,,,,,,,,,,,,,,,,,,,,
2026-01-18,Monetary Policy-Interest Rates,,,,,,,,,,,,,,,,,-0.9097,1.0,,,,,,,,,,,,,,,,,,,,,,,,,,,,,0.5853,1.0,,,,,,,,,,,,,,
2026-01-18,Monetary Policy-Quantitative Easing,,,,,,,,,,,,,,,,,,,,,,,,,,,,,0.1516,4.0,,,,,,,,,,,,,,,,,,,,,,,,,,,,,,,,
2026-01-18,Natural Disaster,,,-0.369,3.0,,,,,,,,,,,,,,,,,,,,,,,,,,,,,,,,,,,0.0038,1.0,,,,,,,,,,,,,0.0079,1.0,,,,,,,,
2026-01-18,Pandemic,,,-0.4533,12.0,,,-0.8974,1.0,,,,,,,,,,,,,-0.2947,15.0,0.0183,3.0,,,,,-0.0181,2.0,,,-0.2063,3.0,-0.3,4.0,-0.0461,11.0,-0.1531,14.0,,,,,,,0.0039,1.0,-0.9051,1.0,,,,,,,,,0.0671,1.0,-0.1322,19.0
2026-01-18,Politics,,,-0.3431,37.0,,,-0.0663,8.0,,,,,,,,,-0.0194,1.0,,,-0.0718,60.0,-0.0751,5.0,-0.1741,1.0,,,0.098,6.0,,,-0.0011,2.0,-0.1015,19.0,-0.0079,22.0,-0.0182,17.0,,,,,,,0.0075,2.0,-0.0371,7.0,,,,,,,,,-0.3205,6.0,0.0709,61.0
2026-01-18,Politics-Election,,,,,,,,,,,,,,,,,,,,,0.0522,10.0,,,,,,,,,,,,,0.4433,2.0,,,,,,,,,,,0.002,1.0,,,,,,,,,,,0.1828,3.0,0.1106,1.0
2026-01-18,Politics-Political Tension,,,-0.1963,7.0,,,0.004,2.0,,,,,,,,,,,,,-0.2552,6.0,0.0046,1.0,,,,,-0.8665,1.0,,,,,-0.157,7.0,-0.0141,6.0,-0.1882,2.0,,,,,,,,,-0.4469,2.0,,,,,,,0.0319,1.0,0.0195,1.0,-0.0498,5.0
2026-01-18,Terrorist Attacks,,,-0.2619,20.0,,,-0.3905,6.0,,,,,,,,,,,,,-0.815,2.0,,,,,,,,,,,-0.303,2.0,,,-0.3898,2.0,,,,,,,,,,,,,,,,,,,,,-0.8406,1.0,-0.4112,12.0
2026-01-18,Wars,,,-0.3655,1.0,,,,,,,,,,,,,,,,,-0.1677,4.0,-0.2901,5.0,,,,,0.1044,1.0,,,,,-0.8251,2.0,0.0255,5.0,,,,,,,,,,,-0.0024,1.0,,,,,,,,,,,-0.55,1.0
2026-01-17,Economic Data,0.2058,88.0,0.0934,22.0,0.4474,94.0,0.1895,21.0,0.3126,12.0,0.107,16.0,0.284,23.0,0.0785,81.0,0.087,190.0,-0.0781,13.0,0.1809,196.0,0.0093,7.0,0.1385,84.0,-0.0293,36.0,0.1108,29.0,0.0257,35.0,-0.1805,13.0,0.335,10.0,0.0536,40.0,-0.0251,16.0,0.0613,35.0,0.145,59.0,0.2421,5.0,0.5018,17.0,0.0651,7.0,0.1758,140.0,-0.0179,72.0,0.118,93.0,-0.0185,20.0,0.0784,35.0,0.1351,203.0
2026-01-17,Economic Data-Consumer Spending,-0.0111,1.0,,,,,,,,,,,0.0053,1.0,0.0063,1.0,0.0006,1.0,0.0075,1.0,-0.0041,3.0,,,0.0038,1.0,,,-0.0149,3.0,,,,,0.013,1.0,,,,,0.0003,1.0,0.0058,5.0,,,,,,,-0.8096,1.0,-0.0701,1.0,,,,,0.0207,4.0,-0.001,3.0
2026-01-17,Economic Data-Employment,-0.1489,14.0,-0.0173,11.0,0.1628,9.0,-0.6671,6.0,0.0171,4.0,-0.6243,2.0,0.3173,4.0,0.0966,9.0,0.0373,39.0,-0.4328,2.0,-0.0619,62.0,0.9303,2.0,-0.0957,18.0,0.0518,7.0,-0.413,6.0,0.1174,6.0,-0.0307,1.0,0.0292,3.0,0.3452,5.0,0.0615,5.0,0.0711,5.0,0.2287,12.0,-0.0772,3.0,0.0452,5.0,-0.1745,3.0,0.2242,25.0,0.1498,8.0,-0.0106,12.0,-0.0012,5.0,-0.3637,4.0,-0.0019,39.0
2026-01-17,Economic Data-GDP,,,,,,,,,,,,,,,,,0.9364,1.0,,,0.9417,2.0,,,,,,,0.9238,2.0,-0.2951,4.0,0.0007,1.0,0.9455,1.0,0.055,2.0,0.0335,1.0,,,,,0.9484,1.0,,,,,,,,,0.9495,1.0,,,0.0237,1.0,0.003,1.0
2026-01-17,Economic Data-Housing,0.1312,16.0,0.3418,8.0,0.007,7.0,0.3838,10.0,,,0.3525,4.0,-0.2093,5.0,0.0141,10.0,0.0206,60.0,-0.1919,8.0,0.1358,34.0,-0.0003,1.0,0.1554,26.0,0.1852,6.0,-0.127,11.0,0.0744,11.0,0.7244,2.0,0.3086,6.0,-0.109,7.0,0.2929,1.0,-0.1896,8.0,0.0048,20.0,-0.3207,8.0,0.2361,5.0,0.0981,1.0,-0.0562,52.0,0.0109,14.0,0.1681,14.0,0.0189,5.0,0.1166,10.0,-0.0291,60.0
2026-01-17,Economic Data-Inflation,-0.144,1.0,,,,,0.0024,2.0,,,0.2834,2.0,0.2336,2.0,,,0.1692,8.0,,,-0.1548,2.0,,,0.1634,4.0,,,-0.5791,3.0,-0.7998,1.0,,,-0.4614,2.0,0.6886,5.0,,,,,,,,,-0.0024,1.0,,,-0.0296,2.0,-0.0065,1.0,-0.0989,19.0,-0.7903,1.0,0.1114,3.0,-0.1102,6.0
2026-01-17,Economic Data-Interest Rates,-0.0432,7.0,-0.2914,3.0,-0.3913,10.0,-0.1056,4.0,,,-0.4641,2.0,0.0087,1.0,0.0111,2.0,-0.0119,23.0,,,0.0074,45.0,,,0.3222,16.0,-0.4395,2.0,-0.4518,6.0,0.0822,4.0,,,,,0.182,3.0,-0.4482,2.0,-0.4862,1.0,-0.0082,28.0,0.9496,1.0,0.4018,2.0,,,-0.1049,15.0,0.0026,1.0,0.1973,7.0,,,0.0216,12.0,0.2454,30.0
2026-01-17,Economic Data-Manufacturing,0.4444,2.0,,,,,0.0069,1.0,,,,,,,,,0.1907,36.0,,,0.3215,19.0,,,-0.1004,3.0,0.1307,1.0,0.9485,2.0,0.0669,3.0,,,,,0.888,6.0,0.6815,2.0,,,0.0105,1.0,,,0.0732,1.0,,,0.4998,2.0,0.3459,12.0,0.1067,10.0,,,,,0.1622,5.0
2026-01-17,Economic Data-Retail Sales,0.1267,1.0,0.0028,1.0,0.4784,3.0,,,0.0395,1.0,,,0.9308,1.0,0.0209,2.0,0.114,9.0,0.0202,1.0,0.6952,8.0,,,0.0111,1.0,0.3881,2.0,0.7052,1.0,0.1283,2.0,,,,,0.0088,2.0,0.0189,2.0,0.9426,1.0,-0.1257,6.0,,,,,-0.3135,1.0,0.2088,5.0,-0.92,2.0,0.1057,4.0,,,0.0081,3.0,0.1104,11.0
2026-01-17,Extreme Weather,-0.2119,153.0,-0.2542,55.0,-0.1086,31.0,-0.1247,26.0,-0.7622,3.0,-0.1725,26.0,-0.4205,2.0,-0.1129,35.0,-0.0202,364.0,0.0127,27.0,-0.2289,213.0,-0.0059,8.0,-0.1242,92.0,0.134,77.0,0.0744,43.0,-0.0697,27.0,-0.197,9.0,0.0239,5.0,-0.2973,19.0,-0.153,20.0,-0.1117,48.0,-0.1551,147.0,-0.2144,7.0,0.0365,5.0,-0.3614,11.0,-0.1544,152.0,0.0017,28.0,-0.0628,120.0,-0.1241,81.0,-0.0272,11.0,-0.1154,183.0
2026-01-17,Extreme Weather-Cold,-0.2306,5.0,0.1664,4.0,0.0026,1.0,-0.2148,19.0,0.0043,6.0,-0.5143,3.0,-0.0596,5.0,-0.0082,9.0,-0.2007,23.0,-0.1338,29.0,-0.1767,84.0,-0.0057,4.0,-0.145,13.0,0.0004,15.0,0.0074,7.0,-0.0462,23.0,-0.092,2.0,0.9283,1.0,-0.1502,8.0,0.1946,4.0,-0.1875,26.0,-0.1915,153.0,-0.4631,2.0,,,,,-0.0782,31.0,-0.0782,15.0,-0.3581,146.0,-0.0684,46.0,-0.1698,13.0,0.0264,168.0
2026-01-17,Extreme Weather-Drought,-0.058,6.0,-0.2246,29.0,-0.0785,11.0,-0.2247,4.0,0.8903,1.0,,,0.0176,2.0,0.0428,7.0,-0.1419,10.0,-0.0168,2.0,-0.1223,34.0,-0.0125,6.0,-0.0144,9.0,-0.9019,1.0,0.0019,1.0,-0.378,9.0,-0.3681,5.0,0.1706,1.0,-0.1982,7.0,-0.4485,3.0,-0.3288,3.0,-0.0093,11.0,-0.2333,1.0,-0.0018,1.0,-0.4457,8.0,0.3464,12.0,-0.7508,1.0,-0.2293,13.0,0.0012,4.0,,,-0.0663,14.0
2026-01-17,Extreme Weather-Heat,-0.0123,21.0,-0.2508,1.0,0.3146,14.0,0.0033,1.0,,,,,-0.0012,1.0,-0.0951,4.0,0.0607,22.0,-0.0026,1.0,-0.1482,21.0,0.0057,1.0,0.4368,2.0,0.3824,8.0,-0.2538,10.0,0.0222,4.0,0.0025,4.0,,,0.6243,3.0,,,-0.4561,3.0,0.2649,10.0,-0.015,1.0,0.0143,1.0,0.4363,1.0,-0.0378,4.0,-0.028,7.0,,,-0.0,12.0,0.0214,2.0,0.0128,9.0
2026-01-17,Fiscal Policy,0.1499,116.0,-0.0813,22.0,0.2552,107.0,0.094,28.0,0.1971,6.0,0.1637,15.0,0.2142,8.0,0.071,59.0,0.0598,130.0,-0.2329,15.0,0.0603,159.0,0.0038,4.0,0.1189,127.0,-0.258,13.0,0.2535,21.0,0.0224,53.0,-0.0487,8.0,0.0534,44.0,0.1487,37.0,0.1608,21.0,0.0561,17.0,0.0976,50.0,0.4892,2.0,0.5875,13.0,-0.0453,10.0,0.2568,183.0,-0.204,33.0,0.13,61.0,0.0818,10.0,-0.0092,33.0,0.016,266.0
2026-01-17,Fiscal Policy-Stimulus Package,0.0738,34.0,-0.0311,6.0,-0.0652,7.0,0.8219,4.0,0.0005,1.0,0.0499,5.0,0.3138,5.0,0.1451,16.0,0.1474,29.0,-0.3186,6.0,0.2501,76.0,-0.8875,2.0,-0.0839,27.0,-0.1326,1.0,0.4721,4.0,0.1184,18.0,0.0037,3.0,0.0568,25.0,0.3225,20.0,0.2976,13.0,-0.2053,6.0,0.2068,17.0,,,0.1196,9.0,-0.9025,1.0,0.1089,51.0,-0.078,20.0,0.1157,24.0,-0.0693,2.0,-0.1612,20.0,-0.0085,94.0
2026-01-17,Monetary Policy,0.0263,2.0,-0.0046,1.0,-0.4442,4.0,-0.1056,4.0,,,-0.9048,1.0,0.7685,1.0,0.9423,1.0,0.1405,16.0,,,0.1928,16.0,,,0.6357,7.0,-0.4395,2.0,-0.6107,4.0,,,,,0.0495,1.0,0.2605,2.0,-0.4482,2.0,,,-0.0305,14.0,,,0.4018,2.0,,,0.0591,2.0,0.0026,1.0,0.0236,7.0,,,0.455,5.0,0.1417,19.0
2026-01-17,Monetary Policy-Interest Rates,,,,,,,,,,,,,0.0111,1.0,,,-0.1695,7.0,,,-0.2549,3.0,,,,,,,-0.9194,1.0,,,,,0.0131,1.0,,,,,,,,,,,,,,,,,,,0.0123,6.0,,,,,-0.0144,5.0
2026-01-17,Monetary Policy-Quantitative Easing,,,,,,,,,0.029,1.0,,,-0.185,4.0,,,0.0011,23.0,,,0.4531,8.0,,,-0.4543,2.0,,,0.4381,4.0,,,,,0.0435,2.0,0.6025,3.0,,,,,0.0073,3.0,,,,,,,,,-0.1694,4.0,0.0246,1.0,,,,,0.0389,4.0
2026-01-17,Natural Disaster,-0.1747,5.0,-0.2483,17.0,-0.5458,7.0,-0.4422,2.0,,,-0.5935,1.0,,,-0.4042,6.0,-0.204,4.0,-0.1132,1.0,-0.466,17.0,,,-0.1095,10.0,0.0795,54.0,0.0034,1.0,-0.3437,6.0,,,-0.0025,1.0,,,-0.3254,7.0,0.7694,1.0,-0.7306,7.0,,,,,-0.6498,4.0,-0.4982,2.0,-0.2693,9.0,-0.144,14.0,-0.0044,1.0,-0.8935,1.0,-0.4878,14.0
2026-01-17,Oil Spills,,,,,,,,,,,,,,,-0.9104,1.0,,,,,,,,,,,,,,,,,,,,,,,,,,,-0.3838,3.0,,,,,,,,,,,,,,,,,-0.8733,1.0
2026-01-17,Pandemic,-0.1295,70.0,-0.1776,79.0,-0.0537,109.0,-0.0278,63.0,-0.0081,8.0,-0.1608,30.0,0.11,28.0,-0.0772,112.0,0.0093,718.0,-0.1942,28.0,-0.0861,398.0,-0.2666,38.0,-0.0883,327.0,-0.0082,45.0,-0.1532,61.0,-0.0869,133.0,-0.0952,10.0,0.0003,131.0,0.0381,65.0,0.0471,78.0,-0.1203,117.0,-0.0762,319.0,-0.2458,9.0,0.1559,32.0,-0.209,16.0,-0.0647,222.0,-0.1409,86.0,-0.1724,253.0,-0.1836,69.0,-0.1658,93.0,-0.0682,481.0
2026-01-17,Politics,0.0552,345.0,-0.0277,260.0,0.0385,332.0,0.0398,131.0,0.1769,32.0,-0.039,113.0,0.1037,83.0,0.0154,385.0,-0.0324,502.0,-0.0812,153.0,-0.0021,1605.0,-0.0332,120.0,0.014,859.0,-0.1347,119.0,-0.0079,199.0,-0.0199,254.0,-0.0903,54.0,-0.0152,357.0,0.0401,215.0,0.0291,108.0,-0.0414,122.0,0.0045,335.0,-0.088,27.0,0.1095,59.0,-0.1001,55.0,0.056,711.0,-0.1389,206.0,-0.0113,664.0,-0.0074,95.0,-0.0978,197.0,-0.042,1558.0
2026-01-17,Politics-Election,-0.0591,8.0,0.0294,5.0,0.069,10.0,-0.0148,5.0,,,0.0031,6.0,0.0322,5.0,0.0243,42.0,0.0018,18.0,-0.003,12.0,0.1013,316.0,0.2438,4.0,0.0192,16.0,-0.0396,38.0,-0.9083,2.0,-0.002,12.0,-0.0002,2.0,-0.1125,18.0,0.0038,7.0,-0.0951,1.0,0.0035,2.0,0.0072,3.0,,,-0.0724,2.0,-0.0067,1.0,0.0892,15.0,-0.0673,24.0,0.0132,29.0,,,0.2633,3.0,0.0901,83.0
2026-01-17,Politics-Political Tension,0.0589,54.0,-0.0827,68.0,0.1142,36.0,-0.0115,9.0,0.167,2.0,-0.038,7.0,-0.2394,3.0,-0.1729,15.0,-0.0947,63.0,-0.0649,13.0,-0.1501,135.0,-0.0722,23.0,-0.0138,69.0,0.2308,11.0,-0.0188,21.0,0.0073,23.0,-0.2091,8.0,-0.1061,45.0,0.171,35.0,0.0575,14.0,0.0359,18.0,-0.1961,31.0,0.0796,2.0,-0.0053,10.0,0.0271,9.0,0.0092,77.0,-0.3097,23.0,-0.0249,52.0,-0.1273,9.0,-0.0409,19.0,-0.109,171.0
2026-01-17,Terrorist Attacks,-0.4728,8.0,-0.4701,26.0,-0.5513,34.0,-0.3814,20.0,,,,,-0.0832,5.0,-0.4715,10.0,-0.296,29.0,-0.4096,3.0,-0.4712,99.0,-0.4315,8.0,-0.5001,91.0,-0.4936,1.0,-0.2058,7.0,-0.6674,21.0,-0.4193,18.0,-0.3925,24.0,-0.4387,30.0,-0.6168,1.0,-0.0143,1.0,-0.3234,83.0,-0.0005,1.0,-0.1682,1.0,-0.5269,20.0,-0.4326,9.0,-0.2815,2.0,-0.4433,103.0,-0.6199,13.0,-0.5155,19.0,-0.3442,130.0
2026-01-17,Wars,-0.1576,21.0,-0.1234,20.0,-0.0475,13.0,-0.0494,9.0,0.0595,4.0,-0.1016,7.0,0.288,15.0,0.0522,15.0,0.1032,20.0,-0.0859,18.0,-0.0043,74.0,-0.0642,41.0,0.0468,72.0,0.8159,2.0,-0.4278,11.0,0.0561,25.0,-0.426,3.0,0.0169,28.0,0.29,34.0,-0.1634,10.0,-0.0567,16.0,-0.2061,355.0,0.1193,33.0,-0.1761,2.0,-0.8115,3.0,0.0067,47.0,-0.1362,26.0,0.0575,115.0,-0.0709,125.0,-0.1753,9.0,-0.1902,118.0
2026-01-16,Economic Data,0.1804,135.0,0.3251,46.0,0.2175,81.0,0.131,60.0,0.2177,71.0,0.001,16.0,-0.1744,10.0,-0.0569,69.0,0.0714,376.0,-0.2995,28.0,0.2218,312.0,-0.0632,2.0,0.227,192.0,0.1364,110.0,0.2745,166.0,0.0807,39.0,0.0983,27.0,0.0275,42.0,0.1878,38.0,0.1673,50.0,-0.001,79.0,0.1461,169.0,0.2434,5.0,0.224,19.0,0.1101,27.0,0.2097,223.0,0.1056,293.0,0.021,121.0,-0.0683,67.0,0.0954,64.0,0.025,218.0
2026-01-16,Economic Data-Consumer Spending,0.0019,1.0,,,0.4191,2.0,0.0005,1.0,,,,,,,,,0.0112,3.0,0.9382,1.0,-0.2671,3.0,,,-0.0019,11.0,-0.0999,3.0,0.0069,1.0,,,0.4631,2.0,-0.7951,1.0,,,0.8916,2.0,0.028,1.0,0.4584,2.0,0.0093,1.0,0.9406,1.0,0.0022,1.0,0.5106,1.0,0.6298,4.0,0.9415,1.0,-0.0064,4.0,0.3243,3.0,0.3322,5.0
2026-01-16,Economic Data-Employment,-0.0439,15.0,-0.1009,6.0,-0.0509,50.0,-0.1761,13.0,0.2692,13.0,0.0059,2.0,,,0.1582,8.0,0.1318,45.0,-0.176,10.0,0.1278,80.0,-0.0885,3.0,0.1296,56.0,0.0982,64.0,-0.0333,34.0,0.1396,11.0,0.0067,3.0,0.2616,3.0,0.1782,7.0,0.0159,1.0,-0.4086,5.0,0.1983,50.0,0.2282,4.0,0.1698,5.0,0.0632,15.0,-0.0112,44.0,-0.0273,7.0,0.2047,32.0,0.1107,12.0,-0.0919,9.0,0.1602,50.0
2026-01-16,Economic Data-GDP,-0.598,2.0,,,0.2082,7.0,0.0291,1.0,,,,,,,,,0.171,13.0,0.0698,1.0,0.6919,8.0,,,0.0505,7.0,-0.29,1.0,0.6198,6.0,,,-0.8858,1.0,0.7564,4.0,0.9374,1.0,,,,,0.3129,3.0,,,,,-0.8858,1.0,0.0647,2.0,,,,,0.4894,8.0,,,0.0657,4.0
2026-01-16,Economic Data-Housing,0.008,41.0,0.1979,27.0,0.0441,15.0,-0.0033,51.0,0.1021,8.0,0.4355,10.0,0.0817,3.0,0.0605,20.0,0.2094,128.0,0.0134,5.0,0.1214,50.0,0.0804,4.0,0.1589,35.0,0.3324,29.0,0.2184,51.0,0.0661,9.0,-0.0257,16.0,0.0864,3.0,0.0092,2.0,0.2085,12.0,0.0483,14.0,0.0927,51.0,0.0057,2.0,0.4256,24.0,0.0097,8.0,0.0735,136.0,0.0769,51.0,0.0889,23.0,0.2703,6.0,0.2239,35.0,0.0325,179.0
2026-01-16,Economic Data-Inflation,0.0185,9.0,-0.2524,7.0,0.0003,1.0,-0.5407,1.0,,,,,,,0.0027,1.0,0.0607,46.0,-0.342,4.0,0.4629,3.0,,,0.1308,46.0,0.2456,9.0,0.5408,4.0,0.9455,1.0,-0.2049,3.0,-0.1215,7.0,-0.3567,3.0,,,-0.0603,3.0,0.1636,13.0,,,,,0.4692,2.0,0.5583,4.0,0.2922,15.0,-0.232,24.0,-0.9084,1.0,-0.0169,1.0,0.0923,9.0
2026-01-16,Economic Data-Interest Rates,0.2902,29.0,-0.2742,19.0,0.229,10.0,0.248,34.0,-0.0262,10.0,0.1745,13.0,,,0.2266,4.0,0.0946,76.0,0.6457,3.0,0.2808,56.0,0.0004,1.0,0.2281,14.0,0.1318,11.0,-0.1101,30.0,0.0055,6.0,,,0.0465,10.0,0.079,6.0,0.0618,11.0,0.1882,7.0,-0.1109,49.0,-0.8343,1.0,0.3628,4.0,0.3246,3.0,0.2481,19.0,0.4062,29.0,0.3,13.0,-0.0016,2.0,0.1909,14.0,-0.1163,41.0
2026-01-16,Economic Data-Manufacturing,-0.0221,4.0,0.0074,2.0,0.2221,5.0,0.8178,3.0,0.3597,7.0,0.0062,1.0,0.5313,2.0,,,0.1139,40.0,0.0609,2.0,0.6075,52.0,,,0.3014,7.0,0.1914,13.0,0.6201,19.0,0.4561,9.0,0.9415,4.0,0.0694,1.0,0.6132,2.0,0.6823,2.0,,,0.1887,7.0,0.4021,2.0,,,0.8269,3.0,0.3913,12.0,0.6201,23.0,0.0075,12.0,,,0.621,6.0,0.2844,12.0
2026-01-16,Economic Data-Retail Sales,0.4744,2.0,0.0019,5.0,0.3231,7.0,-0.0029,1.0,0.0119,3.0,0.3752,5.0,,,-0.0018,2.0,0.3488,14.0,0.93,1.0,0.3616,20.0,,,0.2862,11.0,0.4473,22.0,0.2802,7.0,-0.0175,1.0,-0.8624,2.0,0.0827,1.0,0.0044,1.0,0.0124,3.0,0.0305,1.0,-0.0131,22.0,,,0.6324,3.0,,,0.3366,11.0,0.353,19.0,-0.4621,2.0,0.1468,1.0,0.3761,9.0,0.178,11.0
2026-01-16,Extreme Weather,0.0015,234.0,-0.1126,101.0,-0.0874,45.0,-0.1926,59.0,0.2997,11.0,-0.0184,26.0,0.0002,4.0,-0.1231,37.0,-0.0502,493.0,-0.0846,32.0,-0.1473,210.0,0.1564,12.0,-0.0515,149.0,0.082,88.0,-0.0599,68.0,-0.1377,91.0,-0.1419,11.0,-0.0274,5.0,-0.1135,22.0,0.2947,20.0,-0.0766,94.0,-0.1407,275.0,0.0433,7.0,0.0072,8.0,-0.2212,24.0,-0.0161,174.0,-0.0307,69.0,-0.1472,132.0,-0.0734,141.0,0.0278,33.0,-0.0633,258.0
2026-01-16,Extreme Weather-Cold,-0.1743,9.0,-0.0817,9.0,-0.1207,5.0,-0.2368,56.0,0.0181,5.0,-0.0596,7.0,-0.0318,2.0,-0.1183,7.0,-0.1792,60.0,-0.0042,35.0,-0.1825,134.0,-0.076,5.0,-0.2128,23.0,0.0913,11.0,0.0098,14.0,-0.1489,38.0,0.0197,1.0,,,-0.3811,14.0,,,-0.1868,38.0,-0.2567,229.0,0.0017,1.0,,,,,-0.1456,38.0,-0.0929,43.0,-0.2727,150.0,-0.0893,70.0,-0.0689,20.0,-0.0607,264.0
2026-01-16,Extreme Weather-Drought,-0.2079,13.0,0.2408,22.0,-0.2109,28.0,0.0271,10.0,,,0.0049,1.0,-0.0073,2.0,0.0118,13.0,-0.1356,14.0,-0.0703,8.0,-0.0961,29.0,0.1832,11.0,-0.2402,10.0,-0.1411,3.0,0.4463,2.0,0.0086,4.0,0.1287,4.0,-0.0372,2.0,0.239,10.0,0.6195,4.0,0.0106,1.0,-0.1991,21.0,,,-0.0038,3.0,-0.2974,6.0,0.0599,35.0,-0.1592,4.0,-0.1729,32.0,-0.0022,6.0,0.8725,2.0,-0.0954,25.0
2026-01-16,Extreme Weather-Heat,-0.0461,23.0,0.0082,12.0,-0.2391,14.0,-0.2626,4.0,0.3322,3.0,,,,,0.1646,3.0,0.1688,27.0,,,-0.1062,15.0,,,0.0064,3.0,0.1255,3.0,0.1201,8.0,-0.214,6.0,0.1851,8.0,,,0.1084,2.0,,,0.1121,3.0,-0.1594,37.0,,,-0.0013,2.0,,,0.1318,11.0,,,0.0618,5.0,-0.0093,10.0,-0.315,4.0,-0.0574,15.0
2026-01-16,Fiscal Policy,0.0515,116.0,-0.1999,29.0,0.1127,82.0,-0.0165,48.0,0.172,33.0,0.1422,18.0,-0.0009,3.0,-0.0226,114.0,-0.0147,255.0,-0.1338,25.0,0.184,161.0,-0.0441,4.0,0.0177,186.0,0.0223,29.0,0.3262,159.0,0.0735,73.0,-0.0631,13.0,0.0663,56.0,0.0271,67.0,0.1258,31.0,0.001,31.0,0.242,82.0,0.3885,4.0,0.2472,8.0,0.1548,8.0,0.0774,286.0,0.1206,130.0,0.017,120.0,-0.0231,43.0,-0.1736,43.0,-0.024,293.0
2026-01-16,Fiscal Policy-Stimulus Package,-0.0657,61.0,-0.0489,21.0,0.2066,14.0,-0.0774,17.0,0.0131,13.0,-0.0223,10.0,0.4396,2.0,-0.0215,62.0,0.0528,85.0,-0.0941,13.0,0.0977,108.0,-0.9096,2.0,0.0248,72.0,0.1072,24.0,0.2363,86.0,0.0142,41.0,0.001,1.0,0.1099,45.0,0.1407,33.0,0.3914,26.0,0.1923,21.0,0.2318,53.0,0.0037,1.0,0.0064,2.0,-0.1478,5.0,0.1052,134.0,0.0714,29.0,0.0525,67.0,0.0165,19.0,-0.1238,32.0,0.0391,188.0
2026-01-16,Monetary Policy,0.4435,18.0,-0.0731,3.0,0.2334,7.0,0.2562,12.0,0.1081,8.0,0.0045,6.0,,,0.2962,3.0,0.1049,34.0,0.6457,3.0,0.3404,42.0,,,0.1513,13.0,0.2718,8.0,0.1267,23.0,-0.0062,2.0,0.0055,1.0,-0.1966,6.0,0.0031,3.0,0.0264,5.0,0.2797,5.0,-0.0746,19.0,,,0.479,4.0,0.3246,3.0,0.6263,3.0,0.2565,22.0,0.244,8.0,-0.005,8.0,-0.0426,8.0,0.0176,21.0
2026-01-16,Monetary Policy-Interest Rates,0.0664,4.0,-0.3714,6.0,,,,,-0.1159,6.0,,,,,,,-0.1185,14.0,0.0028,1.0,-0.0213,3.0,,,0.9522,1.0,0.0074,2.0,-0.272,8.0,0.0081,1.0,,,,,,,0.0099,1.0,,,,,-0.8343,1.0,-0.3801,1.0,,,-0.0895,1.0,0.9419,1.0,0.0214,2.0,,,-0.0147,3.0,-0.1712,11.0
2026-01-16,Monetary Policy-Quantitative Easing,0.2127,7.0,,,-0.7705,1.0,,,,,0.003,1.0,-0.9164,1.0,0.0028,3.0,-0.1344,36.0,0.8522,1.0,0.663,15.0,-0.0213,2.0,-0.1549,13.0,0.0173,6.0,0.1598,70.0,-0.0038,2.0,,,0.3073,4.0,0.466,2.0,0.0079,5.0,-0.4565,2.0,0.2461,10.0,-0.9094,1.0,,,,,0.096,4.0,0.1695,22.0,0.0727,9.0,-0.038,2.0,0.0121,2.0,-0.1765,10.0
2026-01-16,Natural Disaster,-0.0446,11.0,-0.2177,38.0,-0.269,6.0,-0.6871,5.0,-0.0637,2.0,,,,,-0.6343,5.0,-0.2219,8.0,-0.2825,1.0,-0.3764,4.0,0.1502,5.0,-0.1691,16.0,-0.0083,30.0,,,-0.1343,49.0,-0.4469,2.0,,,0.5158,1.0,0.9145,2.0,-0.2396,7.0,-0.6206,12.0,,,,,-0.4401,7.0,0.0146,6.0,-0.1874,15.0,-0.3409,58.0,-0.8862,1.0,-0.2401,3.0,-0.3564,19.0
2026-01-16,Oil Spills,,,-0.7263,1.0,,,,,,,-0.018,1.0,,,,,,,,,0.0005,1.0,,,-0.1944,1.0,,,,,0.0062,1.0,,,,,,,,,,,,,,,,,,,,,,,-0.0195,2.0,,,,,,
2026-01-16,Pandemic,-0.034,131.0,-0.0541,106.0,-0.0197,195.0,-0.0584,90.0,0.0119,38.0,-0.1324,33.0,-0.2135,25.0,-0.1177,162.0,-0.0677,639.0,-0.2124,50.0,-0.1155,435.0,-0.2637,24.0,-0.0542,600.0,0.1444,143.0,0.0978,226.0,-0.1246,142.0,-0.0458,54.0,-0.0332,143.0,0.1125,81.0,0.0452,138.0,-0.0541,166.0,-0.0566,574.0,-0.0475,17.0,0.0904,51.0,-0.2169,43.0,-0.0664,574.0,-0.0588,186.0,-0.0577,380.0,-0.0061,117.0,-0.0804,110.0,-0.0302,658.0
2026-01-16,Politics,-0.0012,531.0,-0.0622,373.0,0.0624,460.0,-0.0642,287.0,0.11,111.0,0.0213,133.0,0.0089,34.0,0.0099,687.0,0.0059,1120.0,0.0163,214.0,-0.0386,1919.0,-0.1236,155.0,-0.0161,1213.0,-0.0213,366.0,-0.0332,861.0,-0.0169,476.0,-0.0172,110.0,-0.0168,513.0,0.0634,332.0,0.0466,248.0,0.0117,285.0,-0.0194,825.0,-0.0492,43.0,-0.0327,70.0,-0.0776,122.0,0.0318,1338.0,0.046,488.0,0.0071,947.0,0.0707,324.0,-0.1301,269.0,-0.05,2108.0
2026-01-16,Politics-Election,0.1483,7.0,-0.1274,9.0,0.0628,13.0,-0.0688,9.0,0.9305,1.0,,,0.0027,1.0,-0.0211,65.0,0.0052,28.0,0.0892,15.0,0.0767,1798.0,,,0.0126,22.0,-0.0603,74.0,0.09,25.0,0.1749,27.0,-0.489,1.0,-0.0535,22.0,-0.1579,16.0,0.0254,2.0,-0.2565,9.0,-0.0006,3.0,,,0.0004,3.0,-0.3265,5.0,0.0476,28.0,0.0098,28.0,-0.0124,25.0,-0.1473,6.0,-0.1239,7.0,0.07,162.0
2026-01-16,Politics-Political Tension,0.0385,83.0,-0.0997,66.0,-0.2515,35.0,-0.0294,25.0,0.1125,13.0,-0.0395,16.0,-0.2924,3.0,-0.092,35.0,-0.0422,84.0,-0.2302,12.0,-0.1366,139.0,-0.2144,20.0,-0.1171,126.0,-0.0287,28.0,-0.1422,127.0,-0.0975,50.0,-0.1399,5.0,-0.1961,75.0,-0.1245,37.0,0.0947,21.0,-0.1521,23.0,-0.066,101.0,-0.0333,2.0,-0.0097,12.0,-0.1012,14.0,-0.0316,115.0,0.1683,68.0,-0.0959,56.0,-0.1123,30.0,-0.192,37.0,-0.1339,167.0
2026-01-16,Terrorist Attacks,-0.3374,18.0,-0.3802,58.0,-0.5326,40.0,-0.3711,28.0,,,-0.031,1.0,-0.6095,8.0,-0.5072,18.0,-0.3906,80.0,-0.3803,4.0,-0.4213,108.0,-0.6067,9.0,-0.4775,101.0,-0.2432,6.0,-0.2316,12.0,-0.439,45.0,-0.3852,22.0,-0.3613,40.0,-0.5021,19.0,-0.4297,2.0,-0.1394,5.0,-0.3704,142.0,,,0.0004,2.0,-0.4845,15.0,-0.3868,38.0,-0.2027,13.0,-0.4743,124.0,-0.6439,3.0,-0.2033,28.0,-0.3046,219.0
2026-01-16,Wars,0.0234,27.0,0.0917,30.0,0.0871,23.0,-0.0161,5.0,0.0507,19.0,0.1101,8.0,0.0117,21.0,0.1032,22.0,0.0482,65.0,-0.0625,22.0,0.2054,97.0,-0.0828,43.0,-0.0188,68.0,0.1998,29.0,0.046,60.0,0.1965,24.0,-0.0251,4.0,0.1623,50.0,-0.0721,27.0,0.1296,15.0,0.0409,34.0,-0.0493,444.0,0.013,30.0,-0.0644,11.0,-0.2887,6.0,-0.0049,84.0,0.0266,24.0,0.0444,145.0,0.0073,181.0,-0.2185,6.0,-0.0397,95.0
2026-01-15,Economic Data,0.0091,111.0,0.0402,70.0,0.2583,62.0,0.0966,75.0,0.1069,67.0,0.0074,31.0,-0.0433,25.0,0.0001,80.0,0.1453,424.0,0.1073,28.0,0.2261,273.0,0.1172,13.0,0.1485,256.0,0.2435,157.0,0.1613,250.0,0.0796,77.0,-0.0404,19.0,0.1783,69.0,0.1636,43.0,0.3299,43.0,-0.0655,56.0,0.0945,207.0,0.283,14.0,0.1817,15.0,-0.0095,38.0,0.2223,244.0,0.1765,173.0,0.1148,155.0,0.1,51.0,0.2951,93.0,0.1528,309.0
2026-01-15,Economic Data-Consumer Spending,0.0109,5.0,0.0015,6.0,-0.0013,1.0,0.5423,3.0,-0.4206,2.0,0.0125,1.0,,,,,-0.2775,3.0,0.0125,1.0,0.1443,7.0,0.0058,1.0,0.0039,1.0,0.4364,5.0,0.7132,3.0,0.0945,7.0,0.4883,1.0,0.3637,1.0,,,,,,,0.3145,4.0,,,0.0091,1.0,0.3816,3.0,-0.0133,5.0,0.7831,12.0,,,0.0,3.0,0.0067,2.0,-0.503,5.0
2026-01-15,Economic Data-Employment,-0.2029,19.0,0.0694,36.0,0.0992,57.0,-0.4138,8.0,0.2796,10.0,-0.2197,6.0,0.2126,5.0,0.2455,16.0,-0.0439,49.0,0.2487,3.0,0.0514,105.0,0.477,2.0,0.1138,79.0,0.0642,89.0,0.0123,45.0,0.0005,8.0,0.3144,8.0,-0.1064,7.0,-0.1997,9.0,0.1962,8.0,0.0311,15.0,-0.012,46.0,0.1439,6.0,0.1948,14.0,-0.0184,15.0,0.3091,57.0,0.1857,20.0,-0.1085,32.0,0.3047,24.0,-0.0583,17.0,0.0659,112.0
2026-01-15,Economic Data-GDP,-0.0229,4.0,0.9473,1.0,,,0.9344,2.0,0.1551,1.0,,,,,0.9341,1.0,0.5465,97.0,-0.0174,1.0,-0.0259,3.0,,,0.1677,10.0,,,,,-0.1521,4.0,-0.0005,1.0,0.8141,6.0,0.6102,1.0,0.4395,1.0,,,,,,,,,,,0.9482,1.0,0.6483,1.0,0.94,1.0,,,0.6811,11.0,0.4257,7.0
2026-01-15,Economic Data-Housing,0.1881,20.0,0.2241,32.0,0.3071,15.0,0.0548,54.0,0.2119,6.0,0.2148,18.0,0.0531,4.0,0.1829,17.0,-0.0082,144.0,-0.0077,13.0,0.1401,65.0,0.1678,14.0,0.184,45.0,0.2155,46.0,0.1532,113.0,0.2574,14.0,-0.1288,18.0,0.2428,7.0,0.0108,5.0,0.4187,8.0,0.1289,17.0,0.1035,69.0,0.3281,6.0,-0.3337,14.0,0.0082,4.0,0.0844,119.0,0.0825,76.0,0.2148,39.0,0.0147,10.0,0.364,47.0,0.1046,132.0
2026-01-15,Economic Data-Inflation,-0.0696,9.0,0.0025,1.0,0.0213,1.0,-0.1969,5.0,0.9413,1.0,-0.5363,1.0,,,-0.1445,9.0,0.4386,9.0,-0.1775,2.0,0.2709,6.0,0.0019,2.0,0.1027,20.0,0.3533,11.0,0.2474,6.0,0.0469,2.0,0.0195,6.0,0.1434,16.0,0.4763,4.0,,,-0.0109,11.0,0.5035,9.0,0.5562,1.0,,,,,-0.0659,44.0,0.2915,2.0,-0.1472,21.0,0.129,4.0,0.0872,1.0,0.0714,14.0
2026-01-15,Economic Data-Interest Rates,0.194,14.0,-0.0043,11.0,0.1053,5.0,-0.1512,10.0,-0.0632,5.0,-0.0505,10.0,0.261,5.0,0.0309,31.0,0.1123,53.0,0.1582,6.0,0.0044,33.0,0.0182,3.0,0.2513,24.0,0.1208,6.0,-0.0318,104.0,-0.0418,10.0,,,0.1111,22.0,0.5537,3.0,0.1967,14.0,0.2409,7.0,-0.0925,46.0,,,-0.3673,5.0,0.3647,5.0,0.1573,34.0,-0.0094,23.0,-0.04,20.0,0.4479,3.0,0.1777,18.0,-0.0668,76.0
2026-01-15,Economic Data-Manufacturing,0.4347,7.0,0.0183,3.0,0.3338,3.0,0.2842,21.0,0.1759,8.0,0.945,1.0,0.0056,1.0,0.5033,7.0,0.2752,66.0,-0.0381,8.0,0.155,31.0,,,0.5635,45.0,0.1876,10.0,0.6282,20.0,-0.0185,1.0,0.0135,4.0,0.4256,5.0,0.0113,1.0,0.5611,1.0,0.0051,3.0,0.3322,4.0,0.2662,4.0,0.065,4.0,0.0046,1.0,0.5421,6.0,0.5582,56.0,0.2271,16.0,,,0.195,5.0,0.0518,19.0
2026-01-15,Economic Data-Retail Sales,-0.1125,4.0,0.0251,9.0,0.5441,7.0,0.4335,4.0,0.5576,2.0,0.5999,19.0,0.0101,1.0,-0.4118,4.0,0.2238,24.0,0.9335,1.0,0.3412,22.0,0.3156,6.0,-0.0002,14.0,0.4162,24.0,0.2065,18.0,0.4693,2.0,-0.1841,12.0,0.9478,1.0,,,0.635,3.0,0.1132,3.0,0.2435,20.0,,,0.247,6.0,0.0062,5.0,0.1285,13.0,0.6072,17.0,0.9472,2.0,,,0.3424,13.0,0.1871,21.0
2026-01-15,Extreme Weather,-0.0734,246.0,-0.257,88.0,-0.2945,56.0,-0.0946,91.0,0.1626,9.0,0.0857,29.0,-0.2598,5.0,-0.0813,57.0,-0.1303,661.0,-0.1046,45.0,-0.1152,182.0,-0.301,50.0,-0.0821,90.0,0.0571,75.0,-0.0663,97.0,-0.1616,48.0,-0.0577,25.0,0.0246,10.0,-0.4587,32.0,0.1322,41.0,-0.1176,119.0,-0.1533,287.0,0.2444,7.0,0.0283,4.0,-0.4707,24.0,-0.1682,169.0,0.0117,71.0,-0.1601,135.0,-0.0388,150.0,-0.0154,30.0,-0.0731,235.0
2026-01-15,Extreme Weather-Cold,-0.1715,8.0,-0.0104,8.0,-0.0029,1.0,-0.3558,99.0,0.0134,3.0,0.0071,16.0,-0.1164,5.0,-0.0453,6.0,-0.1482,51.0,-0.015,26.0,-0.1843,151.0,0.2604,4.0,-0.0213,15.0,0.0037,11.0,-0.1127,20.0,-0.2556,38.0,-0.3686,7.0,,,-0.4475,17.0,-0.2057,3.0,-0.1582,40.0,-0.2135,217.0,-0.0078,2.0,-0.3952,2.0,,,-0.0723,32.0,-0.0851,35.0,-0.186,106.0,-0.0434,50.0,-0.1008,17.0,-0.0419,270.0
2026-01-15,Extreme Weather-Drought,0.0735,15.0,0.5219,3.0,-0.1199,18.0,0.3114,7.0,,,,,0.3866,2.0,-0.1731,14.0,-0.0674,22.0,-0.1941,5.0,-0.1963,24.0,-0.0529,12.0,-0.0438,19.0,0.0796,5.0,-0.127,7.0,-0.2948,9.0,0.0683,8.0,-0.1988,3.0,-0.0375,11.0,0.0714,4.0,-0.1658,7.0,0.1432,19.0,-0.4569,2.0,,,-0.4591,15.0,-0.0942,31.0,-0.1968,11.0,0.0611,14.0,-0.0288,6.0,-0.2639,9.0,0.0667,29.0
2026-01-15,Extreme Weather-Heat,-0.0728,26.0,-0.2622,9.0,0.167,16.0,0.2369,10.0,0.0017,1.0,,,-0.0013,1.0,0.1209,8.0,0.1194,35.0,0.4941,2.0,-0.0439,22.0,0.251,2.0,0.0617,10.0,-0.1883,3.0,0.132,19.0,0.0046,2.0,0.1808,12.0,0.9025,1.0,0.9243,1.0,0.0037,4.0,-0.1669,7.0,-0.0114,9.0,-0.0515,1.0,,,-0.2464,4.0,0.0143,7.0,0.2687,6.0,0.0854,6.0,-0.1272,10.0,0.1905,7.0,0.0785,30.0
2026-01-15,Fiscal Policy,0.1004,97.0,0.0275,56.0,0.1431,91.0,0.1024,44.0,0.0834,37.0,0.1293,15.0,0.2909,10.0,-0.0079,111.0,0.0244,254.0,0.0396,44.0,0.1139,141.0,0.2296,16.0,0.0119,228.0,-0.0535,44.0,0.1265,111.0,0.0206,81.0,0.0148,11.0,0.238,78.0,0.2159,55.0,0.2799,40.0,0.0792,44.0,0.0785,106.0,-0.0054,4.0,0.3027,8.0,-0.1775,24.0,-0.0139,327.0,0.1143,77.0,0.0893,175.0,-0.0354,58.0,0.0945,29.0,-0.0355,351.0
2026-01-15,Fiscal Policy-Stimulus Package,0.114,55.0,0.2781,16.0,-0.0866,42.0,0.1219,20.0,0.0582,14.0,-0.1149,17.0,0.1359,10.0,-0.0345,44.0,0.0115,134.0,-0.015,13.0,0.2225,106.0,0.0327,8.0,0.0754,69.0,-0.0412,14.0,0.274,53.0,0.0258,40.0,0.0163,10.0,0.0773,56.0,0.1669,31.0,0.0369,42.0,0.0525,18.0,0.2494,54.0,0.3988,2.0,-0.2304,3.0,-0.1991,5.0,0.0861,136.0,0.1276,45.0,-0.0631,75.0,0.025,35.0,0.1134,29.0,0.0401,232.0
2026-01-15,Monetary Policy,0.3693,12.0,0.0128,6.0,0.1026,3.0,-0.0078,5.0,0.2214,4.0,-0.8181,1.0,0.2608,4.0,0.0456,18.0,0.1648,39.0,0.1459,6.0,-0.1873,18.0,,,0.2943,12.0,,,0.14,76.0,-0.0725,4.0,0.1704,1.0,0.3558,9.0,0.0089,1.0,0.1013,7.0,0.2986,5.0,-0.1005,17.0,,,0.0117,2.0,-0.0161,2.0,0.3783,3.0,0.1247,16.0,0.003,18.0,0.3305,3.0,0.0976,11.0,0.0571,39.0
2026-01-15,Monetary Policy-Interest Rates,-0.0011,1.0,-0.7998,1.0,0.4889,2.0,,,-0.2712,5.0,,,,,,,0.2323,11.0,,,0.9145,1.0,-0.1135,1.0,0.3899,2.0,,,-0.2296,42.0,0.0046,3.0,,,-0.0099,1.0,,,0.1516,1.0,0.1215,4.0,0.008,1.0,,,-0.0196,1.0,0.4348,2.0,,,,,-0.0093,4.0,,,0.9522,1.0,-0.1742,9.0
2026-01-15,Monetary Policy-Quantitative Easing,0.0567,19.0,,,0.3096,9.0,-0.2143,4.0,0.0473,2.0,-0.2821,2.0,0.1973,3.0,,,0.1356,49.0,0.9365,1.0,0.2646,1.0,,,0.0232,11.0,-0.2952,11.0,0.1242,60.0,0.3221,4.0,,,0.6334,3.0,0.6613,8.0,0.006,4.0,,,0.0685,21.0,0.4356,2.0,0.0076,1.0,,,-0.3455,2.0,-0.0542,20.0,0.2358,26.0,0.2788,6.0,-0.1463,5.0,-0.0786,17.0
2026-01-15,Natural Disaster,0.0695,10.0,-0.5047,35.0,-0.6294,9.0,-0.6978,2.0,-0.0337,2.0,,,,,-0.6337,10.0,-0.0765,12.0,,,-0.2458,5.0,-0.3767,32.0,-0.4188,10.0,-0.0711,15.0,,,0.0036,7.0,-0.0438,11.0,,,-0.6381,6.0,0.0851,17.0,,,-0.4217,15.0,,,0.3206,1.0,-0.4923,3.0,-0.1785,6.0,-0.3695,5.0,-0.3931,24.0,-0.832,2.0,-0.3633,3.0,-0.429,17.0
2026-01-15,Oil Spills,0.0033,2.0,,,-0.0036,1.0,,,0.947,1.0,,,,,0.0011,1.0,-0.0311,1.0,,,-0.071,1.0,,,,,,,,,0.0015,3.0,-0.781,1.0,-0.3971,2.0,,,,,,,-0.066,2.0,,,,,,,,,-0.8307,1.0,,,,,,,0.0056,1.0
2026-01-15,Pandemic,-0.1165,176.0,-0.0778,166.0,-0.0806,228.0,-0.0421,131.0,0.1245,23.0,-0.0903,58.0,0.0989,26.0,-0.0237,220.0,-0.0699,630.0,-0.1199,82.0,-0.1035,494.0,-0.2095,65.0,-0.0431,657.0,-0.0219,154.0,-0.0822,334.0,-0.149,204.0,-0.1741,76.0,0.063,230.0,0.0198,106.0,0.0989,131.0,-0.0,162.0,-0.1475,755.0,0.0946,13.0,-0.1959,31.0,-0.0673,67.0,-0.0459,528.0,-0.0443,230.0,-0.0721,390.0,-0.0723,148.0,-0.0035,135.0,-0.0632,836.0
2026-01-15,Politics,-0.0345,503.0,0.0012,387.0,0.0191,544.0,0.0099,280.0,0.0744,110.0,0.0164,135.0,0.0085,74.0,-0.0138,783.0,-0.0166,1301.0,-0.0325,216.0,-0.1212,1784.0,-0.0783,299.0,-0.0162,1331.0,-0.0364,304.0,-0.0106,941.0,-0.0318,479.0,-0.0263,102.0,0.0348,622.0,0.0192,300.0,0.0407,264.0,-0.0539,281.0,-0.0131,927.0,-0.0677,37.0,-0.0625,106.0,-0.0233,149.0,-0.0011,1409.0,-0.0263,489.0,0.015,1142.0,-0.0744,325.0,-0.0349,289.0,-0.0531,2513.0
2026-01-15,Politics-Election,0.1414,11.0,0.0602,7.0,-0.0212,8.0,-0.0508,13.0,,,0.0286,1.0,,,-0.0197,76.0,0.0235,19.0,0.0453,17.0,-0.0342,1147.0,0.3523,5.0,0.0064,27.0,0.0247,30.0,-0.1531,17.0,-0.0005,39.0,-0.2083,5.0,0.0509,21.0,-0.1907,6.0,0.1896,4.0,-0.0168,6.0,0.0047,5.0,,,0.004,4.0,-0.0656,7.0,-0.0212,22.0,0.0985,55.0,-0.0027,30.0,-0.0081,1.0,-0.0536,12.0,-0.0082,136.0
2026-01-15,Politics-Political Tension,-0.0408,61.0,-0.0796,94.0,-0.0904,62.0,-0.2469,18.0,-0.0403,17.0,-0.0517,23.0,0.017,6.0,-0.0741,47.0,-0.1276,113.0,0.0988,21.0,-0.2203,119.0,-0.1107,81.0,-0.0229,143.0,-0.0528,43.0,-0.1269,128.0,0.027,46.0,0.0468,12.0,-0.1119,38.0,-0.0271,31.0,-0.1357,11.0,-0.1582,37.0,-0.07,72.0,0.0313,5.0,-0.0918,13.0,-0.0741,24.0,-0.0423,172.0,-0.1621,41.0,0.0312,75.0,-0.0576,30.0,-0.1642,35.0,-0.1428,237.0
2026-01-15,Terrorist Attacks,-0.3959,19.0,-0.2996,71.0,-0.4808,40.0,-0.3079,41.0,,,-0.2469,4.0,-0.4588,7.0,-0.3298,33.0,-0.3203,60.0,-0.5812,3.0,-0.5192,114.0,-0.4714,33.0,-0.4668,73.0,-0.5634,25.0,-0.3686,20.0,-0.5258,47.0,-0.1983,20.0,-0.3548,33.0,-0.5249,28.0,-0.4393,4.0,-0.6042,4.0,-0.4977,142.0,,,-0.1668,1.0,-0.5365,10.0,-0.3542,34.0,-0.3051,16.0,-0.3637,120.0,-0.6963,12.0,-0.2916,17.0,-0.3866,309.0
2026-01-15,Wars,0.0858,21.0,-0.0325,12.0,0.3136,18.0,-0.0144,4.0,0.0078,4.0,0.0514,11.0,0.1234,24.0,0.0664,29.0,-0.0291,118.0,-0.4126,14.0,0.1049,147.0,-0.1251,79.0,-0.0005,92.0,-0.1343,10.0,0.0937,61.0,0.1349,21.0,0.2699,6.0,0.1498,66.0,0.2996,26.0,0.0815,15.0,-0.1883,26.0,-0.1738,538.0,0.0163,23.0,-0.013,4.0,0.2179,8.0,0.0126,62.0,0.2435,32.0,-0.0401,145.0,-0.0719,173.0,-0.0816,10.0,0.0565,110.0
2026-01-14,Economic Data,0.1273,140.0,-0.2108,79.0,0.1789,70.0,0.0692,60.0,0.2902,68.0,0.2489,37.0,-0.0731,18.0,0.004,92.0,0.0605,432.0,0.014,29.0,0.1825,322.0,-0.0873,16.0,0.0514,211.0,0.1463,153.0,0.0274,235.0,0.0664,66.0,-0.0689,23.0,0.2807,60.0,0.1442,51.0,0.2187,39.0,0.075,72.0,0.1006,165.0,0.3107,9.0,0.0581,12.0,-0.1233,54.0,0.1417,222.0,0.2501,180.0,0.0252,180.0,0.1584,48.0,0.2579,69.0,-0.0061,312.0
2026-01-14,Economic Data-Consumer Spending,0.9419,1.0,-0.1381,18.0,0.0061,3.0,-0.0012,4.0,-0.0019,1.0,-0.2502,1.0,,,0.0098,1.0,0.0221,4.0,,,0.1411,9.0,,,-0.1495,1.0,0.0405,1.0,,,0.0798,4.0,0.014,1.0,-0.5612,1.0,,,0.0032,1.0,0.0013,3.0,0.4677,7.0,,,0.041,1.0,,,-0.2474,10.0,-0.01,1.0,,,,,-0.1872,3.0,0.2483,7.0
2026-01-14,Economic Data-Employment,-0.1815,22.0,-0.0944,36.0,0.1858,42.0,-0.0568,20.0,0.233,11.0,-0.034,2.0,-0.0014,6.0,0.0183,15.0,0.1094,43.0,-0.2966,3.0,-0.0479,90.0,0.2035,6.0,0.0087,45.0,0.1278,88.0,0.1388,60.0,0.0319,15.0,-0.2435,9.0,0.0589,9.0,0.2537,13.0,0.6248,9.0,-0.0379,6.0,0.1371,46.0,0.2098,6.0,0.2355,9.0,-0.3425,19.0,0.1055,50.0,0.1119,29.0,-0.0657,35.0,0.0923,11.0,-0.0306,10.0,0.2035,76.0
2026-01-14,Economic Data-GDP,,,,,-0.9223,1.0,0.94,1.0,,,,,,,0.164,3.0,-0.3877,2.0,0.0045,1.0,0.7283,24.0,,,0.0083,4.0,,,,,,,,,-0.0001,1.0,0.0615,4.0,0.943,1.0,0.521,1.0,0.551,4.0,,,,,,,0.0146,4.0,,,,,,,0.0078,1.0,0.1315,10.0
2026-01-14,Economic Data-Housing,0.1175,20.0,0.0939,46.0,-0.1447,4.0,0.1046,50.0,0.1505,11.0,0.2751,13.0,0.2179,14.0,0.1713,25.0,0.0759,107.0,-0.0717,26.0,0.2912,68.0,0.0606,5.0,-0.055,58.0,0.1678,23.0,0.1793,88.0,0.1805,19.0,0.3655,24.0,-0.2347,4.0,0.0457,1.0,0.4913,13.0,-0.1643,12.0,0.074,55.0,0.2232,6.0,0.0605,10.0,0.132,10.0,0.064,138.0,0.0991,91.0,0.1127,17.0,0.0869,18.0,0.2293,39.0,0.0259,228.0
2026-01-14,Economic Data-Inflation,-0.0642,31.0,-0.3938,4.0,,,-0.5013,5.0,-0.7275,1.0,-0.9028,1.0,0.9202,1.0,-0.1238,2.0,-0.1013,37.0,0.288,2.0,0.6091,25.0,-0.8155,1.0,0.4763,6.0,-0.0571,7.0,0.2888,10.0,,,,,-0.3035,7.0,0.9475,1.0,,,0.5143,3.0,0.5723,7.0,,,-0.4499,1.0,-0.8992,1.0,0.0924,5.0,0.3727,2.0,0.2813,7.0,-0.136,10.0,-0.2448,5.0,0.1428,30.0
2026-01-14,Economic Data-Interest Rates,0.0852,33.0,0.1347,13.0,0.0674,10.0,0.0087,16.0,-0.3086,2.0,0.0455,3.0,-0.0453,1.0,0.6036,8.0,0.1194,103.0,0.2013,7.0,0.0928,68.0,-0.2246,3.0,0.2496,24.0,0.183,7.0,-0.0077,51.0,0.0295,11.0,0.5889,1.0,0.123,16.0,-0.9164,1.0,0.4758,33.0,-0.0955,10.0,0.0369,52.0,,,0.0212,2.0,0.2077,6.0,-0.0188,48.0,-0.0363,45.0,0.2394,16.0,-0.0144,11.0,0.1314,31.0,0.1025,51.0
2026-01-14,Economic Data-Manufacturing,-0.3894,8.0,0.4241,3.0,0.3292,5.0,-0.0564,4.0,0.3203,5.0,-0.8592,1.0,-0.4662,1.0,0.0551,2.0,0.0886,46.0,-0.9002,1.0,0.5413,29.0,0.9266,1.0,0.4766,8.0,0.0556,14.0,0.1268,20.0,0.3692,3.0,,,-0.4125,2.0,,,0.8168,4.0,,,0.0481,10.0,,,-0.5626,2.0,-0.0494,3.0,0.3822,6.0,0.5893,24.0,0.5142,14.0,,,0.1261,9.0,0.1223,14.0
2026-01-14,Economic Data-Retail Sales,-0.1081,3.0,0.0056,10.0,0.2335,4.0,0.3502,12.0,0.2026,4.0,0.2636,10.0,,,0.0179,7.0,-0.0215,30.0,0.0117,2.0,-0.0564,26.0,0.0059,2.0,0.3903,22.0,0.3681,29.0,0.3761,13.0,0.0107,1.0,-0.4513,2.0,0.4754,2.0,0.1334,1.0,0.3793,6.0,0.0025,3.0,0.1142,14.0,,,0.8886,1.0,0.4506,2.0,0.5388,8.0,0.493,14.0,0.3432,1.0,0.4862,2.0,0.3051,16.0,0.4438,50.0
2026-01-14,Extreme Weather,0.0069,231.0,-0.1235,33.0,-0.3936,57.0,-0.0585,60.0,0.1701,11.0,-0.2042,38.0,-0.127,8.0,0.009,73.0,-0.0746,581.0,0.0081,39.0,-0.0959,220.0,-0.0128,18.0,-0.1009,112.0,-0.0685,79.0,-0.1263,94.0,-0.0275,45.0,-0.0918,27.0,0.1061,6.0,-0.3482,19.0,0.0317,41.0,-0.156,101.0,-0.1656,255.0,-0.0875,12.0,-0.2964,8.0,-0.1256,19.0,-0.1388,182.0,-0.0986,73.0,-0.0873,163.0,-0.1144,123.0,-0.0072,30.0,-0.0904,236.0
2026-01-14,Extreme Weather-Cold,-0.1213,9.0,-0.1538,8.0,0.0064,1.0,-0.1681,42.0,-0.0002,2.0,-0.0905,18.0,-0.0833,5.0,-0.0396,11.0,-0.1189,69.0,-0.2746,31.0,-0.2154,149.0,-0.0327,4.0,-0.214,18.0,-0.0858,11.0,0.0393,47.0,-0.1509,52.0,,,,,-0.0539,14.0,0.3579,1.0,-0.3294,75.0,-0.198,234.0,-0.0049,3.0,,,,,-0.094,29.0,-0.0931,45.0,-0.3202,207.0,-0.1168,70.0,0.0068,13.0,-0.0562,189.0
2026-01-14,Extreme Weather-Drought,-0.0986,19.0,-0.0484,17.0,-0.4635,13.0,-0.2437,12.0,0.0067,1.0,0.2038,4.0,0.0717,2.0,-0.084,14.0,-0.0294,19.0,-0.0157,10.0,-0.0538,32.0,-0.0281,10.0,-0.1848,17.0,-0.0115,1.0,0.2175,6.0,0.0468,13.0,-0.1383,4.0,0.0112,1.0,0.0095,5.0,-0.2864,4.0,-0.0002,5.0,0.2002,15.0,,,0.0098,2.0,-0.2049,9.0,-0.014,34.0,0.2778,1.0,0.1196,46.0,-0.0245,9.0,-0.2986,7.0,-0.0633,46.0
2026-01-14,Extreme Weather-Heat,0.0726,36.0,0.3377,16.0,0.1724,31.0,0.2036,26.0,,,0.5599,4.0,-0.775,1.0,0.0733,22.0,0.079,50.0,0.2796,4.0,-0.1031,15.0,-0.1961,3.0,0.2847,40.0,0.3625,10.0,0.4244,12.0,0.1392,10.0,0.4107,11.0,-0.8404,1.0,0.3894,4.0,0.2501,1.0,0.1935,4.0,0.2928,23.0,0.0477,2.0,0.0351,5.0,0.4938,5.0,0.2349,37.0,0.1612,14.0,0.2735,17.0,0.0585,22.0,0.3995,8.0,0.0862,48.0
2026-01-14,Fiscal Policy,-0.027,116.0,-0.0468,65.0,0.0668,83.0,-0.0564,56.0,0.1941,22.0,-0.023,20.0,0.2072,22.0,-0.0137,137.0,-0.0341,329.0,-0.2484,21.0,0.054,191.0,-0.1045,24.0,0.0478,226.0,-0.0386,31.0,0.1065,96.0,-0.031,96.0,-0.1931,23.0,0.0831,87.0,0.0525,61.0,0.144,53.0,0.1263,36.0,0.0196,94.0,0.0598,7.0,0.2568,20.0,-0.089,25.0,0.0275,433.0,-0.0323,66.0,-0.0925,100.0,0.022,44.0,-0.1431,54.0,-0.0915,428.0
2026-01-14,Fiscal Policy-Stimulus Package,-0.0616,46.0,0.1116,21.0,-0.0396,31.0,-0.0373,28.0,0.0156,9.0,0.0556,6.0,0.1484,13.0,-0.015,43.0,-0.0224,62.0,0.133,9.0,0.1098,116.0,0.095,8.0,0.0751,91.0,-0.0861,6.0,0.1482,33.0,-0.0559,48.0,0.2235,4.0,0.095,46.0,0.0728,24.0,-0.0451,32.0,0.0029,15.0,0.2342,45.0,,,-0.2785,4.0,-0.1408,6.0,0.0906,158.0,-0.0173,35.0,0.0039,36.0,0.031,30.0,0.0702,33.0,-0.0907,269.0
2026-01-14,Monetary Policy,0.3655,13.0,0.3121,11.0,-0.1836,5.0,-0.2379,10.0,0.2629,4.0,0.0122,1.0,,,0.4874,7.0,0.1875,57.0,0.4815,2.0,0.2855,41.0,-0.3878,1.0,0.2297,21.0,0.0048,3.0,0.2012,27.0,-0.3025,3.0,0.5889,1.0,0.1979,13.0,-0.4546,2.0,0.2768,12.0,-0.0406,8.0,0.1375,21.0,,,0.0212,2.0,0.0056,4.0,0.0581,16.0,-0.0112,36.0,0.151,6.0,0.062,10.0,0.2989,18.0,0.043,38.0
2026-01-14,Monetary Policy-Interest Rates,-0.0138,1.0,,,,,0.4747,3.0,,,0.0047,1.0,-0.3182,2.0,-0.7154,1.0,-0.0297,6.0,,,0.5942,5.0,,,,,,,-0.766,1.0,0.0015,1.0,,,0.8542,1.0,,,0.0084,1.0,0.035,6.0,-0.0089,1.0,,,0.0009,1.0,,,,,0.4611,1.0,0.119,9.0,,,-0.5582,3.0,-0.2453,14.0
2026-01-14,Monetary Policy-Quantitative Easing,0.1402,9.0,-0.2903,4.0,0.5128,5.0,0.0056,5.0,-0.0814,3.0,0.0045,2.0,-0.6592,3.0,0.0104,3.0,0.2031,49.0,-0.0005,1.0,-0.1439,15.0,,,0.0288,14.0,0.0418,1.0,0.1934,55.0,0.9441,2.0,,,-0.0699,8.0,0.2485,5.0,0.1796,8.0,-0.5774,1.0,-0.0402,15.0,0.0059,1.0,,,0.0074,1.0,0.0068,2.0,0.048,29.0,,,0.2233,9.0,0.0269,4.0,0.1985,16.0
2026-01-14,Natural Disaster,-0.1846,14.0,0.0116,4.0,-0.5029,15.0,-0.0148,1.0,-0.122,1.0,-0.8956,2.0,,,-0.5122,10.0,-0.0001,11.0,,,-0.4223,9.0,,,-0.3317,19.0,0.0418,12.0,-0.9084,1.0,-0.0405,6.0,-0.8553,3.0,,,-0.8463,4.0,-0.0513,11.0,,,-0.2809,21.0,,,,,,,-0.7429,9.0,-0.4156,12.0,-0.3003,22.0,,,,,-0.234,16.0
2026-01-14,Oil Spills,0.8854,1.0,,,-0.9158,1.0,,,,,,,,,-0.5436,1.0,,,,,-0.4625,2.0,,,,,,,,,,,,,0.0184,3.0,,,,,,,0.005,1.0,,,,,,,,,-0.7894,1.0,-0.0461,1.0,,,,,-0.2249,4.0
2026-01-14,Pandemic,-0.1194,166.0,-0.0916,180.0,-0.0641,221.0,0.0154,116.0,0.0862,31.0,-0.0974,38.0,-0.0154,40.0,-0.0989,290.0,-0.014,693.0,-0.147,81.0,-0.1311,546.0,-0.066,60.0,-0.0614,632.0,0.0762,160.0,0.0137,320.0,-0.0291,206.0,-0.2018,71.0,-0.0657,207.0,0.0552,104.0,0.0411,130.0,-0.0391,189.0,-0.1094,829.0,0.1151,31.0,-0.0374,37.0,-0.0976,63.0,-0.1254,583.0,0.0142,199.0,-0.1145,402.0,-0.2001,153.0,-0.0105,111.0,-0.0714,869.0
2026-01-14,Politics,-0.0726,537.0,-0.1189,390.0,0.0035,451.0,-0.0433,336.0,0.07,90.0,-0.0802,115.0,0.0143,103.0,0.0084,984.0,-0.033,1341.0,-0.0917,180.0,-0.0759,1561.0,-0.1021,296.0,-0.0238,1361.0,-0.0194,296.0,-0.0942,947.0,-0.0236,487.0,-0.1464,137.0,0.0271,546.0,0.0607,280.0,0.0058,274.0,-0.0341,297.0,-0.054,926.0,0.034,31.0,0.0627,120.0,-0.0874,144.0,-0.038,1636.0,-0.0458,433.0,-0.0661,966.0,-0.0347,447.0,-0.0656,321.0,-0.0913,2745.0
2026-01-14,Politics-Election,-0.1282,12.0,0.0053,10.0,0.0691,18.0,-0.0663,16.0,-0.2572,2.0,0.0279,2.0,0.0016,4.0,0.01,93.0,-0.0248,36.0,0.1474,16.0,0.0059,438.0,0.0025,1.0,-0.0396,36.0,-0.0923,30.0,0.0125,15.0,0.0281,31.0,0.019,5.0,-0.1331,36.0,0.0967,5.0,0.0104,14.0,-0.0733,3.0,0.0052,12.0,,,-0.0539,17.0,,,0.021,27.0,-0.0076,62.0,0.0044,26.0,-0.017,1.0,-0.028,8.0,0.1425,123.0
2026-01-14,Politics-Political Tension,-0.1485,60.0,-0.1438,106.0,-0.0895,47.0,-0.0398,33.0,0.0452,18.0,-0.1849,18.0,0.0039,6.0,-0.2597,93.0,-0.1354,145.0,-0.1471,26.0,-0.1414,145.0,-0.165,58.0,-0.0323,102.0,0.0499,32.0,-0.1094,110.0,-0.0513,68.0,-0.031,12.0,-0.1035,65.0,-0.1242,26.0,-0.0467,16.0,-0.0941,40.0,-0.1047,84.0,-0.1892,3.0,-0.1431,45.0,-0.1416,26.0,-0.0461,154.0,-0.1168,65.0,-0.0706,99.0,-0.0937,29.0,-0.0934,26.0,-0.1112,274.0
2026-01-14,Terrorist Attacks,-0.5076,20.0,-0.2144,82.0,-0.4081,45.0,-0.379,46.0,,,-0.0599,1.0,-0.4926,3.0,-0.5367,71.0,-0.3284,85.0,-0.5197,5.0,-0.4295,126.0,-0.2589,19.0,-0.413,62.0,-0.2883,4.0,-0.3196,18.0,-0.3942,40.0,-0.2918,36.0,-0.2213,52.0,-0.2449,24.0,-0.2679,8.0,-0.37,10.0,-0.449,90.0,,,-0.4228,7.0,-0.3787,13.0,-0.3185,36.0,-0.3458,11.0,-0.3866,133.0,-0.5335,31.0,-0.3207,25.0,-0.3699,243.0
2026-01-14,Wars,0.0994,22.0,-0.0076,8.0,-0.019,29.0,0.0788,6.0,0.1299,10.0,0.0869,6.0,-0.0128,15.0,-0.0219,40.0,-0.1239,55.0,-0.1337,10.0,0.0706,99.0,0.0049,53.0,0.021,57.0,0.0511,16.0,-0.0897,108.0,0.0936,21.0,0.0505,11.0,0.024,35.0,0.4702,32.0,0.1772,17.0,-0.0503,35.0,-0.1074,521.0,-0.0406,17.0,-0.1877,6.0,-0.0012,14.0,-0.0005,69.0,0.0299,40.0,-0.0007,125.0,-0.0657,194.0,-0.1285,6.0,-0.0385,106.0
2026-01-13,Economic Data,-0.0777,131.0,0.0877,78.0,0.2074,69.0,0.3003,65.0,0.1454,73.0,-0.0799,38.0,0.1174,24.0,0.0191,61.0,0.1195,422.0,-0.0623,33.0,0.1122,322.0,0.1932,15.0,0.1727,193.0,0.0571,136.0,0.2267,278.0,0.1063,67.0,0.1872,26.0,0.0557,41.0,0.1734,62.0,0.1927,56.0,0.1257,60.0,0.1493,200.0,0.2065,9.0,0.1759,21.0,0.0966,46.0,0.2165,201.0,0.1661,160.0,0.1004,162.0,-0.0793,67.0,0.1995,89.0,0.0952,355.0
2026-01-13,Economic Data-Consumer Spending,-0.8911,5.0,,,,,-0.0569,6.0,,,-0.4218,2.0,,,0.8637,1.0,-0.0157,1.0,,,0.2545,4.0,,,-0.1912,5.0,0.0832,3.0,0.9468,1.0,0.0059,1.0,-0.2671,3.0,-0.0005,1.0,,,-0.1291,8.0,0.0205,2.0,0.4665,4.0,,,,,,,0.3693,9.0,0.1176,4.0,0.0007,1.0,,,-0.4881,5.0,0.1819,10.0
2026-01-13,Economic Data-Employment,0.0104,16.0,0.0444,38.0,0.1124,47.0,-0.277,22.0,0.1871,16.0,0.357,8.0,0.002,6.0,0.1183,13.0,-0.1081,52.0,-0.4548,6.0,0.0244,88.0,-0.1499,6.0,0.0192,64.0,0.082,59.0,0.0664,61.0,0.1862,15.0,-0.1387,11.0,0.1556,10.0,0.3616,8.0,0.1209,10.0,-0.1228,12.0,0.0179,34.0,0.0307,1.0,0.438,6.0,-0.0989,20.0,0.1531,41.0,0.0706,31.0,0.2131,33.0,-0.055,5.0,-0.0939,9.0,-0.0186,72.0
2026-01-13,Economic Data-GDP,,,-0.9004,1.0,,,,,-0.0065,2.0,0.4683,2.0,,,0.9457,3.0,0.1618,6.0,0.4637,2.0,0.2444,7.0,,,-0.3308,6.0,,,,,0.3956,2.0,0.0037,1.0,,,0.7484,6.0,0.0333,1.0,,,-0.2235,5.0,-0.1645,1.0,,,,,-0.8765,1.0,,,0.6348,3.0,0.1171,3.0,,,0.9327,2.0
2026-01-13,Economic Data-Housing,0.1354,24.0,-0.0603,38.0,0.033,5.0,0.1238,58.0,-0.0176,8.0,0.1368,19.0,0.2079,20.0,0.0316,17.0,0.1744,78.0,0.0989,8.0,0.1889,67.0,0.1054,4.0,-0.0039,45.0,0.1212,39.0,-0.0128,76.0,-0.0922,10.0,0.1504,19.0,0.0257,2.0,-0.2116,4.0,0.4576,7.0,-0.1607,5.0,0.1689,59.0,0.2379,7.0,0.2135,9.0,0.1235,7.0,0.0723,163.0,-0.0374,55.0,0.2744,29.0,0.1408,24.0,0.2706,45.0,0.0817,136.0
2026-01-13,Economic Data-Inflation,0.0687,50.0,-0.3523,2.0,0.3876,4.0,-0.1971,9.0,,,0.1556,25.0,,,,,0.0303,22.0,-0.2919,18.0,0.0965,6.0,,,-0.3362,3.0,-0.0143,12.0,0.4558,21.0,-0.1172,6.0,,,-0.6669,4.0,0.0072,2.0,0.1082,2.0,-0.4385,2.0,0.2157,8.0,,,,,0.8343,1.0,0.0024,1.0,0.0008,1.0,-0.1155,12.0,-0.158,7.0,-0.5254,4.0,0.0113,50.0
2026-01-13,Economic Data-Interest Rates,0.1036,27.0,0.062,19.0,-0.0474,10.0,-0.0211,14.0,0.0027,3.0,-0.3128,5.0,0.0505,3.0,-0.2147,9.0,0.1191,76.0,-0.1622,10.0,0.2048,55.0,-0.0144,6.0,0.1287,45.0,0.6483,21.0,0.2356,48.0,-0.0693,8.0,0.5289,5.0,0.0017,9.0,0.0953,3.0,0.1392,12.0,0.0547,7.0,-0.0306,48.0,-0.0008,2.0,0.3414,4.0,0.4675,2.0,-0.0475,39.0,-0.017,38.0,0.104,13.0,0.0069,7.0,-0.0266,42.0,-0.1366,59.0
2026-01-13,Economic Data-Manufacturing,,,0.0318,2.0,0.0142,3.0,0.0054,1.0,0.4505,6.0,0.9472,2.0,0.0536,1.0,0.8623,3.0,0.3481,78.0,-0.2914,3.0,0.0179,31.0,0.0008,1.0,0.1358,7.0,0.3249,13.0,0.3545,29.0,0.0235,4.0,,,0.3486,7.0,,,0.4091,6.0,,,0.205,10.0,0.8934,1.0,,,0.693,2.0,0.3286,5.0,0.5121,20.0,0.5514,5.0,,,0.4259,6.0,0.3263,13.0
2026-01-13,Economic Data-Retail Sales,0.2298,4.0,-0.0775,11.0,0.2039,5.0,0.3128,9.0,0.3515,6.0,-0.8846,1.0,,,0.6097,3.0,0.1296,35.0,,,0.0625,18.0,,,0.3821,16.0,0.3628,20.0,0.0612,10.0,0.0062,1.0,0.3654,5.0,0.0206,1.0,,,0.337,7.0,-0.2621,3.0,-0.0408,19.0,,,0.0083,7.0,0.0078,1.0,0.2375,7.0,0.2383,11.0,0.2874,14.0,0.0208,2.0,0.1272,26.0,0.3309,34.0
2026-01-13,Extreme Weather,-0.1132,267.0,-0.0245,56.0,-0.1418,188.0,-0.0472,46.0,0.0263,9.0,-0.0997,35.0,0.0968,9.0,-0.1376,58.0,-0.1045,515.0,-0.1473,69.0,-0.1016,206.0,-0.4065,55.0,-0.1671,182.0,-0.007,56.0,-0.0127,105.0,-0.1383,51.0,-0.2249,24.0,0.0958,17.0,-0.2,28.0,0.0372,25.0,-0.1075,105.0,-0.2001,317.0,0.2607,14.0,-0.0357,7.0,-0.4343,9.0,0.0229,170.0,-0.0048,92.0,-0.1996,323.0,-0.0773,136.0,0.0462,33.0,-0.0451,269.0
2026-01-13,Extreme Weather-Cold,-0.0431,6.0,0.0171,3.0,,,0.0604,24.0,0.2251,2.0,-0.25,52.0,-0.1467,4.0,-0.6311,6.0,-0.158,168.0,-0.2354,49.0,-0.2103,166.0,-0.1778,12.0,-0.1899,41.0,-0.0639,20.0,-0.1118,39.0,-0.1933,75.0,,,-0.9071,1.0,-0.1757,23.0,0.3144,2.0,-0.1664,64.0,-0.2354,204.0,-0.0846,6.0,,,,,-0.1546,17.0,-0.0592,59.0,-0.3419,373.0,-0.0413,68.0,-0.0111,12.0,-0.1005,144.0
2026-01-13,Extreme Weather-Drought,-0.0621,17.0,0.2985,9.0,-0.3307,69.0,-0.1795,14.0,0.0094,1.0,,,-0.04,2.0,0.0849,6.0,-0.0221,22.0,-0.113,11.0,0.1524,41.0,-0.4669,4.0,-0.1353,16.0,0.2086,4.0,0.042,3.0,-0.0684,12.0,-0.2688,9.0,0.0674,3.0,0.2565,5.0,-0.1563,6.0,0.02,3.0,0.0516,20.0,,,-0.0624,1.0,-0.266,10.0,-0.0307,32.0,,,-0.0682,40.0,-0.1417,19.0,-0.2327,5.0,-0.2636,29.0
2026-01-13,Extreme Weather-Heat,-0.044,20.0,0.0778,10.0,0.0927,29.0,0.3426,6.0,,,0.0155,3.0,0.0099,1.0,,,0.226,25.0,-0.03,1.0,0.2948,7.0,0.0152,1.0,0.079,10.0,0.2623,5.0,0.0433,14.0,0.0634,8.0,-0.129,4.0,,,,,,,0.1533,4.0,-0.1418,14.0,,,,,-0.0039,4.0,0.2106,9.0,0.3804,12.0,,,0.1323,14.0,0.4655,2.0,0.0724,16.0
2026-01-13,Fiscal Policy,0.0012,98.0,-0.1374,51.0,0.0634,76.0,-0.1661,59.0,0.3642,21.0,-0.0871,19.0,0.115,19.0,0.0054,98.0,0.0218,330.0,-0.0013,11.0,-0.0694,216.0,-0.1543,20.0,0.0101,209.0,0.0828,26.0,0.1016,120.0,0.0472,84.0,-0.0055,12.0,0.0823,70.0,0.1681,57.0,0.1564,46.0,-0.0253,33.0,0.0605,134.0,0.1134,7.0,0.345,18.0,-0.0349,26.0,-0.0182,329.0,0.0822,76.0,-0.0602,121.0,0.0216,35.0,-0.0415,37.0,-0.0085,469.0
2026-01-13,Fiscal Policy-Stimulus Package,0.0425,47.0,-0.0364,14.0,0.1963,45.0,-0.0034,43.0,0.4863,10.0,0.0464,14.0,0.2596,9.0,-0.0804,30.0,-0.074,65.0,-0.1948,9.0,0.1273,142.0,-0.2138,10.0,0.1272,76.0,0.0512,10.0,0.2569,53.0,0.063,21.0,0.4503,15.0,0.1374,54.0,0.1974,25.0,0.1494,26.0,0.0063,22.0,0.2514,52.0,0.8221,1.0,0.0345,25.0,0.3731,7.0,0.1049,126.0,-0.2705,42.0,0.0945,53.0,0.1532,29.0,-0.1201,35.0,0.0241,185.0
2026-01-13,Monetary Policy,-0.1109,8.0,-0.1215,10.0,0.2727,3.0,-0.0516,9.0,-0.0007,2.0,0.0272,3.0,0.0071,1.0,-0.0903,6.0,0.098,37.0,-0.0437,5.0,0.2799,35.0,-0.0209,5.0,0.1384,13.0,0.6823,8.0,0.2138,21.0,0.2459,3.0,0.5882,2.0,0.0471,9.0,-0.6526,1.0,-0.0996,7.0,0.0488,6.0,-0.1246,13.0,-0.0066,1.0,-0.227,3.0,0.013,1.0,0.0889,13.0,-0.0263,18.0,0.0712,6.0,0.0057,6.0,0.0453,27.0,-0.1693,42.0
2026-01-13,Monetary Policy-Interest Rates,-0.0288,3.0,-0.7525,5.0,-0.1149,3.0,0.378,3.0,0.0011,2.0,,,-0.1895,1.0,,,0.0535,8.0,,,-0.434,2.0,,,,,,,-0.0046,11.0,-0.016,1.0,-0.6643,1.0,,,,,,,-0.5012,2.0,0.0004,1.0,,,,,-0.6643,1.0,,,-0.0168,8.0,0.0009,4.0,,,-0.4587,2.0,-0.1976,14.0
2026-01-13,Monetary Policy-Quantitative Easing,0.2286,9.0,-0.015,3.0,-0.5702,4.0,0.2069,3.0,-0.0423,2.0,0.002,1.0,-0.427,3.0,0.0967,4.0,0.2008,39.0,,,0.0191,19.0,,,0.1853,21.0,-0.78,1.0,-0.0048,53.0,,,,,-0.4961,3.0,0.0053,1.0,0.2144,5.0,,,0.1416,9.0,,,0.0088,1.0,0.0506,4.0,0.0153,5.0,0.1156,27.0,0.0762,10.0,0.0052,4.0,0.2466,5.0,0.1094,26.0
2026-01-13,Natural Disaster,-0.2333,29.0,-0.1764,16.0,-0.177,7.0,-0.0819,3.0,-0.8303,1.0,-0.9094,1.0,0.002,1.0,-0.6264,5.0,-0.1646,13.0,-0.8749,1.0,-0.6417,15.0,-0.4202,6.0,-0.2197,77.0,0.1096,8.0,,,-0.5524,3.0,-0.2244,2.0,,,-0.8229,3.0,-0.0745,10.0,-0.408,3.0,-0.4452,31.0,,,,,,,-0.485,4.0,-0.2602,9.0,-0.061,38.0,,,-0.4343,2.0,-0.3476,33.0
2026-01-13,Oil Spills,,,,,-0.7936,2.0,,,,,,,,,-0.0037,2.0,,,,,,,,,-0.0048,3.0,-0.8937,1.0,-0.8147,1.0,-0.8349,1.0,,,-0.5362,3.0,,,,,,,-0.0052,1.0,,,,,,,,,,,-0.0986,1.0,,,,,-0.9052,1.0
2026-01-13,Pandemic,-0.145,169.0,-0.0728,151.0,-0.1073,241.0,-0.0419,162.0,0.015,27.0,-0.1079,28.0,0.0309,45.0,-0.0532,223.0,-0.0804,732.0,-0.1945,89.0,-0.1132,562.0,-0.1114,52.0,-0.0363,648.0,0.0596,114.0,0.0087,304.0,-0.0183,226.0,0.0483,62.0,-0.0367,202.0,0.0371,109.0,0.0982,115.0,-0.1235,170.0,-0.1289,1155.0,0.2308,12.0,0.1157,63.0,-0.1094,57.0,-0.1152,521.0,-0.0141,201.0,-0.1423,428.0,-0.2202,127.0,0.0181,126.0,-0.0622,752.0
2026-01-13,Politics,-0.1093,444.0,-0.0566,420.0,-0.008,456.0,-0.0883,323.0,0.0843,95.0,-0.0724,125.0,0.0901,102.0,0.0257,651.0,0.0028,1186.0,-0.0454,161.0,-0.0825,1840.0,-0.0851,298.0,-0.011,1326.0,0.08,271.0,-0.0841,1110.0,-0.0405,411.0,-0.0249,144.0,-0.0034,545.0,0.0197,339.0,-0.0096,247.0,-0.0932,295.0,0.0187,958.0,0.0232,43.0,0.1364,107.0,0.0084,98.0,-0.0405,1290.0,-0.1042,465.0,-0.0371,1006.0,-0.0805,380.0,-0.1019,290.0,-0.0679,2719.0
2026-01-13,Politics-Election,0.0027,20.0,0.1041,11.0,0.2009,17.0,0.0053,6.0,,,0.0095,2.0,-0.2238,6.0,-0.0084,60.0,0.0371,15.0,0.0074,50.0,0.0078,234.0,-0.1616,5.0,0.0645,48.0,0.0457,25.0,0.0253,22.0,0.0132,15.0,0.0061,2.0,0.0644,36.0,0.0478,8.0,-0.0201,5.0,-0.2468,26.0,-0.0298,10.0,,,0.0014,1.0,0.0077,3.0,0.0449,35.0,0.1442,97.0,0.0796,26.0,0.8378,1.0,-0.2071,7.0,-0.0061,137.0
2026-01-13,Politics-Political Tension,-0.0438,62.0,-0.2524,60.0,0.006,50.0,-0.1355,31.0,0.0038,10.0,0.0533,22.0,0.1126,10.0,-0.0073,23.0,-0.122,149.0,-0.255,9.0,-0.1403,150.0,-0.131,82.0,-0.0448,102.0,0.054,20.0,-0.1234,159.0,-0.019,57.0,-0.1949,10.0,-0.1164,48.0,-0.1562,42.0,-0.25,23.0,-0.0819,21.0,-0.0678,59.0,-0.1843,6.0,-0.1902,12.0,0.0652,14.0,-0.0923,171.0,-0.2624,48.0,-0.0204,81.0,-0.1723,36.0,-0.1835,27.0,-0.0975,331.0
2026-01-13,Terrorist Attacks,-0.3126,16.0,-0.2259,117.0,-0.4742,46.0,-0.2423,36.0,-0.0188,1.0,-0.7816,2.0,-0.61,4.0,-0.284,21.0,-0.2431,84.0,-0.5789,2.0,-0.3907,105.0,-0.3653,46.0,-0.4496,56.0,-0.3183,3.0,-0.6721,10.0,-0.4202,41.0,-0.4144,55.0,-0.3498,63.0,-0.5759,33.0,-0.2229,13.0,-0.412,4.0,-0.5024,61.0,,,-0.5719,4.0,-0.2493,12.0,-0.4808,20.0,-0.3482,7.0,-0.3509,119.0,-0.614,30.0,-0.4365,21.0,-0.297,306.0
2026-01-13,Wars,-0.0402,25.0,-0.0411,19.0,0.0166,12.0,0.069,15.0,0.2601,20.0,0.0848,9.0,0.0626,22.0,-0.2386,24.0,0.1799,40.0,0.0176,12.0,-0.0164,104.0,-0.0619,60.0,0.0499,86.0,-0.0209,10.0,-0.0006,90.0,0.2217,24.0,-0.008,7.0,-0.0121,40.0,0.1429,31.0,0.0639,20.0,-0.0714,25.0,-0.1268,473.0,0.0042,28.0,0.1495,8.0,-0.1657,6.0,-0.0059,65.0,0.1647,22.0,0.0183,128.0,-0.097,181.0,0.0361,13.0,0.0218,96.0
2026-01-12,Economic Data,-0.0772,104.0,0.1809,67.0,0.0641,79.0,0.2129,49.0,0.1484,60.0,0.0586,27.0,0.0193,32.0,-0.0142,88.0,0.0875,359.0,-0.1244,31.0,0.1455,322.0,-0.1012,8.0,0.1384,179.0,0.2643,31.0,0.2863,259.0,-0.0006,66.0,-0.1254,41.0,0.155,34.0,0.1836,57.0,0.2234,29.0,0.1063,53.0,0.0777,173.0,0.2691,9.0,0.0779,16.0,0.2372,43.0,0.1286,233.0,0.3332,281.0,0.1892,111.0,0.127,71.0,0.3431,67.0,0.1073,278.0
2026-01-12,Economic Data-Consumer Spending,0.0348,3.0,0.1531,23.0,,,-0.0796,5.0,0.6183,3.0,,,,,-0.0091,2.0,-0.2131,4.0,0.9162,1.0,0.2425,5.0,,,0.0051,5.0,,,0.5565,1.0,0.0787,1.0,-0.3028,3.0,0.3823,2.0,,,,,,,-0.0655,6.0,,,,,,,-0.2272,6.0,0.0027,1.0,0.0348,1.0,0.0166,2.0,-0.277,3.0,0.3122,5.0
2026-01-12,Economic Data-Employment,0.1292,8.0,0.02,8.0,0.0586,74.0,-0.2042,13.0,0.106,9.0,-0.0299,15.0,0.453,5.0,0.0007,15.0,-0.0411,53.0,-0.0197,10.0,0.1243,89.0,-0.0041,1.0,-0.0516,33.0,-0.0335,16.0,0.0749,43.0,-0.1082,13.0,0.0209,1.0,0.0065,9.0,0.3174,14.0,0.0186,2.0,-0.0463,8.0,0.028,42.0,0.0495,4.0,0.3309,2.0,-0.0621,12.0,0.0603,54.0,0.041,29.0,0.024,37.0,0.1981,10.0,-0.1273,15.0,0.0063,58.0
2026-01-12,Economic Data-GDP,-0.0312,4.0,,,0.1103,3.0,-0.9019,2.0,0.6667,1.0,,,,,,,0.019,5.0,-0.3682,2.0,0.7784,13.0,,,0.2025,6.0,,,0.1214,4.0,-0.1868,3.0,,,-0.0953,1.0,0.2979,4.0,0.0433,2.0,,,-0.5591,3.0,,,,,,,,,-0.097,1.0,-0.0496,2.0,,,,,0.6717,3.0
2026-01-12,Economic Data-Housing,0.1116,23.0,-0.0567,21.0,0.0767,7.0,-0.1511,72.0,0.1058,4.0,0.1148,5.0,0.0051,11.0,0.2356,23.0,0.1354,138.0,0.1107,6.0,0.1473,57.0,0.0256,11.0,0.0538,38.0,0.1091,5.0,0.2527,65.0,-0.0451,17.0,-0.0199,11.0,0.248,6.0,-0.0454,4.0,0.3464,13.0,0.1052,12.0,0.0678,44.0,0.0376,5.0,0.2665,5.0,0.1499,8.0,0.1614,156.0,0.0773,38.0,0.1209,42.0,-0.0445,15.0,0.1166,45.0,0.0695,98.0
2026-01-12,Economic Data-Inflation,0.055,16.0,0.6764,2.0,-0.4921,3.0,-0.1785,1.0,0.0376,2.0,-0.4611,2.0,0.6389,2.0,-0.0563,1.0,0.2493,7.0,0.156,3.0,-0.0418,17.0,,,,,0.044,3.0,-0.645,7.0,0.0814,3.0,,,-0.1676,4.0,-0.2879,3.0,0.4332,2.0,-0.1299,1.0,0.2834,6.0,,,,,,,-0.2081,4.0,0.5549,4.0,-0.0731,12.0,-0.0637,5.0,-0.1785,1.0,-0.1428,34.0
2026-01-12,Economic Data-Interest Rates,0.0143,14.0,-0.042,12.0,0.3277,4.0,0.1366,42.0,-0.4575,2.0,-0.4878,12.0,0.3195,10.0,0.0843,9.0,-0.0926,87.0,-0.1086,7.0,0.2053,60.0,0.0009,2.0,0.077,16.0,0.3396,3.0,0.1321,44.0,-0.09,7.0,-0.0179,4.0,-0.125,14.0,0.1269,2.0,0.233,22.0,-0.4154,2.0,0.08,43.0,0.8507,1.0,,,0.107,8.0,-0.05,30.0,0.0048,26.0,0.0709,7.0,0.0114,5.0,0.0191,18.0,-0.0066,57.0
2026-01-12,Economic Data-Manufacturing,-0.2675,4.0,0.0284,4.0,0.0707,1.0,0.335,10.0,0.4711,12.0,,,0.9332,1.0,0.842,4.0,0.261,39.0,-0.7942,6.0,0.1884,26.0,,,0.1887,4.0,,,0.4535,35.0,-0.4422,2.0,0.0097,1.0,0.7364,1.0,0.1746,5.0,0.3207,6.0,,,-0.0752,6.0,0.9467,1.0,0.943,1.0,,,0.3787,5.0,0.6617,70.0,0.0155,2.0,,,0.4332,12.0,0.1519,21.0
2026-01-12,Economic Data-Retail Sales,-0.2134,6.0,0.3262,31.0,0.2304,7.0,0.3714,25.0,-0.0392,5.0,,,0.9471,3.0,-0.0069,12.0,0.1861,38.0,0.001,1.0,0.2529,30.0,0.4746,5.0,0.3809,19.0,0.8018,3.0,0.4139,29.0,-0.0064,2.0,-0.0776,7.0,0.4631,2.0,0.9197,1.0,0.2391,9.0,0.02,3.0,-0.008,10.0,0.3302,3.0,0.11,4.0,-0.1312,1.0,0.3682,11.0,0.4853,27.0,0.3196,9.0,,,0.3776,22.0,0.4924,34.0
2026-01-12,Extreme Weather,-0.0638,228.0,-0.1378,115.0,-0.0853,55.0,-0.0692,31.0,0.2604,10.0,-0.0176,32.0,-0.2178,23.0,-0.0701,54.0,-0.1144,610.0,-0.1256,36.0,-0.0763,241.0,-0.2406,31.0,-0.0572,146.0,-0.0199,54.0,-0.0317,118.0,-0.1874,70.0,-0.4119,24.0,-0.0176,4.0,-0.1485,29.0,0.046,30.0,-0.0333,104.0,-0.2316,412.0,0.3194,3.0,-0.2912,3.0,-0.0231,12.0,-0.1108,200.0,-0.0277,119.0,-0.372,375.0,-0.0368,134.0,-0.183,35.0,-0.076,256.0
2026-01-12,Extreme Weather-Cold,0.0023,5.0,-0.0098,4.0,-0.7888,2.0,-0.0126,21.0,0.0028,3.0,-0.2419,60.0,-0.0987,8.0,0.0436,11.0,-0.1879,217.0,-0.151,55.0,-0.3289,207.0,-0.3609,9.0,-0.2198,43.0,-0.2697,13.0,-0.131,53.0,-0.2179,63.0,-0.6394,2.0,0.0089,1.0,-0.2504,30.0,,,-0.178,71.0,-0.1664,252.0,-0.2373,4.0,-0.7988,1.0,-0.4295,1.0,-0.0003,17.0,-0.1083,49.0,-0.3862,347.0,-0.16,80.0,-0.1188,22.0,-0.106,127.0
2026-01-12,Extreme Weather-Drought,-0.0942,12.0,0.2825,17.0,-0.3396,10.0,-0.1304,9.0,0.4903,2.0,0.9407,1.0,-0.0348,5.0,0.0531,7.0,-0.1635,22.0,-0.0573,10.0,-0.1129,47.0,0.0632,7.0,-0.126,14.0,0.4229,2.0,0.0378,7.0,-0.5134,19.0,-0.1338,8.0,0.021,1.0,0.0025,4.0,-0.0512,5.0,-0.5515,3.0,0.2007,31.0,,,0.0042,1.0,-0.3893,16.0,-0.0834,22.0,-0.4107,3.0,-0.1551,48.0,-0.4451,2.0,-0.3917,2.0,-0.042,22.0
2026-01-12,Extreme Weather-Heat,-0.0049,38.0,0.0452,16.0,0.0237,27.0,0.2365,4.0,0.8648,1.0,0.9022,1.0,,,0.0152,8.0,0.0408,34.0,-0.9134,1.0,0.2609,4.0,-0.036,1.0,0.0013,5.0,0.6621,3.0,0.1899,20.0,-0.0023,5.0,-0.0215,6.0,,,-0.0119,1.0,0.0008,1.0,-0.2438,5.0,-0.3787,8.0,0.0022,1.0,-0.0011,1.0,-0.1936,6.0,0.103,15.0,0.0014,7.0,0.3401,3.0,-0.0813,10.0,,,0.1426,16.0
2026-01-12,Fiscal Policy,0.0056,97.0,0.0137,70.0,0.115,59.0,-0.0984,39.0,-0.0005,17.0,-0.0444,31.0,0.0941,19.0,0.0032,69.0,0.0463,248.0,0.0093,25.0,0.0253,188.0,-0.0264,36.0,0.0408,184.0,-0.0766,11.0,0.1241,129.0,0.0161,63.0,-0.0415,13.0,0.0354,64.0,0.0688,63.0,-0.0663,40.0,0.0295,25.0,0.1041,101.0,0.043,3.0,0.1581,30.0,0.194,15.0,0.0463,356.0,-0.1431,80.0,0.0215,91.0,0.0173,39.0,0.0237,56.0,0.0061,331.0
2026-01-12,Fiscal Policy-Stimulus Package,-0.0317,40.0,0.0376,33.0,0.0792,13.0,-0.0589,27.0,0.3613,9.0,-0.2267,15.0,0.1758,4.0,-0.017,20.0,0.0026,59.0,-0.0659,11.0,0.1393,160.0,0.0153,6.0,0.1343,85.0,-0.1227,6.0,0.1251,74.0,0.2591,31.0,-0.0438,5.0,-0.1153,41.0,0.2505,27.0,0.3714,25.0,0.0716,13.0,0.2141,44.0,0.3617,5.0,0.1021,20.0,-0.0974,13.0,0.0081,137.0,-0.32,40.0,-0.0517,32.0,0.0038,17.0,0.0278,29.0,0.0774,147.0
2026-01-12,Monetary Policy,-0.0885,11.0,-0.2701,10.0,0.4358,3.0,0.0185,19.0,0.0018,2.0,-0.3423,6.0,-0.0434,4.0,0.395,6.0,-0.0233,52.0,0.1181,6.0,0.0811,33.0,0.0321,1.0,0.3601,9.0,-0.0018,1.0,0.1388,24.0,-0.1796,4.0,0.7051,1.0,0.1694,8.0,,,0.4804,14.0,,,0.0299,26.0,,,0.929,1.0,-0.0247,6.0,0.0578,5.0,-0.181,16.0,0.6282,3.0,0.4719,2.0,0.1077,13.0,0.0662,35.0
2026-01-12,Monetary Policy-Interest Rates,-0.0007,1.0,0.2248,5.0,-0.4799,1.0,-0.4936,2.0,,,-0.5641,1.0,0.3193,4.0,-0.831,3.0,-0.2831,14.0,,,-0.214,4.0,,,,,,,0.21,5.0,0.0194,2.0,-0.3884,3.0,,,,,0.9395,5.0,0.0004,1.0,0.0014,1.0,0.8507,1.0,-0.4071,1.0,0.6761,2.0,-0.0051,1.0,-0.133,2.0,0.0033,3.0,,,-0.318,4.0,-0.3585,8.0
2026-01-12,Monetary Policy-Quantitative Easing,0.0616,8.0,-0.7468,1.0,0.009,7.0,0.0037,2.0,0.0022,1.0,0.0014,1.0,0.4337,10.0,-0.0123,6.0,0.116,56.0,0.5481,2.0,-0.0249,17.0,,,-0.4464,4.0,,,0.2175,44.0,-0.0056,1.0,,,0.0887,5.0,-0.4206,2.0,0.0096,9.0,0.1764,1.0,-0.1175,7.0,,,,,0.005,2.0,0.0032,1.0,0.0686,39.0,0.0019,2.0,0.2513,4.0,-0.0107,9.0,-0.0074,43.0
2026-01-12,Natural Disaster,-0.2388,18.0,-0.3816,38.0,-0.2713,4.0,-0.1062,1.0,,,,,,,-0.3435,15.0,-0.3779,14.0,,,-0.023,2.0,-0.1531,2.0,-0.033,33.0,-0.1309,15.0,-0.5692,4.0,-0.2843,6.0,-0.2199,4.0,,,,,0.1055,8.0,-0.2258,2.0,-0.3527,26.0,,,-0.8686,1.0,-0.8363,1.0,-0.4092,7.0,-0.385,29.0,-0.3104,46.0,-0.4451,3.0,-0.8661,3.0,-0.2508,14.0
2026-01-12,Oil Spills,,,,,-0.0242,1.0,,,,,,,,,,,,,-0.7287,2.0,,,,,,,,,0.0121,1.0,0.0112,1.0,,,,,,,-0.6825,2.0,,,-0.3808,8.0,,,,,,,,,-0.9116,1.0,0.1846,8.0,,,,,,
2026-01-12,Pandemic,-0.1114,133.0,-0.1177,232.0,-0.0461,180.0,-0.0128,114.0,0.1762,24.0,-0.1629,58.0,0.0229,51.0,-0.1441,188.0,-0.0037,1007.0,-0.1904,61.0,-0.1192,602.0,-0.0353,62.0,-0.1025,579.0,-0.0788,46.0,0.026,345.0,-0.0441,179.0,-0.0886,77.0,-0.0738,218.0,-0.0463,88.0,0.0128,135.0,-0.1183,141.0,-0.1184,583.0,-0.0641,16.0,0.0478,75.0,-0.0178,58.0,-0.1099,441.0,-0.0697,207.0,-0.206,376.0,-0.0831,107.0,-0.0209,128.0,-0.061,782.0
2026-01-12,Politics,-0.0555,427.0,-0.0427,489.0,0.0503,414.0,-0.077,242.0,0.113,82.0,-0.0379,171.0,0.1095,130.0,-0.0275,525.0,0.0013,1059.0,0.0063,188.0,-0.0723,1803.0,-0.1135,335.0,-0.0096,1195.0,-0.076,129.0,-0.0946,1049.0,0.0286,381.0,-0.0406,111.0,-0.0962,532.0,0.0291,314.0,0.0018,271.0,-0.0504,275.0,0.0164,874.0,0.0646,32.0,0.0349,145.0,-0.0195,108.0,-0.0118,1359.0,-0.1048,360.0,-0.0332,831.0,-0.0655,309.0,-0.0071,283.0,-0.0969,2352.0
2026-01-12,Politics-Election,0.0067,6.0,-0.0678,20.0,0.1646,7.0,-0.2859,12.0,,,0.0037,4.0,0.1021,14.0,-0.0095,69.0,0.0013,26.0,0.2634,18.0,0.0496,154.0,-0.0004,1.0,0.0976,47.0,0.1664,11.0,0.1071,32.0,0.0372,15.0,-0.1364,3.0,0.1254,36.0,0.2388,4.0,-0.0103,3.0,-0.1284,12.0,-0.1032,12.0,,,0.0101,4.0,-0.2212,4.0,0.0938,28.0,0.0233,36.0,-0.0184,27.0,,,0.0147,7.0,-0.0187,153.0
2026-01-12,Politics-Political Tension,-0.0421,59.0,-0.0636,83.0,-0.082,24.0,-0.2338,17.0,0.0514,9.0,-0.0738,20.0,0.0133,6.0,-0.0889,31.0,-0.1453,98.0,-0.2271,10.0,-0.1458,142.0,-0.1411,61.0,-0.051,82.0,0.0597,14.0,-0.0105,115.0,-0.0471,60.0,-0.3971,6.0,-0.1442,68.0,-0.042,52.0,-0.0595,23.0,-0.0265,28.0,-0.15,64.0,0.0193,1.0,0.0031,4.0,-0.2707,9.0,-0.1109,181.0,-0.3073,23.0,-0.0234,51.0,-0.0292,50.0,-0.1158,24.0,-0.1079,207.0
2026-01-12,Terrorist Attacks,-0.3357,34.0,-0.2982,111.0,-0.4654,43.0,-0.2356,48.0,,,,,-0.3798,2.0,-0.3723,21.0,-0.3225,44.0,-0.7232,2.0,-0.5617,135.0,-0.5884,14.0,-0.3979,32.0,-0.1043,5.0,-0.3965,4.0,-0.5556,39.0,-0.2192,29.0,-0.3767,49.0,-0.4127,59.0,-0.3941,8.0,-0.1849,5.0,-0.4106,114.0,,,-0.7706,3.0,-0.4454,16.0,-0.482,20.0,-0.2336,12.0,-0.4665,137.0,-0.4539,43.0,-0.4117,25.0,-0.3167,373.0
2026-01-12,Wars,0.0735,18.0,0.1354,13.0,-0.0125,24.0,-0.0744,6.0,0.0269,13.0,-0.0293,13.0,0.0314,16.0,-0.1006,28.0,0.0612,57.0,-0.2632,17.0,0.1413,101.0,-0.0251,69.0,0.0672,62.0,0.0012,12.0,-0.0449,68.0,0.0323,28.0,0.0986,8.0,-0.0868,42.0,0.1316,32.0,-0.0354,12.0,-0.003,20.0,-0.126,550.0,0.0236,21.0,,,-0.026,9.0,-0.0317,81.0,0.2191,21.0,0.0314,117.0,0.0422,187.0,-0.0113,10.0,0.0057,121.0
2026-01-11,Economic Data,-0.0212,60.0,0.0272,32.0,0.1055,26.0,-0.0701,12.0,0.3304,10.0,0.0271,22.0,0.0856,33.0,-0.0305,35.0,-0.0428,149.0,-0.0163,7.0,0.1303,142.0,-0.1271,20.0,-0.0544,62.0,-0.0507,18.0,0.1162,117.0,0.1185,33.0,-0.0709,20.0,0.2089,17.0,0.2588,18.0,0.0917,32.0,0.1074,24.0,0.1095,108.0,0.3817,17.0,0.2805,11.0,0.0589,6.0,0.1955,87.0,0.2444,60.0,0.0544,82.0,0.0675,27.0,-0.041,46.0,0.0197,157.0
2026-01-11,Economic Data-Consumer Spending,,,0.6377,21.0,,,0.0313,2.0,0.575,1.0,0.0005,1.0,,,,,0.0111,1.0,,,0.5143,1.0,0.0045,2.0,0.1532,4.0,-0.0369,1.0,-0.034,3.0,-0.9174,1.0,,,,,,,,,0.3819,1.0,-0.7501,1.0,,,,,,,0.0071,3.0,,,,,0.014,3.0,0.4226,4.0,0.1644,5.0
2026-01-11,Economic Data-Employment,0.0066,5.0,0.0877,5.0,0.0346,26.0,-0.1093,3.0,0.0185,3.0,0.0661,2.0,0.4774,2.0,0.0579,6.0,-0.1433,29.0,,,0.0428,63.0,-0.318,3.0,-0.0274,8.0,-0.0499,9.0,-0.1553,43.0,0.0314,7.0,-0.6251,2.0,0.0565,6.0,-0.023,1.0,0.2315,4.0,0.0061,2.0,0.0599,18.0,0.0938,5.0,0.281,3.0,0.0182,5.0,0.1008,23.0,-0.1286,14.0,0.194,18.0,0.0159,7.0,-0.4107,4.0,0.0229,43.0
2026-01-11,Economic Data-GDP,-0.1232,4.0,,,,,,,,,,,0.5571,3.0,,,0.4319,1.0,,,0.3447,5.0,,,,,,,-0.3328,12.0,0.9436,1.0,-0.7812,1.0,,,0.0162,1.0,0.9367,1.0,,,0.0102,1.0,-0.1184,1.0,,,,,0.4596,3.0,0.9378,1.0,-0.0009,1.0,,,,,0.0528,1.0
2026-01-11,Economic Data-Housing,0.0327,11.0,-0.0385,16.0,0.4822,3.0,0.1653,9.0,,,0.0186,2.0,-0.1921,13.0,0.0756,7.0,0.0542,66.0,-0.4514,2.0,0.0832,27.0,0.0574,7.0,-0.0164,9.0,0.0014,3.0,0.1111,65.0,0.3207,4.0,-0.2138,14.0,0.5524,3.0,0.8416,1.0,0.3451,10.0,-0.1942,5.0,0.1202,18.0,0.3023,9.0,0.1015,12.0,,,0.1438,29.0,-0.0471,25.0,0.0237,21.0,0.0549,4.0,-0.0227,21.0,0.1029,54.0
2026-01-11,Economic Data-Inflation,0.0883,7.0,,,-0.8943,1.0,,,,,,,-0.9219,1.0,,,0.3576,3.0,0.0016,1.0,0.4476,1.0,,,0.011,2.0,,,-0.8485,1.0,-0.0002,2.0,-0.0335,1.0,,,-0.9168,1.0,,,,,,,,,,,,,0.229,3.0,0.4668,4.0,-0.42,3.0,0.1432,7.0,0.4511,2.0,0.1389,8.0
2026-01-11,Economic Data-Interest Rates,-0.0111,10.0,0.1826,5.0,-0.4476,2.0,-0.0688,2.0,,,0.0044,1.0,-0.2536,2.0,,,-0.0539,31.0,0.1627,5.0,0.1046,35.0,0.4581,3.0,0.0115,1.0,0.6274,6.0,0.0349,44.0,0.0035,2.0,,,0.0998,9.0,-0.3289,3.0,0.1866,6.0,-0.3183,4.0,-0.0661,24.0,,,,,0.0025,1.0,0.0751,16.0,-0.2041,9.0,0.4762,5.0,0.0093,2.0,-0.2499,6.0,-0.0472,35.0
2026-01-11,Economic Data-Manufacturing,-0.904,3.0,0.7512,2.0,,,0.7512,2.0,0.7876,2.0,,,0.0431,1.0,0.0023,2.0,0.2087,28.0,,,0.1688,7.0,-0.02,1.0,-0.0023,1.0,,,0.1464,8.0,,,,,0.0254,1.0,,,0.7512,1.0,,,0.4741,5.0,0.939,3.0,,,0.9394,1.0,0.4812,4.0,0.7378,6.0,0.8877,2.0,,,0.3566,4.0,0.1506,9.0
2026-01-11,Economic Data-Retail Sales,-0.3391,8.0,0.0019,2.0,0.0073,1.0,0.0133,3.0,,,,,,,-0.0002,1.0,0.2702,21.0,,,0.6284,9.0,0.0014,5.0,0.3635,4.0,0.0052,1.0,0.1577,11.0,-0.5027,3.0,,,0.371,2.0,,,0.0059,1.0,-0.0026,1.0,-0.0283,13.0,0.9514,1.0,,,,,-0.1666,4.0,-0.0917,6.0,0.023,2.0,,,0.3536,12.0,0.1615,23.0
2026-01-11,Extreme Weather,-0.0875,209.0,-0.258,94.0,-0.3415,40.0,-0.0653,27.0,0.1602,6.0,-0.0855,25.0,-0.0661,15.0,-0.169,38.0,-0.1114,429.0,-0.1151,34.0,-0.2344,185.0,-0.0998,9.0,-0.2312,106.0,-0.1063,53.0,-0.2054,104.0,-0.1463,62.0,-0.2237,39.0,0.0025,3.0,-0.0979,16.0,0.0229,27.0,-0.0654,74.0,-0.2331,286.0,-0.2806,14.0,-0.3682,2.0,-0.0792,7.0,-0.0212,122.0,0.0018,83.0,-0.4153,315.0,-0.1507,113.0,-0.0877,26.0,-0.1543,202.0
2026-01-11,Extreme Weather-Cold,-0.0547,6.0,-0.2958,9.0,0.0317,1.0,-0.3964,29.0,0.0085,1.0,-0.2187,19.0,0.001,2.0,-0.2152,19.0,-0.1366,181.0,-0.236,83.0,-0.2619,185.0,-0.1482,6.0,-0.1767,54.0,-0.2249,17.0,-0.26,82.0,-0.2445,68.0,-0.7188,4.0,,,-0.2603,24.0,-0.2893,3.0,-0.2844,60.0,-0.1183,116.0,-0.4985,3.0,,,,,-0.0556,24.0,-0.2893,34.0,-0.3136,197.0,-0.1138,48.0,-0.3239,21.0,-0.123,131.0
2026-01-11,Extreme Weather-Drought,0.0128,12.0,-0.01,2.0,-0.2484,2.0,-0.7095,2.0,0.7685,1.0,,,0.4679,2.0,0.1615,5.0,-0.2633,9.0,-0.9188,1.0,-0.0729,42.0,-0.0617,5.0,0.1167,10.0,-0.0052,1.0,-0.4125,2.0,-0.1506,11.0,0.3309,3.0,0.1661,2.0,0.1791,4.0,-0.2718,13.0,-0.2157,4.0,-0.0384,10.0,0.6698,1.0,,,-0.1325,7.0,0.0977,18.0,-0.1289,4.0,-0.1894,45.0,-0.0018,2.0,0.1798,3.0,-0.2934,17.0
2026-01-11,Extreme Weather-Heat,0.1691,16.0,0.2244,16.0,0.0547,19.0,,,,,,,,,-0.7564,1.0,-0.1456,23.0,-0.0192,1.0,-0.029,15.0,0.0064,4.0,0.027,4.0,0.0001,1.0,0.0289,2.0,0.0994,6.0,-0.4117,13.0,-0.0012,1.0,,,,,,,-0.0167,12.0,,,,,-0.0169,3.0,0.159,19.0,-0.0026,10.0,0.2613,3.0,-0.2348,12.0,0.4695,2.0,-0.2165,22.0
2026-01-11,Fiscal Policy,0.0121,47.0,0.1063,38.0,0.0653,37.0,0.2075,10.0,0.1721,5.0,0.2946,7.0,0.1496,22.0,-0.0702,34.0,0.0211,60.0,-0.1558,9.0,0.0485,152.0,-0.0957,21.0,-0.0,72.0,0.0076,3.0,0.1289,43.0,0.0544,36.0,-0.307,7.0,0.0071,47.0,0.4025,29.0,0.0535,35.0,-0.0508,8.0,0.0978,45.0,-0.147,4.0,0.5705,1.0,0.1013,10.0,0.0067,121.0,-0.0103,35.0,-0.042,57.0,0.2142,10.0,-0.0138,24.0,-0.0535,141.0
2026-01-11,Fiscal Policy-Stimulus Package,-0.0563,25.0,0.1584,12.0,-0.0116,7.0,,,0.0532,1.0,-0.5825,9.0,0.0877,5.0,0.0119,10.0,0.1745,43.0,0.3493,5.0,0.184,99.0,-0.1871,8.0,0.3007,32.0,0.0076,1.0,0.0488,20.0,0.0757,21.0,-0.7952,1.0,-0.0347,33.0,0.0055,13.0,0.2274,31.0,0.0027,7.0,0.0879,32.0,0.003,4.0,,,0.4716,2.0,0.0648,62.0,-0.1712,16.0,-0.113,23.0,-0.1372,7.0,-0.0689,22.0,0.0129,86.0
2026-01-11,Monetary Policy,0.001,7.0,0.0357,1.0,0.0192,3.0,,,,,,,-0.0606,2.0,,,-0.0662,15.0,0.2805,3.0,0.0635,19.0,,,,,,,-0.0127,23.0,-0.0013,1.0,,,0.4842,3.0,,,0.1314,4.0,-0.1183,3.0,-0.0198,12.0,-0.0463,3.0,0.6452,1.0,0.0025,1.0,0.1365,8.0,0.1679,4.0,0.3201,3.0,,,-0.2975,3.0,-0.3996,15.0
2026-01-11,Monetary Policy-Interest Rates,-0.3875,1.0,0.0046,1.0,,,,,,,,,,,,,0.0363,6.0,,,0.0017,3.0,0.8861,2.0,,,,,-0.3549,10.0,,,,,0.0199,1.0,,,0.0084,1.0,,,-0.0008,2.0,,,,,,,-0.539,1.0,-0.35,3.0,0.0068,6.0,-0.0754,1.0,,,0.0229,5.0
2026-01-11,Monetary Policy-Quantitative Easing,0.0071,5.0,-0.7468,1.0,,,,,,,0.2428,4.0,-0.4559,2.0,0.0111,1.0,-0.2674,6.0,,,-0.9206,1.0,,,,,0.2212,1.0,0.357,1.0,,,,,0.5159,2.0,,,0.1053,4.0,,,0.0054,5.0,0.9523,2.0,0.9501,1.0,,,,,0.4773,7.0,0.0176,1.0,-0.0043,3.0,0.0051,1.0,-0.011,5.0
2026-01-11,Natural Disaster,-0.3551,5.0,-0.661,21.0,-0.7475,8.0,-0.4347,2.0,,,,,,,-0.4305,8.0,-0.1617,15.0,-0.9078,1.0,-0.8011,3.0,-0.1352,1.0,-0.613,13.0,-0.1057,13.0,,,-0.2418,5.0,-0.9003,2.0,,,,,-0.2308,11.0,-0.5176,2.0,-0.4892,21.0,-0.4815,1.0,,,,,0.0111,6.0,-0.3687,7.0,-0.4859,44.0,-0.4479,3.0,-0.4808,2.0,-0.5978,21.0
2026-01-11,Oil Spills,-0.0015,1.0,,,,,,,,,-0.4666,1.0,,,,,-0.3686,1.0,-0.9005,1.0,,,,,,,,,,,,,,,,,,,-0.8071,3.0,,,,,,,,,,,,,-0.1052,7.0,,,,,,,,
2026-01-11,Pandemic,-0.0073,61.0,-0.1171,99.0,-0.166,69.0,-0.2009,43.0,0.1576,9.0,-0.0017,29.0,0.1226,41.0,-0.1025,87.0,-0.0471,722.0,-0.1438,40.0,-0.0328,399.0,-0.1189,48.0,-0.0666,262.0,-0.075,41.0,-0.0939,162.0,-0.0833,101.0,-0.4491,32.0,-0.1534,137.0,0.0147,54.0,0.0371,60.0,-0.0525,86.0,-0.1589,304.0,-0.1212,14.0,-0.131,16.0,-0.272,28.0,-0.0283,197.0,-0.2754,134.0,-0.1687,283.0,-0.2599,74.0,-0.1677,63.0,-0.065,407.0
2026-01-11,Politics,-0.0192,244.0,-0.0074,255.0,0.0597,163.0,0.03,111.0,-0.1096,29.0,-0.0565,91.0,0.0707,96.0,-0.0197,335.0,0.0215,458.0,-0.1041,106.0,-0.0657,1389.0,-0.1345,259.0,-0.0099,599.0,-0.0936,82.0,-0.0211,552.0,0.0143,207.0,-0.1497,48.0,-0.0922,397.0,0.0054,168.0,0.0768,161.0,0.0172,118.0,0.0086,309.0,-0.0812,25.0,0.0794,22.0,-0.053,49.0,0.0019,632.0,-0.0523,195.0,0.0003,578.0,-0.004,84.0,-0.1318,151.0,-0.0306,1379.0
2026-01-11,Politics-Election,0.1492,7.0,0.0136,6.0,-0.0324,2.0,-0.0013,4.0,,,,,0.1331,6.0,0.0201,53.0,0.0017,9.0,0.1867,5.0,0.0498,99.0,0.0113,2.0,0.0102,18.0,0.0791,22.0,0.0129,53.0,0.2272,3.0,,,0.2063,24.0,0.1959,5.0,,,,,,,,,0.0025,1.0,0.4795,2.0,0.1741,21.0,0.0225,37.0,0.0138,9.0,,,-0.4252,2.0,0.0408,47.0
2026-01-11,Politics-Political Tension,-0.0684,39.0,-0.1283,24.0,0.0054,11.0,-0.0646,7.0,-0.0138,9.0,-0.0106,7.0,-0.0205,8.0,-0.3914,12.0,-0.0737,45.0,0.0128,5.0,-0.2389,122.0,-0.0869,45.0,0.0015,43.0,0.0841,15.0,0.1498,48.0,-0.1234,32.0,0.0754,4.0,-0.1762,51.0,-0.1395,41.0,-0.0379,15.0,-0.118,11.0,-0.1768,28.0,0.7388,1.0,-0.4183,3.0,-0.0696,9.0,-0.1395,80.0,-0.1028,24.0,0.0185,43.0,0.1828,1.0,-0.1074,14.0,-0.1398,146.0
2026-01-11,Terrorist Attacks,-0.5583,28.0,-0.2009,45.0,-0.5794,27.0,-0.3715,20.0,,,-0.7194,4.0,-0.1944,3.0,-0.6368,7.0,-0.3859,18.0,-0.4216,3.0,-0.3178,110.0,-0.6785,21.0,-0.5455,54.0,,,-0.4009,11.0,-0.5288,32.0,-0.3829,17.0,-0.2101,53.0,-0.6446,53.0,-0.2241,7.0,-0.7238,2.0,-0.4584,42.0,,,-0.4137,3.0,-0.2583,5.0,-0.3985,23.0,-0.824,8.0,-0.5533,39.0,-0.4991,5.0,-0.3357,14.0,-0.3685,227.0
2026-01-11,Wars,0.0705,13.0,0.0931,6.0,0.0503,16.0,0.1181,5.0,0.4911,2.0,-0.2098,10.0,-0.0601,23.0,0.0907,12.0,0.0305,25.0,-0.0087,8.0,0.007,66.0,0.046,48.0,0.0724,45.0,0.0676,24.0,-0.0353,47.0,0.3717,7.0,-0.0626,5.0,0.0278,29.0,0.2957,16.0,0.0432,10.0,-0.0262,9.0,-0.1692,267.0,-0.021,17.0,0.1237,6.0,-0.0592,6.0,0.1232,38.0,-0.0326,24.0,0.0555,99.0,-0.0883,111.0,-0.4392,2.0,-0.0419,91.0
2026-01-10,Economic Data,0.0198,64.0,0.1914,33.0,0.2604,45.0,0.0775,22.0,0.7222,8.0,0.014,15.0,0.333,20.0,-0.0111,22.0,0.0412,154.0,0.1624,14.0,0.0423,194.0,0.0402,7.0,0.0677,81.0,0.3909,15.0,0.2631,42.0,0.0789,42.0,0.0021,6.0,0.1992,19.0,0.4016,15.0,0.0872,18.0,-0.024,23.0,0.0892,85.0,-0.1237,12.0,0.3155,11.0,-0.1741,9.0,0.1425,94.0,0.0709,49.0,0.0808,64.0,0.0134,20.0,0.2435,33.0,0.0434,151.0
2026-01-10,Economic Data-Consumer Spending,0.0041,2.0,,,,,0.4638,2.0,,,-0.0065,1.0,,,,,,,,,0.3074,3.0,,,-0.0024,2.0,,,,,,,0.006,2.0,,,,,,,,,-0.009,1.0,,,0.9339,1.0,,,-0.2436,5.0,,,0.0272,1.0,0.0402,2.0,-0.001,1.0,0.2664,7.0
2026-01-10,Economic Data-Employment,0.1693,9.0,-0.129,7.0,0.0521,21.0,-0.0006,18.0,0.0016,1.0,-0.887,2.0,-0.2423,3.0,0.2084,6.0,0.0831,30.0,-0.1364,4.0,-0.1049,78.0,0.0057,1.0,-0.1148,23.0,0.0005,5.0,-0.3963,12.0,0.0464,7.0,0.0122,2.0,-0.1189,4.0,-0.1927,4.0,0.2985,3.0,-0.1364,5.0,0.2911,24.0,-0.0185,2.0,-0.0651,3.0,0.1281,4.0,-0.0865,27.0,-0.2714,23.0,-0.0202,12.0,-0.2269,13.0,-0.3476,6.0,-0.1212,54.0
2026-01-10,Economic Data-GDP,,,,,,,0.9454,1.0,,,,,,,-0.8629,1.0,,,0.0015,3.0,0.7085,4.0,,,0.9515,1.0,0.0025,1.0,0.9211,3.0,0.8286,2.0,,,0.1155,1.0,0.9418,4.0,,,,,0.0689,1.0,,,,,,,,,0.4783,5.0,0.0263,1.0,-0.9187,1.0,0.7196,1.0,-0.2739,2.0
2026-01-10,Economic Data-Housing,0.1073,12.0,-0.187,7.0,0.6378,4.0,0.2907,10.0,0.6074,1.0,-0.1559,7.0,-0.0003,16.0,0.0708,13.0,0.1456,48.0,0.3689,6.0,0.2967,47.0,-0.13,2.0,0.1421,16.0,0.4364,5.0,0.1841,14.0,0.0829,7.0,-0.0041,2.0,0.2934,2.0,-0.5154,1.0,0.3785,5.0,-0.349,7.0,0.0866,13.0,0.2792,6.0,0.148,11.0,-0.8441,1.0,0.2884,43.0,0.0463,33.0,0.1977,50.0,0.4731,3.0,0.0809,25.0,0.1021,71.0
2026-01-10,Economic Data-Inflation,0.0583,5.0,,,-0.6451,3.0,-0.0087,1.0,,,,,-0.4561,2.0,,,0.2176,3.0,,,-0.5103,3.0,0.015,1.0,,,,,-0.8223,1.0,-0.7332,1.0,,,0.8556,1.0,0.337,7.0,,,,,,,,,,,,,,,,,,,0.9352,1.0,,,-0.121,8.0
2026-01-10,Economic Data-Interest Rates,-0.2137,12.0,0.1668,16.0,-0.1145,2.0,-0.2964,9.0,0.0025,1.0,0.0072,1.0,0.0301,1.0,-0.0011,1.0,-0.1447,18.0,0.1862,3.0,0.0363,51.0,-0.01,1.0,0.2242,9.0,,,-0.2182,16.0,0.225,9.0,0.1545,4.0,0.7886,2.0,-0.1435,3.0,0.0597,1.0,-0.3259,3.0,0.006,1.0,,,0.0204,2.0,0.0457,2.0,0.0289,26.0,0.0281,3.0,-0.1153,12.0,-0.0947,3.0,-0.1017,16.0,0.0838,70.0
2026-01-10,Economic Data-Manufacturing,0.0178,1.0,,,,,,,0.0049,2.0,,,0.9452,1.0,,,0.1479,29.0,,,0.0173,7.0,,,0.0199,3.0,,,0.5093,2.0,0.9221,3.0,,,,,0.035,2.0,0.0231,2.0,,,0.2518,2.0,0.6331,1.0,,,,,0.1072,2.0,0.0858,15.0,0.4914,21.0,,,0.3774,2.0,0.0626,2.0
2026-01-10,Economic Data-Retail Sales,-0.0013,2.0,,,0.0243,2.0,0.0497,1.0,0.1012,2.0,0.7991,3.0,,,0.0064,3.0,0.0852,19.0,,,0.4179,16.0,,,,,-0.043,2.0,-0.2782,11.0,,,,,0.0087,2.0,,,,,,,0.011,8.0,,,,,,,-0.3424,2.0,-0.0087,1.0,-0.0634,3.0,0.0005,1.0,0.0354,2.0,0.0449,12.0
2026-01-10,Extreme Weather,-0.0807,207.0,-0.2119,77.0,-0.1927,115.0,-0.0296,23.0,0.0073,1.0,0.0279,30.0,-0.439,4.0,-0.1928,68.0,-0.1508,352.0,-0.1203,45.0,-0.1644,199.0,-0.416,9.0,-0.2442,171.0,-0.135,46.0,-0.1911,104.0,-0.0049,42.0,-0.163,8.0,0.0159,3.0,-0.3711,16.0,-0.1253,25.0,-0.1337,80.0,-0.2525,274.0,0.0884,10.0,0.118,4.0,-0.1511,8.0,-0.1038,130.0,-0.1691,53.0,-0.3258,186.0,-0.1249,101.0,-0.059,26.0,-0.0738,283.0
2026-01-10,Extreme Weather-Cold,-0.3099,7.0,,,-0.0005,1.0,-0.2069,20.0,0.118,1.0,-0.2056,31.0,-0.3102,3.0,-0.3999,19.0,-0.2518,172.0,-0.188,63.0,-0.2774,156.0,0.021,7.0,-0.1052,68.0,-0.3061,25.0,-0.3573,120.0,-0.1053,47.0,-0.0547,2.0,-0.3089,1.0,-0.3388,22.0,,,-0.1104,52.0,-0.236,117.0,-0.179,5.0,,,,,-0.1029,26.0,-0.1688,47.0,-0.334,84.0,-0.1052,48.0,-0.0827,27.0,-0.1158,134.0
2026-01-10,Extreme Weather-Drought,-0.091,21.0,0.2014,7.0,0.0393,94.0,-0.0324,14.0,,,,,-0.0501,5.0,-0.1664,9.0,0.0533,8.0,-0.595,3.0,-0.1346,31.0,-0.0775,4.0,0.0067,7.0,,,-0.0009,2.0,-0.1541,14.0,0.3162,3.0,,,0.2068,11.0,-0.3611,7.0,0.0056,1.0,0.1117,11.0,0.3298,3.0,-0.8996,1.0,-0.613,4.0,0.2539,14.0,-0.0004,1.0,-0.4482,35.0,0.0058,3.0,0.0139,2.0,0.0092,31.0
2026-01-10,Extreme Weather-Heat,-0.011,11.0,-0.001,40.0,0.0027,28.0,,,0.6098,1.0,-0.921,1.0,,,-0.0038,5.0,0.0022,21.0,0.0028,1.0,-0.1928,7.0,,,0.3559,5.0,-0.0001,1.0,0.8003,1.0,-0.0019,4.0,-0.1217,14.0,,,,,,,0.214,4.0,-0.1377,9.0,,,,,-0.5661,2.0,0.1524,15.0,0.0013,9.0,,,0.0203,13.0,,,-0.0803,16.0
2026-01-10,Fiscal Policy,0.1479,62.0,-0.1242,17.0,0.0824,52.0,0.0626,15.0,0.2404,3.0,-0.0438,2.0,0.238,14.0,-0.0227,42.0,0.0464,72.0,0.2528,14.0,0.0721,144.0,0.0116,6.0,-0.0057,93.0,0.6947,3.0,0.0067,14.0,0.1389,35.0,-0.1506,5.0,0.0721,51.0,0.2036,42.0,0.128,23.0,-0.198,17.0,0.2022,50.0,0.0081,4.0,0.5077,3.0,-0.0574,20.0,0.0725,211.0,0.0645,57.0,0.0558,96.0,0.2226,17.0,-0.1483,31.0,-0.0344,177.0
2026-01-10,Fiscal Policy-Stimulus Package,0.0025,25.0,-0.1151,13.0,-0.4297,4.0,-0.0168,11.0,0.3247,3.0,-0.8445,1.0,0.271,11.0,-0.1336,17.0,0.0137,15.0,0.2282,4.0,0.1248,117.0,0.0098,2.0,0.068,35.0,-0.069,3.0,0.1455,3.0,0.215,15.0,,,0.099,32.0,-0.0747,16.0,0.0084,21.0,-0.4078,7.0,0.2408,24.0,0.0364,1.0,0.3979,6.0,0.3545,3.0,-0.0473,96.0,-0.0214,28.0,0.081,42.0,-0.1607,6.0,0.0158,15.0,-0.0951,157.0
2026-01-10,Monetary Policy,0.2039,3.0,-0.1533,4.0,,,-0.4318,4.0,,,0.0072,1.0,0.9258,2.0,,,-0.0618,11.0,-0.0072,1.0,0.0201,38.0,-0.01,1.0,0.6592,3.0,0.8583,1.0,-0.3706,12.0,0.0012,3.0,0.3016,1.0,,,-0.4686,1.0,-0.0005,1.0,-0.0194,3.0,0.0043,2.0,0.9443,1.0,,,0.071,1.0,0.025,9.0,-0.0001,1.0,0.0114,5.0,-0.1711,2.0,-0.2457,4.0,0.0164,21.0
2026-01-10,Monetary Policy-Interest Rates,,,,,0.4883,3.0,,,0.0025,1.0,,,,,,,-0.2984,6.0,,,-0.2509,10.0,,,0.0022,1.0,,,-0.2306,6.0,,,,,,,,,0.0084,1.0,-0.9145,1.0,,,-0.897,1.0,-0.0024,1.0,,,,,0.2615,2.0,0.0002,1.0,-0.25,2.0,,,0.0021,2.0
2026-01-10,Monetary Policy-Quantitative Easing,-0.9197,2.0,,,-0.1575,3.0,0.007,1.0,,,-0.0021,1.0,0.0255,7.0,,,-0.0919,15.0,0.5364,1.0,-0.8915,2.0,,,,,0.9416,1.0,,,,,,,-0.2773,1.0,0.616,3.0,,,-0.0008,1.0,0.0126,4.0,-0.003,2.0,,,,,,,0.0069,2.0,0.3534,2.0,-0.1799,1.0,,,-0.1751,5.0
2026-01-10,Natural Disaster,-0.0183,7.0,-0.4319,36.0,-0.4973,3.0,-0.4291,2.0,,,0.7343,1.0,,,-0.7793,12.0,-0.2317,16.0,-0.8962,1.0,-0.41,6.0,,,-0.2344,67.0,-0.1871,14.0,,,-0.5012,3.0,,,,,-0.8914,1.0,-0.2596,14.0,-0.576,2.0,-0.4751,26.0,,,0.0092,1.0,,,-0.3485,5.0,0.9389,1.0,-0.4575,63.0,,,-0.4346,6.0,-0.3695,20.0
2026-01-10,Oil Spills,,,,,0.0104,1.0,,,,,,,,,,,,,,,-0.0144,3.0,,,,,,,,,,,,,,,,,,,,,-0.4763,1.0,,,,,,,0.1244,2.0,,,,,,,,,-0.8833,1.0
2026-01-10,Pandemic,-0.2141,71.0,-0.1594,99.0,-0.1054,133.0,-0.1956,60.0,0.3282,11.0,-0.1181,23.0,0.0487,33.0,-0.0876,109.0,-0.0673,696.0,-0.1503,39.0,-0.1303,422.0,-0.1137,19.0,-0.1182,397.0,-0.075,36.0,-0.107,73.0,-0.0542,98.0,-0.4086,37.0,-0.0913,157.0,0.0794,88.0,-0.0762,71.0,-0.1318,80.0,-0.0994,269.0,0.2048,16.0,-0.1125,14.0,-0.256,27.0,-0.0354,197.0,-0.193,121.0,-0.1217,243.0,-0.1747,56.0,-0.1846,60.0,-0.0824,506.0
2026-01-10,Politics,-0.0258,255.0,-0.1157,207.0,-0.0072,248.0,-0.0335,101.0,0.0786,24.0,-0.0197,70.0,0.1099,57.0,-0.0886,338.0,-0.021,302.0,-0.038,162.0,-0.0722,1463.0,-0.1375,117.0,-0.0311,858.0,-0.0398,95.0,-0.0966,216.0,0.0851,201.0,-0.0654,34.0,-0.0519,387.0,0.0113,232.0,0.0446,106.0,-0.0717,152.0,-0.0872,270.0,0.0172,26.0,-0.0936,35.0,0.056,97.0,-0.0054,749.0,-0.0268,281.0,-0.0015,867.0,0.0328,140.0,-0.0666,146.0,-0.0551,1352.0
2026-01-10,Politics-Election,0.0065,8.0,0.2172,7.0,0.1945,7.0,0.0034,2.0,,,0.0089,1.0,-0.0184,15.0,0.0402,31.0,-0.0227,25.0,0.0452,30.0,0.0248,120.0,0.0015,2.0,-0.0023,19.0,-0.0478,24.0,0.2287,6.0,0.0118,10.0,0.0053,2.0,0.0428,20.0,0.1645,7.0,0.0053,1.0,0.1175,13.0,0.0029,2.0,,,0.0015,1.0,0.2254,3.0,0.0061,39.0,0.0204,24.0,0.0035,20.0,,,-0.0569,3.0,-0.0106,89.0
2026-01-10,Politics-Political Tension,-0.0416,35.0,0.0799,14.0,-0.101,15.0,-0.1397,15.0,-0.0007,1.0,-0.2654,10.0,0.0188,1.0,-0.0955,25.0,-0.0688,32.0,-0.1247,11.0,-0.1556,131.0,-0.0135,13.0,-0.0503,93.0,0.0035,11.0,-0.1898,26.0,-0.0633,31.0,0.0021,1.0,-0.1412,51.0,0.0012,28.0,-0.1321,7.0,-0.0657,12.0,0.0816,18.0,0.3016,3.0,-0.3074,7.0,-0.2382,12.0,-0.0306,79.0,-0.0747,23.0,-0.0675,45.0,-0.1061,20.0,-0.0458,8.0,-0.0416,138.0
2026-01-10,Terrorist Attacks,-0.5401,14.0,-0.4897,36.0,-0.5503,27.0,-0.2698,31.0,,,-0.3394,3.0,-0.4501,3.0,-0.3093,16.0,-0.478,24.0,-0.711,1.0,-0.4871,136.0,-0.5636,23.0,-0.4955,41.0,-0.2463,4.0,0.2504,3.0,-0.4442,32.0,-0.0973,3.0,-0.2631,23.0,-0.4422,22.0,-0.4322,13.0,-0.1922,6.0,-0.6328,40.0,,,-0.7219,1.0,-0.6476,7.0,-0.4949,19.0,-0.4529,6.0,-0.4391,85.0,-0.8583,2.0,-0.4743,7.0,-0.3269,290.0
2026-01-10,Wars,0.0444,15.0,0.0037,4.0,0.0364,14.0,-0.0293,2.0,0.2992,3.0,-0.0133,15.0,-0.0267,17.0,0.0291,15.0,0.0538,25.0,0.1557,12.0,0.0369,65.0,0.2141,35.0,-0.0933,55.0,0.0835,7.0,-0.0924,71.0,-0.0232,13.0,0.0038,1.0,0.0589,36.0,0.4047,57.0,0.1278,14.0,0.0081,13.0,-0.3375,297.0,0.0535,23.0,0.0059,3.0,-0.1613,11.0,0.0053,36.0,0.1392,31.0,-0.0011,88.0,-0.072,111.0,0.1617,4.0,-0.0456,85.0
2026-01-09,Economic Data,0.1699,180.0,-0.0885,62.0,0.3045,149.0,0.0185,47.0,0.2152,55.0,-0.0861,32.0,0.1325,21.0,0.0948,66.0,0.1174,452.0,-0.0089,32.0,0.1635,268.0,0.0056,4.0,0.08,194.0,0.092,119.0,0.3435,225.0,0.113,39.0,-0.0975,10.0,0.1327,32.0,0.1386,34.0,0.0774,45.0,-0.0946,60.0,0.0242,137.0,0.1013,5.0,0.1063,19.0,0.3172,16.0,0.1043,183.0,0.3637,370.0,0.0963,129.0,0.0539,56.0,0.1394,51.0,0.1308,287.0
2026-01-09,Economic Data-Consumer Spending,0.0058,3.0,-0.014,1.0,0.4713,4.0,0.2512,1.0,,,,,,,-0.6808,12.0,-0.0006,1.0,-0.0003,2.0,0.2416,9.0,,,0.1517,5.0,0.7256,7.0,0.4448,5.0,0.0914,1.0,,,0.5899,3.0,,,,,,,0.0081,1.0,,,,,0.0201,1.0,0.1932,9.0,0.0026,1.0,-0.0051,1.0,,,-0.1193,4.0,0.0026,8.0
2026-01-09,Economic Data-Employment,-0.1478,18.0,-0.1834,13.0,0.0262,47.0,-0.0452,80.0,0.3109,7.0,0.4482,23.0,0.1863,2.0,0.3626,9.0,-0.0089,44.0,-0.2782,11.0,0.0693,109.0,-0.9169,1.0,-0.065,57.0,0.2134,52.0,-0.1329,36.0,-0.0226,10.0,-0.1629,8.0,0.0227,15.0,0.4772,8.0,-0.1405,4.0,-0.0056,10.0,-0.0388,17.0,-0.1044,6.0,-0.1265,8.0,-0.2067,14.0,0.1673,59.0,0.1192,11.0,-0.0061,33.0,0.2147,10.0,-0.403,11.0,-0.1562,187.0
2026-01-09,Economic Data-GDP,,,,,,,-0.3149,2.0,0.5263,1.0,,,,,,,-0.3889,18.0,0.736,1.0,0.3057,9.0,,,-0.2373,5.0,0.0158,2.0,0.7887,22.0,0.2485,6.0,,,0.2252,3.0,0.0064,3.0,0.9448,1.0,-0.2371,4.0,0.0063,1.0,,,,,0.003,1.0,0.5797,12.0,,,0.529,11.0,,,0.8479,1.0,0.0066,4.0
2026-01-09,Economic Data-Housing,0.1986,24.0,0.0659,33.0,0.0763,11.0,-0.0281,37.0,0.3967,9.0,0.3328,7.0,0.0137,6.0,0.1296,10.0,0.1022,110.0,0.0823,12.0,0.1688,58.0,0.0306,3.0,0.0397,51.0,0.152,26.0,0.2878,100.0,-0.0332,7.0,0.0075,8.0,0.0091,1.0,0.1005,7.0,0.3235,8.0,0.1314,9.0,0.2611,23.0,0.3111,2.0,-0.0671,9.0,-0.1393,4.0,0.1218,81.0,0.1294,77.0,0.3025,44.0,0.0024,7.0,0.2196,28.0,0.2005,132.0
2026-01-09,Economic Data-Inflation,0.1586,13.0,,,-0.2543,18.0,-0.2811,3.0,0.6244,4.0,,,0.0148,1.0,0.8952,2.0,0.1795,9.0,-0.0513,1.0,0.3415,3.0,,,0.7139,2.0,0.6224,8.0,-0.2794,6.0,-0.5005,11.0,,,-0.9083,1.0,0.3815,6.0,0.4678,4.0,0.0835,4.0,-0.5483,3.0,,,,,-0.8957,1.0,0.4294,2.0,0.6324,2.0,0.2014,6.0,0.0089,17.0,-0.0988,6.0,-0.2646,7.0
2026-01-09,Economic Data-Interest Rates,0.0942,28.0,-0.0019,5.0,0.0876,10.0,-0.0058,4.0,-0.138,5.0,0.2382,5.0,-0.0259,4.0,0.3658,5.0,0.0305,58.0,-0.0476,2.0,0.1168,64.0,,,0.1106,17.0,0.1192,9.0,0.2059,28.0,-0.1667,4.0,0.4734,3.0,0.0387,8.0,-0.0897,9.0,0.1397,10.0,-0.1968,4.0,0.1564,11.0,,,0.2686,5.0,0.4735,3.0,0.066,81.0,-0.0078,21.0,0.0214,10.0,0.0014,7.0,-0.1853,15.0,0.0411,42.0
2026-01-09,Economic Data-Manufacturing,0.0247,3.0,0.0421,3.0,,,0.4707,4.0,0.427,13.0,0.6303,5.0,,,-0.2218,5.0,0.1868,90.0,0.1892,1.0,-0.0326,13.0,,,-0.0186,11.0,0.245,11.0,0.2871,13.0,-0.2157,5.0,,,0.666,2.0,0.0283,2.0,0.9424,1.0,0.0049,1.0,0.0479,3.0,,,0.3081,2.0,,,0.2091,23.0,0.4633,52.0,0.413,30.0,,,0.3182,5.0,0.1219,11.0
2026-01-09,Economic Data-Retail Sales,0.1751,7.0,0.1005,7.0,0.2468,4.0,-0.2196,3.0,0.3285,3.0,0.3835,1.0,,,0.3005,7.0,0.3078,35.0,0.6375,8.0,0.1961,17.0,0.0133,2.0,0.3028,42.0,0.1927,11.0,0.3185,14.0,-0.002,1.0,0.009,1.0,0.4881,2.0,,,0.5502,4.0,0.0104,2.0,0.0344,11.0,,,0.4566,2.0,0.0215,1.0,0.4545,19.0,0.5989,32.0,0.809,3.0,,,0.0671,14.0,0.2851,21.0
2026-01-09,Extreme Weather,-0.0544,245.0,-0.0251,101.0,-0.161,234.0,-0.1363,74.0,0.1348,12.0,-0.2629,32.0,-0.2087,12.0,-0.2904,167.0,-0.187,674.0,-0.1684,58.0,-0.1965,285.0,-0.3753,44.0,-0.1454,187.0,0.0025,86.0,0.0019,93.0,-0.0447,45.0,-0.1941,20.0,0.0078,2.0,-0.1255,33.0,0.0397,20.0,-0.0813,111.0,-0.2505,322.0,-0.0024,7.0,-0.2138,4.0,-0.2069,14.0,-0.1056,268.0,-0.1329,108.0,-0.4632,284.0,-0.1496,146.0,-0.3245,79.0,-0.125,309.0
2026-01-09,Extreme Weather-Cold,-0.3471,9.0,0.0712,13.0,-0.3848,2.0,-0.1947,22.0,0.4553,2.0,-0.3002,40.0,-0.1796,5.0,-0.0496,34.0,-0.2,356.0,-0.0729,103.0,-0.3274,166.0,-0.3096,5.0,-0.107,88.0,-0.4228,17.0,-0.213,23.0,-0.1533,46.0,-0.8198,2.0,,,-0.3871,17.0,,,-0.266,99.0,-0.237,155.0,-0.0482,1.0,-0.0016,1.0,0.0119,1.0,-0.0931,27.0,-0.1351,88.0,-0.3395,138.0,-0.1209,73.0,-0.3458,72.0,-0.0954,160.0
2026-01-09,Extreme Weather-Drought,-0.2494,34.0,-0.1257,17.0,0.0942,75.0,0.0026,14.0,0.03,5.0,,,0.0098,3.0,-0.0323,7.0,0.0225,12.0,-0.1659,12.0,-0.3354,40.0,-0.4252,2.0,-0.1139,25.0,-0.5749,3.0,-0.5303,7.0,-0.4482,17.0,,,-0.9145,1.0,-0.3622,3.0,-0.0815,6.0,-0.3364,3.0,-0.0163,33.0,0.2989,3.0,-0.1227,1.0,-0.0053,12.0,-0.0401,23.0,-0.2283,3.0,-0.2427,55.0,0.1932,5.0,0.3248,2.0,0.0186,35.0
2026-01-09,Extreme Weather-Heat,0.2356,15.0,-0.1385,61.0,-0.0554,13.0,-0.0472,12.0,0.1472,1.0,0.0038,1.0,,,-0.054,4.0,0.3363,26.0,-0.4026,5.0,-0.1102,9.0,0.6925,2.0,0.2832,18.0,0.0254,4.0,-0.0557,4.0,0.1188,8.0,-0.1702,26.0,,,-0.7146,1.0,0.1981,1.0,0.0031,14.0,-0.0645,16.0,,,-0.6335,4.0,-0.2014,6.0,0.1629,19.0,0.0312,8.0,0.0049,1.0,-0.1279,16.0,-0.0873,5.0,0.0109,31.0
2026-01-09,Fiscal Policy,0.1687,211.0,0.016,60.0,0.3349,155.0,-0.0999,42.0,0.1133,28.0,0.05,16.0,0.0958,5.0,0.0638,92.0,0.0739,287.0,0.0978,22.0,0.0957,247.0,0.1091,4.0,0.0303,261.0,-0.0946,24.0,0.2643,123.0,0.1799,60.0,-0.0924,9.0,0.024,79.0,-0.0051,71.0,0.0631,43.0,0.0211,82.0,0.1387,62.0,0.7687,1.0,0.095,10.0,-0.0708,13.0,0.0863,468.0,0.0207,104.0,0.16,143.0,0.1648,26.0,0.069,39.0,0.0262,308.0
2026-01-09,Fiscal Policy-Stimulus Package,-0.0925,72.0,-0.1644,35.0,0.0764,25.0,-0.1389,27.0,0.2868,28.0,-0.1005,4.0,0.0084,2.0,0.1001,15.0,0.1067,33.0,0.1296,12.0,0.0976,136.0,,,0.0601,60.0,0.1052,14.0,0.1884,54.0,0.2753,10.0,-0.293,3.0,0.019,52.0,0.0025,24.0,-0.0123,30.0,0.0388,25.0,0.114,22.0,0.2787,2.0,-0.0335,3.0,-0.6934,2.0,0.1711,246.0,-0.0124,54.0,-0.0126,30.0,0.0189,9.0,-0.2254,29.0,-0.08,211.0
2026-01-09,Monetary Policy,0.0031,16.0,-0.0034,3.0,0.2427,4.0,-0.4532,3.0,-0.1879,3.0,0.0018,3.0,0.3189,2.0,0.259,7.0,0.0965,29.0,-0.0476,2.0,0.1121,36.0,,,0.3544,14.0,0.01,1.0,0.1952,12.0,-0.5055,2.0,,,0.0632,3.0,-0.0705,5.0,0.1546,6.0,-0.1262,3.0,0.0041,4.0,,,0.4357,2.0,,,0.2713,8.0,-0.0087,8.0,0.0262,9.0,-0.297,9.0,-0.0906,6.0,-0.0742,11.0
2026-01-09,Monetary Policy-Interest Rates,0.0021,1.0,,,-0.9181,1.0,,,,,,,,,,,0.0465,9.0,,,-0.0328,8.0,-0.0577,1.0,,,0.0053,1.0,0.0357,1.0,-0.0036,1.0,,,,,,,0.0014,3.0,,,0.0016,1.0,,,0.0095,4.0,,,,,,,-0.0029,1.0,,,,,-0.0722,12.0
2026-01-09,Monetary Policy-Quantitative Easing,0.1359,6.0,,,-0.4616,2.0,0.1595,1.0,0.9357,1.0,-0.446,3.0,0.015,2.0,0.003,7.0,0.1399,79.0,,,-0.5855,18.0,,,0.0544,6.0,0.9416,1.0,0.1738,55.0,-0.9213,1.0,,,0.0182,2.0,0.9454,2.0,-0.2181,7.0,-0.0199,1.0,0.0101,7.0,0.9501,1.0,0.4406,2.0,0.4741,5.0,-0.0018,1.0,0.2475,29.0,0.0183,2.0,-0.0668,6.0,0.0414,7.0,-0.1493,13.0
2026-01-09,Natural Disaster,-0.1171,8.0,-0.3361,21.0,-0.5578,6.0,-0.3951,2.0,,,,,,,-0.6665,30.0,-0.5259,11.0,-0.8975,1.0,-0.6407,34.0,-0.8011,12.0,-0.225,15.0,-0.1442,32.0,-0.3983,3.0,-0.3484,3.0,-0.1724,9.0,,,-0.6236,6.0,-0.1144,11.0,-0.8976,2.0,-0.2876,21.0,,,,,-0.9028,1.0,-0.262,15.0,-0.3452,3.0,-0.5564,109.0,-0.8486,1.0,-0.3833,9.0,-0.226,9.0
2026-01-09,Oil Spills,,,,,,,-0.6599,6.0,,,,,,,,,,,,,-0.8935,1.0,,,,,,,,,-0.0473,1.0,,,0.0022,2.0,,,,,,,-0.0224,1.0,,,,,,,0.0063,1.0,-0.0695,1.0,-0.7884,1.0,,,,,-0.8498,2.0
2026-01-09,Pandemic,-0.032,125.0,-0.1561,165.0,-0.1264,196.0,-0.1008,111.0,0.1771,35.0,-0.187,37.0,-0.0257,33.0,-0.0733,203.0,-0.0683,966.0,-0.0423,46.0,-0.1365,558.0,-0.2629,26.0,-0.0582,610.0,-0.0575,121.0,0.0194,212.0,-0.055,189.0,-0.2676,50.0,-0.0885,213.0,-0.0585,102.0,0.0175,123.0,-0.081,163.0,0.0125,279.0,0.068,17.0,-0.0794,45.0,-0.187,44.0,-0.002,362.0,-0.0384,137.0,0.0029,433.0,-0.2357,107.0,-0.0665,102.0,-0.1058,777.0
2026-01-09,Politics,0.0122,570.0,-0.0189,355.0,0.0889,469.0,-0.0835,261.0,0.0902,108.0,-0.0145,121.0,0.0489,42.0,0.0213,509.0,0.015,1022.0,0.0165,159.0,-0.0711,1967.0,-0.0063,122.0,-0.0106,1360.0,-0.0338,164.0,-0.0098,735.0,0.0453,313.0,-0.1361,61.0,-0.0191,559.0,0.0309,269.0,-0.013,223.0,-0.0602,378.0,-0.0112,449.0,-0.0219,35.0,-0.0952,78.0,0.006,57.0,0.0358,1444.0,-0.1315,391.0,-0.0085,1063.0,-0.0676,213.0,-0.0535,276.0,-0.0631,2038.0
2026-01-09,Politics-Election,-0.023,8.0,0.1998,8.0,0.0058,8.0,-0.2278,10.0,0.0015,1.0,,,0.0082,1.0,-0.0262,44.0,-0.0322,49.0,0.0546,6.0,0.0125,131.0,0.0756,1.0,0.0739,36.0,0.1277,7.0,-0.0294,25.0,-0.0119,17.0,,,0.0667,46.0,0.0065,7.0,0.0049,1.0,0.0037,2.0,-0.1661,1.0,,,0.0483,4.0,0.2287,3.0,0.1033,12.0,0.0091,12.0,0.0034,27.0,0.0255,2.0,0.0265,9.0,0.0349,82.0
2026-01-09,Politics-Political Tension,-0.0049,72.0,-0.1244,41.0,-0.0555,53.0,-0.0212,24.0,-0.2467,7.0,-0.236,24.0,-0.0237,5.0,-0.0841,35.0,-0.0511,110.0,-0.237,12.0,-0.2197,214.0,0.0326,25.0,-0.0446,183.0,-0.0444,22.0,-0.2264,58.0,0.0184,45.0,-0.0532,7.0,-0.1927,59.0,-0.1169,44.0,0.0276,14.0,-0.0897,79.0,0.032,37.0,0.1424,6.0,-0.1249,12.0,-0.3035,5.0,-0.0697,133.0,-0.1257,55.0,0.0186,75.0,-0.0519,15.0,-0.0353,20.0,-0.1224,252.0
2026-01-09,Terrorist Attacks,-0.4884,14.0,-0.1375,83.0,-0.4932,52.0,-0.272,57.0,,,0.0044,1.0,-0.114,1.0,-0.4086,21.0,-0.2047,46.0,-0.3959,2.0,-0.3304,118.0,-0.6871,28.0,-0.4123,61.0,-0.4959,26.0,-0.2674,8.0,-0.5567,52.0,-0.2555,15.0,-0.3761,23.0,-0.2899,26.0,,,-0.3694,9.0,-0.367,31.0,,,-0.114,3.0,-0.4687,11.0,-0.68,51.0,-0.8337,7.0,-0.37,97.0,-0.606,12.0,-0.2644,12.0,-0.354,552.0
2026-01-09,Wars,0.1169,24.0,-0.08,30.0,0.0814,18.0,0.1692,11.0,0.1583,12.0,0.1277,11.0,0.0158,15.0,-0.0365,28.0,0.0176,54.0,-0.0273,22.0,0.0985,84.0,-0.0148,41.0,-0.0406,50.0,0.111,20.0,0.0261,71.0,0.0637,13.0,0.4603,3.0,0.1388,38.0,0.0137,28.0,-0.2068,21.0,-0.0442,36.0,-0.1351,335.0,0.0238,48.0,0.1369,5.0,0.1183,11.0,-0.0387,49.0,-0.0463,39.0,0.0327,130.0,-0.0297,184.0,0.6177,4.0,0.0164,131.0
2026-01-08,Economic Data,0.0247,129.0,0.1162,49.0,0.0185,71.0,-0.0752,42.0,0.196,54.0,0.0478,57.0,0.0857,17.0,0.0118,85.0,0.1478,451.0,-0.0143,30.0,0.1544,285.0,-0.0065,17.0,0.0351,188.0,0.1549,136.0,0.2604,251.0,0.1021,53.0,0.0934,22.0,0.0203,29.0,0.3432,25.0,0.2549,77.0,0.0333,44.0,0.1478,98.0,0.4324,10.0,0.2336,20.0,-0.0777,32.0,0.1223,179.0,0.3832,318.0,0.0747,166.0,0.2545,71.0,0.1793,80.0,0.0314,296.0
2026-01-08,Economic Data-Consumer Spending,0.0516,7.0,0.0092,5.0,-0.0016,1.0,0.0067,1.0,0.9467,2.0,,,,,0.3614,3.0,0.1748,6.0,,,0.2358,8.0,,,0.0027,1.0,0.9216,4.0,0.4878,7.0,,,,,-0.274,2.0,,,0.0378,1.0,0.0027,1.0,0.0627,3.0,,,0.0108,2.0,0.0194,1.0,-0.2282,4.0,0.0023,3.0,0.9488,1.0,,,-0.0291,1.0,-0.0854,7.0
2026-01-08,Economic Data-Employment,-0.1432,25.0,0.1886,8.0,0.1005,55.0,-0.0368,18.0,0.044,6.0,-0.1368,12.0,0.4078,4.0,0.0906,14.0,0.1429,89.0,0.1915,7.0,-0.0872,114.0,-0.0054,3.0,-0.2644,95.0,0.2527,76.0,0.2478,33.0,0.0806,15.0,-0.0725,5.0,0.1218,8.0,0.3755,9.0,0.1,11.0,-0.125,12.0,-0.0073,16.0,0.0458,5.0,0.2085,9.0,0.1348,10.0,0.1964,62.0,0.2256,31.0,0.1896,41.0,-0.0153,20.0,0.0386,14.0,0.0231,123.0
2026-01-08,Economic Data-GDP,0.3171,5.0,,,-0.4373,3.0,-0.5063,9.0,,,,,,,0.1037,5.0,-0.009,19.0,-0.9031,1.0,0.3823,32.0,,,0.5721,8.0,0.001,6.0,-0.9084,1.0,-0.105,3.0,0.0108,1.0,0.6501,7.0,0.4867,4.0,,,0.0248,1.0,,,,,,,-0.9167,1.0,0.2574,4.0,0.9326,4.0,0.0741,5.0,0.0027,1.0,,,-0.2056,8.0
2026-01-08,Economic Data-Housing,0.1054,31.0,0.0318,32.0,0.1256,6.0,-0.0083,43.0,0.5672,2.0,0.1731,16.0,0.0157,7.0,0.0354,18.0,0.0958,151.0,-0.2421,16.0,0.1595,59.0,-0.1035,11.0,0.1051,38.0,0.0883,26.0,0.2411,133.0,0.3089,20.0,0.0853,22.0,,,0.0122,2.0,0.189,20.0,0.2488,16.0,0.1649,21.0,0.1578,2.0,0.0145,19.0,0.0073,2.0,0.155,102.0,0.1185,110.0,0.1019,26.0,0.0337,10.0,0.0041,39.0,0.1205,136.0
2026-01-08,Economic Data-Inflation,-0.1661,14.0,0.7646,2.0,0.706,1.0,,,,,-0.1201,2.0,0.0326,2.0,0.0373,1.0,-0.1276,9.0,-0.0702,1.0,0.0014,3.0,,,0.4218,9.0,-0.1837,6.0,-0.029,4.0,0.1163,12.0,,,-0.4572,3.0,-0.1866,5.0,-0.0034,4.0,-0.0055,1.0,0.9249,2.0,,,,,,,-0.9202,1.0,0.0989,3.0,-0.3649,15.0,-0.001,1.0,,,-0.1374,8.0
2026-01-08,Economic Data-Interest Rates,0.1336,28.0,-0.0649,29.0,-0.1817,15.0,-0.0427,15.0,0.2305,3.0,-0.238,6.0,,,-0.14,4.0,0.0384,73.0,0.2164,5.0,-0.069,72.0,-0.472,2.0,0.1051,13.0,-0.2083,2.0,-0.0449,52.0,0.1965,19.0,-0.3001,2.0,0.615,6.0,0.3969,2.0,0.0276,13.0,-0.1775,5.0,0.3144,6.0,,,0.0053,1.0,-0.1978,4.0,-0.1206,31.0,0.0616,41.0,-0.2368,26.0,-0.0886,5.0,0.1164,30.0,0.1286,61.0
2026-01-08,Economic Data-Manufacturing,-0.3002,4.0,0.288,6.0,-0.2299,11.0,-0.4453,2.0,0.1657,8.0,0.7834,8.0,,,0.4199,6.0,0.4416,144.0,-0.1436,2.0,0.4587,13.0,0.0535,1.0,-0.1009,7.0,0.3752,6.0,0.2873,32.0,0.0086,1.0,0.019,2.0,0.842,4.0,0.4208,2.0,0.1286,6.0,,,0.0317,1.0,,,,,-0.4263,8.0,0.6859,11.0,0.4528,26.0,0.5707,5.0,0.9437,1.0,0.1822,10.0,0.1826,26.0
2026-01-08,Economic Data-Retail Sales,0.3801,3.0,0.0126,3.0,0.3126,5.0,0.5698,4.0,0.4448,3.0,0.0071,1.0,0.0124,1.0,0.1772,13.0,0.3859,53.0,0.2821,3.0,0.3435,20.0,0.0109,3.0,0.5955,12.0,0.417,20.0,0.5076,24.0,0.941,1.0,0.0083,3.0,0.0103,2.0,0.4063,2.0,0.1955,7.0,-0.4383,1.0,-0.0361,9.0,0.0124,1.0,0.5633,5.0,0.0848,4.0,0.0122,7.0,0.5533,27.0,-0.4253,2.0,,,0.3204,29.0,0.2335,24.0
2026-01-08,Extreme Weather,-0.0928,249.0,-0.1204,90.0,-0.0861,202.0,-0.1126,63.0,0.2439,15.0,-0.1649,28.0,-0.3271,9.0,-0.0867,211.0,-0.1656,907.0,-0.0355,48.0,-0.0861,213.0,-0.0711,22.0,-0.1561,190.0,0.0841,49.0,0.0743,113.0,-0.2828,49.0,-0.3017,27.0,0.4439,2.0,-0.0857,14.0,-0.2327,43.0,-0.0502,90.0,-0.2087,255.0,-0.1939,5.0,0.088,4.0,-0.1824,20.0,-0.0802,184.0,-0.0554,104.0,-0.5594,636.0,-0.2853,189.0,-0.2239,54.0,-0.0841,350.0
2026-01-08,Extreme Weather-Cold,-0.1338,7.0,0.0095,1.0,-0.2234,1.0,-0.1965,13.0,-0.6472,1.0,-0.1649,42.0,-0.2597,4.0,-0.1859,40.0,-0.1819,377.0,-0.1059,118.0,-0.3097,197.0,-0.1531,6.0,-0.1553,153.0,0.0534,14.0,-0.1571,52.0,-0.1996,35.0,-0.03,2.0,,,-0.1797,13.0,0.0099,1.0,-0.1977,92.0,-0.1077,110.0,0.0038,1.0,,,,,-0.0372,54.0,-0.2019,93.0,-0.2564,119.0,-0.2384,68.0,-0.1393,59.0,-0.1286,122.0
2026-01-08,Extreme Weather-Drought,-0.2287,21.0,-0.2787,15.0,-0.3303,99.0,-0.1306,21.0,0.9298,1.0,,,0.0009,3.0,0.0163,2.0,-0.0111,11.0,0.2473,6.0,-0.078,29.0,-0.0125,3.0,-0.0505,26.0,-0.144,2.0,-0.0607,3.0,-0.3834,13.0,,,0.463,2.0,-0.0823,7.0,-0.2078,10.0,0.0054,4.0,-0.0218,20.0,,,0.6101,3.0,0.1366,18.0,0.198,29.0,-0.2436,3.0,-0.355,88.0,-0.2247,9.0,0.0055,4.0,0.009,36.0
2026-01-08,Extreme Weather-Heat,-0.0575,19.0,0.0074,76.0,0.0742,11.0,0.224,7.0,-0.0175,3.0,-0.0033,1.0,0.1717,2.0,-0.4004,6.0,0.0583,34.0,0.0026,1.0,-0.1325,12.0,0.1447,4.0,-0.056,15.0,0.0074,4.0,0.2197,8.0,0.2446,7.0,0.0784,46.0,,,,,,,0.009,7.0,0.0699,12.0,,,0.4915,6.0,0.1343,6.0,-0.0073,24.0,-0.2341,8.0,0.2337,3.0,-0.0008,2.0,0.04,2.0,0.2016,26.0
2026-01-08,Fiscal Policy,-0.0042,109.0,0.0845,94.0,0.0514,63.0,-0.0319,57.0,0.2207,19.0,-0.0608,27.0,0.1771,10.0,-0.0129,83.0,0.0483,295.0,-0.0523,25.0,0.162,239.0,-0.0832,17.0,0.0348,188.0,0.0338,25.0,0.1198,138.0,0.1964,76.0,0.2216,8.0,0.0544,79.0,0.1882,63.0,0.0197,50.0,0.0162,37.0,0.0794,62.0,0.5789,5.0,0.0589,9.0,-0.0601,16.0,0.0491,328.0,-0.0898,122.0,-0.0678,131.0,0.0495,35.0,-0.0028,44.0,0.0165,378.0
2026-01-08,Fiscal Policy-Stimulus Package,0.0502,62.0,0.1797,24.0,0.0925,34.0,0.2017,33.0,0.0711,10.0,0.0894,16.0,0.2726,4.0,0.1364,31.0,0.0559,95.0,-0.0419,17.0,0.0546,128.0,-0.0498,12.0,0.1324,87.0,0.0107,16.0,0.3993,40.0,0.1265,31.0,-0.2098,10.0,0.0398,50.0,0.1465,26.0,0.1331,55.0,-0.0474,21.0,0.1283,27.0,0.0275,1.0,0.1934,9.0,0.0116,4.0,0.279,135.0,-0.1389,89.0,0.2672,75.0,0.0337,24.0,0.0095,32.0,0.1135,374.0
2026-01-08,Monetary Policy,-0.0372,15.0,-0.1745,20.0,-0.1298,10.0,0.005,2.0,0.0045,2.0,0.0056,3.0,,,-0.14,4.0,0.0386,40.0,0.0411,2.0,-0.0975,32.0,,,0.3085,5.0,-0.4184,1.0,0.1461,34.0,0.1858,6.0,-0.6038,1.0,0.3459,6.0,0.64,2.0,0.0143,9.0,-0.4431,2.0,0.4977,3.0,0.0099,2.0,,,-0.4837,3.0,0.0454,18.0,-0.1659,20.0,-0.4739,8.0,-0.121,4.0,-0.1165,12.0,-0.2025,27.0
2026-01-08,Monetary Policy-Interest Rates,0.5984,4.0,0.2544,2.0,-0.0445,1.0,0.0114,2.0,,,,,0.8594,1.0,,,0.1532,17.0,,,-0.0053,5.0,,,,,,,0.3826,2.0,0.0601,5.0,,,,,,,0.0084,1.0,,,,,,,,,0.6826,1.0,-0.8509,1.0,0.4718,7.0,0.0089,3.0,,,-0.2065,2.0,-0.8319,2.0
2026-01-08,Monetary Policy-Quantitative Easing,0.1259,8.0,-0.0468,6.0,-0.3745,6.0,0.2883,6.0,0.3203,4.0,0.0597,3.0,-0.2232,3.0,0.2213,5.0,0.056,65.0,0.0301,3.0,-0.31,12.0,0.9305,1.0,0.3717,10.0,0.4846,2.0,0.2332,51.0,,,,,0.0162,1.0,0.9493,1.0,0.1453,14.0,-0.2967,4.0,0.0063,12.0,0.0018,3.0,,,0.9449,2.0,-0.2709,1.0,0.0745,12.0,-0.1907,24.0,0.3186,6.0,-0.0544,8.0,-0.1567,17.0
2026-01-08,Natural Disaster,-0.1201,11.0,-0.4856,9.0,-0.3234,8.0,,,,,,,-0.4248,1.0,-0.2997,8.0,-0.1989,31.0,,,-0.3868,14.0,,,-0.4904,14.0,0.0123,11.0,,,-0.4093,7.0,-0.5317,10.0,,,-0.7708,3.0,-0.2133,24.0,-0.3806,4.0,-0.4268,11.0,,,,,-0.0397,4.0,-0.3092,16.0,-0.1797,12.0,-0.6756,241.0,-0.7465,1.0,-0.4512,3.0,-0.4197,22.0
2026-01-08,Oil Spills,,,-0.8818,1.0,,,-0.301,4.0,-0.1576,1.0,-0.7657,1.0,,,,,,,,,-0.863,2.0,,,,,,,,,0.0104,1.0,,,,,,,,,,,-0.3371,3.0,,,,,,,,,,,,,,,-0.8818,1.0,-0.0014,2.0
2026-01-08,Pandemic,-0.0491,168.0,-0.1233,181.0,-0.0595,229.0,-0.2436,127.0,0.1419,31.0,-0.0226,38.0,-0.0325,60.0,-0.1318,226.0,-0.0101,1169.0,-0.2297,64.0,-0.1104,587.0,-0.1217,66.0,-0.0435,435.0,-0.0218,142.0,0.0296,307.0,-0.0651,235.0,-0.2165,67.0,-0.0795,230.0,-0.0189,109.0,0.1455,125.0,-0.0743,153.0,-0.0957,348.0,-0.1683,17.0,-0.2512,28.0,-0.146,51.0,-0.0048,486.0,-0.1102,205.0,-0.1711,383.0,-0.1532,155.0,-0.0311,143.0,-0.0556,919.0
2026-01-08,Politics,-0.0376,510.0,-0.0329,446.0,-0.0208,443.0,-0.0379,288.0,0.0687,87.0,-0.0568,129.0,0.089,70.0,-0.015,485.0,-0.0134,1348.0,-0.0881,177.0,-0.1082,1972.0,-0.069,270.0,-0.0028,1074.0,0.0533,154.0,-0.0652,868.0,0.0107,390.0,0.028,101.0,0.0012,564.0,0.0555,289.0,0.0083,268.0,-0.0222,287.0,0.0208,431.0,0.1174,45.0,-0.0992,79.0,-0.0424,123.0,0.0162,1222.0,-0.1863,452.0,-0.0037,1063.0,-0.0887,245.0,-0.0631,265.0,-0.0457,2561.0
2026-01-08,Politics-Election,0.0943,14.0,0.0051,7.0,-0.0317,3.0,-0.0022,6.0,0.246,1.0,-0.3481,1.0,,,0.0075,45.0,0.0041,36.0,-0.0138,2.0,0.0189,128.0,0.0048,3.0,0.0249,19.0,0.1353,2.0,-0.0719,62.0,0.1514,11.0,0.3149,3.0,0.0789,41.0,0.2791,3.0,0.0029,3.0,0.1564,6.0,0.0099,7.0,,,-0.083,5.0,-0.1883,2.0,0.1194,26.0,-0.0572,15.0,-0.0186,43.0,0.0055,13.0,-0.0924,6.0,-0.0179,77.0
2026-01-08,Politics-Political Tension,-0.0219,88.0,-0.2339,99.0,-0.0538,55.0,-0.0896,16.0,-0.1389,5.0,0.008,32.0,0.0371,9.0,-0.0619,21.0,-0.1577,116.0,-0.1853,9.0,-0.1577,126.0,-0.0014,59.0,-0.0931,106.0,0.2177,6.0,-0.0165,108.0,0.1257,34.0,-0.159,5.0,-0.1342,86.0,0.0317,47.0,0.0011,10.0,-0.0115,44.0,-0.0727,45.0,0.4609,3.0,0.0351,9.0,-0.2135,18.0,-0.0482,177.0,-0.1814,42.0,-0.0097,94.0,0.0185,14.0,-0.2626,16.0,-0.1148,253.0
2026-01-08,Terrorist Attacks,-0.4393,32.0,-0.2636,98.0,-0.4747,67.0,-0.2603,49.0,,,-0.7695,1.0,-0.4603,3.0,-0.6215,14.0,-0.259,41.0,-0.3142,3.0,-0.387,201.0,-0.4365,61.0,-0.3511,64.0,-0.2965,11.0,-0.2746,8.0,-0.5628,29.0,-0.4301,14.0,-0.3737,26.0,-0.4906,23.0,-0.2981,8.0,-0.227,3.0,-0.4764,25.0,-0.7044,1.0,-0.0324,2.0,-0.5909,27.0,-0.3528,34.0,-0.3106,7.0,-0.465,117.0,-0.4539,12.0,-0.3561,23.0,-0.34,666.0
2026-01-08,Wars,0.0742,19.0,-0.0099,8.0,-0.0035,10.0,0.2871,15.0,0.1369,10.0,-0.0307,9.0,-0.0358,21.0,0.0149,27.0,0.122,71.0,-0.1125,11.0,0.1002,84.0,0.0088,87.0,0.0121,56.0,0.1179,10.0,0.0114,54.0,0.0572,35.0,-0.2356,2.0,0.1897,26.0,0.1966,37.0,0.1701,15.0,0.0476,29.0,-0.1311,382.0,0.1189,38.0,0.1682,5.0,-0.1899,6.0,-0.0156,69.0,0.2552,45.0,0.0261,116.0,-0.0251,184.0,0.013,4.0,-0.0482,107.0
2026-01-07,Economic Data,-0.0178,122.0,0.0697,102.0,0.2487,80.0,0.085,41.0,0.0479,51.0,-0.0429,51.0,-0.0529,21.0,0.1319,71.0,0.0441,409.0,-0.0488,35.0,0.2355,292.0,0.1197,16.0,0.1263,171.0,0.0631,129.0,0.3032,203.0,0.0266,45.0,0.2579,15.0,0.1491,44.0,0.2824,42.0,0.0449,34.0,0.0069,78.0,0.122,83.0,0.1158,14.0,0.3991,17.0,0.0587,22.0,0.1441,235.0,0.2773,252.0,0.0807,218.0,0.0451,68.0,0.2125,66.0,0.0596,288.0
2026-01-07,Economic Data-Consumer Spending,0.141,2.0,-0.0009,8.0,0.0076,3.0,,,0.0192,1.0,0.0042,1.0,,,0.235,9.0,-0.321,6.0,-0.001,2.0,0.3208,8.0,,,0.4984,13.0,0.3129,3.0,0.2349,5.0,0.0033,4.0,0.001,3.0,,,,,0.0067,1.0,0.0071,2.0,0.0066,1.0,,,0.0067,1.0,0.0228,3.0,0.1385,10.0,,,,,0.0121,1.0,-0.2095,5.0,-0.0842,12.0
2026-01-07,Economic Data-Employment,-0.0311,19.0,-0.1061,12.0,0.0812,64.0,-0.0099,19.0,0.2032,6.0,0.4479,3.0,0.1619,6.0,-0.0559,10.0,-0.0447,173.0,-0.4773,8.0,0.0045,86.0,-0.3139,6.0,0.0515,27.0,0.1232,80.0,0.2491,51.0,0.0061,22.0,,,0.0612,11.0,0.3126,10.0,0.1107,28.0,0.31,3.0,0.1799,11.0,,,-0.1339,3.0,-0.086,7.0,0.261,56.0,0.2434,29.0,-0.0215,25.0,-0.189,18.0,-0.1243,5.0,-0.0712,105.0
2026-01-07,Economic Data-GDP,-0.0898,3.0,-0.9203,1.0,0.9496,1.0,-0.5943,23.0,0.948,1.0,0.011,1.0,,,0.0806,6.0,-0.3202,10.0,0.0092,1.0,0.4481,62.0,,,0.3192,5.0,,,0.1038,2.0,-0.0998,1.0,,,0.028,9.0,0.8822,1.0,0.8994,5.0,0.9014,1.0,,,0.0204,2.0,,,,,0.7078,13.0,0.0003,1.0,0.5877,2.0,,,-0.9203,1.0,0.32,7.0
2026-01-07,Economic Data-Housing,0.2258,20.0,0.0377,46.0,0.4312,13.0,0.0293,75.0,0.6247,9.0,0.0295,10.0,-0.1338,4.0,0.0883,16.0,0.0627,141.0,0.0015,2.0,0.1959,76.0,0.1436,10.0,0.1289,23.0,0.2028,20.0,0.2268,75.0,-0.215,8.0,-0.2019,15.0,0.0506,5.0,0.1724,6.0,0.1642,7.0,-0.0012,23.0,0.2125,9.0,0.4649,7.0,0.0299,9.0,0.8584,4.0,0.1769,63.0,0.3161,56.0,0.0123,41.0,0.0039,7.0,0.2075,40.0,0.1356,163.0
2026-01-07,Economic Data-Inflation,0.3384,10.0,-0.2399,16.0,0.0524,2.0,-0.6261,3.0,0.6978,1.0,0.056,13.0,-0.8707,1.0,,,-0.003,16.0,-0.8558,1.0,,,-0.9227,1.0,0.2845,42.0,-0.2139,5.0,0.2316,8.0,0.0116,2.0,0.033,2.0,0.0131,2.0,0.1659,4.0,-0.2696,2.0,0.1827,2.0,0.3209,3.0,0.0129,1.0,,,-0.0961,1.0,0.1672,6.0,0.0069,21.0,0.0993,14.0,-0.366,2.0,-0.4221,2.0,-0.1553,6.0
2026-01-07,Economic Data-Interest Rates,-0.0033,36.0,-0.1523,47.0,-0.1654,8.0,-0.2502,14.0,0.0266,1.0,0.1183,17.0,-0.3734,5.0,-0.0683,5.0,0.0879,77.0,-0.1515,8.0,0.0178,57.0,0.0124,4.0,0.0195,22.0,-0.1915,8.0,0.1418,27.0,-0.1318,7.0,0.2036,11.0,0.0835,10.0,0.6991,8.0,-0.2188,8.0,-0.3229,2.0,0.128,20.0,0.8581,2.0,-0.0018,2.0,0.9057,1.0,0.0535,62.0,-0.0346,33.0,0.1275,5.0,0.2312,14.0,-0.1496,22.0,0.2358,33.0
2026-01-07,Economic Data-Manufacturing,-0.601,4.0,-0.2204,7.0,0.0112,2.0,,,0.4576,5.0,0.1622,1.0,0.204,1.0,0.6741,6.0,0.1915,66.0,-0.5011,1.0,0.6133,18.0,,,0.1782,15.0,0.2036,14.0,0.4348,28.0,,,0.9144,1.0,0.9438,1.0,,,0.0031,2.0,0.0689,1.0,0.0472,3.0,0.1686,3.0,,,,,0.9409,2.0,0.4912,32.0,0.8324,6.0,0.119,2.0,0.5788,13.0,0.1562,16.0
2026-01-07,Economic Data-Retail Sales,-0.0413,9.0,-0.9183,6.0,0.0549,1.0,0.1936,5.0,,,,,,,0.0736,11.0,0.03,62.0,0.3265,1.0,0.5932,12.0,0.3054,5.0,0.192,16.0,0.3375,21.0,0.2238,29.0,-0.9219,2.0,-0.1979,1.0,0.0056,4.0,0.0774,1.0,0.3772,5.0,0.003,2.0,-0.0733,4.0,-0.0827,1.0,0.0224,2.0,-0.0099,2.0,0.1562,26.0,0.5674,19.0,0.4228,8.0,0.1442,2.0,0.3785,14.0,-0.0432,23.0
2026-01-07,Extreme Weather,-0.0585,238.0,-0.1256,127.0,-0.1748,188.0,-0.1037,55.0,0.1692,13.0,-0.0257,27.0,0.0134,10.0,-0.1225,183.0,-0.0894,438.0,-0.1329,84.0,-0.149,256.0,0.098,23.0,-0.179,215.0,-0.0869,48.0,-0.0345,90.0,-0.2563,43.0,0.0099,18.0,-0.1795,8.0,0.0154,25.0,-0.0406,78.0,-0.0714,86.0,-0.1424,166.0,-0.0426,10.0,0.1064,5.0,-0.2473,13.0,-0.115,236.0,0.0109,96.0,-0.3419,160.0,-0.2786,100.0,-0.1741,49.0,-0.078,340.0
2026-01-07,Extreme Weather-Cold,-0.3111,12.0,-0.005,6.0,-0.3435,2.0,-0.0899,39.0,0.2976,2.0,-0.0951,37.0,-0.0173,2.0,-0.1847,125.0,-0.2322,316.0,-0.2238,158.0,-0.3765,230.0,-0.3947,3.0,-0.2197,141.0,-0.2228,10.0,-0.1841,35.0,-0.143,29.0,-0.8784,2.0,-0.4574,3.0,-0.3178,12.0,0.6953,1.0,-0.2056,71.0,-0.2182,115.0,-0.1643,1.0,0.0045,1.0,,,-0.1887,106.0,-0.1675,84.0,-0.2162,63.0,-0.3483,53.0,-0.1623,53.0,-0.1935,151.0
2026-01-07,Extreme Weather-Drought,0.1224,21.0,-0.0383,13.0,0.081,72.0,-0.2543,26.0,,,,,-0.2257,3.0,-0.1682,6.0,0.0119,24.0,-0.0708,3.0,-0.2338,32.0,-0.0042,5.0,-0.0516,11.0,-0.4169,3.0,0.1814,7.0,-0.3695,16.0,0.7182,2.0,,,0.0304,8.0,-0.4366,9.0,0.0103,1.0,0.0457,18.0,,,,,-0.5885,9.0,0.2204,25.0,-0.0242,10.0,-0.2536,89.0,0.0245,11.0,-0.4559,2.0,-0.0976,29.0
2026-01-07,Extreme Weather-Heat,-0.0972,22.0,-0.1203,67.0,-0.082,16.0,0.6419,1.0,,,0.0062,1.0,0.8204,1.0,-0.0417,9.0,0.0161,53.0,-0.001,3.0,-0.2067,10.0,0.012,7.0,-0.1653,11.0,0.1801,9.0,0.5314,5.0,0.1734,6.0,0.017,27.0,0.0012,4.0,,,0.1431,3.0,-0.0912,8.0,0.1608,6.0,,,,,-0.0078,2.0,0.0251,25.0,-0.2068,18.0,-0.3201,5.0,0.0009,2.0,-0.4544,2.0,0.0792,27.0
2026-01-07,Fiscal Policy,-0.0002,80.0,-0.0853,70.0,0.1272,69.0,0.0489,41.0,0.1009,19.0,-0.0713,24.0,0.1233,12.0,-0.0587,62.0,0.0445,305.0,-0.1436,28.0,0.0588,211.0,0.0962,33.0,-0.0092,179.0,0.1132,13.0,0.1847,114.0,0.0241,49.0,-0.1189,5.0,-0.1031,88.0,-0.051,49.0,0.1035,49.0,-0.0885,34.0,0.0133,53.0,-0.0175,4.0,0.1219,4.0,0.213,13.0,0.0643,175.0,-0.1013,67.0,0.087,161.0,0.0213,37.0,-0.1537,32.0,0.0031,284.0
2026-01-07,Fiscal Policy-Stimulus Package,0.0213,52.0,0.3044,41.0,0.2132,30.0,0.0706,27.0,0.2258,13.0,0.0044,20.0,0.0304,4.0,-0.0551,13.0,0.1446,83.0,0.1263,19.0,0.1562,132.0,0.0049,7.0,-0.008,81.0,-0.0157,13.0,0.1148,75.0,-0.0904,29.0,0.0851,8.0,-0.012,61.0,0.1725,26.0,0.1622,42.0,0.1519,19.0,0.2372,12.0,0.5773,1.0,0.3012,4.0,-0.1626,7.0,0.1102,70.0,0.0827,58.0,-0.0412,51.0,-0.0684,48.0,0.0838,27.0,0.0886,256.0
2026-01-07,Monetary Policy,0.0097,25.0,-0.0828,44.0,0.128,7.0,0.1361,6.0,0.1872,3.0,-0.1195,9.0,-0.4442,4.0,-0.3904,1.0,0.0574,39.0,0.0339,6.0,0.0305,29.0,,,0.0127,8.0,0.1483,1.0,0.3915,11.0,0.005,1.0,0.2129,1.0,0.162,11.0,0.5577,6.0,-0.3434,5.0,-0.0002,2.0,0.1276,3.0,,,0.3147,3.0,0.9057,1.0,0.0496,40.0,0.0425,9.0,0.0893,5.0,0.13,9.0,-0.3324,14.0,0.0706,15.0
2026-01-07,Monetary Policy-Interest Rates,,,-0.2922,5.0,-0.4462,2.0,,,-0.0057,1.0,-0.0149,1.0,,,0.2365,2.0,0.024,15.0,,,-0.0692,4.0,,,,,,,-0.8616,1.0,0.0001,2.0,,,,,,,,,,,,,,,,,,,-0.0283,7.0,-0.9152,2.0,0.0037,4.0,,,,,-0.8798,1.0
2026-01-07,Monetary Policy-Quantitative Easing,-0.1315,6.0,,,-0.1422,4.0,,,0.3435,4.0,0.009,2.0,0.3263,6.0,0.0073,9.0,0.1574,49.0,-0.2089,4.0,0.1535,10.0,,,0.1903,22.0,0.0092,4.0,0.1518,42.0,,,,,0.8707,4.0,,,0.2655,9.0,,,0.2398,5.0,-0.0049,2.0,0.9353,3.0,0.0094,1.0,0.042,5.0,0.1127,23.0,0.0769,8.0,0.5371,3.0,0.1935,11.0,0.3814,13.0
2026-01-07,Natural Disaster,0.0843,8.0,-0.2783,10.0,-0.4409,12.0,-0.2707,9.0,,,,,,,-0.4036,2.0,-0.0459,7.0,-0.4867,1.0,-0.3115,6.0,,,-0.4314,19.0,-0.3171,14.0,-0.0002,1.0,-0.631,10.0,-0.1925,5.0,-0.8515,1.0,,,-0.2437,40.0,-0.3348,1.0,-0.3537,12.0,-0.8026,1.0,-0.0659,1.0,-0.5039,5.0,-0.522,7.0,-0.1202,6.0,-0.4891,59.0,-0.5977,3.0,-0.3046,3.0,-0.1377,54.0
2026-01-07,Oil Spills,,,,,-0.7414,3.0,,,,,,,,,,,-0.5578,1.0,,,0.0004,1.0,,,,,,,,,,,,,,,,,,,,,0.7562,1.0,,,,,,,,,,,,,,,,,-0.5917,3.0
2026-01-07,Pandemic,-0.1108,130.0,-0.0626,117.0,-0.137,238.0,-0.1328,117.0,0.0406,28.0,-0.228,37.0,0.0219,40.0,-0.0261,182.0,0.0073,975.0,-0.1069,72.0,-0.0785,519.0,-0.1852,71.0,-0.0171,530.0,0.0701,106.0,0.0006,289.0,-0.111,191.0,-0.0019,72.0,-0.036,180.0,0.0073,125.0,0.0343,147.0,-0.1544,165.0,-0.1021,262.0,0.1647,16.0,0.0586,33.0,-0.083,59.0,-0.0514,384.0,-0.0743,234.0,-0.0939,325.0,-0.091,116.0,0.1157,115.0,-0.0543,700.0
2026-01-07,Politics,-0.032,434.0,-0.0553,445.0,0.0049,486.0,-0.076,294.0,0.0609,93.0,-0.0345,165.0,-0.0541,80.0,-0.0296,430.0,0.0047,1151.0,0.0032,174.0,-0.0715,1843.0,-0.1211,285.0,-0.0238,1079.0,-0.0074,205.0,-0.1058,863.0,-0.0621,391.0,-0.1081,90.0,-0.0377,595.0,-0.0118,305.0,0.0413,349.0,-0.048,274.0,-0.015,360.0,-0.067,35.0,-0.0097,71.0,-0.0622,103.0,0.0008,891.0,-0.1884,412.0,-0.0242,1118.0,0.0115,298.0,-0.0435,281.0,-0.0424,2313.0
2026-01-07,Politics-Election,-0.0025,13.0,-0.0234,9.0,0.0033,6.0,-0.0452,14.0,,,0.0763,2.0,-0.0138,6.0,0.0029,46.0,-0.0594,16.0,-0.0968,7.0,-0.058,144.0,-0.5723,5.0,0.0061,13.0,0.0096,3.0,-0.0663,22.0,-0.0613,14.0,-0.0142,3.0,0.0573,61.0,-0.2032,4.0,0.113,2.0,0.3178,4.0,0.0026,1.0,,,0.0013,1.0,-0.097,1.0,0.0937,27.0,0.0863,14.0,0.0152,43.0,-0.2565,7.0,-0.0652,6.0,0.0371,164.0
2026-01-07,Politics-Political Tension,-0.0158,52.0,-0.1649,48.0,-0.0222,32.0,-0.0382,14.0,0.1389,8.0,-0.1884,17.0,-0.0086,10.0,-0.0379,20.0,-0.1327,86.0,-0.0865,10.0,-0.202,173.0,-0.0047,66.0,-0.0177,99.0,-0.1218,16.0,-0.0308,102.0,-0.0132,53.0,-0.2108,5.0,-0.1126,56.0,-0.0781,50.0,-0.01,17.0,0.0224,39.0,0.0013,65.0,0.0153,5.0,-0.0214,6.0,-0.0429,13.0,0.0112,117.0,-0.2123,37.0,0.052,70.0,-0.0212,31.0,-0.2048,27.0,-0.1011,174.0
2026-01-07,Terrorist Attacks,-0.25,17.0,-0.1435,132.0,-0.4104,44.0,-0.275,56.0,,,0.0089,1.0,-0.4309,2.0,-0.3749,5.0,-0.3344,50.0,-0.0881,4.0,-0.453,139.0,-0.5073,71.0,-0.3761,84.0,-0.5271,5.0,-0.3906,4.0,-0.3955,48.0,-0.3057,13.0,-0.2765,63.0,-0.1853,28.0,-0.2915,7.0,0.0267,8.0,-0.4425,36.0,,,-0.2936,10.0,-0.4156,17.0,-0.538,22.0,-0.3992,10.0,-0.5285,142.0,-0.7215,15.0,-0.2497,15.0,-0.309,443.0
2026-01-07,Wars,-0.1585,14.0,-0.0658,5.0,-0.082,24.0,-0.0439,4.0,-0.0755,9.0,-0.1146,17.0,-0.073,13.0,-0.1203,16.0,0.0127,60.0,0.0768,14.0,-0.0192,72.0,0.0069,55.0,-0.0103,68.0,0.2393,14.0,0.0296,70.0,0.0854,24.0,-0.152,9.0,0.1134,32.0,0.092,20.0,0.0096,9.0,0.142,21.0,-0.1749,326.0,0.0086,33.0,0.2123,8.0,-0.1224,6.0,0.0414,41.0,-0.0564,27.0,-0.017,95.0,-0.0376,204.0,0.0189,4.0,-0.0272,115.0
2026-01-06,Economic Data,0.0515,100.0,0.0089,56.0,0.1301,72.0,0.0362,62.0,0.1831,51.0,-0.01,38.0,0.1462,19.0,0.0108,58.0,0.1046,482.0,0.0411,33.0,0.1178,299.0,0.0644,25.0,0.0961,97.0,0.0842,133.0,0.126,206.0,0.0071,68.0,0.294,28.0,0.3596,37.0,0.09,50.0,0.2282,69.0,-0.1233,33.0,0.0649,94.0,0.0609,7.0,-0.0503,16.0,-0.059,17.0,0.1078,89.0,0.3207,294.0,0.1438,148.0,-0.0766,58.0,0.2849,86.0,0.1611,374.0
2026-01-06,Economic Data-Consumer Spending,-0.2797,3.0,-0.8687,5.0,0.0054,3.0,-0.0688,4.0,0.1191,1.0,,,,,-0.4872,6.0,,,,,0.3401,7.0,0.4596,4.0,0.3161,3.0,0.0018,1.0,0.0018,2.0,-0.0095,4.0,0.0132,1.0,0.3264,3.0,-0.7005,2.0,-0.3784,3.0,,,0.0099,3.0,,,,,0.4591,2.0,0.011,3.0,-0.0155,2.0,,,0.3965,3.0,0.2682,7.0,0.2836,13.0
2026-01-06,Economic Data-Employment,-0.0442,14.0,-0.1046,9.0,0.0811,44.0,0.1287,23.0,,,-0.2152,4.0,,,0.3524,10.0,0.0103,33.0,-0.1098,8.0,0.1798,81.0,0.0222,4.0,0.1877,15.0,0.1729,56.0,0.1768,26.0,0.281,15.0,-0.4466,5.0,0.1405,7.0,0.2336,5.0,0.6388,4.0,-0.108,4.0,0.0293,19.0,0.0293,3.0,0.2248,7.0,-0.1838,6.0,0.1048,29.0,0.1073,19.0,0.142,52.0,-0.0939,10.0,0.1299,8.0,-0.1013,61.0
2026-01-06,Economic Data-GDP,-0.768,1.0,,,,,,,0.8847,1.0,-0.9121,1.0,0.9506,2.0,-0.1964,5.0,-0.6773,4.0,-0.1888,5.0,0.6073,17.0,,,0.2989,11.0,,,0.0685,1.0,0.8808,5.0,,,0.2909,6.0,0.0162,4.0,,,,,,,0.2352,1.0,,,0.911,1.0,0.2315,5.0,,,0.6573,12.0,-0.0948,8.0,,,-0.1893,3.0
2026-01-06,Economic Data-Housing,0.0139,16.0,0.1274,36.0,0.5974,19.0,0.0337,28.0,0.2214,6.0,0.14,11.0,0.0471,19.0,-0.2087,13.0,-0.0016,107.0,0.1614,14.0,0.2009,53.0,0.2452,8.0,0.158,12.0,0.1251,24.0,0.3188,71.0,-0.0547,6.0,0.0271,13.0,-0.1212,3.0,-0.5973,3.0,0.2399,18.0,0.0656,7.0,-0.0049,25.0,0.2539,5.0,0.2532,12.0,0.3609,13.0,0.2129,31.0,0.0779,89.0,0.1029,36.0,0.1629,11.0,0.185,36.0,0.0478,130.0
2026-01-06,Economic Data-Inflation,-0.2818,9.0,-0.0559,7.0,-0.002,5.0,,,0.0367,5.0,-0.2848,2.0,-0.2748,3.0,0.532,41.0,-0.2493,99.0,,,0.613,4.0,0.6824,1.0,,,-0.1857,5.0,0.2214,5.0,-0.4354,4.0,,,-0.9058,1.0,0.6308,3.0,0.1393,16.0,-0.0011,1.0,,,0.0129,4.0,-0.9114,1.0,-0.0001,1.0,-0.4822,2.0,0.3531,4.0,-0.085,16.0,0.0032,4.0,,,0.1636,14.0
2026-01-06,Economic Data-Interest Rates,0.24,23.0,-0.2315,15.0,0.1371,14.0,-0.1484,7.0,0.0408,2.0,-0.1822,8.0,0.4716,2.0,0.1295,11.0,-0.0119,59.0,-0.0365,5.0,0.0685,92.0,-0.224,9.0,0.1658,8.0,0.3539,11.0,0.0757,54.0,-0.1862,7.0,0.4578,2.0,0.2138,9.0,-0.1632,12.0,0.3098,22.0,-0.0124,1.0,0.0061,7.0,0.096,3.0,0.9358,1.0,0.9201,1.0,-0.4026,7.0,0.0795,34.0,0.1218,26.0,-0.4162,7.0,0.3202,12.0,0.0415,44.0
2026-01-06,Economic Data-Manufacturing,0.473,6.0,-0.0049,4.0,0.0055,1.0,-0.4046,2.0,0.5074,7.0,0.004,2.0,0.4129,2.0,0.9473,1.0,0.2726,47.0,,,0.338,26.0,,,0.4127,6.0,0.2446,10.0,0.5269,21.0,0.6173,3.0,0.0015,1.0,0.4236,7.0,0.822,4.0,0.0361,17.0,0.0697,1.0,0.0257,3.0,0.0084,1.0,0.8687,1.0,-0.4178,2.0,0.218,9.0,0.6236,32.0,0.5993,11.0,0.5965,3.0,0.3432,13.0,0.2575,36.0
2026-01-06,Economic Data-Retail Sales,0.1844,11.0,-0.4593,2.0,0.0029,1.0,0.0017,1.0,0.9483,3.0,-0.8413,1.0,,,0.0055,1.0,0.2312,36.0,0.0047,2.0,0.4069,17.0,0.003,2.0,0.1123,9.0,0.4723,20.0,0.4449,17.0,-0.0204,5.0,0.086,1.0,0.791,2.0,,,0.689,9.0,0.4715,2.0,0.11,11.0,-0.0038,1.0,0.4586,2.0,0.0102,1.0,-0.1869,4.0,0.4111,22.0,0.4112,7.0,0.4746,5.0,0.4986,12.0,0.4133,25.0
2026-01-06,Extreme Weather,-0.1073,226.0,-0.0344,121.0,-0.1971,184.0,0.0475,46.0,0.2017,6.0,-0.1335,28.0,-0.0757,6.0,-0.1854,181.0,-0.0104,425.0,-0.1489,59.0,-0.1471,286.0,-0.0962,14.0,-0.2994,246.0,-0.106,152.0,0.055,82.0,-0.2343,48.0,-0.112,20.0,0.0035,2.0,-0.3017,21.0,0.0621,36.0,-0.1486,62.0,-0.143,158.0,0.0492,7.0,0.0453,6.0,-0.4035,17.0,-0.0578,217.0,-0.1098,90.0,-0.2506,163.0,-0.102,84.0,-0.0986,55.0,-0.0237,289.0
2026-01-06,Extreme Weather-Cold,-0.0798,3.0,-0.1376,5.0,-0.003,1.0,-0.2325,50.0,0.0841,2.0,-0.2148,39.0,-0.1498,6.0,-0.2787,189.0,-0.2077,222.0,-0.1974,89.0,-0.2725,193.0,-0.1518,5.0,-0.2762,113.0,-0.0183,2.0,-0.2385,21.0,-0.2017,30.0,-0.0288,2.0,-0.0312,1.0,-0.3962,17.0,,,-0.2963,41.0,-0.2245,112.0,-0.0062,5.0,,,,,-0.2087,94.0,-0.2309,75.0,-0.22,95.0,-0.3039,54.0,-0.3781,82.0,-0.1702,140.0
2026-01-06,Extreme Weather-Drought,0.1586,16.0,0.0829,21.0,-0.1886,87.0,0.0363,14.0,0.0368,2.0,,,0.0916,2.0,-0.0774,14.0,-0.0119,8.0,0.1079,3.0,-0.0223,39.0,,,-0.2549,12.0,0.0019,3.0,-0.1356,6.0,-0.0485,10.0,0.9098,1.0,,,-0.4435,6.0,-0.0089,9.0,-0.909,1.0,0.3026,7.0,-0.1604,4.0,,,-0.4718,8.0,-0.0899,8.0,0.6133,5.0,-0.3707,63.0,-0.308,2.0,0.0014,1.0,-0.014,25.0
2026-01-06,Extreme Weather-Heat,0.1692,20.0,-0.1013,85.0,-0.1797,5.0,0.3617,6.0,,,-0.4611,3.0,,,-0.032,12.0,-0.1383,39.0,,,-0.2101,7.0,0.1957,6.0,0.0168,2.0,0.0737,4.0,0.1895,27.0,-0.037,8.0,0.058,11.0,,,,,,,-0.1662,4.0,-0.1058,16.0,-0.0041,1.0,,,-0.2205,2.0,0.2953,13.0,0.1672,7.0,0.7723,6.0,0.0361,2.0,-0.2255,1.0,0.0335,31.0
2026-01-06,Fiscal Policy,0.0528,99.0,-0.0206,47.0,0.1297,62.0,0.039,37.0,0.2154,26.0,-0.0172,19.0,0.1151,21.0,-0.0553,67.0,0.0889,221.0,0.0215,24.0,0.102,196.0,0.0186,26.0,0.0326,123.0,-0.0771,29.0,0.0714,120.0,0.1071,56.0,-0.0649,15.0,0.0378,62.0,0.1361,57.0,0.0612,64.0,-0.0371,13.0,0.1411,48.0,0.3301,9.0,0.3452,8.0,0.0879,13.0,0.0355,67.0,-0.0824,91.0,0.1145,119.0,0.0484,52.0,0.0752,37.0,0.0712,521.0
2026-01-06,Fiscal Policy-Stimulus Package,-0.01,57.0,-0.097,22.0,-0.067,13.0,0.1946,11.0,0.1441,9.0,-0.2087,46.0,0.1207,12.0,0.027,18.0,0.1838,92.0,0.0992,14.0,0.0901,112.0,-0.0113,8.0,0.0655,53.0,0.2652,7.0,0.0473,65.0,0.0803,44.0,0.1879,5.0,0.0861,50.0,0.1645,19.0,0.1508,69.0,0.1003,8.0,0.1626,25.0,0.5464,2.0,-0.7701,2.0,-0.1965,10.0,0.0624,27.0,0.0148,40.0,0.0171,43.0,0.0098,15.0,-0.0205,17.0,-0.1667,214.0
2026-01-06,Monetary Policy,0.2783,12.0,-0.4515,4.0,0.0032,7.0,0.3782,6.0,,,-0.4633,2.0,0.0083,1.0,-0.0286,7.0,0.0597,37.0,-0.3309,3.0,0.1354,55.0,-0.4737,2.0,-0.2935,3.0,0.3406,11.0,0.3246,28.0,-0.2895,4.0,0.9201,1.0,0.3208,9.0,-0.1846,10.0,0.3606,11.0,,,0.0967,5.0,0.0053,1.0,0.034,2.0,0.9201,1.0,0.0081,1.0,0.0263,24.0,-0.0133,15.0,-0.5956,3.0,0.1627,11.0,0.1547,29.0
2026-01-06,Monetary Policy-Interest Rates,,,,,-0.0901,3.0,,,,,0.0023,1.0,,,-0.4803,2.0,-0.003,5.0,,,0.4534,7.0,-0.1168,5.0,,,0.3327,3.0,0.0492,13.0,,,,,,,,,,,0.0065,1.0,-0.0138,1.0,,,,,,,,,0.0046,9.0,0.2117,5.0,-0.0158,2.0,,,0.2921,5.0
2026-01-06,Monetary Policy-Quantitative Easing,0.1693,18.0,,,0.1855,2.0,-0.3255,5.0,0.0018,1.0,0.0577,6.0,0.5859,7.0,-0.0999,5.0,0.0847,44.0,0.9471,1.0,-0.1542,12.0,,,0.1212,2.0,0.7336,3.0,-0.1365,44.0,-0.7687,2.0,0.1389,1.0,0.0114,2.0,0.0006,1.0,0.2445,6.0,0.0024,1.0,-0.0033,7.0,,,0.4709,2.0,0.3556,3.0,,,0.3875,31.0,0.3148,4.0,0.1185,6.0,0.1964,8.0,-0.1018,18.0
2026-01-06,Natural Disaster,-0.5802,4.0,-0.3161,27.0,-0.2655,5.0,0.4266,4.0,,,,,,,0.053,4.0,-0.086,18.0,,,-0.7081,8.0,-0.7938,1.0,-0.3735,33.0,-0.3447,91.0,0.1991,3.0,-0.3691,7.0,0.0751,2.0,,,,,-0.2379,18.0,-0.4382,1.0,-0.4947,6.0,,,-0.7286,1.0,-0.433,2.0,-0.7946,5.0,-0.0901,7.0,-0.372,47.0,,,,,-0.393,36.0
2026-01-06,Oil Spills,,,-0.7372,1.0,-0.5567,7.0,-0.7382,5.0,,,,,,,,,-0.3088,2.0,,,-0.3582,5.0,,,0.004,1.0,,,,,-0.5868,3.0,,,,,,,,,,,-0.5373,6.0,,,,,,,0.0032,1.0,,,,,,,-0.7372,1.0,-0.6171,15.0
2026-01-06,Pandemic,-0.054,146.0,-0.1467,157.0,-0.1579,164.0,-0.0001,84.0,0.045,40.0,-0.1527,38.0,0.1532,45.0,-0.0941,196.0,0.0363,1020.0,-0.1863,69.0,-0.1375,581.0,-0.1853,80.0,-0.0786,400.0,-0.1648,111.0,0.0367,313.0,-0.1082,184.0,-0.1591,70.0,-0.0437,133.0,-0.0504,117.0,0.1819,176.0,-0.1095,96.0,-0.1015,279.0,0.0714,19.0,0.0028,27.0,-0.2562,50.0,-0.0139,167.0,-0.0213,159.0,-0.1061,355.0,-0.2174,127.0,0.0876,114.0,0.0009,843.0
2026-01-06,Politics,-0.005,456.0,-0.0903,441.0,-0.0045,407.0,-0.0009,258.0,0.1004,71.0,-0.0996,176.0,0.0925,103.0,-0.087,415.0,-0.0012,1207.0,-0.0226,186.0,-0.09,1812.0,-0.0801,319.0,0.0239,832.0,-0.0384,184.0,-0.0603,893.0,-0.0547,420.0,-0.0516,102.0,0.0002,510.0,0.0464,287.0,0.068,318.0,-0.0606,149.0,0.0022,428.0,0.0507,33.0,-0.1623,83.0,-0.0932,104.0,-0.0129,431.0,-0.1648,419.0,-0.0192,1035.0,0.0038,281.0,-0.1112,247.0,-0.0493,3254.0
2026-01-06,Politics-Election,0.3147,11.0,-0.1745,22.0,0.0092,5.0,-0.015,16.0,,,0.0062,1.0,-0.0161,5.0,0.0326,30.0,-0.0538,29.0,-0.0226,7.0,-0.0365,212.0,-0.0154,8.0,-0.0624,9.0,0.0511,19.0,-0.3255,12.0,0.2278,12.0,-0.0653,7.0,0.0253,52.0,0.0119,8.0,0.0711,1.0,0.2944,3.0,0.4009,9.0,,,-0.29,3.0,,,0.1373,9.0,0.0952,18.0,0.0082,35.0,0.221,4.0,-0.0927,7.0,-0.0397,317.0
2026-01-06,Politics-Political Tension,-0.0885,49.0,-0.2091,80.0,-0.0316,44.0,-0.0455,28.0,0.0379,8.0,-0.1312,12.0,-0.0151,13.0,-0.0137,28.0,-0.1054,106.0,0.0543,15.0,-0.1816,199.0,-0.094,61.0,-0.0246,65.0,-0.0258,23.0,-0.1339,81.0,0.0183,45.0,-0.0403,11.0,-0.0891,68.0,-0.0938,41.0,-0.1506,14.0,-0.0523,25.0,-0.1296,48.0,-0.0523,8.0,-0.0692,10.0,0.0359,6.0,-0.0252,58.0,-0.2446,29.0,-0.0103,60.0,0.0137,26.0,-0.0972,30.0,-0.0408,471.0
2026-01-06,Terrorist Attacks,-0.47,38.0,-0.3361,119.0,-0.476,59.0,-0.3028,54.0,,,-0.5614,4.0,-0.795,2.0,-0.2963,11.0,-0.2103,47.0,-0.4693,4.0,-0.5413,183.0,-0.3634,9.0,-0.2393,54.0,,,0.058,12.0,-0.5372,42.0,-0.1806,17.0,-0.2482,46.0,-0.407,45.0,-0.2684,15.0,0.1633,1.0,-0.4271,22.0,,,-0.3805,7.0,-0.3786,15.0,-0.4286,10.0,-0.7537,7.0,-0.4463,145.0,-0.7278,6.0,-0.1687,25.0,-0.3273,351.0
2026-01-06,Wars,-0.0421,18.0,0.0257,14.0,0.2514,16.0,0.2694,8.0,0.1326,13.0,-0.0878,17.0,0.0645,22.0,0.096,14.0,0.0584,52.0,-0.1328,15.0,0.0587,60.0,-0.0209,86.0,0.0326,54.0,-0.0595,7.0,0.1531,49.0,-0.0187,22.0,-0.0112,3.0,-0.0526,28.0,0.0873,42.0,0.2085,14.0,-0.0071,15.0,-0.1718,414.0,-0.0682,17.0,0.035,7.0,0.2604,9.0,-0.0339,49.0,0.0063,18.0,0.0614,143.0,-0.0597,215.0,0.1695,7.0,0.0128,172.0
2026-01-05,Economic Data,0.0775,98.0,0.0006,52.0,-0.0164,65.0,0.0863,38.0,0.3127,52.0,0.1792,38.0,0.2035,24.0,0.0014,52.0,0.1156,377.0,0.0244,32.0,0.0929,227.0,0.0062,29.0,0.0215,113.0,0.3074,80.0,0.2683,270.0,0.128,55.0,-0.0067,16.0,0.1123,43.0,0.2244,50.0,0.1098,56.0,-0.1108,47.0,0.0339,109.0,0.2269,10.0,0.0656,23.0,0.0043,25.0,0.1398,143.0,0.2496,331.0,-0.0173,210.0,0.0333,61.0,0.1257,59.0,0.1175,303.0
2026-01-05,Economic Data-Consumer Spending,0.4504,3.0,0.4588,2.0,0.4707,2.0,-0.0601,4.0,,,0.3827,1.0,,,0.0008,1.0,0.2967,5.0,,,-0.0078,9.0,,,-0.2687,7.0,0.0207,1.0,,,0.0102,1.0,0.0676,4.0,-0.0067,1.0,,,-0.0008,3.0,0.0051,1.0,0.0058,4.0,,,,,,,0.4264,4.0,,,,,0.7444,2.0,0.1339,5.0,0.0853,8.0
2026-01-05,Economic Data-Employment,-0.1937,12.0,0.0965,3.0,0.0729,58.0,0.298,14.0,0.2172,6.0,0.2585,7.0,0.1899,6.0,0.0014,4.0,0.0504,62.0,0.3101,3.0,0.0501,64.0,-0.2564,4.0,0.0842,18.0,0.1784,28.0,0.138,47.0,0.0027,9.0,-0.9018,2.0,-0.0171,10.0,-0.0641,9.0,0.0259,4.0,-0.1468,5.0,0.1615,28.0,-0.206,6.0,0.2409,8.0,-0.023,3.0,-0.0272,234.0,0.2133,17.0,0.0128,11.0,-0.138,11.0,0.1562,2.0,-0.0452,50.0
2026-01-05,Economic Data-GDP,-0.0092,2.0,,,,,0.9371,1.0,0.8977,1.0,,,0.9419,2.0,0.945,1.0,,,0.1599,2.0,0.6427,7.0,,,0.2415,17.0,,,0.0396,4.0,0.1866,1.0,-0.6161,1.0,0.705,5.0,0.3009,3.0,-0.0391,5.0,,,0.3638,7.0,,,,,,,-0.5204,2.0,,,0.6065,5.0,,,0.0013,1.0,0.0927,5.0
2026-01-05,Economic Data-Housing,0.3123,22.0,-0.1136,26.0,0.2198,11.0,-0.0822,39.0,0.0433,6.0,0.0852,12.0,0.1147,16.0,0.0884,19.0,0.0708,109.0,-0.342,8.0,0.2341,60.0,0.0653,13.0,0.1787,24.0,0.2694,25.0,0.2515,89.0,0.108,5.0,0.1172,19.0,0.0436,7.0,0.4007,1.0,0.5299,12.0,0.0995,11.0,0.2581,25.0,0.0085,3.0,0.1759,9.0,0.0077,8.0,0.2384,59.0,0.2336,38.0,0.101,70.0,0.0461,17.0,0.2068,22.0,0.0793,90.0
2026-01-05,Economic Data-Inflation,0.0017,6.0,,,0.2074,4.0,-0.3882,1.0,0.149,2.0,-0.8116,2.0,,,,,-0.0452,6.0,0.3204,3.0,0.0122,4.0,0.0008,2.0,,,0.182,9.0,-0.4245,6.0,-0.5017,3.0,,,-0.7096,2.0,0.5249,4.0,0.7966,1.0,-0.8828,1.0,-0.7615,2.0,,,,,-0.7308,2.0,0.4333,5.0,0.8374,8.0,0.0055,109.0,0.0779,1.0,0.4421,2.0,-0.1644,16.0
2026-01-05,Economic Data-Interest Rates,0.021,24.0,0.1095,7.0,0.0261,7.0,0.0679,8.0,0.4703,2.0,0.4741,2.0,-0.0202,3.0,0.1676,9.0,0.0016,97.0,-0.0382,10.0,0.2944,83.0,-0.005,22.0,0.0115,5.0,0.588,24.0,0.0341,44.0,0.3459,9.0,-0.2226,7.0,0.4312,10.0,0.1374,5.0,-0.0738,7.0,0.0121,1.0,-0.0793,20.0,,,0.0333,1.0,-0.3898,2.0,0.276,15.0,-0.0206,26.0,-0.0489,13.0,0.0689,5.0,0.3387,31.0,0.0809,49.0
2026-01-05,Economic Data-Manufacturing,0.7069,4.0,0.9415,1.0,0.0466,1.0,0.0044,1.0,0.3053,9.0,0.9407,2.0,0.7959,2.0,0.5588,7.0,0.1301,65.0,0.0115,4.0,0.4346,22.0,,,-0.1058,15.0,0.3358,5.0,0.2521,57.0,0.0186,1.0,,,,,0.9439,2.0,0.7125,5.0,-0.6931,1.0,-0.7655,1.0,,,0.937,3.0,0.9055,1.0,0.4776,4.0,0.7222,33.0,-0.2247,4.0,0.315,3.0,0.3402,7.0,-0.1069,18.0
2026-01-05,Economic Data-Retail Sales,0.4516,13.0,0.0238,2.0,,,0.2628,5.0,0.0238,2.0,0.0074,3.0,,,0.0056,2.0,0.1576,34.0,0.1043,2.0,0.4623,20.0,,,0.1836,9.0,0.2933,9.0,0.1624,23.0,0.0014,1.0,0.1074,1.0,0.7155,3.0,,,0.3316,3.0,0.0061,1.0,0.2571,7.0,,,0.7103,10.0,0.1553,2.0,0.1956,11.0,0.2713,22.0,0.2897,1.0,0.0239,1.0,0.355,12.0,0.3061,32.0
2026-01-05,Extreme Weather,0.0158,211.0,-0.1539,104.0,-0.1392,205.0,-0.2699,46.0,-0.0015,14.0,-0.0533,16.0,-0.2958,12.0,-0.2609,168.0,-0.0475,567.0,-0.2422,50.0,-0.1876,275.0,-0.0007,22.0,-0.2001,230.0,-0.1869,53.0,0.1962,61.0,-0.1311,49.0,-0.0008,10.0,-0.2525,4.0,-0.0301,30.0,-0.3196,22.0,-0.0887,82.0,-0.1382,149.0,-0.1576,9.0,-0.0068,1.0,-0.4311,19.0,-0.0848,325.0,0.0261,86.0,-0.1781,152.0,-0.1409,86.0,0.09,35.0,-0.0842,273.0
2026-01-05,Extreme Weather-Cold,-0.0703,9.0,0.0217,3.0,-0.209,6.0,-0.1822,52.0,,,-0.2648,22.0,-0.0083,4.0,-0.1914,205.0,-0.1483,189.0,-0.1472,79.0,-0.3147,152.0,0.1559,4.0,-0.0846,89.0,-0.0308,3.0,-0.055,29.0,-0.1717,18.0,-0.5554,3.0,,,-0.36,10.0,-0.6855,1.0,-0.1924,60.0,-0.1365,103.0,-0.0129,1.0,,,,,-0.1323,155.0,-0.1438,63.0,-0.2885,127.0,-0.1495,34.0,-0.156,75.0,-0.1365,142.0
2026-01-05,Extreme Weather-Drought,-0.102,12.0,-0.2252,10.0,-0.1075,119.0,0.1379,11.0,0.2397,3.0,,,-0.4226,2.0,0.0672,9.0,0.0108,4.0,0.0036,1.0,-0.0111,26.0,,,-0.1237,17.0,0.2274,4.0,-0.4533,6.0,-0.4457,7.0,0.0174,2.0,-0.1119,1.0,-0.0527,6.0,-0.1456,2.0,-0.3666,9.0,0.0577,9.0,0.4579,2.0,-0.0159,1.0,0.0181,6.0,-0.2642,48.0,0.0566,1.0,-0.2313,38.0,0.16,7.0,,,-0.1292,30.0
2026-01-05,Extreme Weather-Heat,0.1209,18.0,-0.0843,26.0,0.1018,7.0,0.0584,1.0,0.9111,2.0,0.4255,2.0,0.0098,1.0,-0.4463,6.0,-0.002,26.0,,,-0.3632,6.0,0.3485,4.0,0.0462,8.0,0.1766,5.0,0.2406,9.0,0.1501,7.0,-0.1997,6.0,-0.8127,1.0,0.832,1.0,0.001,1.0,0.3105,4.0,0.1652,14.0,,,,,-0.1448,5.0,0.0203,5.0,-0.3307,5.0,0.2659,3.0,-0.067,2.0,0.0014,1.0,0.0114,26.0
2026-01-05,Fiscal Policy,0.0934,74.0,0.0229,46.0,0.1522,42.0,-0.0807,30.0,0.3079,27.0,0.2347,34.0,0.0731,16.0,0.042,60.0,0.0061,210.0,0.0425,28.0,0.0951,171.0,-0.0961,21.0,0.0838,105.0,0.0807,33.0,0.0902,121.0,0.0571,59.0,-0.1659,9.0,0.1064,71.0,0.2568,38.0,0.002,65.0,-0.0203,26.0,0.1386,65.0,0.3268,3.0,0.1375,5.0,0.0217,17.0,-0.1285,104.0,-0.0524,57.0,0.0644,132.0,0.1498,45.0,0.0363,37.0,-0.0073,295.0
2026-01-05,Fiscal Policy-Stimulus Package,0.1188,40.0,0.0877,44.0,-0.0898,18.0,-0.0281,14.0,0.0577,12.0,0.1571,35.0,0.3757,7.0,0.0471,26.0,0.1079,50.0,0.1332,17.0,0.1459,81.0,-0.3005,7.0,-0.0435,38.0,0.1512,14.0,0.2439,43.0,0.0753,50.0,-0.3362,5.0,0.0273,59.0,0.1533,14.0,0.0164,104.0,0.2797,12.0,0.3803,29.0,0.0813,2.0,0.0284,3.0,-0.0184,12.0,0.2076,54.0,-0.0407,32.0,0.266,61.0,0.0062,21.0,-0.2738,30.0,0.0001,190.0
2026-01-05,Monetary Policy,-0.0584,14.0,0.158,5.0,-0.1992,5.0,0.9506,1.0,0.4741,2.0,0.0187,1.0,0.0088,1.0,0.1921,6.0,0.0019,35.0,-0.124,6.0,0.2081,45.0,0.0853,17.0,0.0062,3.0,0.5748,19.0,0.0833,27.0,0.8926,4.0,-0.0011,1.0,0.3532,7.0,0.1374,5.0,,,,,-0.0031,9.0,,,0.3234,2.0,,,0.5576,6.0,-0.0624,27.0,0.1374,6.0,0.0849,5.0,0.1818,7.0,0.2005,19.0
2026-01-05,Monetary Policy-Interest Rates,,,-0.0094,1.0,-0.8604,2.0,,,,,,,0.3107,2.0,,,-0.0918,12.0,,,0.0032,2.0,0.076,10.0,,,0.534,6.0,-0.9127,1.0,,,,,,,,,,,,,-0.0244,1.0,,,,,0.1363,1.0,-0.0381,1.0,-0.879,2.0,-0.032,4.0,,,,,-0.1344,5.0
2026-01-05,Monetary Policy-Quantitative Easing,-0.0461,14.0,-0.0272,1.0,-0.0294,1.0,0.2122,5.0,0.0048,2.0,0.4702,3.0,-0.1915,4.0,0.0082,7.0,0.1158,39.0,0.4243,2.0,0.2743,12.0,0.0039,1.0,-0.2039,6.0,0.0217,2.0,0.0136,68.0,,,,,0.3374,5.0,-0.0,1.0,0.0109,9.0,-0.5612,1.0,0.1243,5.0,0.5923,2.0,0.2956,3.0,0.0136,1.0,,,0.0355,23.0,-0.025,2.0,-0.4558,4.0,0.1093,7.0,-0.1494,8.0
2026-01-05,Natural Disaster,-0.0708,12.0,-0.0493,24.0,-0.8036,9.0,-0.9179,1.0,,,,,,,-0.7514,4.0,-0.2043,9.0,-0.3864,2.0,-0.7043,43.0,,,-0.1456,54.0,-0.6525,15.0,0.0433,2.0,-0.3023,11.0,,,-0.7247,1.0,-0.8814,1.0,-0.8616,2.0,-0.5587,2.0,-0.8785,9.0,,,,,-0.7338,7.0,-0.4282,13.0,-0.1495,1.0,-0.3996,33.0,,,0.0126,1.0,-0.3811,19.0
2026-01-05,Oil Spills,,,,,-0.8325,1.0,,,,,,,,,-0.8064,1.0,-0.488,4.0,,,-0.7221,10.0,,,,,,,,,,,-0.2716,7.0,,,,,,,,,-0.5637,1.0,,,,,,,,,,,,,-0.8619,3.0,,,-0.7293,3.0
2026-01-05,Pandemic,-0.008,103.0,-0.1723,109.0,-0.1314,126.0,0.0017,63.0,-0.1686,36.0,-0.1175,55.0,-0.1034,48.0,-0.1017,170.0,0.0096,935.0,-0.1225,50.0,-0.1383,449.0,-0.2189,61.0,-0.0795,474.0,-0.0476,72.0,0.0627,343.0,-0.1021,149.0,-0.1407,61.0,0.0392,159.0,-0.0608,101.0,0.0443,132.0,-0.0883,102.0,-0.0899,319.0,0.0978,11.0,-0.137,24.0,-0.2178,44.0,-0.0573,343.0,-0.1109,175.0,0.0228,289.0,-0.0542,120.0,-0.0765,113.0,-0.0264,717.0
2026-01-05,Politics,-0.0058,424.0,-0.0716,438.0,0.0585,320.0,-0.018,230.0,0.2067,73.0,-0.0018,186.0,-0.0154,90.0,-0.0267,351.0,0.0063,1041.0,0.0041,224.0,-0.0574,1478.0,-0.0783,354.0,0.0132,776.0,-0.0028,159.0,0.0019,916.0,-0.0175,358.0,-0.1847,75.0,-0.0241,524.0,0.0217,265.0,0.0039,324.0,-0.0565,228.0,-0.0111,625.0,-0.0052,35.0,-0.0597,56.0,-0.0191,82.0,-0.0185,714.0,-0.088,348.0,0.0007,1053.0,0.0302,472.0,-0.0117,223.0,-0.039,2567.0
2026-01-05,Politics-Election,0.1564,6.0,-0.0374,19.0,0.0552,10.0,-0.5919,3.0,,,,,-0.0011,15.0,0.0166,34.0,-0.0976,25.0,-0.018,8.0,0.0201,117.0,0.0093,2.0,0.0371,16.0,0.0045,6.0,0.0103,21.0,0.0826,11.0,,,0.1177,25.0,,,0.0065,2.0,-0.1832,8.0,0.0067,3.0,,,0.0058,2.0,-0.9199,1.0,0.057,18.0,-0.0094,17.0,0.0208,25.0,0.008,3.0,0.1965,6.0,0.0292,208.0
2026-01-05,Politics-Political Tension,-0.0423,66.0,-0.0964,81.0,-0.0014,26.0,-0.1672,22.0,0.1874,6.0,-0.2773,8.0,-0.0031,3.0,0.0077,26.0,-0.0891,102.0,-0.1522,11.0,-0.2263,168.0,-0.0647,76.0,-0.0484,72.0,0.0457,17.0,-0.1577,66.0,0.0062,37.0,-0.0062,7.0,-0.1023,58.0,-0.0645,27.0,-0.182,21.0,-0.0602,19.0,0.0066,56.0,0.9405,1.0,0.0679,7.0,-0.1795,9.0,-0.0738,84.0,-0.0649,58.0,-0.0842,138.0,-0.0333,44.0,-0.1597,14.0,-0.1434,231.0
2026-01-05,Terrorist Attacks,-0.5992,21.0,-0.1493,90.0,-0.5348,49.0,-0.4177,57.0,,,-0.8295,2.0,-0.7772,5.0,-0.5701,17.0,-0.3106,51.0,-0.4489,15.0,-0.4944,162.0,-0.3562,61.0,-0.5018,76.0,-0.6324,9.0,-0.0368,13.0,-0.5441,35.0,-0.1409,15.0,-0.4042,42.0,-0.5299,78.0,-0.3785,6.0,-0.4488,5.0,-0.4328,60.0,-0.0434,2.0,-0.5045,1.0,-0.4681,19.0,-0.6166,16.0,-0.5344,6.0,-0.5125,113.0,-0.575,37.0,-0.3231,18.0,-0.3658,249.0
2026-01-05,Wars,-0.0419,16.0,0.0548,21.0,0.1009,25.0,-0.247,9.0,0.0198,17.0,-0.1299,15.0,0.0953,15.0,-0.0883,12.0,0.2483,50.0,-0.0492,19.0,-0.0531,56.0,-0.0632,55.0,-0.0588,49.0,0.0281,3.0,0.0694,63.0,-0.018,24.0,0.4725,2.0,-0.0202,19.0,0.1428,60.0,0.07,14.0,-0.1294,24.0,-0.3394,267.0,0.0073,26.0,-0.0605,2.0,0.0071,3.0,0.0694,51.0,-0.2664,29.0,0.0474,132.0,-0.0036,200.0,-0.072,6.0,-0.0306,180.0
2026-01-04,Economic Data,0.1445,45.0,0.1945,27.0,0.1807,28.0,-0.2862,26.0,0.0772,59.0,0.2263,11.0,0.1818,26.0,-0.06,22.0,0.0532,240.0,0.3739,13.0,0.0803,141.0,0.1165,24.0,0.0701,75.0,0.2309,19.0,-0.0066,133.0,-0.0779,26.0,0.0201,10.0,0.0473,23.0,0.1342,22.0,0.2053,21.0,0.0837,19.0,0.1097,90.0,0.1252,15.0,0.0834,3.0,0.1993,9.0,-0.0021,72.0,0.0936,55.0,0.1526,81.0,0.1894,22.0,0.3434,21.0,-0.0044,156.0
2026-01-04,Economic Data-Consumer Spending,0.211,4.0,,,0.0036,1.0,,,0.4543,2.0,,,,,,,-0.0242,1.0,0.8902,1.0,0.0026,1.0,,,0.9216,1.0,,,-0.2056,4.0,0.0034,2.0,0.0081,1.0,0.0041,1.0,0.0031,1.0,,,-0.0009,1.0,0.0025,2.0,,,0.6909,1.0,-0.1136,1.0,-0.2299,4.0,0.7818,2.0,,,,,0.0267,1.0,0.0934,9.0
2026-01-04,Economic Data-Employment,0.0765,8.0,0.2327,7.0,0.0867,17.0,0.1155,3.0,0.1567,10.0,0.0038,1.0,0.1967,3.0,0.0036,4.0,0.13,35.0,0.2117,4.0,0.0407,54.0,-0.217,3.0,-0.144,6.0,-0.0585,5.0,-0.2367,15.0,0.1011,8.0,0.0015,2.0,0.2218,5.0,-0.0431,5.0,0.3158,3.0,0.0863,5.0,0.2141,13.0,0.0081,8.0,,,,,-0.049,15.0,0.1601,14.0,0.1039,18.0,0.211,18.0,-0.2065,4.0,0.1157,48.0
2026-01-04,Economic Data-GDP,,,0.1109,5.0,,,0.0162,2.0,0.0084,1.0,,,0.9498,1.0,-0.0104,1.0,,,,,0.4795,2.0,,,0.6518,6.0,,,0.0333,5.0,,,0.2422,6.0,0.1522,2.0,0.0265,6.0,,,,,0.0075,1.0,0.0289,1.0,,,,,0.3961,4.0,0.0026,1.0,,,,,0.0152,1.0,-0.1402,21.0
2026-01-04,Economic Data-Housing,0.0026,1.0,0.2086,29.0,,,0.0029,2.0,0.3137,11.0,0.2469,4.0,0.0559,15.0,0.1384,13.0,0.0023,77.0,-0.1628,2.0,0.2938,30.0,-0.0015,7.0,-0.1339,6.0,0.0627,6.0,0.203,73.0,0.4495,3.0,0.9225,1.0,0.4748,2.0,-0.0493,4.0,0.5275,4.0,-0.0654,7.0,-0.0023,23.0,0.0003,3.0,0.4432,3.0,,,0.0875,27.0,0.0258,24.0,0.0767,25.0,0.1045,9.0,0.0742,11.0,0.0745,92.0
2026-01-04,Economic Data-Inflation,0.1186,5.0,,,,,,,,,0.6406,1.0,,,0.0099,1.0,0.3105,5.0,,,0.3107,3.0,-0.2136,5.0,-0.1015,4.0,,,0.0029,2.0,,,,,,,0.8191,1.0,0.1819,5.0,,,0.4676,3.0,,,,,,,0.4832,4.0,0.8946,2.0,0.0029,5.0,0.4099,4.0,0.0169,2.0,0.2163,19.0
2026-01-04,Economic Data-Interest Rates,-0.2457,4.0,0.1,7.0,0.0836,1.0,-0.1945,1.0,0.0029,1.0,-0.0529,4.0,0.1452,4.0,0.0372,1.0,0.0387,33.0,,,0.1367,35.0,0.0189,1.0,-0.0022,3.0,0.1925,8.0,0.1002,23.0,,,0.6831,3.0,-0.7764,3.0,,,,,,,0.0765,13.0,0.0241,1.0,0.942,1.0,,,0.0052,4.0,0.0034,1.0,0.1524,8.0,0.0117,2.0,-0.0208,6.0,-0.0358,22.0
2026-01-04,Economic Data-Manufacturing,-0.2756,2.0,0.0304,9.0,0.0116,2.0,,,0.6688,5.0,,,0.0201,1.0,,,0.0518,33.0,,,0.0353,3.0,0.4398,2.0,0.6186,3.0,,,0.5798,12.0,0.6741,1.0,,,0.0323,2.0,,,,,,,0.3286,4.0,,,,,,,0.5194,2.0,0.9286,8.0,0.5947,3.0,,,,,0.5768,6.0
2026-01-04,Economic Data-Retail Sales,0.0489,2.0,,,,,-0.2012,1.0,0.0399,4.0,,,,,-0.0383,1.0,-0.0083,13.0,0.0436,2.0,0.7043,9.0,0.0025,1.0,-0.2642,17.0,,,-0.211,17.0,0.0041,1.0,0.0125,1.0,0.0943,1.0,,,0.8709,3.0,-0.0008,1.0,0.028,9.0,,,0.6909,1.0,,,0.3915,2.0,-0.3991,6.0,,,,,-0.4406,5.0,0.2315,13.0
2026-01-04,Extreme Weather,0.0236,196.0,-0.0048,55.0,-0.2768,161.0,0.0245,33.0,0.3569,19.0,-0.0269,13.0,0.0018,7.0,-0.0155,40.0,-0.0357,290.0,-0.1512,23.0,-0.2509,183.0,0.0592,19.0,-0.2032,86.0,0.1174,24.0,-0.1871,47.0,-0.1916,37.0,0.0834,6.0,-0.676,2.0,0.029,12.0,-0.0269,18.0,-0.0215,60.0,-0.1101,196.0,0.04,10.0,,,-0.7875,9.0,-0.1738,185.0,-0.1855,66.0,-0.241,191.0,-0.1651,57.0,-0.1329,16.0,-0.0994,218.0
2026-01-04,Extreme Weather-Cold,-0.0218,4.0,0.0183,2.0,,,-0.0725,21.0,-0.445,5.0,-0.3983,21.0,-0.0987,6.0,-0.1743,64.0,-0.251,145.0,-0.0731,37.0,-0.2413,137.0,0.0055,3.0,-0.2065,57.0,-0.0115,3.0,-0.1014,29.0,-0.1965,24.0,-0.0011,1.0,,,0.0447,9.0,-0.0711,2.0,-0.0785,38.0,-0.1189,109.0,0.0017,1.0,-0.8325,2.0,,,-0.1448,47.0,-0.1471,60.0,-0.3303,172.0,-0.0893,21.0,-0.2156,43.0,-0.1668,103.0
2026-01-04,Extreme Weather-Drought,-0.0342,5.0,0.16,26.0,-0.0964,103.0,0.1668,5.0,0.008,2.0,,,-0.844,3.0,-0.0022,7.0,-0.1248,9.0,,,0.0025,25.0,,,-0.4263,6.0,0.0833,1.0,-0.3134,3.0,0.5233,3.0,-0.0042,1.0,-0.3063,2.0,0.4752,2.0,-0.1674,11.0,-0.1986,2.0,0.1336,11.0,0.0068,2.0,,,-0.1286,5.0,-0.1646,41.0,0.0025,2.0,-0.4398,22.0,0.0047,4.0,-0.4216,2.0,-0.0664,23.0
2026-01-04,Extreme Weather-Heat,-0.0737,15.0,-0.2432,12.0,0.1172,9.0,,,0.4284,2.0,0.1346,3.0,,,-0.4735,1.0,0.0164,18.0,0.0016,3.0,-0.2953,7.0,0.0392,1.0,,,0.0046,1.0,-0.0484,5.0,-0.0074,4.0,0.4062,1.0,,,,,0.0285,1.0,0.0007,1.0,-0.1803,16.0,,,0.0003,1.0,,,0.0093,1.0,-0.0676,1.0,0.343,2.0,,,0.0356,2.0,-0.0568,23.0
2026-01-04,Fiscal Policy,-0.1039,37.0,0.0541,50.0,-0.0352,12.0,0.0619,3.0,0.3467,30.0,0.0376,4.0,0.02,21.0,0.017,19.0,0.0352,62.0,0.0888,11.0,0.055,94.0,-0.0153,15.0,0.0251,71.0,-0.1931,18.0,0.1885,53.0,0.0066,21.0,-0.283,9.0,0.0149,52.0,0.0793,32.0,-0.0078,29.0,-0.1535,11.0,0.1944,41.0,0.2449,12.0,0.0041,2.0,-0.4315,6.0,0.0682,79.0,-0.0851,29.0,0.2199,36.0,-0.06,15.0,0.1036,22.0,0.072,155.0
2026-01-04,Fiscal Policy-Stimulus Package,0.1117,19.0,0.0897,50.0,0.0113,8.0,,,0.0965,12.0,0.5626,7.0,0.3295,4.0,0.0056,15.0,0.1054,27.0,0.4693,2.0,0.0901,48.0,0.0138,5.0,-0.086,45.0,0.0503,5.0,0.1874,18.0,0.0488,14.0,-0.5416,5.0,0.0701,42.0,0.3373,13.0,-0.029,26.0,0.016,2.0,0.3213,18.0,0.0049,1.0,,,0.0031,1.0,0.2889,36.0,-0.0624,4.0,0.0745,30.0,0.1237,13.0,0.1406,18.0,0.0271,83.0
2026-01-04,Monetary Policy,0.0212,4.0,0.1,7.0,0.5183,2.0,,,,,0.1901,1.0,0.1117,4.0,,,0.0937,18.0,,,0.1469,23.0,0.0189,1.0,-0.0022,3.0,-0.2957,3.0,0.3723,12.0,-0.0714,2.0,,,-0.7764,3.0,,,,,,,0.0815,11.0,,,,,,,0.2979,3.0,0.0056,3.0,0.0233,1.0,,,0.4394,2.0,0.1355,6.0
2026-01-04,Monetary Policy-Interest Rates,0.0082,2.0,-0.0466,1.0,,,,,,,0.324,1.0,0.2647,2.0,,,0.0159,15.0,,,0.1176,4.0,,,,,0.9096,3.0,0.1786,2.0,,,,,,,,,,,,,,,,,,,,,-0.2637,1.0,0.0159,5.0,-0.3059,3.0,,,,,-0.7115,1.0
2026-01-04,Monetary Policy-Quantitative Easing,0.2228,2.0,0.0007,1.0,,,,,0.0021,1.0,,,-0.0808,2.0,,,0.1802,6.0,,,0.4665,7.0,,,,,0.9465,4.0,-0.887,1.0,0.0042,1.0,,,0.084,2.0,,,,,,,0.0191,3.0,,,,,,,,,0.095,3.0,0.388,9.0,-0.3182,6.0,,,0.0749,8.0
2026-01-04,Natural Disaster,0.1921,10.0,-0.0851,2.0,-0.8917,2.0,,,,,,,,,-0.1403,2.0,-0.0656,5.0,,,-0.8688,8.0,,,-0.4808,12.0,-0.1719,3.0,-0.7478,1.0,-0.5557,9.0,,,,,,,0.008,3.0,-0.3895,1.0,-0.351,18.0,,,,,-0.8697,5.0,-0.5922,11.0,-0.461,2.0,-0.5389,37.0,,,,,-0.3786,30.0
2026-01-04,Oil Spills,,,,,-0.5714,1.0,,,0.7465,1.0,,,-0.6595,1.0,,,-0.8594,1.0,,,-0.9036,2.0,,,,,,,,,,,,,,,,,,,,,,,,,,,-0.876,1.0,,,,,0.0043,1.0,,,,,-0.1645,2.0
2026-01-04,Pandemic,-0.0707,61.0,0.0041,95.0,-0.0061,46.0,-0.007,24.0,0.1166,25.0,-0.2651,15.0,0.1233,42.0,-0.1683,101.0,-0.0952,696.0,-0.1666,36.0,-0.1375,374.0,-0.2157,62.0,-0.0905,354.0,-0.2697,34.0,-0.1611,128.0,-0.078,72.0,-0.0315,56.0,-0.0731,95.0,0.0559,65.0,-0.0558,65.0,-0.1041,80.0,-0.0941,252.0,0.1558,26.0,-0.1184,10.0,-0.185,27.0,-0.0812,174.0,-0.2263,98.0,-0.1533,266.0,-0.0327,43.0,-0.1599,40.0,-0.1234,489.0
2026-01-04,Politics,-0.0494,247.0,-0.0202,295.0,0.0065,134.0,0.0227,69.0,0.1352,84.0,0.0883,46.0,-0.0895,108.0,-0.0443,207.0,-0.014,388.0,0.0174,97.0,-0.0858,1034.0,-0.1136,296.0,-0.019,602.0,-0.1693,62.0,-0.1747,433.0,-0.0273,192.0,-0.0601,73.0,-0.0141,320.0,0.1063,171.0,-0.0416,122.0,-0.0782,122.0,-0.0078,349.0,0.0956,35.0,-0.0434,22.0,-0.0603,41.0,-0.0086,532.0,-0.0043,234.0,-0.0035,429.0,-0.0483,164.0,0.0207,92.0,-0.0263,1585.0
2026-01-04,Politics-Election,-0.0108,6.0,-0.0623,10.0,0.1589,6.0,0.013,5.0,,,,,-0.0195,40.0,0.0051,21.0,0.0751,9.0,0.1981,3.0,0.0211,100.0,-0.0144,2.0,0.0574,7.0,-0.1008,3.0,-0.1787,12.0,0.0039,5.0,0.0299,2.0,0.0217,21.0,,,0.0097,1.0,0.0118,2.0,0.0087,2.0,,,,,0.076,1.0,-0.0005,4.0,0.0858,11.0,-0.1544,4.0,,,0.0171,2.0,-0.0435,60.0
2026-01-04,Politics-Political Tension,0.008,41.0,-0.115,45.0,-0.0053,19.0,-0.2029,4.0,0.1297,6.0,-0.155,17.0,-0.1467,6.0,-0.1067,15.0,-0.0354,34.0,-0.2476,8.0,-0.1512,89.0,-0.0141,75.0,-0.0699,46.0,0.1713,6.0,-0.132,32.0,-0.0202,20.0,0.4044,7.0,-0.0318,37.0,0.0456,33.0,-0.0025,3.0,-0.1991,8.0,-0.0645,37.0,0.0275,1.0,-0.0444,6.0,0.0104,6.0,-0.0451,60.0,-0.1281,43.0,0.0139,56.0,0.0022,7.0,-0.0527,9.0,-0.0298,146.0
2026-01-04,Terrorist Attacks,-0.5359,6.0,-0.5945,5.0,-0.5268,13.0,-0.204,24.0,,,-0.5268,2.0,-0.2927,6.0,-0.472,9.0,-0.2596,29.0,-0.7788,1.0,-0.4429,122.0,-0.2675,49.0,-0.5172,26.0,-0.3676,2.0,-0.6773,4.0,-0.3408,15.0,-0.4974,4.0,-0.2912,31.0,-0.4336,43.0,-0.2435,4.0,-0.6589,4.0,-0.4042,72.0,,,-0.5669,2.0,-0.5207,6.0,-0.4602,8.0,-0.6178,5.0,-0.3325,46.0,-0.3752,21.0,-0.4769,12.0,-0.3402,123.0
2026-01-04,Wars,0.0265,21.0,0.2882,6.0,-0.1292,6.0,0.0713,3.0,0.07,12.0,-0.0292,5.0,-0.0455,12.0,0.0933,16.0,-0.153,23.0,-0.1148,11.0,0.1238,45.0,-0.0233,71.0,-0.0203,51.0,0.0092,3.0,0.0906,54.0,0.1942,12.0,0.0005,1.0,0.0353,20.0,0.2779,27.0,-0.1463,8.0,0.2478,7.0,-0.2248,314.0,0.172,35.0,0.0089,4.0,0.0054,4.0,0.0142,40.0,-0.0461,21.0,-0.0229,70.0,-0.015,123.0,0.0162,3.0,-0.0453,238.0
2026-01-03,Economic Data,0.1841,48.0,-0.2722,24.0,0.4334,20.0,-0.0849,16.0,0.1534,10.0,-0.0756,14.0,0.0302,14.0,-0.0305,25.0,0.0399,220.0,-0.1599,18.0,0.1245,165.0,0.1064,4.0,0.1249,94.0,0.1825,29.0,-0.1053,35.0,0.0423,36.0,0.0312,3.0,0.2789,19.0,0.4906,37.0,0.1243,9.0,-0.0104,27.0,0.1242,75.0,-0.0382,8.0,0.4199,4.0,0.1099,6.0,0.1805,57.0,0.0862,54.0,0.1532,109.0,0.1382,29.0,-0.0192,26.0,0.057,190.0
2026-01-03,Economic Data-Consumer Spending,,,,,,,-0.0017,1.0,0.0205,1.0,,,,,-0.9092,1.0,0.0037,1.0,,,-0.0589,7.0,,,0.0742,7.0,0.0023,1.0,,,0.0068,2.0,0.0207,1.0,,,0.9292,1.0,0.1082,1.0,,,0.0153,7.0,,,-0.0046,1.0,,,-0.0583,4.0,0.0083,1.0,0.0713,1.0,0.6841,2.0,-0.1772,5.0,0.0207,10.0
2026-01-03,Economic Data-Employment,0.1998,6.0,-0.3035,4.0,0.2021,14.0,0.0006,2.0,0.1117,1.0,0.2821,1.0,-0.7574,2.0,0.0306,4.0,0.1525,37.0,-0.0218,3.0,-0.1085,73.0,,,-0.021,13.0,-0.2091,13.0,-0.1978,7.0,0.2445,5.0,-0.2713,3.0,0.3803,2.0,0.0225,6.0,0.0002,1.0,-0.0204,9.0,0.1055,11.0,0.3392,4.0,,,0.0102,1.0,0.0549,18.0,0.1912,9.0,0.0037,6.0,0.3122,6.0,-0.0409,5.0,0.0736,41.0
2026-01-03,Economic Data-GDP,0.0978,1.0,,,-0.0134,1.0,,,,,,,,,,,,,,,0.4623,4.0,,,0.9319,4.0,,,,,0.215,3.0,-0.9153,1.0,0.0805,5.0,0.1765,5.0,,,,,,,,,,,,,-0.4175,4.0,,,0.7466,8.0,,,,,,
2026-01-03,Economic Data-Housing,0.1955,10.0,0.0264,12.0,0.6014,4.0,0.0521,7.0,,,0.3174,3.0,0.1815,8.0,0.0179,4.0,-0.0761,73.0,0.168,6.0,0.0471,40.0,,,-0.0096,19.0,0.4759,2.0,0.2137,13.0,0.0718,1.0,0.6126,2.0,0.0064,1.0,-0.0826,5.0,-0.0074,2.0,0.3107,6.0,0.2805,19.0,0.0285,1.0,0.1018,5.0,-0.01,2.0,0.1381,27.0,0.5746,9.0,0.0208,18.0,0.0023,4.0,-0.2734,18.0,0.0512,55.0
2026-01-03,Economic Data-Inflation,0.0043,1.0,,,,,,,,,-0.2126,1.0,,,0.4446,1.0,-0.0757,5.0,,,-0.4466,3.0,,,,,,,0.1095,5.0,0.9486,1.0,,,,,-0.3533,5.0,,,,,,,,,,,,,0.1634,1.0,,,0.002,5.0,0.2793,4.0,0.0276,1.0,-0.0974,9.0
2026-01-03,Economic Data-Interest Rates,0.0023,2.0,,,-0.44,3.0,,,0.0735,1.0,,,0.6299,3.0,0.0131,2.0,0.0204,37.0,0.9381,1.0,0.3463,37.0,,,-0.0128,9.0,-0.8997,1.0,0.4441,15.0,-0.0046,4.0,0.0022,1.0,0.4699,2.0,0.2747,3.0,0.0061,2.0,-0.2149,2.0,0.1877,17.0,,,,,,,-0.0073,5.0,-0.721,3.0,0.0712,10.0,-0.4811,2.0,0.0126,5.0,-0.2468,19.0
2026-01-03,Economic Data-Manufacturing,-0.2471,3.0,0.0203,2.0,0.44,2.0,0.0126,5.0,0.0291,1.0,,,-0.9078,1.0,,,0.1509,30.0,0.0055,1.0,0.1908,9.0,,,-0.2032,3.0,,,-0.4964,1.0,-0.9142,1.0,,,0.9467,1.0,0.007,1.0,0.0179,2.0,,,0.0002,1.0,,,0.9503,1.0,-0.6708,1.0,0.941,1.0,-0.5136,10.0,-0.0504,5.0,,,0.0127,2.0,0.0988,16.0
2026-01-03,Economic Data-Retail Sales,0.4905,2.0,,,,,0.006,2.0,,,-0.2036,1.0,,,,,0.0609,23.0,0.0837,2.0,0.6018,6.0,,,0.2297,16.0,-0.0603,3.0,0.9462,1.0,-0.4283,1.0,0.0059,2.0,0.9425,1.0,,,0.058,1.0,0.0044,1.0,0.0003,4.0,0.9406,1.0,,,,,0.0593,4.0,-0.2921,4.0,0.0042,3.0,,,0.5479,2.0,0.4998,10.0
2026-01-03,Extreme Weather,-0.0486,175.0,-0.2344,36.0,-0.1819,157.0,-0.029,22.0,0.1705,7.0,-0.2165,9.0,0.0186,5.0,-0.0616,47.0,-0.1119,377.0,-0.0796,18.0,-0.1012,203.0,0.1563,10.0,-0.0878,82.0,-0.0223,34.0,-0.0521,38.0,-0.222,90.0,-0.3185,29.0,0.2967,12.0,0.2034,20.0,-0.2355,19.0,-0.1448,64.0,-0.1164,151.0,0.0635,9.0,-0.3215,4.0,0.0472,7.0,-0.0403,107.0,0.0093,78.0,-0.2062,333.0,-0.2431,67.0,0.1592,20.0,-0.0293,223.0
2026-01-03,Extreme Weather-Cold,0.0092,5.0,-0.2735,1.0,0.0014,1.0,-0.0858,13.0,0.3704,2.0,-0.4556,11.0,-0.0876,6.0,-0.0394,41.0,-0.2379,127.0,-0.2059,21.0,-0.199,122.0,-0.0379,3.0,-0.1529,40.0,-0.2575,5.0,-0.1292,43.0,-0.0962,19.0,,,,,-0.1536,8.0,,,-0.2771,35.0,-0.0775,87.0,0.3085,3.0,0.0212,1.0,,,-0.0807,42.0,-0.2109,51.0,-0.2523,237.0,0.0483,21.0,-0.2293,48.0,-0.1541,106.0
2026-01-03,Extreme Weather-Drought,0.1624,2.0,-0.154,16.0,-0.2867,70.0,-0.0882,11.0,,,,,,,-0.0547,1.0,-0.1194,14.0,0.0425,2.0,-0.1042,26.0,0.0093,3.0,-0.1277,5.0,,,-0.2549,5.0,-0.1287,5.0,0.3308,9.0,,,0.5753,2.0,-0.1892,7.0,0.469,2.0,-0.1542,9.0,,,,,-0.2319,4.0,-0.1376,23.0,,,-0.5577,20.0,0.004,5.0,-0.1067,2.0,-0.097,21.0
2026-01-03,Extreme Weather-Heat,-0.0133,24.0,-0.0632,17.0,-0.0082,9.0,,,,,,,,,,,0.1112,21.0,0.0168,1.0,-0.1097,15.0,0.0685,2.0,0.0916,4.0,0.032,4.0,-0.0086,5.0,0.0054,2.0,,,,,,,,,0.9264,1.0,0.3243,5.0,,,,,,,,,0.1821,8.0,0.3704,6.0,0.0563,2.0,0.5733,8.0,0.2497,9.0
2026-01-03,Fiscal Policy,-0.0819,44.0,-0.0501,45.0,0.063,16.0,-0.1915,5.0,0.0057,1.0,-0.0071,4.0,-0.0749,9.0,-0.0211,16.0,0.0106,69.0,0.0078,7.0,0.008,167.0,,,0.0394,92.0,0.2166,5.0,0.012,14.0,0.0564,41.0,0.3183,5.0,-0.0263,66.0,0.1524,49.0,0.2775,16.0,0.0079,11.0,0.1591,54.0,0.3247,3.0,0.3458,6.0,0.16,10.0,0.0003,62.0,-0.1022,43.0,0.2373,55.0,0.1454,30.0,-0.1001,21.0,-0.0523,148.0
2026-01-03,Fiscal Policy-Stimulus Package,0.1817,23.0,-0.1469,12.0,-0.1054,6.0,0.0025,3.0,0.0928,2.0,,,0.2147,5.0,-0.115,5.0,-0.1956,18.0,0.1234,10.0,0.1318,57.0,,,0.0151,40.0,0.9423,1.0,0.38,10.0,0.0997,20.0,,,0.0132,44.0,0.3521,18.0,0.0593,18.0,0.0906,5.0,0.3323,10.0,0.1231,2.0,0.7293,1.0,-0.0372,3.0,0.2141,31.0,-0.227,15.0,0.2699,13.0,0.2904,12.0,-0.0171,22.0,-0.0865,113.0
2026-01-03,Monetary Policy,0.024,2.0,,,-0.4415,3.0,,,0.0735,1.0,0.0041,1.0,0.4775,4.0,0.0131,2.0,0.0736,18.0,0.9381,1.0,0.3064,25.0,,,-0.4306,3.0,,,0.412,10.0,0.0079,2.0,,,0.4699,2.0,0.2309,3.0,0.0057,1.0,,,0.0041,6.0,,,0.0011,1.0,,,0.0284,2.0,,,0.041,6.0,-0.0006,1.0,-0.3937,2.0,-0.2775,7.0
2026-01-03,Monetary Policy-Interest Rates,0.9483,1.0,0.0011,1.0,,,,,,,,,,,,,0.0097,9.0,,,0.0495,2.0,0.3016,1.0,,,,,0.3592,1.0,,,,,,,,,,,,,0.8319,1.0,,,,,,,,,-0.5777,1.0,-0.277,1.0,,,,,0.055,1.0
2026-01-03,Monetary Policy-Quantitative Easing,,,,,0.0119,3.0,,,,,,,-0.4554,2.0,,,-0.0313,7.0,,,0.3885,10.0,,,0.0018,2.0,,,0.6547,4.0,0.0381,4.0,,,0.9455,1.0,,,,,,,,,,,,,,,,,-0.2495,3.0,,,0.0802,7.0,0.1227,1.0,-0.231,3.0
2026-01-03,Natural Disaster,0.0545,24.0,-0.8831,1.0,-0.647,4.0,,,,,-0.7611,1.0,-0.6138,2.0,-0.4893,3.0,-0.1642,13.0,-0.8981,1.0,,,,,-0.0383,16.0,0.2213,11.0,-0.8455,2.0,-0.3264,63.0,-0.7469,7.0,,,,,-0.12,5.0,,,-0.0983,5.0,,,-0.8731,1.0,-0.8442,2.0,-0.0499,3.0,-0.0691,15.0,-0.3459,109.0,,,,,-0.281,22.0
2026-01-03,Oil Spills,,,,,-0.85,1.0,,,,,,,,,,,-0.8789,1.0,,,-0.5736,4.0,,,,,,,,,,,,,0.0439,1.0,,,,,,,,,,,,,,,-0.0009,1.0,,,,,,,-0.0148,1.0,-0.1404,4.0
2026-01-03,Pandemic,-0.0892,66.0,-0.0909,86.0,-0.0792,79.0,-0.1462,37.0,0.0967,4.0,-0.0297,19.0,-0.0241,30.0,-0.0922,74.0,-0.0502,724.0,-0.148,32.0,-0.1368,429.0,-0.3755,15.0,-0.054,379.0,-0.0875,22.0,-0.2272,90.0,-0.1367,77.0,-0.0913,27.0,-0.13,134.0,0.0246,63.0,-0.0539,63.0,-0.0192,92.0,-0.0224,256.0,-0.014,17.0,0.028,16.0,-0.1825,20.0,-0.0252,160.0,-0.1796,81.0,-0.163,257.0,-0.1501,58.0,-0.2217,49.0,-0.1452,557.0
2026-01-03,Politics,-0.0058,329.0,-0.0853,236.0,0.0414,190.0,-0.077,91.0,0.3436,13.0,-0.0309,40.0,-0.0738,90.0,0.0326,141.0,-0.0893,411.0,-0.0662,85.0,-0.1111,1230.0,-0.036,130.0,-0.0208,615.0,0.028,56.0,-0.0736,212.0,0.0267,257.0,-0.0437,27.0,-0.0234,422.0,0.0685,196.0,-0.0332,117.0,-0.0126,120.0,-0.0174,487.0,0.0425,27.0,-0.0043,43.0,0.0065,48.0,0.0071,610.0,-0.0275,224.0,0.0507,604.0,0.0412,300.0,-0.0455,123.0,-0.0706,1576.0
2026-01-03,Politics-Election,-0.0516,1.0,-0.1308,10.0,-0.1112,4.0,-0.0038,1.0,,,,,0.0538,45.0,0.0191,10.0,-0.0191,15.0,0.3485,7.0,0.0033,157.0,0.0001,1.0,0.0675,22.0,0.0002,5.0,-0.4496,2.0,-0.3664,4.0,0.0086,2.0,0.0949,28.0,0.0098,4.0,0.002,2.0,,,0.0054,10.0,,,0.0012,1.0,-0.1029,7.0,0.0596,13.0,0.0381,20.0,0.054,15.0,0.0031,14.0,-0.0025,1.0,-0.0405,72.0
2026-01-03,Politics-Political Tension,-0.105,36.0,-0.126,25.0,0.0378,19.0,-0.2703,5.0,0.2085,1.0,-0.1242,9.0,-0.4611,1.0,-0.287,6.0,-0.1113,45.0,-0.1559,7.0,-0.2568,118.0,-0.0612,26.0,-0.0763,43.0,-0.0346,6.0,-0.2555,17.0,-0.1138,20.0,-0.0699,7.0,-0.1762,50.0,-0.054,20.0,-0.3468,9.0,-0.1008,9.0,-0.0751,39.0,-0.051,3.0,0.093,7.0,-0.1848,3.0,0.0189,44.0,-0.103,40.0,-0.0424,68.0,0.0422,35.0,-0.1638,8.0,-0.1027,153.0
2026-01-03,Terrorist Attacks,-0.4041,11.0,-0.3944,51.0,-0.5885,21.0,-0.3018,14.0,,,-0.0131,2.0,-0.6024,5.0,-0.4741,6.0,-0.2851,10.0,-0.6847,1.0,-0.5007,130.0,-0.3717,12.0,-0.3575,46.0,,,-0.0137,4.0,-0.6881,12.0,-0.4677,4.0,-0.2291,54.0,-0.3376,27.0,-0.5217,12.0,-0.3251,5.0,-0.4962,32.0,,,-0.0047,1.0,-0.6645,4.0,-0.169,12.0,-0.8697,3.0,-0.4475,81.0,-0.7752,3.0,-0.3098,7.0,-0.3334,139.0
2026-01-03,Wars,0.0428,20.0,0.0794,9.0,-0.078,16.0,0.0888,14.0,0.0039,1.0,0.29,10.0,-0.0754,14.0,-0.0078,12.0,-0.0081,18.0,0.1031,10.0,-0.0732,59.0,0.0196,33.0,-0.0096,45.0,-0.0053,9.0,-0.1302,39.0,-0.0468,13.0,-0.0617,3.0,0.0647,24.0,0.5753,41.0,0.0179,4.0,-0.1084,14.0,-0.1966,262.0,0.1343,38.0,0.0091,3.0,-0.0343,2.0,0.0395,49.0,0.1934,36.0,-0.0233,69.0,-0.0222,100.0,0.1299,6.0,0.0153,250.0
2026-01-02,Economic Data,0.0794,120.0,0.092,35.0,0.1171,55.0,-0.0713,50.0,0.362,11.0,-0.0089,29.0,0.0057,13.0,0.1913,46.0,-0.0243,390.0,-0.013,30.0,0.2025,288.0,-0.2929,3.0,0.0296,137.0,-0.005,35.0,0.0574,240.0,0.1279,56.0,0.0227,13.0,0.0464,42.0,0.067,59.0,-0.0958,36.0,-0.1263,41.0,0.0884,91.0,0.3577,3.0,-0.1436,15.0,0.142,9.0,0.0502,131.0,0.4572,156.0,0.219,102.0,0.183,60.0,0.0315,56.0,0.096,265.0
2026-01-02,Economic Data-Consumer Spending,-0.0816,3.0,-0.1618,3.0,0.0039,1.0,0.0109,1.0,,,0.7189,4.0,,,0.65,1.0,0.4462,4.0,0.0049,1.0,0.7053,4.0,,,-0.6463,15.0,,,0.0059,2.0,0.0016,2.0,,,,,0.2917,3.0,,,,,0.0,2.0,,,0.3397,4.0,,,0.3402,6.0,0.0106,2.0,0.0077,1.0,0.1426,1.0,0.1776,5.0,0.133,6.0
2026-01-02,Economic Data-Employment,-0.2233,11.0,0.0115,2.0,0.0005,28.0,-0.2818,18.0,,,0.0023,2.0,0.0041,1.0,-0.2574,5.0,0.0931,67.0,0.1229,8.0,0.1575,84.0,,,0.0539,14.0,-0.0954,4.0,0.1214,38.0,0.0551,10.0,,,0.0152,5.0,0.3161,5.0,0.0692,1.0,-0.1187,9.0,0.055,8.0,0.0034,3.0,0.2927,4.0,0.9155,1.0,-0.047,27.0,0.1935,35.0,-0.0876,14.0,-0.1351,9.0,-0.0492,4.0,0.0952,37.0
2026-01-02,Economic Data-GDP,0.0355,3.0,0.0309,3.0,-0.9143,3.0,-0.3609,2.0,,,0.7463,8.0,,,,,0.6271,4.0,,,0.6991,5.0,,,0.0069,3.0,0.4813,4.0,-0.1026,11.0,,,,,0.2463,8.0,0.477,11.0,,,0.951,2.0,,,,,0.945,7.0,,,-0.1991,5.0,0.4737,2.0,0.0266,5.0,,,,,-0.2519,8.0
2026-01-02,Economic Data-Housing,0.0955,15.0,0.19,27.0,-0.0679,6.0,-0.1951,30.0,,,0.1721,2.0,,,0.053,13.0,0.0627,86.0,-0.2097,7.0,0.1199,47.0,0.5454,6.0,-0.004,15.0,,,0.27,53.0,0.2011,8.0,-0.0014,8.0,0.2425,3.0,0.0275,11.0,0.0172,4.0,0.0352,14.0,0.1225,23.0,0.0058,1.0,-0.1766,15.0,0.4473,2.0,0.0947,82.0,0.0885,58.0,-0.0344,31.0,0.0835,9.0,0.0978,29.0,0.0437,138.0
2026-01-02,Economic Data-Inflation,-0.0257,11.0,0.0105,2.0,0.0047,2.0,0.2029,3.0,,,0.8331,2.0,-0.0003,1.0,0.0083,1.0,0.182,7.0,0.286,3.0,-0.1476,6.0,,,-0.0075,1.0,,,-0.2668,12.0,,,,,-0.5775,3.0,-0.1565,11.0,-0.2435,2.0,0.0943,3.0,0.1857,10.0,,,,,0.1011,4.0,,,-0.4555,3.0,0.0911,21.0,0.2326,1.0,0.015,2.0,0.0384,15.0
2026-01-02,Economic Data-Interest Rates,0.2244,12.0,-0.0183,2.0,0.0311,13.0,-0.095,7.0,-0.1627,2.0,0.2621,4.0,-0.2247,2.0,0.6345,3.0,0.0566,59.0,,,0.2602,54.0,,,-0.134,3.0,0.1713,3.0,-0.1545,42.0,-0.2258,5.0,0.2795,3.0,-0.2441,5.0,0.1329,4.0,0.2417,6.0,0.328,5.0,0.1359,24.0,,,0.2477,2.0,0.2771,4.0,-0.0175,24.0,0.1473,23.0,0.2588,42.0,0.4671,3.0,-0.022,14.0,-0.1416,46.0
2026-01-02,Economic Data-Manufacturing,-0.1157,13.0,-0.1615,14.0,-0.8611,2.0,-0.8671,1.0,0.3703,4.0,0.5112,12.0,,,0.6733,12.0,0.1548,44.0,0.0384,1.0,0.1072,40.0,,,-0.4481,11.0,-0.0548,1.0,0.3456,46.0,0.3431,2.0,,,0.1438,2.0,0.6294,5.0,0.7296,5.0,,,0.0082,8.0,,,0.896,5.0,,,-0.0048,8.0,0.4066,35.0,0.5354,13.0,,,0.4667,7.0,-0.1509,10.0
2026-01-02,Economic Data-Retail Sales,-0.0272,3.0,,,0.7783,2.0,0.1779,7.0,,,0.3029,1.0,,,0.09,4.0,-0.0281,26.0,0.0077,1.0,0.5024,4.0,,,0.2625,22.0,0.0815,10.0,0.4508,19.0,-0.3366,3.0,,,0.9475,1.0,,,0.4695,2.0,0.0057,1.0,0.2139,5.0,,,-0.911,1.0,,,0.3131,4.0,0.2572,9.0,0.0032,8.0,,,0.1908,7.0,0.2479,16.0
2026-01-02,Extreme Weather,-0.064,242.0,-0.1119,17.0,-0.1292,210.0,0.0905,33.0,-0.1954,4.0,-0.1262,19.0,-0.0347,5.0,-0.0897,56.0,-0.0677,371.0,-0.1148,23.0,-0.1053,288.0,-0.2703,17.0,-0.0368,123.0,-0.1631,38.0,-0.1486,81.0,-0.2684,306.0,-0.4015,21.0,0.3149,3.0,-0.2303,40.0,-0.2559,16.0,-0.1565,76.0,-0.1103,181.0,-0.2084,5.0,-0.1486,5.0,-0.0217,3.0,-0.0947,205.0,-0.0901,83.0,-0.2211,339.0,-0.2272,100.0,0.1437,24.0,-0.0424,281.0
2026-01-02,Extreme Weather-Cold,-0.2544,9.0,0.2347,5.0,0.1821,6.0,0.0105,28.0,-0.0123,1.0,-0.3676,11.0,0.114,6.0,-0.2327,48.0,-0.1334,143.0,-0.0686,21.0,-0.2414,123.0,-0.5704,4.0,0.0272,38.0,-0.2071,16.0,-0.1778,66.0,-0.1646,15.0,-0.1446,2.0,,,-0.0406,9.0,-0.0338,2.0,-0.0909,47.0,-0.1568,121.0,0.0379,4.0,0.1326,1.0,,,-0.1485,66.0,-0.1352,106.0,-0.3586,306.0,-0.1516,29.0,-0.2454,56.0,-0.089,131.0
2026-01-02,Extreme Weather-Drought,0.167,11.0,0.056,7.0,-0.2249,82.0,-0.0977,13.0,,,,,-0.0003,2.0,-0.0976,6.0,-0.0659,13.0,,,-0.2136,50.0,0.0242,3.0,-0.5244,6.0,,,-0.272,8.0,0.0716,5.0,0.4087,3.0,0.0417,1.0,-0.1551,4.0,-0.2124,9.0,-0.4189,10.0,0.4668,10.0,,,0.005,6.0,0.0334,3.0,0.049,47.0,,,-0.0968,28.0,0.0097,10.0,0.4164,4.0,0.0768,39.0
2026-01-02,Extreme Weather-Heat,0.093,38.0,-0.209,10.0,-0.0383,16.0,-0.0305,1.0,0.9177,1.0,0.8753,1.0,-0.1253,1.0,0.1917,5.0,0.1973,28.0,0.0047,3.0,0.1843,15.0,,,-0.0931,10.0,0.0042,2.0,0.0163,7.0,-0.0109,6.0,0.403,4.0,-0.009,4.0,-0.8946,1.0,,,0.0052,2.0,0.0794,13.0,,,,,0.0865,4.0,0.3975,13.0,0.1828,5.0,0.3345,10.0,-0.3613,11.0,0.6899,5.0,0.1859,18.0
2026-01-02,Fiscal Policy,0.1421,84.0,0.0836,76.0,0.0058,44.0,-0.0107,28.0,0.3181,7.0,-0.0895,9.0,0.0694,8.0,0.0233,33.0,0.0592,168.0,0.0219,21.0,0.1104,169.0,-0.4361,3.0,0.024,117.0,-0.2388,3.0,0.3298,129.0,0.1911,42.0,-0.0025,10.0,0.0802,89.0,0.1496,69.0,0.2685,39.0,-0.0196,22.0,0.0964,28.0,0.077,4.0,0.3308,9.0,0.0063,3.0,0.1433,112.0,0.0812,52.0,0.121,65.0,0.2015,53.0,-0.0557,31.0,0.0296,264.0
2026-01-02,Fiscal Policy-Stimulus Package,0.0978,60.0,0.0348,12.0,0.0991,23.0,0.1194,9.0,0.0334,2.0,0.0166,4.0,0.0033,3.0,0.0552,6.0,0.0588,51.0,0.1082,17.0,0.1269,96.0,0.0108,1.0,0.0699,112.0,0.0135,4.0,0.2947,68.0,0.2015,21.0,0.4774,2.0,0.1884,68.0,0.1988,38.0,0.0655,26.0,0.1021,18.0,0.0811,26.0,-0.231,1.0,-0.0035,1.0,0.4726,5.0,0.0613,89.0,-0.0456,22.0,-0.0167,31.0,0.0313,40.0,0.0267,25.0,0.0327,158.0
2026-01-02,Monetary Policy,0.1468,5.0,0.0018,3.0,-0.2218,3.0,-0.2822,4.0,,,0.003,1.0,-0.4561,1.0,0.6345,3.0,0.1501,36.0,-0.1739,1.0,0.2983,39.0,,,0.0117,1.0,0.6836,1.0,-0.0363,15.0,-0.2098,3.0,0.8613,2.0,-0.3084,4.0,0.1086,3.0,0.4825,4.0,0.0291,2.0,-0.0091,8.0,,,0.2477,2.0,0.8268,1.0,0.0459,13.0,0.3624,12.0,0.345,20.0,0.9268,1.0,-0.0043,10.0,-0.0266,15.0
2026-01-02,Monetary Policy-Interest Rates,-0.0041,1.0,-0.0023,1.0,-0.1697,1.0,,,,,,,,,,,-0.1768,11.0,,,0.4859,3.0,,,,,,,-0.522,7.0,-0.0174,1.0,,,,,,,,,,,0.0358,6.0,,,,,,,,,0.2328,4.0,-0.0801,5.0,,,0.0507,1.0,0.0904,4.0
2026-01-02,Monetary Policy-Quantitative Easing,0.0682,16.0,,,-0.2905,3.0,0.9072,2.0,,,0.0065,4.0,-0.4508,2.0,0.0016,1.0,0.1943,44.0,0.0438,4.0,0.4673,9.0,,,0.4005,15.0,,,0.0099,56.0,0.5378,2.0,0.0523,1.0,0.2015,4.0,0.4786,5.0,0.0118,1.0,0.0024,2.0,0.1707,4.0,,,,,0.4955,2.0,0.0037,1.0,0.2027,13.0,0.4684,15.0,0.2223,8.0,0.0182,3.0,0.1544,16.0
2026-01-02,Natural Disaster,0.0358,36.0,-0.7336,11.0,-0.6229,16.0,-0.0531,6.0,-0.8213,1.0,-0.0689,3.0,,,-0.7248,4.0,0.0196,16.0,0.0107,1.0,-0.4955,15.0,0.1534,3.0,-0.2752,23.0,-0.1101,7.0,,,-0.3892,266.0,-0.6458,8.0,,,-0.0001,1.0,-0.4717,1.0,-0.8911,2.0,0.0375,5.0,,,-0.7819,1.0,-0.8664,1.0,-0.0647,8.0,-0.363,5.0,-0.5215,34.0,-0.8992,3.0,,,-0.1437,39.0
2026-01-02,Oil Spills,,,,,-0.3729,2.0,,,,,,,,,,,,,,,-0.5069,5.0,,,,,,,,,,,,,,,,,,,,,,,,,-0.8194,1.0,,,,,,,,,-0.0039,1.0,,,,
2026-01-02,Pandemic,-0.0645,113.0,-0.1453,128.0,-0.1114,109.0,-0.0563,63.0,0.0001,3.0,-0.0042,34.0,-0.0283,36.0,-0.1246,128.0,-0.0308,803.0,0.0085,50.0,-0.0573,566.0,-0.2609,44.0,-0.0999,590.0,-0.0218,19.0,-0.0815,310.0,-0.0748,132.0,-0.2099,52.0,-0.007,142.0,0.0967,105.0,-0.0978,68.0,-0.0892,124.0,-0.09,286.0,0.1844,7.0,-0.186,29.0,-0.1031,49.0,-0.0891,305.0,-0.0757,159.0,-0.1519,386.0,-0.225,113.0,-0.1395,74.0,-0.0862,621.0
2026-01-02,Politics,0.0414,372.0,-0.0192,224.0,0.0166,307.0,0.0018,129.0,0.0874,20.0,-0.0069,101.0,0.0576,47.0,-0.0142,244.0,0.0029,792.0,0.0126,121.0,-0.0816,1463.0,-0.0627,120.0,-0.0114,817.0,-0.003,69.0,0.0312,890.0,0.0398,189.0,-0.0307,50.0,0.0109,501.0,0.0391,313.0,-0.007,152.0,-0.0593,234.0,0.0038,308.0,0.0073,22.0,0.1513,50.0,0.1328,44.0,0.0033,693.0,-0.0308,345.0,-0.021,553.0,0.0956,365.0,-0.0873,164.0,-0.0241,1614.0
2026-01-02,Politics-Election,-0.125,5.0,-0.0758,5.0,0.084,10.0,0.2265,11.0,,,-0.0938,4.0,0.0131,8.0,0.0043,30.0,0.0159,10.0,0.234,4.0,0.0329,204.0,0.0026,1.0,0.0749,16.0,0.0543,3.0,0.2186,40.0,0.0068,11.0,0.0197,1.0,0.1802,36.0,0.0749,14.0,0.0014,1.0,0.0138,6.0,0.0211,1.0,,,0.0116,6.0,,,-0.0085,12.0,-0.0085,12.0,-0.0969,22.0,0.0025,3.0,0.3071,3.0,-0.0369,76.0
2026-01-02,Politics-Political Tension,0.03,57.0,-0.1939,68.0,-0.1028,14.0,-0.0139,15.0,0.0052,1.0,-0.0232,15.0,-0.0091,4.0,0.099,9.0,-0.0542,79.0,-0.2979,7.0,-0.2563,97.0,-0.1333,27.0,-0.0182,52.0,-0.2102,5.0,-0.0735,99.0,0.0104,18.0,-0.1427,7.0,-0.0913,50.0,-0.1051,39.0,0.0265,6.0,-0.1988,21.0,-0.0012,38.0,0.0161,1.0,0.4737,4.0,0.0034,2.0,-0.099,57.0,-0.0045,72.0,-0.0983,42.0,-0.0549,24.0,-0.3653,18.0,-0.1312,131.0
2026-01-02,Terrorist Attacks,-0.4932,17.0,-0.3413,70.0,-0.473,32.0,-0.4129,23.0,,,-0.4891,11.0,0.0346,1.0,-0.3513,10.0,-0.2999,73.0,-0.5858,5.0,-0.3496,117.0,-0.5177,25.0,-0.4462,62.0,-0.2956,3.0,-0.1523,3.0,-0.6488,32.0,-0.2825,9.0,-0.3607,34.0,-0.3214,51.0,-0.4706,20.0,-0.6839,8.0,-0.2008,169.0,-0.0037,2.0,-0.8816,1.0,-0.3126,12.0,-0.694,21.0,-0.3898,6.0,-0.4754,157.0,-0.4481,15.0,-0.2555,23.0,-0.3491,341.0
2026-01-02,Wars,0.0187,17.0,-0.0329,10.0,0.035,12.0,-0.0012,2.0,-0.0036,2.0,-0.1328,8.0,0.1007,14.0,0.1351,7.0,0.0366,32.0,0.0894,12.0,0.1175,98.0,-0.0636,69.0,-0.061,57.0,0.1505,6.0,-0.052,90.0,-0.0644,11.0,-0.0003,1.0,0.0735,36.0,0.0214,22.0,-0.0561,17.0,-0.0483,35.0,-0.1633,352.0,-0.0036,52.0,0.0021,1.0,-0.0729,4.0,0.0086,52.0,0.0085,32.0,-0.0661,91.0,-0.016,224.0,-0.1314,2.0,-0.1076,113.0
2026-01-01,Economic Data,0.0801,51.0,-0.2284,22.0,0.1392,33.0,0.0564,20.0,0.4439,19.0,0.0763,13.0,0.135,17.0,0.0191,22.0,0.0981,260.0,0.0295,10.0,0.1615,253.0,0.0061,12.0,0.0321,52.0,0.1196,29.0,0.3054,180.0,-0.1436,29.0,0.0144,20.0,0.0595,40.0,0.3033,51.0,0.2095,19.0,0.0983,25.0,0.1755,55.0,0.0079,6.0,0.4428,10.0,-0.2156,4.0,0.1417,75.0,0.2981,87.0,0.0425,90.0,0.1017,53.0,-0.0008,24.0,0.1429,115.0
2026-01-01,Economic Data-Consumer Spending,0.4348,2.0,0.0159,3.0,,,,,,,,,,,,,,,,,0.0499,7.0,,,,,0.0053,1.0,0.2852,2.0,-0.1723,3.0,0.0022,3.0,0.8189,1.0,0.0095,3.0,0.2424,1.0,0.0162,1.0,0.0072,4.0,,,-0.1697,1.0,-0.012,1.0,0.384,2.0,-0.2969,4.0,,,,,-0.0267,3.0,0.0121,6.0
2026-01-01,Economic Data-Employment,-0.1344,8.0,-0.0395,7.0,0.138,21.0,0.1009,5.0,0.9515,1.0,-0.2774,2.0,0.6866,3.0,0.0458,2.0,0.0033,55.0,-0.9069,1.0,-0.0203,66.0,-0.152,5.0,-0.1046,7.0,0.2308,5.0,0.2385,28.0,0.3152,5.0,,,0.0898,6.0,0.1046,5.0,0.3969,2.0,0.1487,3.0,0.0283,12.0,0.1607,3.0,0.1248,2.0,0.012,2.0,0.3909,15.0,0.0414,11.0,-0.0292,13.0,-0.1101,13.0,0.4442,3.0,-0.0291,26.0
2026-01-01,Economic Data-GDP,0.291,2.0,,,0.0083,1.0,0.3232,1.0,,,0.8856,1.0,0.0037,1.0,0.0286,1.0,,,,,0.6524,6.0,,,,,,,-0.0451,4.0,0.5465,1.0,,,0.7302,16.0,0.5693,5.0,0.04,2.0,0.0274,1.0,0.2614,3.0,,,,,,,0.4565,3.0,0.9146,3.0,0.1862,7.0,,,-0.9009,1.0,0.0071,3.0
2026-01-01,Economic Data-Housing,-0.1532,3.0,-0.0377,27.0,0.0032,3.0,-0.3037,11.0,0.0826,1.0,-0.0018,1.0,0.1514,5.0,0.1247,8.0,0.0284,78.0,-0.0027,2.0,0.2485,35.0,-0.0218,8.0,0.0124,2.0,-0.0847,5.0,0.2971,63.0,0.0303,4.0,0.0699,4.0,,,0.0004,1.0,0.1155,4.0,0.1405,7.0,-0.1933,13.0,0.0348,10.0,0.2871,7.0,0.002,1.0,0.1027,35.0,0.0391,20.0,0.1201,12.0,0.0503,2.0,0.0941,11.0,0.0733,73.0
2026-01-01,Economic Data-Inflation,-0.0015,1.0,-0.9096,1.0,,,,,,,-0.0747,1.0,-0.6727,1.0,,,0.0301,7.0,,,-0.239,9.0,0.1621,4.0,,,-0.2258,2.0,-0.5245,14.0,-0.4273,3.0,,,-0.7279,1.0,0.1176,9.0,,,0.4399,2.0,0.3863,7.0,,,,,,,0.0191,1.0,0.8556,1.0,0.2449,22.0,0.0422,4.0,0.1162,2.0,0.6258,7.0
2026-01-01,Economic Data-Interest Rates,0.0024,4.0,-0.302,17.0,0.4793,6.0,-0.004,2.0,,,,,-0.405,2.0,0.0522,1.0,0.0477,54.0,-0.1259,1.0,0.0104,47.0,0.2646,5.0,0.0825,4.0,,,0.3476,38.0,-0.1509,8.0,-0.0926,6.0,-0.2059,4.0,0.0097,5.0,0.5276,6.0,-0.4253,3.0,-0.2169,6.0,,,0.4375,3.0,,,0.1066,9.0,0.1086,4.0,-0.3886,5.0,0.0191,2.0,0.0427,4.0,0.0839,22.0
2026-01-01,Economic Data-Manufacturing,-0.876,1.0,0.0073,1.0,0.945,1.0,,,0.3124,3.0,,,0.5772,1.0,,,0.0916,34.0,0.1969,1.0,0.8301,8.0,,,0.048,2.0,,,0.6908,24.0,0.2556,1.0,0.4758,2.0,0.9126,1.0,0.9419,2.0,0.4745,2.0,,,0.0221,1.0,,,0.0011,1.0,0.945,1.0,0.4324,2.0,0.4244,6.0,,,0.949,1.0,0.0248,2.0,0.921,2.0
2026-01-01,Economic Data-Retail Sales,0.01,1.0,,,,,0.1231,2.0,0.0332,1.0,0.0373,1.0,,,,,0.1357,19.0,0.0108,1.0,0.3136,5.0,,,0.9306,2.0,0.3507,1.0,0.2214,12.0,,,0.0078,1.0,,,,,0.0136,1.0,0.0004,2.0,0.3115,3.0,,,-0.2477,3.0,,,0.0006,1.0,0.3431,8.0,-0.2278,3.0,,,0.4731,2.0,0.1105,6.0
2026-01-01,Extreme Weather,-0.0394,138.0,-0.151,50.0,-0.1231,142.0,-0.0775,28.0,0.1606,4.0,-0.1955,24.0,-0.0523,11.0,-0.1285,43.0,-0.0782,534.0,0.0853,19.0,-0.147,196.0,-0.2634,22.0,-0.0784,70.0,-0.0498,49.0,0.1091,58.0,-0.1453,46.0,-0.2312,12.0,0.2164,4.0,-0.017,21.0,-0.0605,17.0,-0.0957,60.0,-0.1439,158.0,-0.0901,14.0,0.017,7.0,0.0127,7.0,-0.0623,135.0,-0.2563,51.0,-0.3312,527.0,-0.0714,55.0,0.0122,15.0,-0.0109,175.0
2026-01-01,Extreme Weather-Cold,-0.2225,4.0,-0.1246,5.0,0.004,2.0,0.0152,29.0,,,-0.0232,9.0,-0.1476,4.0,-0.1414,33.0,-0.094,37.0,-0.1548,21.0,-0.1358,91.0,-0.1248,8.0,-0.0458,27.0,0.1494,16.0,-0.3254,50.0,-0.038,26.0,,,,,-0.2011,12.0,,,-0.0542,27.0,-0.1714,86.0,-0.0005,1.0,0.2107,1.0,,,-0.0653,17.0,-0.1422,68.0,-0.2913,638.0,0.0073,36.0,-0.0706,28.0,-0.153,112.0
2026-01-01,Extreme Weather-Drought,0.0447,6.0,-0.3718,7.0,-0.1629,145.0,-0.0576,6.0,,,,,0.0487,4.0,0.0498,10.0,0.1097,6.0,,,-0.1249,48.0,-0.1598,17.0,-0.4579,2.0,,,-0.17,7.0,-0.1333,7.0,-0.4034,2.0,0.5407,3.0,0.0866,14.0,0.1108,6.0,,,-0.0877,1.0,0.0017,2.0,,,-0.0137,5.0,-0.1403,14.0,0.0021,7.0,-0.5363,33.0,,,,,-0.0386,23.0
2026-01-01,Extreme Weather-Heat,0.0901,20.0,-0.1298,3.0,-0.0878,11.0,0.8924,1.0,,,,,,,0.1634,4.0,0.0016,23.0,-0.4442,2.0,0.1634,11.0,0.0145,1.0,0.1429,4.0,-0.0006,2.0,,,0.2263,6.0,0.2713,4.0,,,,,,,-0.2781,2.0,0.1497,7.0,,,,,-0.1193,4.0,-0.0458,5.0,,,-0.1736,7.0,0.3879,4.0,0.0071,1.0,0.3319,15.0
2026-01-01,Fiscal Policy,-0.1108,55.0,0.0966,43.0,-0.2056,31.0,0.2359,36.0,0.008,10.0,0.0641,19.0,0.1422,18.0,-0.0615,23.0,0.0831,105.0,0.0957,12.0,0.1826,163.0,0.0717,33.0,0.114,74.0,0.1994,13.0,0.3104,97.0,0.0076,33.0,-0.0712,17.0,0.2586,132.0,0.1313,62.0,0.3003,26.0,-0.1026,17.0,0.1507,30.0,0.0082,3.0,0.253,5.0,0.1685,9.0,0.038,62.0,-0.0054,80.0,0.0591,46.0,0.1534,44.0,-0.1816,40.0,0.0264,208.0
2026-01-01,Fiscal Policy-Stimulus Package,0.0711,30.0,-0.1265,16.0,-0.1127,19.0,0.1946,7.0,0.2546,11.0,-0.2025,5.0,0.0584,14.0,-0.0356,7.0,0.193,57.0,-0.0171,21.0,0.201,66.0,0.3369,5.0,0.0216,24.0,,,0.439,32.0,0.3693,14.0,-0.4,5.0,0.0625,97.0,-0.1658,26.0,0.3592,8.0,0.1335,7.0,0.0686,19.0,0.044,2.0,0.4403,2.0,-0.2346,1.0,0.269,42.0,0.1176,40.0,-0.0265,21.0,0.124,17.0,-0.1515,23.0,-0.0841,121.0
2026-01-01,Monetary Policy,-0.3004,3.0,-0.4549,16.0,0.4856,5.0,-0.897,1.0,0.0053,1.0,,,,,,,0.1265,15.0,,,0.0007,29.0,0.001,3.0,-0.011,1.0,,,0.4998,20.0,-0.3019,3.0,-0.0926,6.0,-0.1592,4.0,-0.4221,2.0,0.2533,4.0,,,0.0131,3.0,,,0.1886,2.0,,,0.09,7.0,0.0937,2.0,-0.9163,1.0,,,0.0896,2.0,0.1887,12.0
2026-01-01,Monetary Policy-Interest Rates,,,0.0011,1.0,,,,,,,,,,,,,-0.0697,12.0,,,,,0.7917,2.0,,,,,-0.833,1.0,,,,,-0.0006,2.0,,,,,,,,,,,,,,,0.0447,1.0,,,,,,,,,0.0094,2.0
2026-01-01,Monetary Policy-Quantitative Easing,-0.0591,4.0,,,0.0027,1.0,,,,,-0.0123,1.0,,,,,0.0543,12.0,,,-0.112,8.0,,,,,,,0.9175,2.0,,,0.0024,1.0,-0.1374,1.0,0.2435,4.0,,,,,0.0461,8.0,,,0.0624,1.0,,,,,0.4778,14.0,0.7034,4.0,-0.2398,4.0,,,0.0088,7.0
2026-01-01,Natural Disaster,-0.4677,5.0,-0.4719,8.0,-0.5496,3.0,-0.4902,13.0,-0.8213,1.0,-0.8452,3.0,,,-0.1801,2.0,-0.2281,19.0,,,-0.4545,9.0,-0.0511,4.0,-0.0186,4.0,-0.2224,30.0,,,-0.3241,3.0,,,,,,,-0.5197,5.0,-0.123,2.0,-0.6382,7.0,0.0015,1.0,,,0.0031,1.0,-0.0288,5.0,-0.0771,5.0,-0.3672,57.0,,,-0.6869,1.0,-0.2133,15.0
2026-01-01,Oil Spills,,,-0.7649,2.0,,,,,,,,,,,,,,,,,-0.8201,6.0,,,,,,,,,,,,,,,,,,,-0.8998,1.0,,,,,,,,,,,,,,,,,,,,
2026-01-01,Pandemic,-0.1229,82.0,-0.1213,128.0,-0.0966,91.0,-0.0548,46.0,-0.134,7.0,-0.1322,27.0,0.0342,48.0,-0.0337,94.0,-0.0207,765.0,-0.0977,34.0,-0.0839,403.0,-0.212,63.0,-0.2256,285.0,-0.2806,27.0,0.0517,140.0,-0.1144,111.0,-0.0853,44.0,0.0665,133.0,-0.0351,77.0,-0.009,43.0,-0.1048,83.0,-0.1237,230.0,0.1695,22.0,-0.0825,14.0,-0.0751,21.0,-0.0913,160.0,-0.1542,122.0,-0.1807,340.0,0.0386,52.0,-0.0257,72.0,-0.0143,389.0
2026-01-01,Politics,-0.048,217.0,-0.0284,270.0,-0.0304,225.0,0.0874,118.0,0.1213,33.0,0.0315,74.0,0.0244,82.0,-0.0304,165.0,0.0342,442.0,-0.0484,114.0,-0.0225,1052.0,-0.0585,320.0,-0.0123,416.0,0.041,61.0,0.0039,637.0,0.0346,128.0,-0.109,64.0,0.068,580.0,0.0247,285.0,0.1109,97.0,-0.0956,120.0,0.013,284.0,-0.1418,26.0,0.0781,43.0,-0.0407,34.0,0.024,340.0,-0.0155,285.0,-0.0359,495.0,-0.0125,219.0,-0.0565,174.0,-0.003,1103.0
2026-01-01,Politics-Election,-0.1707,5.0,0.1336,5.0,0.0057,7.0,0.0029,1.0,,,0.009,2.0,-0.0125,2.0,0.0193,19.0,-0.094,12.0,-0.3008,7.0,0.0362,199.0,0.0181,2.0,0.0027,2.0,0.0713,1.0,0.0705,25.0,0.022,3.0,-0.1462,2.0,-0.1159,12.0,-0.0278,8.0,,,0.0056,2.0,0.0018,2.0,,,0.0049,2.0,-0.0796,1.0,-0.0685,19.0,0.236,11.0,-0.0023,1.0,0.0292,5.0,0.0678,7.0,0.0147,36.0
2026-01-01,Politics-Political Tension,-0.1164,21.0,-0.0512,51.0,-0.0197,16.0,-0.0209,13.0,,,-0.3121,21.0,-0.124,3.0,-0.0526,12.0,0.0687,30.0,0.1295,6.0,-0.1457,82.0,-0.0569,76.0,-0.0072,25.0,-0.1997,11.0,-0.0445,76.0,-0.0812,11.0,-0.2121,3.0,0.0189,43.0,0.0295,50.0,0.2132,9.0,-0.1957,11.0,-0.0121,9.0,0.0068,2.0,-0.1367,4.0,0.4749,2.0,-0.045,34.0,-0.1024,69.0,-0.0648,23.0,-0.1215,26.0,-0.0301,20.0,-0.0538,111.0
2026-01-01,Terrorist Attacks,-0.5235,9.0,-0.3241,32.0,-0.4284,21.0,-0.2966,11.0,,,,,-0.4438,2.0,-0.2685,12.0,-0.4645,93.0,-0.4473,2.0,-0.487,99.0,-0.4289,29.0,-0.6014,64.0,-0.0357,1.0,-0.6846,10.0,-0.5716,20.0,-0.542,6.0,-0.2955,54.0,-0.5996,22.0,-0.6588,12.0,-0.7589,6.0,-0.2511,114.0,-0.6707,1.0,,,-0.7169,10.0,-0.6561,6.0,-0.6152,5.0,-0.62,63.0,-0.8727,2.0,-0.4335,26.0,-0.3701,149.0
2026-01-01,Wars,0.2621,9.0,0.007,33.0,-0.005,11.0,0.0222,5.0,0.1675,5.0,0.0822,7.0,-0.0793,17.0,0.0134,5.0,0.1055,34.0,0.0108,12.0,0.0056,61.0,0.031,94.0,0.0133,52.0,0.0882,6.0,0.0718,65.0,-0.1799,8.0,0.0463,2.0,-0.0483,29.0,0.2378,17.0,0.1055,7.0,0.0936,17.0,-0.324,315.0,0.1794,24.0,0.1514,3.0,0.022,5.0,0.1113,20.0,0.0917,37.0,-0.1181,82.0,-0.0305,166.0,0.0104,4.0,-0.0125,54.0
2025-12-31,Economic Data,0.1523,97.0,-0.0839,58.0,0.3798,25.0,0.0751,41.0,0.126,62.0,0.2351,28.0,0.3918,22.0,-0.006,42.0,0.0217,291.0,0.0648,21.0,0.0488,246.0,-0.1774,29.0,0.0414,78.0,0.0221,37.0,0.3028,211.0,0.2547,63.0,0.1361,9.0,0.1846,31.0,0.4004,49.0,0.2939,35.0,0.0747,44.0,0.2634,66.0,0.3136,20.0,-0.0064,20.0,0.14,8.0,0.155,98.0,0.1467,187.0,0.098,213.0,0.094,46.0,0.1054,32.0,0.1295,363.0
2025-12-31,Economic Data-Consumer Spending,0.1654,7.0,0.2053,3.0,-0.0023,3.0,0.0058,2.0,0.0102,1.0,,,,,,,,,,,0.4938,6.0,,,-0.4046,2.0,,,0.6315,3.0,-0.0099,2.0,0.6859,1.0,,,,,0.0062,1.0,,,0.0034,2.0,0.0182,2.0,0.807,1.0,0.0276,1.0,0.0016,2.0,-0.007,2.0,0.44,2.0,,,-0.0506,1.0,-0.0903,14.0
2025-12-31,Economic Data-Employment,0.0395,8.0,-0.4714,1.0,-0.1696,39.0,-0.0201,2.0,-0.0188,7.0,0.2097,10.0,0.4862,5.0,0.002,4.0,-0.1532,31.0,-0.1951,4.0,0.0117,71.0,-0.3489,9.0,-0.0389,14.0,0.0038,7.0,0.2372,51.0,-0.0144,3.0,0.552,5.0,0.1676,5.0,0.1305,6.0,0.3104,2.0,-0.163,4.0,0.1555,12.0,0.3666,5.0,-0.4562,10.0,0.1757,8.0,0.346,18.0,0.2273,14.0,0.1087,36.0,0.2483,4.0,-0.4596,2.0,-0.1937,67.0
2025-12-31,Economic Data-GDP,-0.8582,1.0,,,0.2198,2.0,,,0.6527,1.0,0.0165,1.0,-0.9137,1.0,,,0.4261,1.0,0.9504,1.0,0.5843,21.0,,,,,0.0073,1.0,0.7449,4.0,0.9503,1.0,0.0066,4.0,0.9444,5.0,0.4886,15.0,-0.4354,3.0,0.0139,2.0,,,,,0.814,4.0,0.0169,3.0,0.4563,13.0,0.904,3.0,0.5933,7.0,-0.3252,3.0,,,0.2648,10.0
2025-12-31,Economic Data-Housing,-0.0149,20.0,-0.0061,15.0,0.5457,2.0,0.2385,7.0,-0.0915,8.0,0.0196,13.0,0.2573,8.0,-0.3636,2.0,-0.0139,113.0,,,0.2839,44.0,0.1855,6.0,0.1063,29.0,0.3483,8.0,-0.0231,116.0,0.1187,8.0,0.0268,7.0,0.0299,9.0,0.3956,4.0,0.0768,5.0,0.1845,11.0,0.0501,7.0,0.0307,6.0,0.0041,3.0,0.9023,2.0,0.2011,70.0,0.2244,48.0,0.2233,25.0,0.2007,9.0,0.1467,17.0,0.0464,170.0
2025-12-31,Economic Data-Inflation,0.4498,2.0,0.0134,4.0,0.0209,1.0,0.8387,1.0,,,-0.5166,2.0,0.0002,1.0,,,-0.1617,11.0,0.0654,2.0,-0.187,7.0,0.183,2.0,,,-0.002,2.0,0.1528,31.0,-0.3795,2.0,,,-0.3359,2.0,-0.1422,5.0,-0.6805,2.0,-0.0252,11.0,0.084,2.0,,,,,,,-0.0385,7.0,0.0078,3.0,0.1137,30.0,0.1917,5.0,0.0146,1.0,0.0551,23.0
2025-12-31,Economic Data-Interest Rates,0.0355,13.0,-0.4522,3.0,0.0783,7.0,0.383,6.0,0.0304,1.0,-0.0616,8.0,0.3597,2.0,-0.44,4.0,0.0244,50.0,0.2492,4.0,0.1052,81.0,,,0.094,16.0,0.0046,1.0,0.2325,49.0,0.2373,6.0,0.2766,2.0,0.3794,12.0,0.0153,3.0,-0.1871,6.0,-0.2318,7.0,0.0832,16.0,,,0.9398,1.0,0.0979,2.0,0.2953,8.0,0.1036,13.0,-0.0084,18.0,0.1576,4.0,-0.1874,13.0,-0.0718,62.0
2025-12-31,Economic Data-Manufacturing,-0.3558,2.0,,,,,-0.1503,2.0,0.549,13.0,,,,,,,0.0537,36.0,0.864,1.0,0.4188,7.0,-0.4022,2.0,0.2479,5.0,,,0.4857,22.0,0.7935,1.0,,,0.1165,5.0,-0.1443,4.0,0.6612,1.0,,,0.0316,3.0,,,,,,,0.0288,2.0,0.6187,48.0,0.0309,6.0,,,0.0314,5.0,0.3841,22.0
2025-12-31,Economic Data-Retail Sales,0.933,1.0,0.006,2.0,0.4951,2.0,,,,,,,,,0.0193,1.0,-0.0192,19.0,,,0.4239,8.0,0.1904,2.0,-0.2856,4.0,0.0041,2.0,0.3092,13.0,0.9384,2.0,,,0.4766,4.0,,,0.9437,2.0,,,0.0145,4.0,0.0477,1.0,0.9349,1.0,0.0112,1.0,0.1884,4.0,0.2991,16.0,-0.5869,1.0,-0.0006,1.0,0.0149,4.0,0.293,22.0
2025-12-31,Extreme Weather,-0.0092,224.0,0.0451,24.0,-0.2228,185.0,-0.0452,51.0,0.1937,17.0,-0.295,11.0,-0.011,5.0,-0.0692,47.0,0.0059,307.0,0.0553,23.0,-0.2293,252.0,0.0084,9.0,-0.0836,53.0,-0.0513,45.0,0.0015,62.0,-0.0817,48.0,0.016,18.0,-0.3763,6.0,-0.1654,22.0,-0.0771,12.0,-0.1768,91.0,-0.1718,212.0,0.0375,7.0,-0.3972,4.0,-0.1979,9.0,-0.0776,192.0,-0.0644,73.0,-0.2489,429.0,-0.0674,66.0,-0.0552,26.0,-0.113,296.0
2025-12-31,Extreme Weather-Cold,0.0078,11.0,-0.3205,7.0,-0.0045,2.0,-0.2109,50.0,0.01,5.0,-0.491,13.0,-0.011,5.0,-0.081,28.0,-0.0847,63.0,-0.0082,30.0,-0.1977,129.0,0.0089,4.0,-0.0927,48.0,-0.1714,13.0,-0.2862,67.0,-0.1221,42.0,-0.0193,3.0,0.1896,1.0,-0.0265,11.0,0.3285,3.0,-0.2054,59.0,-0.0743,104.0,0.001,4.0,0.0043,1.0,,,-0.1386,21.0,-0.0171,56.0,-0.334,497.0,-0.1723,39.0,-0.2257,30.0,-0.1133,202.0
2025-12-31,Extreme Weather-Drought,0.0355,14.0,-0.471,4.0,-0.2811,70.0,0.0024,1.0,0.0106,4.0,,,0.0005,3.0,0.0126,4.0,0.1793,8.0,0.0025,1.0,0.0118,41.0,-0.0046,10.0,0.1133,8.0,,,-0.1352,4.0,-0.0157,7.0,-0.5597,1.0,,,0.0645,12.0,0.021,4.0,0.1258,6.0,0.3076,9.0,,,,,0.303,5.0,-0.0939,16.0,-0.2536,16.0,-0.3175,31.0,0.0023,3.0,0.0148,1.0,0.08,30.0
2025-12-31,Extreme Weather-Heat,-0.1476,38.0,0.1596,1.0,-0.05,18.0,,,,,,,-0.0006,1.0,0.337,5.0,-0.0346,16.0,,,0.0253,4.0,-0.5949,4.0,0.2983,4.0,,,-0.4141,1.0,-0.5858,6.0,,,,,-0.4067,1.0,,,-0.9143,1.0,0.2813,9.0,,,0.221,2.0,0.0466,4.0,0.2453,13.0,0.4787,3.0,0.0049,1.0,,,-0.1374,3.0,0.2698,26.0
2025-12-31,Fiscal Policy,0.1349,91.0,0.1325,77.0,0.1449,33.0,-0.0126,58.0,0.1806,39.0,0.2456,11.0,-0.0969,23.0,0.0324,34.0,0.0014,125.0,0.0299,11.0,0.0492,180.0,-0.2286,40.0,0.0234,213.0,0.1881,16.0,0.139,162.0,0.0078,58.0,0.2425,8.0,0.0962,130.0,0.1179,50.0,0.048,25.0,-0.0453,39.0,0.1498,60.0,0.008,4.0,0.0561,17.0,0.2201,8.0,0.0981,123.0,0.0852,56.0,0.1177,176.0,0.0564,62.0,0.1384,32.0,-0.0146,432.0
2025-12-31,Fiscal Policy-Stimulus Package,0.1167,42.0,-0.1025,12.0,-0.0312,16.0,-0.333,21.0,0.2195,22.0,0.3092,8.0,0.2286,11.0,-0.0274,11.0,0.0301,34.0,-0.0354,8.0,0.177,109.0,0.0222,4.0,0.0163,93.0,0.1468,2.0,0.3153,71.0,0.2916,29.0,0.0233,3.0,-0.0043,116.0,0.4551,18.0,0.1843,16.0,-0.022,14.0,0.0046,19.0,0.9462,1.0,-0.0803,2.0,0.0232,6.0,0.2348,75.0,0.1502,25.0,0.0581,81.0,0.284,38.0,-0.1227,22.0,-0.0588,286.0
2025-12-31,Monetary Policy,-0.068,10.0,-0.4522,3.0,0.5563,4.0,0.0188,2.0,0.4712,3.0,-0.3572,5.0,0.7198,1.0,-0.6038,3.0,0.0793,35.0,0.1046,2.0,0.1515,63.0,,,0.01,2.0,,,0.2902,21.0,0.4674,4.0,,,0.3614,9.0,0.0344,2.0,0.0085,4.0,,,0.3211,3.0,,,0.4723,2.0,0.0979,2.0,0.3088,3.0,0.2144,21.0,0.1283,11.0,,,0.2018,8.0,0.273,38.0
2025-12-31,Monetary Policy-Interest Rates,,,,,,,,,,,,,0.0031,1.0,,,-0.0284,14.0,,,0.4695,3.0,,,-0.0004,1.0,0.0046,1.0,-0.2557,2.0,,,,,0.9516,1.0,,,,,-0.0622,1.0,,,,,,,,,,,-0.4599,3.0,,,,,0.733,1.0,-0.2393,9.0
2025-12-31,Monetary Policy-Quantitative Easing,0.2338,3.0,0.1502,4.0,,,,,0.0028,1.0,0.2414,5.0,-0.4554,2.0,0.0057,1.0,0.0433,13.0,-0.8295,1.0,-0.3449,20.0,,,-0.0002,1.0,,,0.2067,20.0,0.9373,1.0,,,-0.2032,9.0,0.0043,1.0,,,0.1278,2.0,0.0009,2.0,-0.4546,3.0,,,,,0.0084,1.0,0.3112,11.0,0.5615,6.0,0.2886,3.0,-0.4389,2.0,-0.051,9.0
2025-12-31,Natural Disaster,0.0259,4.0,-0.6495,4.0,-0.4611,5.0,-0.6118,3.0,,,,,,,-0.4948,2.0,-0.0992,7.0,-0.0074,1.0,-0.4394,6.0,,,-0.2678,8.0,-0.021,26.0,-0.6749,2.0,-0.7149,1.0,,,,,-0.8435,1.0,0.0248,1.0,-0.0009,1.0,-0.5369,19.0,,,,,,,-0.4538,12.0,-0.5365,6.0,-0.43,21.0,-0.8908,1.0,,,-0.2967,17.0
2025-12-31,Oil Spills,,,,,0.0267,3.0,,,,,,,,,,,-0.1561,1.0,,,-0.695,11.0,,,,,,,,,-0.0056,1.0,,,-0.6105,5.0,,,,,,,,,,,,,,,,,-0.4482,2.0,,,,,,,-0.8301,1.0
2025-12-31,Pandemic,-0.0786,108.0,-0.1423,121.0,-0.1317,113.0,-0.0063,90.0,0.0919,37.0,0.0496,34.0,0.009,48.0,-0.1044,113.0,0.0017,708.0,-0.1841,41.0,-0.1201,496.0,-0.0431,81.0,-0.0465,292.0,0.0085,31.0,-0.0069,359.0,-0.0692,194.0,-0.3146,21.0,-0.0042,125.0,0.0548,86.0,0.1429,55.0,-0.1287,127.0,-0.0515,271.0,-0.0185,25.0,-0.1375,20.0,-0.1193,19.0,-0.0778,209.0,-0.0725,164.0,-0.0378,495.0,-0.0084,94.0,-0.1418,74.0,-0.0809,867.0
2025-12-31,Politics,-0.0313,359.0,-0.0064,295.0,-0.0847,255.0,-0.0457,266.0,0.1715,117.0,0.0621,77.0,0.0431,98.0,0.0314,182.0,0.0041,520.0,-0.0267,129.0,-0.061,1322.0,-0.0972,306.0,0.0094,1011.0,-0.0413,81.0,0.0744,944.0,0.0222,268.0,-0.0031,48.0,0.0203,591.0,0.1015,280.0,0.0612,112.0,-0.0574,213.0,0.0342,445.0,-0.0223,36.0,0.0146,64.0,0.0676,61.0,0.0349,621.0,-0.0943,391.0,0.0234,1061.0,0.0188,272.0,-0.079,176.0,-0.0537,2349.0
2025-12-31,Politics-Election,-0.1018,8.0,0.122,8.0,-0.0041,5.0,,,0.0043,1.0,0.0055,1.0,-0.4403,2.0,-0.0093,16.0,0.0107,4.0,0.2284,6.0,-0.0269,194.0,,,0.1513,25.0,-0.0492,55.0,0.0615,33.0,0.0914,5.0,0.109,5.0,-0.0769,15.0,-0.0491,10.0,,,0.2674,3.0,0.0081,2.0,,,0.0217,2.0,-0.0522,1.0,0.1108,16.0,-0.0997,15.0,-0.0018,30.0,-0.0064,8.0,-0.0057,2.0,0.0719,120.0
2025-12-31,Politics-Political Tension,-0.0658,47.0,-0.1724,64.0,0.1772,19.0,-0.0393,24.0,0.0228,22.0,-0.0279,12.0,0.01,4.0,-0.1047,17.0,0.0056,32.0,0.0535,11.0,-0.0842,89.0,-0.1156,81.0,-0.1433,68.0,0.011,13.0,-0.1503,76.0,-0.0512,15.0,0.0154,6.0,-0.0808,58.0,-0.135,30.0,-0.0627,8.0,-0.1099,22.0,-0.0884,54.0,0.1276,7.0,0.0554,11.0,0.0137,5.0,-0.0732,78.0,-0.0724,49.0,0.0545,55.0,-0.1338,35.0,-0.0486,25.0,-0.0942,297.0
2025-12-31,Terrorist Attacks,-0.5481,11.0,-0.3449,43.0,-0.5993,19.0,-0.264,60.0,,,,,-0.5507,6.0,-0.3681,15.0,-0.1591,24.0,,,-0.4713,148.0,-0.633,34.0,-0.548,32.0,-0.8989,1.0,-0.3047,6.0,-0.6562,36.0,-0.475,3.0,-0.4086,79.0,-0.41,12.0,0.1739,5.0,-0.1672,4.0,-0.3665,47.0,-0.2997,2.0,,,-0.3212,20.0,-0.6393,11.0,-0.262,19.0,-0.3891,111.0,-0.5205,14.0,-0.4986,15.0,-0.4031,201.0
2025-12-31,Wars,-0.0481,18.0,0.0605,6.0,-0.2718,4.0,0.312,5.0,0.2281,31.0,0.1953,6.0,0.0409,22.0,0.0325,6.0,0.1022,23.0,0.1207,6.0,0.0974,105.0,-0.067,95.0,-0.0121,64.0,0.151,7.0,-0.0865,77.0,0.2203,12.0,,,0.1271,33.0,0.1642,29.0,-0.1519,7.0,-0.0559,23.0,-0.1065,351.0,-0.0134,34.0,-0.006,4.0,-0.89,1.0,-0.1049,23.0,-0.1346,72.0,0.055,140.0,0.0143,196.0,0.01,3.0,-0.0403,163.0
2025-12-30,Economic Data,0.0623,170.0,-0.1612,37.0,0.0534,61.0,0.0166,39.0,0.239,75.0,-0.1909,21.0,0.1234,37.0,0.0718,26.0,0.0669,383.0,-0.0445,31.0,0.1091,209.0,0.2386,19.0,0.0854,166.0,0.0508,35.0,0.237,239.0,0.2155,65.0,0.1199,18.0,0.1067,30.0,0.4947,39.0,0.2606,18.0,-0.0054,49.0,0.1751,147.0,0.1554,18.0,-0.1025,17.0,0.3428,8.0,-0.0226,176.0,0.0919,205.0,0.1021,165.0,0.1842,53.0,0.1418,43.0,0.0647,556.0
2025-12-30,Economic Data-Consumer Spending,-0.4588,4.0,0.0047,1.0,0.8942,1.0,0.0645,4.0,,,,,,,-0.5579,1.0,-0.3242,14.0,-0.915,1.0,0.0189,5.0,,,0.476,5.0,,,-0.1402,3.0,0.0008,2.0,,,0.0173,1.0,,,0.0065,2.0,,,0.1973,5.0,,,,,0.0191,1.0,-0.1015,9.0,0.473,2.0,-0.4509,2.0,0.014,3.0,-0.5806,4.0,-0.205,19.0
2025-12-30,Economic Data-Employment,-0.1175,23.0,-0.094,8.0,0.052,76.0,-0.3582,12.0,0.0943,8.0,-0.1646,6.0,0.4108,3.0,0.0502,7.0,-0.0902,46.0,0.0104,3.0,0.126,81.0,0.1262,5.0,-0.0033,23.0,0.0373,3.0,-0.0572,65.0,0.1334,4.0,0.27,7.0,0.035,8.0,0.3704,8.0,,,-0.0177,8.0,0.249,42.0,0.2019,7.0,0.3851,6.0,0.1867,4.0,0.0728,42.0,0.3277,45.0,-0.0511,75.0,0.0064,5.0,0.0023,4.0,-0.0005,82.0
2025-12-30,Economic Data-GDP,0.9425,2.0,,,-0.8694,1.0,,,,,0.0677,1.0,0.9386,1.0,-0.023,1.0,0.1065,5.0,0.1805,3.0,0.4797,10.0,,,-0.3986,7.0,,,-0.6849,2.0,-0.2066,3.0,-0.8694,1.0,0.3435,9.0,0.5786,1.0,0.5036,2.0,0.2029,2.0,-0.3563,5.0,0.0064,1.0,,,-0.8694,1.0,0.0285,7.0,-0.2938,5.0,0.2392,6.0,-0.905,1.0,,,0.0769,9.0
2025-12-30,Economic Data-Housing,0.0957,22.0,0.1051,18.0,-0.0633,6.0,0.0542,12.0,0.1382,15.0,0.2252,7.0,0.0035,3.0,-0.0258,11.0,0.1032,89.0,-0.1691,14.0,0.0412,58.0,0.0108,7.0,0.1229,40.0,0.0475,13.0,0.138,106.0,-0.0706,19.0,0.2611,7.0,-0.1586,5.0,0.0184,2.0,0.0083,2.0,-0.0853,18.0,0.0383,48.0,0.0314,13.0,-0.042,4.0,,,0.1302,98.0,0.0492,93.0,0.0345,34.0,0.3381,17.0,0.0021,13.0,0.1673,146.0
2025-12-30,Economic Data-Inflation,0.109,13.0,,,-0.4407,2.0,0.3847,2.0,,,0.0698,1.0,-0.0441,2.0,,,-0.05,32.0,,,-0.5467,13.0,-0.2715,2.0,0.151,1.0,0.1113,5.0,-0.1034,34.0,,,,,0.0637,1.0,-0.0094,5.0,0.0138,2.0,,,0.3911,4.0,0.9332,1.0,,,,,0.0951,24.0,0.1786,9.0,-0.0802,16.0,0.0613,4.0,,,0.0431,23.0
2025-12-30,Economic Data-Interest Rates,0.0405,21.0,0.1372,6.0,0.0381,11.0,0.162,6.0,-0.0234,1.0,-0.5215,6.0,-0.2575,10.0,-0.0961,5.0,0.1783,74.0,-0.1792,7.0,0.176,53.0,,,0.2068,12.0,-0.3392,12.0,0.0234,71.0,0.006,7.0,0.4676,5.0,-0.2786,2.0,0.2781,9.0,-0.0658,13.0,-0.117,7.0,-0.0157,43.0,0.006,2.0,-0.8608,2.0,,,0.2491,37.0,0.0186,28.0,0.0143,4.0,0.029,14.0,0.0007,13.0,0.0417,63.0
2025-12-30,Economic Data-Manufacturing,0.0083,5.0,0.0079,1.0,0.0184,2.0,,,0.4565,10.0,,,0.0492,2.0,,,0.0536,50.0,0.0084,1.0,0.0237,10.0,,,0.4045,7.0,0.0115,1.0,0.5289,16.0,0.1648,2.0,,,0.9403,1.0,0.2066,7.0,0.6177,3.0,,,0.0148,5.0,,,0.6044,6.0,,,0.2349,10.0,0.5655,30.0,0.4886,2.0,,,0.3933,4.0,0.3746,23.0
2025-12-30,Economic Data-Retail Sales,0.2134,7.0,-0.456,2.0,0.4523,2.0,0.0096,3.0,-0.0477,4.0,,,,,0.1014,2.0,-0.0124,32.0,0.0058,1.0,0.2415,9.0,0.003,5.0,-0.1769,6.0,0.125,5.0,0.1354,21.0,-0.0145,1.0,0.0132,1.0,0.9205,1.0,0.0135,2.0,0.328,4.0,0.0515,1.0,0.0343,16.0,,,0.0291,1.0,,,0.5886,12.0,0.2118,24.0,-0.1857,5.0,,,0.0417,7.0,0.2383,35.0
2025-12-30,Extreme Weather,-0.0826,177.0,-0.2769,107.0,-0.2362,202.0,-0.3054,57.0,0.2855,12.0,0.0792,18.0,0.003,9.0,-0.0124,47.0,-0.0875,354.0,-0.0085,21.0,-0.2175,294.0,-0.1739,23.0,-0.1063,90.0,-0.0006,38.0,0.0743,78.0,-0.0855,62.0,-0.5154,15.0,0.0152,11.0,-0.176,23.0,0.0916,12.0,-0.0871,79.0,-0.1922,251.0,0.0985,12.0,-0.2027,4.0,-0.0856,8.0,-0.2353,109.0,-0.0838,65.0,-0.3437,371.0,-0.1191,77.0,-0.2405,32.0,-0.0277,367.0
2025-12-30,Extreme Weather-Cold,-0.1733,5.0,-0.248,13.0,0.0124,2.0,-0.2088,39.0,0.099,3.0,-0.0952,10.0,-0.0047,4.0,-0.1435,27.0,-0.0379,63.0,-0.0745,25.0,-0.3916,105.0,-0.1568,2.0,-0.1524,45.0,-0.394,8.0,-0.2447,56.0,-0.1748,63.0,0.0211,5.0,0.0737,4.0,-0.3056,9.0,,,-0.234,37.0,-0.1312,155.0,-0.113,1.0,,,,,-0.0184,25.0,-0.1397,60.0,-0.3461,392.0,-0.112,46.0,-0.1642,31.0,-0.116,311.0
2025-12-30,Extreme Weather-Drought,-0.0396,24.0,-0.3259,4.0,-0.283,57.0,-0.067,7.0,,,,,0.0042,2.0,0.044,4.0,0.1574,17.0,-0.4646,4.0,-0.0314,33.0,0.0431,13.0,-0.1366,17.0,-0.0119,1.0,0.1395,5.0,-0.0834,8.0,-0.1299,10.0,-0.0568,1.0,0.1186,14.0,-0.124,1.0,0.0082,1.0,-0.0158,12.0,,,,,-0.2364,7.0,0.3562,23.0,0.6673,21.0,-0.3577,33.0,0.0014,5.0,-0.1338,6.0,0.1881,36.0
2025-12-30,Extreme Weather-Heat,0.021,69.0,0.3586,13.0,-0.2014,40.0,0.462,2.0,,,-0.1608,1.0,0.1769,1.0,-0.0706,4.0,0.1432,48.0,-0.2986,3.0,0.3173,11.0,0.1858,2.0,0.5441,7.0,0.9422,1.0,0.4796,13.0,0.0097,3.0,0.2915,4.0,,,,,0.7775,1.0,-0.098,10.0,0.15,29.0,,,0.3174,2.0,0.0049,7.0,0.0994,5.0,0.3671,9.0,0.0269,2.0,0.0078,1.0,0.9136,2.0,0.1516,38.0
2025-12-30,Fiscal Policy,0.0014,154.0,0.0713,29.0,0.0239,65.0,0.0113,25.0,0.1376,38.0,-0.085,12.0,0.0515,9.0,0.1379,33.0,-0.0621,221.0,-0.0904,15.0,0.1124,177.0,-0.0127,25.0,0.0232,341.0,0.1734,16.0,0.2616,159.0,0.1767,60.0,0.1442,8.0,0.0255,112.0,0.1324,57.0,-0.048,36.0,0.0394,52.0,0.0903,78.0,-0.0997,9.0,-0.3214,7.0,-0.012,7.0,0.1352,223.0,-0.0622,82.0,0.0738,114.0,0.0382,47.0,0.0331,25.0,0.0228,447.0
2025-12-30,Fiscal Policy-Stimulus Package,0.0255,60.0,-0.0336,14.0,0.0912,52.0,-0.0215,21.0,0.1341,25.0,0.0037,3.0,0.2756,7.0,0.1867,24.0,0.0769,69.0,-0.139,13.0,0.2158,82.0,-0.1093,15.0,0.0335,178.0,-0.0567,5.0,0.1252,54.0,0.1487,26.0,0.3248,3.0,0.067,105.0,0.1766,19.0,0.0666,34.0,0.0643,22.0,0.149,51.0,0.2871,7.0,-0.0473,7.0,0.0041,1.0,0.1563,133.0,-0.0775,41.0,-0.0443,38.0,0.128,26.0,0.0746,13.0,0.0653,300.0
2025-12-30,Monetary Policy,0.196,11.0,0.05,4.0,-0.0884,6.0,0.1573,6.0,0.0182,1.0,-0.2807,4.0,-0.1346,9.0,0.1546,9.0,0.3573,43.0,-0.3362,3.0,0.2197,40.0,,,0.511,7.0,-0.2331,9.0,0.023,44.0,0.0169,4.0,0.9028,4.0,-0.8431,3.0,0.6953,5.0,0.081,7.0,-0.3551,3.0,-0.1217,14.0,,,-0.8221,1.0,,,0.1064,8.0,0.198,19.0,0.304,5.0,0.0039,4.0,0.1614,6.0,0.012,32.0
2025-12-30,Monetary Policy-Interest Rates,,,,,,,,,,,,,0.0076,1.0,,,-0.0022,21.0,,,-0.235,4.0,0.0016,1.0,,,-0.2331,3.0,-0.9196,2.0,,,,,,,,,,,,,,,,,,,,,,,0.0114,5.0,0.0087,1.0,,,,,-0.4539,23.0
2025-12-30,Monetary Policy-Quantitative Easing,0.0352,11.0,0.4681,4.0,0.0031,2.0,0.637,6.0,,,0.0013,2.0,0.399,6.0,0.2156,5.0,0.176,37.0,-0.9141,1.0,0.004,13.0,,,0.5279,7.0,0.3146,3.0,0.1547,62.0,0.0065,1.0,,,0.161,9.0,0.912,2.0,0.3209,3.0,,,-0.1229,9.0,,,0.507,3.0,0.5198,2.0,0.5444,3.0,0.5708,27.0,0.0446,4.0,0.4641,7.0,0.0089,2.0,0.2419,42.0
2025-12-30,Natural Disaster,-0.0302,7.0,-0.5241,41.0,-0.5927,7.0,-0.6998,3.0,,,,,,,-0.2528,2.0,-0.4385,27.0,,,-0.1546,3.0,-0.4174,2.0,-0.2295,13.0,-0.0989,20.0,,,0.0106,8.0,-0.9019,1.0,,,-0.7805,1.0,0.0217,2.0,-0.3605,2.0,-0.5631,26.0,,,,,-0.5754,3.0,-0.6074,15.0,0.1109,13.0,-0.2539,77.0,,,-0.7136,4.0,-0.3749,26.0
2025-12-30,Oil Spills,-0.0344,1.0,,,,,,,,,,,,,,,,,,,-0.8853,4.0,,,,,,,,,,,,,-0.905,1.0,,,,,,,-0.5843,1.0,,,,,,,,,,,,,,,,,,
2025-12-30,Pandemic,-0.0838,173.0,-0.0754,145.0,-0.0577,134.0,-0.1155,82.0,0.0989,26.0,-0.1952,52.0,0.0305,51.0,-0.1076,136.0,-0.0296,835.0,-0.212,57.0,-0.0976,420.0,-0.1917,62.0,-0.0658,535.0,-0.2071,46.0,0.1024,384.0,-0.1459,197.0,-0.105,36.0,-0.1238,142.0,0.0664,106.0,0.0309,46.0,-0.0651,117.0,-0.0092,516.0,0.1305,30.0,-0.1916,26.0,-0.1165,38.0,-0.0215,383.0,-0.0139,276.0,-0.0606,437.0,-0.1889,147.0,-0.1,100.0,-0.0666,1120.0
2025-12-30,Politics,-0.0319,528.0,-0.0787,287.0,0.0307,348.0,-0.045,163.0,0.1581,123.0,0.0191,76.0,-0.0325,79.0,-0.0245,264.0,-0.0165,902.0,-0.1417,125.0,-0.061,1348.0,-0.0679,279.0,0.0085,1349.0,0.0132,106.0,0.0515,1091.0,0.0107,300.0,-0.0896,84.0,-0.0108,524.0,0.0063,275.0,-0.0198,192.0,-0.0867,272.0,-0.0138,814.0,0.097,47.0,-0.0109,46.0,-0.0557,56.0,-0.0046,907.0,-0.1301,454.0,-0.0237,803.0,0.0047,283.0,-0.0833,165.0,-0.0332,2713.0
2025-12-30,Politics-Election,0.2594,13.0,0.0196,3.0,0.0036,6.0,-0.3612,6.0,,,0.0137,1.0,0.044,9.0,0.009,18.0,0.0245,23.0,0.3503,9.0,-0.0551,253.0,-0.1256,2.0,-0.0245,35.0,-0.3942,2.0,-0.0263,26.0,0.0087,8.0,0.0007,2.0,-0.0127,31.0,0.223,9.0,0.0189,3.0,-0.016,4.0,,,,,-0.8852,1.0,0.0007,1.0,0.1569,27.0,0.0289,21.0,-0.0167,11.0,0.2948,3.0,-0.3743,5.0,-0.1306,119.0
2025-12-30,Politics-Political Tension,-0.0967,52.0,-0.0893,57.0,-0.0686,17.0,-0.0019,20.0,0.4282,10.0,-0.0113,12.0,0.2419,5.0,0.0484,13.0,-0.0887,53.0,-0.1181,9.0,-0.1487,127.0,0.0544,74.0,-0.0549,103.0,-0.0033,11.0,-0.205,161.0,-0.0413,20.0,-0.0495,8.0,-0.0999,45.0,-0.193,35.0,-0.1644,14.0,-0.0081,26.0,0.1248,56.0,-0.2539,5.0,-0.4629,5.0,-0.1324,5.0,-0.0449,69.0,-0.1419,33.0,-0.0394,32.0,0.0292,33.0,-0.2513,17.0,-0.1447,240.0
2025-12-30,Terrorist Attacks,-0.387,26.0,-0.2472,112.0,-0.4821,42.0,-0.4215,34.0,-0.0149,2.0,-0.8717,4.0,-0.3339,6.0,-0.5681,18.0,-0.3533,77.0,-0.3236,6.0,-0.3778,123.0,-0.4079,17.0,-0.4404,41.0,-0.4992,4.0,-0.7327,3.0,-0.6123,46.0,-0.3493,7.0,-0.3072,58.0,-0.3293,17.0,-0.2424,17.0,-0.3678,7.0,-0.3366,108.0,0.0004,1.0,-0.1499,7.0,-0.104,20.0,-0.3591,15.0,-0.6034,11.0,-0.4607,145.0,-0.5155,5.0,-0.2275,32.0,-0.2786,324.0
2025-12-30,Wars,-0.0412,18.0,0.0302,9.0,0.1671,10.0,0.019,2.0,0.0862,29.0,-0.0293,8.0,-0.055,28.0,0.0295,16.0,-0.0268,33.0,0.1336,13.0,0.0569,87.0,-0.0094,92.0,-0.0317,65.0,0.0715,11.0,0.0248,72.0,-0.1636,15.0,-0.0917,3.0,0.047,20.0,0.098,24.0,0.1522,11.0,-0.006,30.0,-0.1527,523.0,-0.0812,52.0,0.1021,5.0,-0.004,6.0,0.1108,46.0,0.0844,191.0,0.0037,142.0,-0.0157,214.0,-0.1727,6.0,-0.0002,235.0
2025-12-29,Economic Data,-0.0238,126.0,-0.034,32.0,0.1873,66.0,-0.0553,33.0,0.26,82.0,0.2716,27.0,0.2436,19.0,0.3275,37.0,0.0873,342.0,0.0551,29.0,0.1122,237.0,0.0408,29.0,0.1028,112.0,-0.0823,49.0,0.3806,319.0,0.0865,51.0,0.0133,21.0,0.3352,39.0,-0.0301,35.0,0.3548,36.0,-0.0214,45.0,0.1339,161.0,-0.0042,18.0,0.2492,17.0,0.1761,13.0,0.0818,167.0,0.2872,171.0,0.0176,148.0,0.2165,51.0,0.1157,62.0,0.1029,428.0
2025-12-29,Economic Data-Consumer Spending,0.031,1.0,0.2608,4.0,-0.1014,2.0,0.0259,3.0,,,,,,,0.0228,1.0,-0.1604,3.0,0.4647,1.0,0.1725,9.0,-0.089,2.0,0.075,5.0,0.0031,3.0,-0.0908,15.0,,,-0.2379,1.0,0.0347,1.0,,,0.3145,3.0,0.6384,4.0,-0.0018,6.0,,,,,-0.1258,2.0,0.2632,13.0,0.3264,3.0,-0.6044,3.0,0.1065,9.0,-0.0374,4.0,-0.0487,26.0
2025-12-29,Economic Data-Employment,0.0788,17.0,0.1818,11.0,0.1428,32.0,-0.7965,3.0,0.1472,11.0,-0.6097,3.0,0.3051,9.0,0.2274,7.0,0.0283,54.0,0.0912,5.0,0.1843,84.0,-0.0006,1.0,-0.0709,26.0,0.3496,16.0,0.1035,59.0,-0.1027,9.0,0.2317,3.0,0.1436,5.0,0.0206,4.0,0.3569,8.0,0.1283,12.0,-0.0236,35.0,-0.0221,7.0,0.2476,9.0,0.34,2.0,0.0417,60.0,-0.1304,36.0,0.5224,13.0,-0.0394,10.0,0.0893,4.0,0.0058,88.0
2025-12-29,Economic Data-GDP,-0.0018,1.0,,,-0.2812,3.0,-0.0695,2.0,0.4852,2.0,0.0074,1.0,,,0.6205,1.0,-0.3765,7.0,,,0.5697,6.0,0.3319,1.0,-0.048,9.0,,,0.4774,4.0,-0.2443,3.0,,,0.9477,4.0,,,0.9216,1.0,0.1712,2.0,0.0321,2.0,,,,,0.3154,4.0,-0.3254,3.0,0.4484,3.0,-0.0482,5.0,,,,,-0.2688,9.0
2025-12-29,Economic Data-Housing,0.2418,19.0,-0.1152,9.0,-0.1972,15.0,0.1862,14.0,0.9444,1.0,0.1773,13.0,0.1432,19.0,-0.0435,14.0,0.0493,73.0,0.4035,4.0,-0.0393,64.0,0.0827,12.0,0.1188,34.0,-0.0527,8.0,0.1846,121.0,0.2188,7.0,0.1171,11.0,0.2429,9.0,-0.3743,6.0,0.4848,2.0,0.0555,23.0,0.1527,74.0,0.3741,8.0,-0.1224,13.0,-0.1836,3.0,0.1969,97.0,-0.0502,67.0,0.178,28.0,-0.1233,10.0,0.123,25.0,0.1786,153.0
2025-12-29,Economic Data-Inflation,0.4453,3.0,-0.9065,1.0,-0.6605,4.0,-0.1096,5.0,,,0.0157,2.0,-0.912,1.0,,,-0.0999,7.0,0.0329,1.0,-0.6408,2.0,0.0054,2.0,0.4514,10.0,0.2941,6.0,0.3989,8.0,0.7667,1.0,,,-0.5107,3.0,-0.1484,4.0,0.2699,5.0,0.0034,4.0,-0.0915,13.0,-0.0018,1.0,,,,,-0.0918,9.0,0.3322,5.0,0.1389,18.0,0.5449,13.0,-0.2189,4.0,-0.0372,27.0
2025-12-29,Economic Data-Interest Rates,0.0861,19.0,-0.2356,3.0,0.2532,11.0,-0.2135,3.0,0.9217,1.0,0.6667,3.0,0.1584,14.0,-0.0873,4.0,0.0566,79.0,0.2949,3.0,-0.0471,73.0,,,0.239,14.0,-0.2402,4.0,0.2304,68.0,0.1518,3.0,-0.0176,5.0,-0.2634,8.0,0.0105,4.0,-0.1168,9.0,0.144,7.0,0.0514,52.0,0.0094,5.0,-0.3279,1.0,0.9212,1.0,-0.0888,12.0,0.0253,25.0,0.1949,6.0,0.0077,9.0,-0.0136,14.0,0.0419,53.0
2025-12-29,Economic Data-Manufacturing,-0.0322,3.0,0.009,1.0,0.3002,4.0,-0.4652,2.0,0.6627,9.0,,,0.9414,1.0,0.0174,2.0,0.4222,26.0,-0.0729,1.0,0.5508,34.0,0.0156,1.0,0.1474,4.0,0.6421,3.0,0.3464,24.0,0.3172,3.0,,,0.48,2.0,0.6334,3.0,0.0416,2.0,,,-0.0264,9.0,,,0.0108,1.0,0.0144,1.0,0.0623,4.0,0.6028,30.0,0.0529,8.0,,,-0.1311,1.0,0.437,20.0
2025-12-29,Economic Data-Retail Sales,-0.9137,3.0,0.069,3.0,-0.4371,2.0,0.4752,4.0,,,0.4611,2.0,0.3421,2.0,0.0474,2.0,-0.0231,10.0,0.0109,1.0,0.4635,12.0,0.4073,2.0,0.1526,12.0,0.9481,1.0,0.524,36.0,0.9301,1.0,0.3178,1.0,0.0624,1.0,-0.0351,2.0,0.3026,6.0,0.2717,3.0,0.1625,12.0,,,0.0254,2.0,0.8973,1.0,0.2874,6.0,0.119,19.0,,,0.003,3.0,0.4701,16.0,0.3678,31.0
2025-12-29,Extreme Weather,-0.089,218.0,-0.1787,69.0,-0.1522,191.0,-0.1579,52.0,0.1734,14.0,0.0067,15.0,-0.021,10.0,-0.214,50.0,-0.049,507.0,-0.0171,26.0,-0.3322,321.0,-0.3561,30.0,-0.0989,87.0,-0.0009,29.0,0.0232,109.0,-0.0548,42.0,-0.3837,57.0,-0.2743,21.0,-0.2514,24.0,0.1263,11.0,-0.0494,71.0,-0.1953,271.0,-0.1896,13.0,,,0.0078,4.0,-0.2224,229.0,-0.0766,105.0,-0.4084,374.0,-0.1709,85.0,-0.1385,25.0,-0.1804,377.0
2025-12-29,Extreme Weather-Cold,0.0646,6.0,-0.2021,18.0,,,-0.2166,63.0,0.0444,4.0,-0.0534,17.0,-0.1028,7.0,-0.2696,35.0,-0.1393,63.0,-0.0536,20.0,-0.2807,122.0,-0.5522,5.0,0.0031,51.0,-0.1062,5.0,-0.3402,30.0,-0.2698,46.0,-0.4471,3.0,-0.8796,4.0,0.2115,11.0,-0.2268,7.0,-0.221,41.0,-0.077,148.0,-0.4357,7.0,-0.7163,2.0,0.0711,1.0,-0.1037,29.0,-0.1001,52.0,-0.4133,474.0,-0.1223,51.0,-0.2572,35.0,-0.2633,307.0
2025-12-29,Extreme Weather-Drought,-0.0198,12.0,-0.4424,2.0,-0.0403,115.0,-0.2061,4.0,0.9504,1.0,,,-0.0076,2.0,0.0586,6.0,0.0797,8.0,-0.002,1.0,0.263,27.0,-0.2289,11.0,-0.2998,5.0,,,-0.3349,4.0,-0.1882,4.0,-0.1546,4.0,-0.8703,1.0,-0.1106,9.0,-0.2044,6.0,0.0493,4.0,0.2509,13.0,0.1688,1.0,,,-0.2903,4.0,-0.1015,59.0,-0.4279,3.0,-0.2848,32.0,0.0022,1.0,0.0097,1.0,0.1086,43.0
2025-12-29,Extreme Weather-Heat,-0.0159,60.0,0.2644,4.0,-0.013,69.0,-0.1181,7.0,0.0002,1.0,0.0309,1.0,,,0.0005,3.0,-0.0397,20.0,,,-0.3761,7.0,,,-0.0041,2.0,0.6523,3.0,0.1608,11.0,0.0245,4.0,-0.833,1.0,,,,,,,-0.014,2.0,0.2068,19.0,,,0.3902,2.0,-0.2119,6.0,0.0899,14.0,0.0975,2.0,-0.7201,1.0,0.0061,6.0,-0.065,5.0,0.0706,49.0
2025-12-29,Fiscal Policy,0.0295,119.0,-0.0224,39.0,0.1418,78.0,0.2663,25.0,0.0369,29.0,-0.0781,12.0,0.0411,13.0,0.0039,30.0,0.0501,185.0,-0.0011,24.0,0.0413,179.0,0.1496,19.0,0.0889,180.0,0.174,11.0,0.0979,138.0,-0.038,50.0,-0.0545,14.0,0.0333,110.0,0.183,46.0,0.1666,43.0,0.0134,31.0,0.1068,123.0,0.2713,4.0,-0.3364,3.0,-0.0757,6.0,0.0437,205.0,0.1164,45.0,-0.1638,71.0,0.0964,66.0,-0.1064,36.0,0.032,368.0
2025-12-29,Fiscal Policy-Stimulus Package,0.0375,85.0,0.0024,4.0,-0.0751,35.0,-0.1964,15.0,0.2399,10.0,-0.0017,10.0,0.2401,10.0,0.0439,12.0,0.1427,57.0,0.1893,18.0,0.0475,70.0,0.0951,5.0,0.0969,74.0,-0.2818,6.0,0.4433,61.0,0.2506,33.0,,,-0.0496,83.0,0.4819,18.0,-0.0225,48.0,0.0998,16.0,0.2691,71.0,0.0363,6.0,-0.0328,25.0,0.0053,1.0,0.1595,97.0,-0.118,17.0,-0.2473,39.0,-0.0202,18.0,-0.1595,14.0,0.0092,297.0
2025-12-29,Monetary Policy,0.071,10.0,,,0.123,10.0,,,,,,,0.151,8.0,-0.1171,3.0,0.099,48.0,,,-0.0032,57.0,,,0.0061,5.0,-0.002,2.0,0.2022,38.0,-0.4947,1.0,0.2191,2.0,0.07,4.0,0.0149,1.0,0.0112,3.0,-0.176,2.0,-0.0443,29.0,0.0013,3.0,-0.3279,1.0,0.9212,1.0,-0.247,5.0,0.1972,13.0,0.0042,6.0,0.2394,3.0,0.233,11.0,0.0158,37.0
2025-12-29,Monetary Policy-Interest Rates,,,-0.2356,3.0,0.2474,1.0,,,,,,,0.3719,4.0,,,0.093,19.0,0.0045,1.0,0.0,1.0,,,0.006,1.0,-0.1827,6.0,-0.3985,6.0,,,,,,,,,,,-0.48,2.0,,,,,,,-0.0046,1.0,,,0.015,5.0,-0.0092,4.0,,,0.4881,1.0,0.1897,6.0
2025-12-29,Monetary Policy-Quantitative Easing,-0.0103,12.0,,,-0.0677,7.0,0.0084,2.0,0.0876,6.0,0.0016,3.0,-0.0403,6.0,0.4781,2.0,-0.0475,49.0,-0.0264,2.0,0.2224,17.0,,,-0.4526,2.0,,,0.1115,34.0,,,,,0.9379,1.0,-0.6175,1.0,0.0065,5.0,0.0639,1.0,-0.0252,29.0,0.039,1.0,0.0105,1.0,,,,,0.1018,23.0,0.0136,6.0,0.0036,1.0,0.0211,1.0,-0.1046,24.0
2025-12-29,Natural Disaster,-0.6176,3.0,-0.3811,16.0,-0.8837,8.0,-0.6151,6.0,,,,,,,-0.4125,8.0,-0.1588,6.0,-0.751,3.0,-0.4302,8.0,-0.2312,6.0,-0.6438,21.0,-0.2518,8.0,-0.2487,8.0,-0.5066,3.0,-0.8799,12.0,,,,,-0.2162,2.0,-0.0388,1.0,-0.59,16.0,,,,,-0.2154,2.0,-0.4724,41.0,-0.0601,34.0,-0.4009,39.0,-0.9033,1.0,-0.1314,5.0,-0.4975,41.0
2025-12-29,Oil Spills,,,,,-0.0027,1.0,,,,,-0.569,1.0,,,,,-0.0829,6.0,,,,,,,,,,,,,,,,,,,,,,,,,-0.6112,4.0,,,,,,,,,-0.4402,3.0,,,,,,,-0.0517,1.0
2025-12-29,Pandemic,-0.066,132.0,-0.1092,132.0,-0.0856,131.0,0.0121,68.0,0.0807,24.0,-0.0668,22.0,-0.0036,32.0,-0.1081,119.0,0.0334,783.0,-0.2191,47.0,-0.1419,475.0,-0.0506,52.0,-0.0868,408.0,-0.0709,61.0,-0.019,363.0,-0.1574,219.0,-0.0388,25.0,-0.0353,148.0,-0.0466,96.0,0.1973,66.0,-0.0807,131.0,-0.0635,574.0,0.0818,22.0,0.0229,21.0,-0.2305,37.0,-0.1115,385.0,0.005,193.0,-0.191,422.0,-0.099,109.0,-0.1452,76.0,-0.0695,901.0
2025-12-29,Politics,-0.0008,456.0,0.0211,251.0,0.0088,328.0,0.0812,125.0,0.0699,80.0,-0.0372,71.0,0.1214,85.0,0.0038,217.0,0.02,870.0,-0.0415,176.0,-0.0806,1409.0,-0.0775,295.0,0.0135,993.0,-0.0601,90.0,-0.0112,1120.0,0.0035,252.0,-0.0375,57.0,-0.036,562.0,0.0204,251.0,0.0286,181.0,-0.0017,234.0,0.0161,1117.0,0.0916,36.0,-0.0922,57.0,-0.0413,47.0,-0.0207,814.0,-0.0367,325.0,-0.0685,673.0,0.0342,382.0,-0.0727,150.0,-0.0456,2422.0
2025-12-29,Politics-Election,0.0583,11.0,0.0367,8.0,0.0024,5.0,-0.4537,5.0,,,,,0.0024,8.0,-0.0254,19.0,0.1399,13.0,0.2157,4.0,0.0334,202.0,0.0001,4.0,0.0798,31.0,0.0387,5.0,-0.0797,17.0,0.0162,2.0,-0.0088,3.0,0.0643,32.0,-0.0529,9.0,-0.0019,1.0,0.0021,2.0,0.1631,4.0,,,-0.0092,3.0,-0.3258,2.0,0.0953,22.0,0.1209,22.0,0.0065,31.0,0.0023,7.0,0.892,1.0,0.0484,107.0
2025-12-29,Politics-Political Tension,-0.0804,65.0,-0.1934,55.0,0.1077,24.0,-0.1061,29.0,0.0333,12.0,-0.1521,8.0,0.0355,7.0,0.0519,20.0,0.0782,106.0,-0.1911,18.0,-0.1245,156.0,-0.0405,102.0,-0.0531,85.0,-0.0008,11.0,-0.1521,103.0,-0.0727,19.0,-0.0416,12.0,-0.106,56.0,-0.1029,27.0,-0.0178,8.0,-0.0298,29.0,0.0259,108.0,-0.368,2.0,-0.4731,6.0,-0.1112,12.0,-0.0254,121.0,-0.089,32.0,-0.0199,46.0,0.0616,128.0,-0.2286,24.0,-0.1402,245.0
2025-12-29,Terrorist Attacks,-0.4454,22.0,-0.2012,78.0,-0.5294,49.0,-0.1935,21.0,-0.2367,1.0,-0.4976,1.0,-0.4728,2.0,-0.4755,27.0,-0.3354,64.0,-0.5882,5.0,-0.3697,98.0,-0.349,29.0,-0.4393,58.0,-0.4957,14.0,-0.3553,2.0,-0.5202,62.0,-0.3335,5.0,-0.5344,49.0,-0.4848,35.0,-0.5665,7.0,-0.2834,8.0,-0.3591,79.0,-0.8853,1.0,-0.0121,1.0,-0.2765,12.0,-0.3255,22.0,-0.2327,12.0,-0.4636,118.0,-0.6079,7.0,-0.2897,14.0,-0.3379,282.0
2025-12-29,Wars,-0.0738,14.0,0.0227,17.0,0.0834,18.0,0.1274,8.0,0.1861,34.0,-0.098,4.0,-0.0564,26.0,0.1184,28.0,-0.2277,62.0,-0.1194,23.0,0.1054,85.0,-0.0201,102.0,-0.0329,69.0,0.1365,12.0,-0.0384,89.0,-0.0559,14.0,0.093,2.0,0.0409,39.0,0.1603,39.0,0.1887,6.0,-0.0029,16.0,-0.0628,679.0,0.1373,24.0,-0.1069,5.0,0.0071,2.0,-0.0371,42.0,-0.0378,205.0,-0.1207,178.0,-0.0503,233.0,-0.0039,4.0,-0.0512,181.0
2025-12-28,Economic Data,-0.041,51.0,0.429,30.0,0.3392,25.0,0.0745,10.0,-0.0132,14.0,0.2784,10.0,0.1101,34.0,0.0438,26.0,0.092,131.0,0.0043,12.0,0.1695,121.0,-0.0288,12.0,0.1615,62.0,0.2169,15.0,0.1432,142.0,0.1564,42.0,-0.045,7.0,-0.1341,15.0,0.1678,23.0,0.158,16.0,0.0925,19.0,0.0245,63.0,0.3675,9.0,0.2012,11.0,0.1912,6.0,0.0026,89.0,0.3602,62.0,0.0913,101.0,0.2039,15.0,-0.0197,18.0,0.0537,225.0
2025-12-28,Economic Data-Consumer Spending,-0.8996,1.0,-0.0055,1.0,-0.2692,1.0,0.003,2.0,,,,,,,0.936,2.0,-0.3943,4.0,-0.2022,1.0,0.0472,1.0,,,-0.003,1.0,-0.2495,4.0,-0.2276,10.0,-0.2027,4.0,-0.0055,1.0,,,,,0.4982,2.0,,,0.0176,1.0,,,-0.0251,3.0,0.9225,1.0,0.0135,2.0,0.6499,1.0,0.7414,1.0,-0.0159,6.0,0.0229,2.0,0.0408,20.0
2025-12-28,Economic Data-Employment,-0.0706,7.0,0.1506,8.0,0.2534,19.0,-0.0045,2.0,0.854,1.0,0.086,6.0,0.4828,4.0,-0.8863,1.0,0.265,21.0,0.0314,5.0,0.0415,60.0,0.0978,3.0,-0.3827,10.0,-0.104,10.0,0.1083,37.0,-0.8209,2.0,-0.1618,2.0,,,0.4291,2.0,,,0.0289,4.0,0.288,12.0,0.2313,9.0,-0.4592,4.0,0.0086,2.0,-0.0673,26.0,0.2008,8.0,0.0947,14.0,-0.0038,2.0,0.1601,4.0,0.042,54.0
2025-12-28,Economic Data-GDP,,,,,-0.3859,2.0,-0.8378,1.0,0.9415,1.0,,,,,,,0.9343,1.0,0.0411,1.0,0.4681,2.0,,,0.006,1.0,-0.878,1.0,,,-0.9146,1.0,,,0.7959,3.0,,,0.1633,1.0,,,0.3535,2.0,,,,,,,-0.4421,2.0,,,0.461,2.0,,,0.0105,1.0,-0.2113,6.0
2025-12-28,Economic Data-Housing,0.3082,4.0,-0.1327,16.0,0.1665,5.0,0.4121,7.0,,,0.4258,7.0,0.0661,16.0,0.0564,11.0,0.3117,52.0,0.2068,4.0,-0.3286,17.0,-0.1983,10.0,0.1524,13.0,0.2346,5.0,0.2073,69.0,0.3696,9.0,0.1552,10.0,0.0157,1.0,0.0065,1.0,-0.2966,3.0,-0.143,6.0,0.4414,16.0,-0.0005,2.0,0.3424,14.0,-0.0655,4.0,-0.0931,34.0,0.0064,28.0,-0.0941,26.0,0.2076,2.0,-0.138,12.0,0.0701,112.0
2025-12-28,Economic Data-Inflation,-0.009,7.0,0.944,1.0,,,,,,,,,,,,,0.3146,6.0,-0.003,1.0,0.4925,4.0,,,-0.0685,1.0,0.0468,1.0,-0.4435,4.0,,,,,,,0.0035,1.0,0.2537,3.0,,,-0.0111,2.0,,,,,,,,,,,-0.2023,24.0,-0.0034,1.0,,,-0.278,18.0
2025-12-28,Economic Data-Interest Rates,-0.0034,9.0,-0.052,4.0,0.3865,3.0,,,-0.8755,1.0,,,0.0851,8.0,,,-0.1521,10.0,,,0.0188,16.0,0.002,1.0,-0.21,6.0,-0.0191,3.0,0.0348,27.0,0.1595,7.0,-0.1969,4.0,-0.0907,1.0,-0.3651,2.0,0.0007,1.0,0.3396,4.0,-0.0586,11.0,0.0063,2.0,-0.5199,3.0,-0.0122,1.0,-0.0649,8.0,-0.0259,8.0,0.1466,6.0,-0.0437,2.0,0.0064,2.0,-0.0613,30.0
2025-12-28,Economic Data-Manufacturing,0.1251,3.0,,,,,,,0.0966,4.0,,,0.0081,1.0,0.9516,1.0,0.1533,9.0,,,0.8895,1.0,,,-0.8912,1.0,0.8601,3.0,0.0366,7.0,,,,,0.4328,2.0,,,0.6071,4.0,,,0.3796,5.0,0.6096,1.0,0.0094,3.0,,,0.5003,2.0,-0.4459,3.0,0.4486,4.0,,,0.558,3.0,0.625,11.0
2025-12-28,Economic Data-Retail Sales,-0.0174,3.0,-0.307,3.0,0.6081,1.0,0.4196,3.0,,,-0.4528,2.0,,,,,0.1227,4.0,,,-0.0008,4.0,0.0032,2.0,0.1637,6.0,0.0054,2.0,0.1649,15.0,0.7512,6.0,,,-0.0019,1.0,0.0064,1.0,,,,,0.1551,12.0,,,0.9469,1.0,,,0.3318,4.0,0.2297,3.0,0.0008,1.0,,,0.1994,5.0,0.133,20.0
2025-12-28,Extreme Weather,-0.2491,169.0,-0.1778,60.0,-0.1646,157.0,-0.0657,37.0,0.7027,5.0,-0.1499,10.0,0.187,5.0,-0.1831,13.0,-0.0791,325.0,-0.2305,28.0,-0.2513,148.0,-0.1828,35.0,-0.1235,60.0,-0.124,30.0,-0.1649,72.0,-0.0097,32.0,-0.2681,21.0,0.0016,3.0,-0.1549,24.0,0.2962,6.0,-0.1083,56.0,-0.1477,195.0,-0.0187,11.0,-0.9054,1.0,-0.5694,17.0,-0.2641,178.0,-0.3085,224.0,-0.2624,265.0,-0.1563,53.0,0.0244,10.0,-0.1396,287.0
2025-12-28,Extreme Weather-Cold,-0.063,7.0,-0.3717,8.0,,,-0.1114,37.0,0.005,2.0,-0.4693,13.0,-0.0506,3.0,0.022,26.0,-0.1342,53.0,-0.1751,22.0,-0.3493,84.0,0.0658,6.0,-0.0811,16.0,-0.0007,5.0,-0.2058,29.0,-0.2009,27.0,,,,,-0.0722,9.0,-0.3693,3.0,-0.1288,25.0,-0.187,99.0,-0.2795,6.0,-0.0735,4.0,,,0.0037,13.0,-0.316,40.0,-0.3392,318.0,-0.1501,34.0,-0.6388,16.0,-0.2493,228.0
2025-12-28,Extreme Weather-Drought,-0.1735,7.0,-0.413,8.0,-0.1391,65.0,-0.1245,6.0,0.9288,1.0,0.9479,1.0,-0.0243,4.0,0.1531,8.0,-0.091,6.0,-0.7987,1.0,-0.0905,10.0,0.0411,3.0,-0.293,3.0,,,-0.4008,2.0,-0.1712,6.0,-0.3037,3.0,,,0.2193,7.0,-0.0126,3.0,-0.6098,3.0,-0.1507,8.0,0.2065,5.0,,,-0.5256,3.0,0.1327,65.0,0.0133,2.0,-0.0598,20.0,0.8707,1.0,,,0.0282,21.0
2025-12-28,Extreme Weather-Heat,-0.1131,25.0,0.0058,11.0,0.1463,44.0,,,0.7943,1.0,,,,,0.0003,2.0,-0.0116,22.0,,,-0.513,12.0,,,0.0055,3.0,0.0338,1.0,-0.0087,5.0,0.0151,5.0,0.1496,1.0,-0.9167,1.0,,,,,0.0012,1.0,0.1459,7.0,,,0.0376,1.0,-0.0117,4.0,0.0726,11.0,,,,,0.1481,9.0,,,0.0997,34.0
2025-12-28,Fiscal Policy,-0.0526,44.0,-0.0747,33.0,0.0563,30.0,-0.0117,13.0,0.0329,7.0,0.0263,7.0,-0.0738,17.0,-0.0291,12.0,-0.0121,103.0,-0.0054,17.0,0.07,119.0,-0.1865,18.0,-0.0147,85.0,0.0006,7.0,0.1638,140.0,0.2098,33.0,0.0078,3.0,-0.1281,62.0,-0.0143,23.0,0.0614,36.0,-0.0146,9.0,-0.0579,57.0,0.0079,2.0,-0.2702,3.0,0.1895,5.0,-0.0681,87.0,-0.1106,45.0,0.0095,42.0,-0.0249,23.0,-0.1527,17.0,0.0182,230.0
2025-12-28,Fiscal Policy-Stimulus Package,0.1102,40.0,0.0045,11.0,-0.058,9.0,-0.2973,3.0,0.1538,4.0,0.026,2.0,0.0132,10.0,0.2663,9.0,-0.0774,55.0,0.3425,12.0,0.0583,30.0,0.0251,3.0,-0.0102,54.0,0.2427,6.0,0.3206,31.0,-0.0909,16.0,,,0.0313,27.0,0.1684,11.0,-0.0142,42.0,0.0151,2.0,0.027,19.0,0.0369,3.0,,,-0.2668,3.0,0.217,33.0,-0.0401,21.0,-0.1241,40.0,0.0022,9.0,-0.0686,14.0,0.0673,127.0
2025-12-28,Monetary Policy,0.0065,2.0,0.0087,1.0,0.1323,4.0,,,,,-0.0011,1.0,-0.0811,5.0,,,-0.4596,3.0,-0.0068,1.0,-0.0082,13.0,,,-0.2599,2.0,,,-0.0862,14.0,0.0006,2.0,0.0494,2.0,0.3968,3.0,-0.7368,1.0,,,0.2097,3.0,0.1397,3.0,,,-0.5199,3.0,,,0.0073,2.0,0.1884,2.0,0.0976,10.0,0.0017,2.0,,,0.0284,11.0
2025-12-28,Monetary Policy-Interest Rates,0.0008,2.0,,,,,,,,,,,0.2333,4.0,,,,,,,0.0012,1.0,,,,,-0.0743,1.0,-0.819,1.0,,,,,,,,,,,,,,,,,,,-0.0122,1.0,,,,,,,,,0.048,1.0,0.0355,2.0
2025-12-28,Monetary Policy-Quantitative Easing,0.0083,2.0,,,-0.0356,2.0,,,0.004,1.0,,,0.2402,4.0,,,0.7046,3.0,,,0.3687,5.0,,,0.0025,1.0,,,0.3155,9.0,,,-0.69,1.0,0.0047,3.0,0.9465,1.0,0.0037,1.0,-0.2061,1.0,,,,,-0.0012,1.0,,,,,0.3108,7.0,0.0067,13.0,,,,,0.15,13.0
2025-12-28,Natural Disaster,-0.4918,11.0,-0.8176,15.0,-0.8116,1.0,-0.2905,2.0,,,0.7808,1.0,,,-0.9016,1.0,-0.4606,10.0,-0.5924,3.0,0.0204,3.0,-0.1809,7.0,-0.5057,11.0,-0.3543,10.0,-0.4898,4.0,-0.0673,2.0,,,,,-0.4493,3.0,,,-0.0311,2.0,-0.1906,8.0,,,,,-0.8913,2.0,-0.4599,24.0,-0.3133,165.0,-0.661,39.0,-0.0023,1.0,,,-0.449,26.0
2025-12-28,Oil Spills,,,,,,,,,,,,,,,,,,,,,,,,,,,0.0089,1.0,,,,,-0.4172,6.0,0.0008,2.0,,,,,,,-0.6563,1.0,,,,,,,,,,,,,,,,,,
2025-12-28,Pandemic,-0.1039,62.0,-0.0474,115.0,-0.1383,89.0,-0.1097,28.0,-0.0774,10.0,-0.2675,17.0,-0.1278,44.0,0.0305,75.0,0.0051,602.0,-0.2814,43.0,-0.1209,368.0,-0.1224,63.0,-0.1638,285.0,-0.0657,40.0,-0.026,169.0,-0.0991,101.0,-0.0696,26.0,-0.0256,102.0,0.0034,53.0,0.1335,45.0,-0.082,77.0,-0.0886,305.0,-0.0195,23.0,-0.3247,19.0,-0.0432,22.0,-0.0463,201.0,-0.207,97.0,-0.209,292.0,-0.1499,44.0,-0.3316,42.0,-0.0848,582.0
2025-12-28,Politics,-0.0174,227.0,-0.0032,248.0,-0.0333,178.0,0.0322,62.0,0.101,29.0,-0.0004,46.0,-0.0758,114.0,0.0277,145.0,-0.0056,519.0,-0.0251,108.0,-0.0561,1008.0,-0.1512,317.0,-0.0163,618.0,0.0332,52.0,-0.0236,740.0,0.0377,148.0,-0.0865,41.0,-0.0449,272.0,0.0068,183.0,0.031,130.0,-0.0553,89.0,-0.0073,430.0,-0.0275,31.0,0.047,34.0,-0.0505,36.0,-0.0148,452.0,-0.0979,216.0,-0.0378,471.0,0.0215,159.0,-0.0682,83.0,-0.05,1616.0
2025-12-28,Politics-Election,0.1283,7.0,-0.0261,12.0,0.0185,3.0,0.0097,2.0,,,,,0.0115,33.0,0.0477,12.0,0.1179,10.0,0.049,2.0,-0.0523,157.0,0.0101,10.0,0.0051,18.0,0.0543,12.0,0.2048,14.0,0.1308,3.0,0.2889,2.0,0.2866,12.0,0.5889,7.0,0.0177,1.0,,,0.4755,4.0,0.4044,3.0,,,,,0.0303,21.0,0.0532,12.0,-0.0386,12.0,0.0054,5.0,0.0078,2.0,0.082,107.0
2025-12-28,Politics-Political Tension,0.0154,35.0,-0.2042,34.0,-0.2592,14.0,0.1747,3.0,0.2002,7.0,-0.212,4.0,0.0014,2.0,-0.2676,7.0,-0.0248,68.0,0.0498,16.0,-0.1644,142.0,-0.1223,69.0,-0.001,68.0,-0.3879,12.0,-0.1961,116.0,-0.0235,13.0,0.0069,5.0,-0.1773,37.0,-0.0525,35.0,-0.0077,8.0,-0.0071,25.0,0.1015,77.0,0.0057,3.0,0.2158,4.0,-0.1645,4.0,-0.1053,84.0,-0.0088,37.0,-0.0673,57.0,-0.1519,140.0,-0.1934,9.0,-0.0626,222.0
2025-12-28,Terrorist Attacks,-0.3794,18.0,-0.5353,70.0,-0.5491,19.0,-0.4495,7.0,,,-0.8232,1.0,-0.3867,2.0,-0.4083,15.0,-0.4541,22.0,-0.7124,2.0,-0.6081,92.0,-0.2496,26.0,-0.4599,35.0,-0.6931,7.0,,,-0.5418,42.0,-0.6541,7.0,-0.4766,35.0,-0.5512,14.0,-0.2277,8.0,0.0228,1.0,-0.6688,42.0,-0.5376,3.0,-0.8768,3.0,-0.4666,6.0,-0.3801,5.0,-0.0582,5.0,-0.4558,74.0,,,-0.6123,8.0,-0.3733,169.0
2025-12-28,Wars,0.1022,11.0,-0.1142,18.0,0.0414,11.0,0.3023,2.0,0.04,4.0,-0.1744,4.0,0.1111,24.0,-0.0444,8.0,-0.0283,43.0,-0.087,11.0,0.1594,75.0,-0.0247,81.0,-0.1176,48.0,0.2539,10.0,-0.0934,43.0,0.1117,10.0,,,0.1345,26.0,-0.0036,23.0,-0.2191,5.0,-0.019,16.0,-0.137,429.0,0.0297,16.0,-0.232,6.0,-0.2131,5.0,-0.0176,29.0,0.0509,32.0,0.0745,102.0,-0.0633,171.0,0.1502,5.0,-0.0191,118.0
2025-12-27,Economic Data,0.1065,64.0,-0.1013,18.0,0.1661,24.0,-0.0325,8.0,0.1894,16.0,-0.1096,9.0,0.1171,19.0,-0.1005,16.0,0.0959,96.0,0.1783,18.0,0.0859,156.0,0.0175,5.0,0.0582,76.0,0.4165,39.0,0.158,34.0,0.0362,32.0,0.0744,18.0,0.1974,20.0,0.2148,35.0,0.4813,8.0,-0.1986,19.0,0.0577,90.0,0.3459,15.0,-0.0795,13.0,0.3575,6.0,0.1368,107.0,0.0994,59.0,-0.0341,94.0,0.137,13.0,-0.014,22.0,0.0642,264.0
2025-12-27,Economic Data-Consumer Spending,0.0626,5.0,0.0044,1.0,0.001,2.0,,,0.0184,1.0,0.232,2.0,-0.9156,1.0,,,,,0.4673,2.0,0.0205,5.0,,,0.0247,2.0,0.0017,1.0,-0.0709,3.0,,,,,,,,,-0.4541,3.0,,,0.2718,4.0,,,0.4624,2.0,,,0.3215,3.0,-0.013,2.0,-0.0538,1.0,0.0082,2.0,-0.0181,5.0,-0.0669,20.0
2025-12-27,Economic Data-Employment,-0.1828,9.0,0.9183,2.0,-0.0306,16.0,,,0.0475,5.0,0.0129,2.0,0.4749,2.0,-0.6034,4.0,0.0493,34.0,0.001,1.0,-0.0168,57.0,-0.0023,2.0,-0.1749,15.0,-0.4998,9.0,-0.2687,8.0,0.0429,3.0,,,0.2559,2.0,0.7282,6.0,0.0094,3.0,0.0168,4.0,0.0695,17.0,0.0591,5.0,0.9447,1.0,-0.2555,3.0,0.1961,18.0,0.0645,10.0,0.2643,25.0,-0.0235,8.0,-0.418,3.0,0.1546,50.0
2025-12-27,Economic Data-GDP,-0.3792,1.0,,,-0.069,1.0,,,0.1261,1.0,,,0.7848,2.0,,,,,,,0.7889,3.0,,,-0.4273,2.0,,,0.028,5.0,,,,,,,,,,,-0.0321,1.0,,,,,,,,,-0.0157,3.0,0.9535,2.0,0.0797,7.0,,,,,-0.0135,2.0
2025-12-27,Economic Data-Housing,0.0298,6.0,-0.3016,11.0,-0.0014,1.0,-0.0004,2.0,,,0.1611,6.0,0.111,10.0,0.0058,8.0,-0.0474,12.0,0.085,4.0,-0.0663,25.0,,,-0.0129,14.0,0.1517,2.0,0.3266,6.0,-0.1248,6.0,0.9375,3.0,0.4392,3.0,0.0125,1.0,0.004,3.0,-0.0078,5.0,0.0073,15.0,0.4643,4.0,0.5208,9.0,-0.5904,4.0,0.0352,37.0,-0.1028,17.0,0.1065,28.0,0.001,7.0,-0.0448,14.0,0.0414,74.0
2025-12-27,Economic Data-Inflation,-0.4931,8.0,0.9399,2.0,,,0.0455,1.0,-0.2537,1.0,,,,,,,-0.0042,2.0,-0.8752,1.0,-0.0964,4.0,,,-0.6125,2.0,0.4453,2.0,0.2411,4.0,,,-0.017,1.0,,,-0.0965,1.0,,,,,-0.9226,1.0,,,,,,,0.2327,2.0,,,0.0918,21.0,-0.9173,1.0,0.0737,2.0,0.1329,10.0
2025-12-27,Economic Data-Interest Rates,0.097,4.0,,,0.0745,7.0,-0.295,2.0,,,-0.0074,1.0,-0.0848,7.0,-0.2313,1.0,0.3551,2.0,,,0.0641,30.0,,,-0.0267,2.0,0.2423,5.0,0.3167,5.0,-0.3944,2.0,,,0.4107,2.0,0.4183,2.0,0.0031,3.0,,,0.2039,22.0,,,-0.3279,1.0,,,-0.3618,6.0,0.3205,4.0,-0.0078,2.0,,,-0.0721,5.0,0.0985,30.0
2025-12-27,Economic Data-Manufacturing,0.6401,3.0,,,0.9423,1.0,,,0.3638,4.0,,,,,,,-0.0206,5.0,,,0.5379,6.0,,,0.0654,3.0,0.5275,1.0,,,,,0.9423,1.0,,,,,,,0.2723,3.0,0.9461,2.0,0.0238,2.0,,,0.9423,1.0,0.4562,5.0,-0.0195,12.0,-0.0473,6.0,,,0.2019,1.0,0.0361,5.0
2025-12-27,Economic Data-Retail Sales,0.9497,1.0,,,0.3165,3.0,0.147,4.0,,,0.0017,2.0,,,0.0025,1.0,-0.1515,6.0,0.9281,1.0,0.6974,5.0,,,0.3218,10.0,,,-0.9147,1.0,0.482,2.0,,,0.4993,2.0,,,-0.0009,1.0,-0.0446,3.0,-0.0049,6.0,,,,,0.0195,1.0,0.0168,2.0,-0.1386,3.0,0.0005,1.0,0.0154,2.0,0.3161,7.0,0.0638,26.0
2025-12-27,Extreme Weather,-0.0285,183.0,-0.3467,56.0,-0.2481,231.0,-0.1436,27.0,0.9479,3.0,-0.1471,8.0,-0.0816,7.0,0.0009,29.0,-0.0964,278.0,-0.0185,24.0,-0.2827,177.0,-0.3588,22.0,-0.1115,109.0,-0.1275,43.0,-0.0563,58.0,-0.014,39.0,-0.1653,16.0,0.0272,1.0,-0.1482,12.0,-0.2069,12.0,-0.0546,60.0,-0.1901,173.0,0.1506,14.0,-0.4725,10.0,-0.7747,11.0,-0.1697,173.0,-0.2362,294.0,-0.221,266.0,-0.1449,98.0,-0.1273,13.0,-0.2118,372.0
2025-12-27,Extreme Weather-Cold,-0.1668,5.0,-0.2031,19.0,-0.6592,4.0,-0.2456,32.0,,,-0.2945,4.0,0.0103,5.0,0.08,20.0,-0.1216,78.0,-0.0764,14.0,-0.2662,104.0,-0.6632,4.0,-0.1765,21.0,-0.2701,11.0,-0.0072,47.0,-0.3503,30.0,-0.841,2.0,,,-0.2528,5.0,-0.0112,2.0,-0.2126,38.0,-0.1126,111.0,-0.1631,5.0,0.0544,5.0,,,-0.1488,26.0,-0.0943,36.0,-0.3595,332.0,-0.0048,22.0,-0.0215,6.0,-0.2662,276.0
2025-12-27,Extreme Weather-Drought,0.0295,4.0,-0.1834,22.0,-0.4034,58.0,0.0743,2.0,0.3079,2.0,,,-0.0024,4.0,0.0084,3.0,0.0127,3.0,-0.0003,1.0,-0.2812,13.0,0.0797,9.0,-0.1068,9.0,-0.546,1.0,-0.5533,1.0,-0.0233,7.0,0.2065,4.0,,,-0.0483,6.0,-0.0978,7.0,0.5357,2.0,-0.4849,5.0,0.0039,3.0,,,-0.0171,2.0,-0.0876,36.0,-0.0279,1.0,-0.1151,29.0,-0.4538,3.0,0.9053,1.0,-0.1354,43.0
2025-12-27,Extreme Weather-Heat,-0.1686,37.0,,,0.0177,50.0,,,,,,,,,0.0046,1.0,0.0062,20.0,0.001,1.0,-0.4459,10.0,,,-0.034,4.0,,,0.0595,4.0,0.0027,3.0,,,,,,,0.4694,2.0,0.0392,4.0,-0.1997,5.0,,,,,,,0.1674,5.0,-0.008,3.0,0.9301,1.0,-0.1725,6.0,,,-0.1396,44.0
2025-12-27,Fiscal Policy,0.0101,80.0,-0.187,20.0,0.0802,24.0,-0.1281,11.0,-0.0341,9.0,-0.0015,1.0,0.4742,9.0,-0.0749,23.0,0.0048,56.0,0.0197,15.0,-0.0037,143.0,0.003,9.0,0.0277,98.0,-0.1557,7.0,0.1133,19.0,0.0475,30.0,-0.0534,4.0,0.0987,48.0,0.1098,36.0,0.1124,29.0,-0.2802,14.0,-0.0067,52.0,0.0238,1.0,-0.0075,5.0,-0.0955,8.0,0.0519,82.0,-0.0031,31.0,0.1671,56.0,0.1323,32.0,-0.0681,16.0,0.0013,242.0
2025-12-27,Fiscal Policy-Stimulus Package,0.078,87.0,0.3448,3.0,0.2359,15.0,-0.0245,4.0,0.4502,9.0,-0.0951,11.0,0.0234,7.0,0.0642,13.0,0.0559,35.0,0.1377,5.0,0.0216,51.0,0.0019,2.0,-0.0555,53.0,-0.1801,17.0,0.831,10.0,0.1996,16.0,-0.0309,1.0,0.1184,30.0,0.2114,15.0,0.1983,15.0,-0.0549,4.0,0.1825,18.0,0.0411,2.0,-0.432,3.0,,,0.1081,45.0,0.1257,19.0,0.2767,21.0,-0.0048,11.0,-0.0014,18.0,-0.0329,135.0
2025-12-27,Monetary Policy,0.1433,3.0,0.0065,2.0,0.3221,3.0,0.0036,1.0,,,,,-0.4713,5.0,,,0.3551,2.0,,,-0.0017,20.0,,,0.0091,1.0,0.4723,2.0,0.3167,5.0,-0.3316,3.0,,,0.352,2.0,,,,,,,0.0086,12.0,,,-0.3279,1.0,,,0.2118,2.0,,,0.0159,5.0,,,0.0036,1.0,0.0843,12.0
2025-12-27,Monetary Policy-Interest Rates,,,,,,,,,,,,,0.4594,5.0,,,,,,,0.2939,3.0,,,,,,,,,,,,,,,,,,,,,-0.0138,1.0,-0.5586,1.0,,,,,0.9449,1.0,,,-0.8976,1.0,,,,,0.0451,2.0
2025-12-27,Monetary Policy-Quantitative Easing,-0.0025,1.0,0.0032,2.0,0.002,3.0,0.9487,1.0,-0.03,1.0,,,0.8996,2.0,0.0093,1.0,0.0234,4.0,,,0.5705,7.0,,,0.4831,2.0,-0.5441,1.0,0.1236,3.0,,,,,,,0.3682,5.0,,,,,0.1682,8.0,-0.0043,1.0,0.012,1.0,,,0.0088,1.0,0.6358,5.0,-0.0001,1.0,-0.0048,2.0,,,-0.0705,11.0
2025-12-27,Natural Disaster,-0.2803,4.0,-0.691,2.0,-0.0773,2.0,,,,,,,-0.7265,1.0,,,-0.2644,10.0,,,-0.1939,11.0,-0.9051,2.0,-0.2048,22.0,-0.5098,12.0,,,-0.6616,4.0,0.0784,1.0,,,,,0.161,2.0,,,-0.6384,11.0,-0.1445,1.0,-0.1984,3.0,-0.8837,6.0,-0.7291,29.0,-0.4154,234.0,-0.2523,30.0,,,-0.329,4.0,-0.5623,48.0
2025-12-27,Oil Spills,,,,,,,,,,,,,,,,,,,,,-0.0135,1.0,,,,,,,,,-0.6515,4.0,,,0.0739,2.0,,,,,,,-0.7863,3.0,,,,,,,,,,,,,,,,,-0.6551,6.0
2025-12-27,Pandemic,0.0356,82.0,-0.0729,76.0,-0.1461,130.0,-0.1465,40.0,-0.0535,9.0,-0.1446,23.0,0.1792,43.0,-0.2562,88.0,-0.147,598.0,-0.0116,33.0,-0.1481,429.0,-0.0301,20.0,-0.0991,332.0,-0.17,61.0,-0.0788,62.0,-0.0892,115.0,-0.0287,22.0,-0.0779,65.0,0.0123,70.0,0.1662,52.0,-0.0661,91.0,-0.062,345.0,0.1375,24.0,-0.2307,15.0,-0.1098,20.0,-0.0355,204.0,-0.1911,93.0,-0.0982,301.0,-0.1356,70.0,-0.2106,58.0,-0.1222,659.0
2025-12-27,Politics,-0.0171,341.0,-0.1244,166.0,0.0002,213.0,-0.0393,76.0,0.0167,71.0,-0.0598,46.0,-0.0107,80.0,-0.0413,133.0,-0.0322,308.0,0.0065,91.0,-0.12,1096.0,-0.0883,139.0,-0.0081,688.0,-0.0719,82.0,-0.1042,256.0,0.0618,168.0,0.0264,44.0,0.054,246.0,0.0236,260.0,0.0196,114.0,-0.1154,104.0,-0.0003,418.0,0.1131,27.0,-0.2811,32.0,-0.2235,31.0,-0.0237,466.0,-0.0893,251.0,-0.0452,630.0,0.0526,177.0,-0.0976,105.0,-0.0462,1547.0
2025-12-27,Politics-Election,0.0484,11.0,-0.249,11.0,0.0048,3.0,-0.2187,2.0,,,0.0673,2.0,-0.0426,30.0,0.0064,10.0,-0.0479,11.0,0.34,11.0,-0.0418,136.0,0.0027,1.0,0.1555,7.0,-0.2855,4.0,0.4623,4.0,-0.8676,1.0,0.0033,1.0,0.4681,8.0,-0.0856,6.0,0.2654,3.0,,,,,0.0013,1.0,,,0.0675,1.0,-0.1573,18.0,0.0288,31.0,0.0041,9.0,0.0085,4.0,-0.1884,6.0,0.0115,67.0
2025-12-27,Politics-Political Tension,-0.1852,39.0,-0.0597,47.0,-0.1988,11.0,0.5175,14.0,-0.1131,8.0,0.0052,1.0,0.012,3.0,-0.1138,4.0,-0.0305,64.0,-0.0562,12.0,-0.2187,141.0,-0.0788,22.0,-0.0706,52.0,-0.0673,17.0,-0.1344,44.0,-0.0817,19.0,-0.2383,8.0,-0.1026,24.0,-0.061,59.0,0.0443,3.0,-0.1526,10.0,-0.0904,27.0,-0.1095,3.0,-0.0062,2.0,-0.062,7.0,0.0211,48.0,-0.0841,24.0,0.0894,38.0,0.0083,79.0,-0.138,12.0,-0.0805,186.0
2025-12-27,Terrorist Attacks,-0.4961,9.0,-0.3821,67.0,-0.5859,28.0,-0.2644,21.0,,,-0.4485,4.0,-0.3426,3.0,-0.3773,17.0,-0.439,37.0,-0.8342,1.0,-0.4769,104.0,-0.3721,71.0,-0.4956,68.0,-0.7895,5.0,-0.8901,3.0,-0.6292,23.0,-0.7302,5.0,-0.2189,42.0,-0.532,22.0,-0.5702,3.0,-0.652,4.0,-0.379,50.0,-0.0117,1.0,-0.4787,1.0,-0.6176,10.0,-0.3458,12.0,-0.3808,7.0,-0.4898,55.0,-0.4056,19.0,-0.3548,19.0,-0.4247,203.0
2025-12-27,Wars,-0.1851,9.0,0.0005,1.0,0.3388,8.0,0.3152,3.0,0.0128,3.0,-0.1879,4.0,0.033,11.0,0.0099,7.0,0.2279,22.0,0.0246,17.0,0.0418,63.0,0.0921,61.0,0.043,62.0,0.2819,5.0,-0.0539,18.0,-0.0129,8.0,0.0137,1.0,0.132,57.0,0.2357,22.0,0.0799,9.0,0.053,39.0,-0.1432,710.0,-0.0172,25.0,-0.0006,3.0,-0.1934,3.0,0.1814,23.0,-0.1078,27.0,-0.0336,81.0,-0.0882,148.0,0.0763,7.0,-0.0045,137.0
2025-12-26,Economic Data,0.113,112.0,0.2988,57.0,0.1168,51.0,0.0212,29.0,0.3245,54.0,-0.0931,13.0,0.3175,20.0,0.0495,35.0,-0.0054,130.0,-0.003,12.0,0.0468,198.0,-0.0033,8.0,0.0664,47.0,0.1564,148.0,0.2536,177.0,0.0842,30.0,-0.0239,11.0,0.2329,8.0,0.01,31.0,-0.111,42.0,-0.094,25.0,0.0346,225.0,0.2297,12.0,0.0496,17.0,-0.1488,6.0,0.0443,98.0,0.2425,136.0,-0.0088,195.0,0.2057,69.0,0.0446,23.0,0.0007,406.0
2025-12-26,Economic Data-Consumer Spending,-0.371,13.0,0.1175,4.0,0.9477,1.0,-0.0277,4.0,0.3729,1.0,,,,,,,-0.437,2.0,0.0692,2.0,-0.0257,2.0,,,0.0902,5.0,,,-0.2593,2.0,-0.3273,4.0,0.9477,1.0,,,,,-0.4537,2.0,0.0249,1.0,0.2811,5.0,0.0006,1.0,0.6206,4.0,0.9477,1.0,0.2379,7.0,0.1934,4.0,0.2832,4.0,,,0.1668,6.0,0.0094,49.0
2025-12-26,Economic Data-Employment,-0.051,10.0,-0.1984,4.0,0.0605,29.0,-0.0774,3.0,0.4302,8.0,0.0096,1.0,0.8469,3.0,0.2201,8.0,-0.1639,32.0,0.0017,1.0,0.0237,88.0,,,-0.0195,8.0,0.2277,87.0,-0.0601,41.0,-0.2126,9.0,,,0.1259,6.0,0.9363,1.0,0.4152,3.0,-0.2086,4.0,-0.0892,39.0,-0.1282,3.0,0.0038,1.0,-0.0139,2.0,0.0513,32.0,0.2471,24.0,0.1653,48.0,0.0231,17.0,0.1223,3.0,0.0964,81.0
2025-12-26,Economic Data-GDP,,,,,0.4374,5.0,-0.9077,1.0,0.5622,4.0,0.4969,4.0,,,,,0.3274,2.0,,,0.3345,9.0,,,,,,,-0.4091,6.0,0.4179,1.0,,,,,0.4761,5.0,-0.8857,2.0,,,0.4665,5.0,0.0381,1.0,0.4796,3.0,,,-0.877,1.0,0.9513,1.0,0.9446,1.0,0.0121,1.0,,,-0.2116,6.0
2025-12-26,Economic Data-Housing,0.1093,15.0,0.2222,15.0,0.3844,6.0,-0.0101,3.0,0.0132,8.0,0.0472,1.0,0.0049,2.0,0.1121,18.0,0.0227,14.0,0.0057,2.0,0.0065,57.0,0.0828,6.0,0.0102,11.0,0.1914,24.0,0.037,46.0,0.164,7.0,0.7996,1.0,0.0159,1.0,-0.8335,1.0,-0.3289,13.0,-0.0049,3.0,0.0936,48.0,-0.1016,5.0,0.3015,15.0,0.4549,2.0,0.1718,55.0,0.1519,96.0,0.0623,30.0,0.0395,11.0,0.1882,13.0,-0.0054,160.0
2025-12-26,Economic Data-Inflation,0.4289,5.0,-0.2198,3.0,,,,,,,,,0.003,1.0,-0.0199,1.0,-0.3402,2.0,,,0.0026,1.0,,,,,0.1781,16.0,-0.2919,3.0,,,,,,,0.0522,6.0,,,,,0.2385,8.0,,,,,,,0.1337,2.0,-0.0015,2.0,-0.0105,39.0,0.0031,2.0,-0.8345,3.0,0.0522,27.0
2025-12-26,Economic Data-Interest Rates,0.0638,19.0,0.0168,1.0,0.2595,14.0,,,0.0942,2.0,,,0.0087,3.0,-0.9103,1.0,-0.0016,24.0,,,0.1434,42.0,-0.0173,1.0,0.4756,4.0,0.0819,15.0,0.1334,24.0,0.4306,4.0,-0.8974,2.0,0.8882,2.0,-0.001,4.0,-0.1387,6.0,-0.0,1.0,0.1306,49.0,,,-0.4449,1.0,,,-0.3187,15.0,-0.1466,14.0,0.0171,11.0,0.1047,13.0,0.4601,1.0,0.2186,50.0
2025-12-26,Economic Data-Manufacturing,-0.5401,5.0,,,0.1583,5.0,0.4782,2.0,0.6736,12.0,,,0.0334,1.0,0.006,1.0,-0.0169,15.0,,,0.7979,8.0,,,-0.3614,5.0,0.0384,7.0,0.3748,21.0,0.6129,1.0,,,0.0075,1.0,0.4572,2.0,0.4759,2.0,,,0.0985,17.0,0.0376,1.0,0.9434,9.0,,,0.3493,5.0,0.572,41.0,0.5109,15.0,,,0.9406,1.0,0.2893,14.0
2025-12-26,Economic Data-Retail Sales,0.2014,11.0,0.0052,11.0,0.01,8.0,-0.0341,10.0,0.242,3.0,-0.3141,2.0,0.9436,1.0,0.1869,5.0,-0.0317,17.0,,,0.5746,9.0,,,0.2936,3.0,0.1341,17.0,0.6263,13.0,0.0066,1.0,0.2642,2.0,0.0237,3.0,,,0.622,3.0,-0.0015,1.0,0.0848,13.0,0.0006,1.0,0.9512,1.0,0.0247,1.0,0.3222,14.0,0.2868,7.0,0.0056,3.0,,,0.0947,7.0,0.0371,53.0
2025-12-26,Extreme Weather,-0.1063,221.0,-0.1897,55.0,-0.1367,225.0,-0.3777,48.0,0.0818,9.0,-0.0174,16.0,0.0005,3.0,-0.1742,58.0,-0.174,296.0,-0.1009,19.0,-0.2866,218.0,-0.237,7.0,-0.1926,112.0,-0.1504,58.0,-0.0162,111.0,-0.1197,65.0,-0.2797,11.0,-0.1592,8.0,-0.3587,16.0,-0.1507,27.0,-0.1519,61.0,-0.0949,258.0,0.0894,9.0,-0.1033,6.0,-0.1494,8.0,-0.1554,166.0,-0.0172,82.0,-0.169,147.0,-0.1979,96.0,-0.0591,33.0,-0.1649,379.0
2025-12-26,Extreme Weather-Cold,-0.0772,10.0,-0.4593,6.0,-0.0277,1.0,-0.2969,38.0,-0.2212,2.0,-0.0741,13.0,-0.0039,3.0,-0.1188,42.0,0.05,84.0,-0.0391,15.0,-0.2402,108.0,-0.2944,6.0,-0.0245,19.0,-0.2482,22.0,-0.1918,115.0,-0.189,32.0,,,,,-0.1121,5.0,,,-0.2289,28.0,-0.126,171.0,-0.1287,9.0,-0.8952,5.0,,,-0.1714,69.0,-0.2627,71.0,-0.3605,87.0,-0.1363,36.0,-0.0912,17.0,-0.2177,228.0
2025-12-26,Extreme Weather-Drought,-0.2338,8.0,0.3725,8.0,-0.2164,50.0,0.9282,1.0,0.031,3.0,,,-0.0141,2.0,0.046,2.0,0.0037,3.0,0.2698,4.0,-0.1232,26.0,-0.2034,10.0,-0.3999,7.0,,,,,-0.1804,4.0,-0.0077,5.0,0.4725,3.0,0.3303,3.0,0.0958,3.0,0.0112,2.0,-0.1489,18.0,,,0.1735,5.0,-0.0001,1.0,0.0082,31.0,-0.0131,1.0,-0.1739,39.0,0.2952,1.0,0.4586,2.0,0.0333,35.0
2025-12-26,Extreme Weather-Heat,0.1013,20.0,-0.4667,13.0,-0.0393,130.0,0.0103,2.0,0.4872,3.0,-0.2007,2.0,,,0.0155,1.0,0.0057,36.0,0.8986,1.0,-0.3486,5.0,0.18,1.0,0.0898,6.0,-0.2953,3.0,-0.0023,7.0,0.0027,5.0,-0.7707,1.0,-0.9068,1.0,,,-0.0008,2.0,,,0.1848,11.0,,,,,,,0.0865,2.0,-0.0385,6.0,0.0146,1.0,-0.2803,5.0,-0.001,2.0,0.0265,46.0
2025-12-26,Fiscal Policy,0.0523,114.0,0.0844,45.0,-0.0194,46.0,0.0018,11.0,0.2104,28.0,0.3053,4.0,0.0085,4.0,-0.1084,21.0,-0.0479,85.0,0.1667,8.0,0.0936,137.0,0.0279,6.0,0.0022,60.0,0.0701,43.0,0.1995,75.0,-0.0117,32.0,0.1096,11.0,0.2499,57.0,0.0508,30.0,-0.0045,32.0,0.0936,12.0,-0.0156,134.0,0.0182,1.0,0.0154,7.0,-0.1645,10.0,0.0252,157.0,-0.0777,84.0,0.0541,96.0,0.1494,46.0,-0.0211,15.0,0.006,263.0
2025-12-26,Fiscal Policy-Stimulus Package,0.0056,82.0,-0.3479,19.0,-0.117,12.0,-0.2319,4.0,0.2824,15.0,0.0074,1.0,0.2234,6.0,-0.0447,13.0,-0.1029,20.0,-0.0839,1.0,0.1195,66.0,,,0.1271,32.0,0.3079,67.0,0.2651,23.0,-0.2587,27.0,0.0051,1.0,0.0912,55.0,-0.0272,8.0,0.2046,32.0,0.0035,7.0,0.0367,53.0,,,0.0107,3.0,,,0.2045,99.0,-0.0936,50.0,0.1543,46.0,0.1207,38.0,-0.0776,15.0,0.0164,142.0
2025-12-26,Monetary Policy,-0.0966,10.0,,,0.0939,8.0,0.0022,1.0,0.0942,2.0,,,0.0117,2.0,-0.4547,3.0,0.0417,13.0,0.0095,1.0,0.1545,40.0,,,,,0.0766,12.0,-0.099,14.0,0.7341,1.0,,,0.8332,1.0,-0.2903,5.0,-0.1891,5.0,,,0.1704,33.0,,,-0.2868,2.0,,,-0.5715,8.0,-0.074,12.0,0.024,10.0,0.1812,11.0,0.2361,2.0,0.1245,22.0
2025-12-26,Monetary Policy-Interest Rates,,,,,0.0584,1.0,,,,,,,0.6816,6.0,,,,,,,,,,,,,0.3761,2.0,0.0073,4.0,,,,,,,,,,,,,-0.0015,2.0,,,-0.7184,1.0,,,,,,,,,,,,,-0.0564,5.0
2025-12-26,Monetary Policy-Quantitative Easing,0.2423,4.0,0.9487,2.0,-0.3634,10.0,0.8001,4.0,0.0054,1.0,,,0.9174,1.0,0.9164,1.0,0.2981,22.0,-0.0036,1.0,0.58,15.0,,,0.0269,1.0,0.0291,4.0,0.0786,54.0,0.0073,1.0,,,0.9497,1.0,0.2364,3.0,0.4802,2.0,,,0.0934,42.0,,,0.9401,1.0,,,0.9494,2.0,0.0193,28.0,0.0106,1.0,0.0018,7.0,0.0118,1.0,0.1938,20.0
2025-12-26,Natural Disaster,-0.1537,11.0,-0.3121,7.0,-0.7436,6.0,-0.1976,1.0,-0.0695,1.0,-0.9037,1.0,,,-0.75,7.0,-0.4218,6.0,-0.7708,2.0,-0.4261,29.0,,,-0.3569,19.0,-0.15,16.0,,,-0.0294,1.0,-0.6746,5.0,-0.023,1.0,-0.8592,4.0,-0.3233,10.0,-0.5345,4.0,-0.5086,11.0,,,-0.3576,4.0,-0.9075,1.0,-0.4952,10.0,-0.8142,6.0,-0.1198,45.0,-0.5843,5.0,-0.3659,5.0,-0.3393,60.0
2025-12-26,Oil Spills,0.0072,1.0,,,,,,,,,,,,,,,,,-0.9232,1.0,-0.8762,1.0,,,,,,,,,,,,,,,,,,,,,-0.0145,2.0,,,,,,,,,,,,,,,,,-0.002,1.0
2025-12-26,Pandemic,-0.025,120.0,-0.0924,119.0,-0.0755,144.0,-0.281,30.0,0.1221,25.0,0.0358,17.0,0.0201,35.0,-0.0482,128.0,0.0257,625.0,-0.1194,33.0,-0.1534,435.0,0.0442,20.0,-0.0905,203.0,-0.0027,146.0,0.0399,225.0,-0.0971,128.0,0.0236,33.0,0.0529,129.0,-0.006,70.0,0.0327,88.0,-0.0427,88.0,0.0355,560.0,0.0732,14.0,-0.1545,17.0,-0.0798,35.0,0.006,353.0,-0.0454,151.0,-0.0773,439.0,-0.1219,103.0,-0.0513,49.0,-0.0836,747.0
2025-12-26,Politics,0.041,385.0,-0.1097,257.0,0.0003,272.0,-0.0424,98.0,0.1355,100.0,0.0336,48.0,0.1608,37.0,-0.0079,191.0,-0.0082,369.0,0.0702,100.0,-0.0692,1240.0,0.0005,150.0,0.0407,365.0,0.0595,258.0,-0.0529,770.0,-0.0458,174.0,0.067,42.0,0.0581,309.0,0.0138,260.0,-0.0322,173.0,-0.0009,70.0,-0.0559,917.0,-0.0311,20.0,-0.042,57.0,-0.0614,38.0,0.0286,767.0,-0.103,444.0,-0.0004,867.0,0.0174,287.0,0.082,115.0,-0.0719,1982.0
2025-12-26,Politics-Election,0.046,14.0,-0.0359,6.0,0.197,8.0,0.2315,3.0,,,-0.0825,2.0,0.2707,6.0,0.0037,21.0,0.0226,15.0,0.35,1.0,-0.0073,122.0,,,0.0215,4.0,0.0038,2.0,0.0138,3.0,0.029,6.0,-0.3182,2.0,0.0297,9.0,0.2796,10.0,0.002,1.0,0.8274,1.0,0.0085,2.0,,,0.0051,1.0,,,0.1152,30.0,0.1075,22.0,-0.0336,4.0,-0.0445,17.0,-0.212,4.0,-0.0481,59.0
2025-12-26,Politics-Political Tension,-0.0615,43.0,-0.1024,37.0,-0.1075,24.0,0.0404,6.0,-0.0687,7.0,-0.0625,4.0,0.0125,4.0,-0.3058,11.0,0.0152,52.0,-0.2124,11.0,-0.1329,118.0,-0.1605,22.0,-0.062,17.0,0.0167,15.0,-0.1387,106.0,-0.0606,11.0,0.0004,8.0,0.0707,21.0,-0.0155,39.0,-0.013,9.0,0.004,11.0,-0.0858,74.0,-0.4529,2.0,-0.1559,11.0,-0.0021,4.0,-0.1724,81.0,-0.1206,57.0,0.0204,53.0,-0.0178,95.0,-0.0268,8.0,-0.0959,220.0
2025-12-26,Terrorist Attacks,-0.2209,18.0,-0.2549,108.0,-0.4053,33.0,-0.353,8.0,,,-0.775,1.0,-0.0165,5.0,-0.636,32.0,-0.3373,31.0,-0.5754,3.0,-0.4531,173.0,-0.4694,102.0,-0.5427,32.0,-0.739,20.0,-0.4952,8.0,-0.4286,21.0,-0.4305,11.0,-0.339,44.0,-0.3217,20.0,-0.5405,8.0,,,-0.3229,99.0,-0.5918,3.0,-0.3046,1.0,-0.5794,11.0,-0.4213,24.0,-0.3713,29.0,-0.373,152.0,-0.475,14.0,-0.2953,11.0,-0.3598,248.0
2025-12-26,Wars,-0.1511,24.0,0.0439,11.0,0.0941,18.0,0.0501,5.0,0.2639,15.0,0.0884,2.0,0.0687,10.0,-0.067,11.0,-0.0479,56.0,0.0094,12.0,0.1652,59.0,0.0513,54.0,-0.0271,53.0,0.1994,25.0,0.0757,109.0,0.3227,4.0,-0.2869,3.0,0.1051,65.0,0.3687,18.0,-0.0067,12.0,-0.1354,10.0,-0.0544,592.0,0.0209,31.0,0.1898,5.0,-0.1161,4.0,-0.1034,52.0,0.1155,15.0,0.0218,116.0,0.0405,200.0,-0.1433,7.0,-0.0702,197.0
2025-12-25,Economic Data,0.2122,54.0,-0.0244,25.0,0.3321,29.0,0.1063,10.0,0.162,89.0,-0.2383,8.0,-0.0413,25.0,-0.1264,21.0,-0.0175,87.0,0.6231,3.0,0.1688,146.0,0.0332,13.0,0.0866,30.0,0.211,163.0,0.0195,107.0,0.1095,23.0,0.3226,3.0,0.1466,25.0,0.0868,23.0,0.0504,13.0,-0.047,18.0,0.1676,220.0,0.198,15.0,0.1356,9.0,0.0432,8.0,-0.0305,57.0,0.2554,93.0,0.0101,206.0,0.0409,40.0,0.0699,27.0,0.003,275.0
2025-12-25,Economic Data-Consumer Spending,-0.2255,4.0,0.3893,19.0,0.0134,1.0,-0.0002,4.0,,,0.0026,1.0,,,0.0037,2.0,0.0097,1.0,-0.723,1.0,0.0052,5.0,0.0019,1.0,-0.4593,5.0,0.0485,4.0,0.5787,6.0,0.0016,3.0,-0.0004,1.0,-0.0011,2.0,,,-0.0302,1.0,-0.0017,1.0,0.0044,3.0,,,-0.6047,1.0,0.4517,2.0,-0.0088,3.0,,,-0.4552,2.0,,,0.3032,2.0,0.0899,28.0
2025-12-25,Economic Data-Employment,-0.3421,7.0,-0.3569,5.0,-0.0589,16.0,-0.8809,1.0,0.0263,8.0,,,0.1153,5.0,,,-0.0838,9.0,0.0034,1.0,0.1041,72.0,0.1613,6.0,0.5438,2.0,0.1384,89.0,0.3488,12.0,-0.1076,3.0,0.0021,1.0,0.0204,5.0,0.199,7.0,,,0.0232,5.0,0.0434,83.0,-0.0351,5.0,-0.0085,1.0,-0.8115,3.0,0.3486,13.0,0.1222,13.0,0.1444,28.0,-0.0034,6.0,-0.6658,1.0,0.0209,55.0
2025-12-25,Economic Data-GDP,,,,,,,,,0.8911,2.0,0.4726,3.0,0.9508,2.0,,,,,,,0.3576,4.0,0.0294,1.0,,,,,,,,,,,,,0.9421,2.0,,,,,0.5596,6.0,,,,,,,,,,,0.9471,1.0,0.0015,2.0,-0.6581,1.0,0.1279,6.0
2025-12-25,Economic Data-Housing,-0.0302,6.0,0.1379,8.0,0.0405,4.0,-0.1611,4.0,0.4416,6.0,0.0041,1.0,0.0191,5.0,0.1934,10.0,-0.0298,19.0,0.7788,1.0,0.1482,45.0,0.0808,15.0,-0.2857,6.0,0.2845,32.0,0.261,63.0,0.0022,1.0,,,-0.2819,4.0,0.1675,4.0,0.4417,16.0,0.1572,8.0,0.1047,65.0,0.0525,10.0,0.4738,2.0,,,0.2543,28.0,0.2197,31.0,0.0988,33.0,-0.0514,9.0,0.0982,14.0,0.083,118.0
2025-12-25,Economic Data-Inflation,-0.3955,4.0,0.0769,2.0,0.8156,1.0,-0.9094,1.0,,,0.929,1.0,-0.8448,1.0,0.4705,2.0,-0.2409,4.0,-0.0055,1.0,0.2871,5.0,,,,,0.2344,7.0,0.4093,7.0,-0.8946,1.0,,,-0.0022,1.0,0.0001,1.0,,,,,0.105,10.0,-0.0249,1.0,,,,,,,,,-0.022,27.0,0.4738,2.0,-0.0876,2.0,0.0187,17.0
2025-12-25,Economic Data-Interest Rates,0.0299,4.0,,,-0.9228,1.0,0.8817,1.0,0.1101,1.0,0.0003,1.0,-0.1418,9.0,-0.1229,1.0,0.291,9.0,,,0.0943,30.0,-0.5759,6.0,0.003,4.0,-0.2366,5.0,0.009,39.0,0.105,4.0,-0.9228,1.0,,,0.1368,6.0,0.1307,2.0,-0.5454,4.0,-0.0479,31.0,0.9495,2.0,,,-0.9228,1.0,0.701,2.0,-0.1999,8.0,0.2808,20.0,0.0075,4.0,0.0033,3.0,0.08,34.0
2025-12-25,Economic Data-Manufacturing,0.7154,1.0,,,,,,,0.4884,8.0,,,,,,,0.1787,11.0,,,0.4241,23.0,,,-0.9126,1.0,-0.2123,5.0,0.9494,4.0,0.0078,1.0,,,0.5385,2.0,,,0.0053,1.0,,,0.034,5.0,0.9297,1.0,-0.174,2.0,,,,,0.718,16.0,0.2107,13.0,0.0083,2.0,0.5737,5.0,0.3064,10.0
2025-12-25,Economic Data-Retail Sales,0.2201,11.0,0.4673,6.0,0.1717,4.0,0.2395,4.0,0.0154,2.0,-0.9182,1.0,,,0.1398,3.0,-0.0518,5.0,,,0.661,10.0,0.0083,2.0,0.0053,2.0,0.246,12.0,,,0.5517,2.0,0.1786,8.0,,,,,0.3208,6.0,,,0.0738,25.0,,,,,0.0097,1.0,0.213,2.0,0.0108,1.0,0.426,22.0,,,0.2566,8.0,0.2204,29.0
2025-12-25,Extreme Weather,-0.1613,192.0,-0.3008,56.0,-0.3336,148.0,-0.1622,26.0,0.1567,10.0,-0.1044,10.0,0.1424,5.0,-0.088,77.0,-0.1209,413.0,-0.1831,20.0,-0.0962,159.0,-0.2157,19.0,-0.1833,82.0,-0.0845,81.0,-0.1785,85.0,-0.1206,40.0,-0.3034,40.0,-0.1248,12.0,-0.225,16.0,0.0805,18.0,-0.0018,35.0,-0.1679,276.0,0.0036,13.0,-0.5877,6.0,-0.0031,1.0,-0.0564,131.0,-0.0605,80.0,-0.346,149.0,-0.2034,54.0,-0.2954,26.0,-0.1745,353.0
2025-12-25,Extreme Weather-Cold,-0.3289,6.0,-0.1326,10.0,,,-0.0949,21.0,-0.0011,1.0,-0.243,10.0,-0.2871,4.0,-0.0567,69.0,-0.0995,54.0,0.012,12.0,-0.0915,86.0,0.0033,2.0,-0.1095,25.0,-0.0945,18.0,-0.1933,113.0,-0.0685,23.0,-0.9086,1.0,,,-0.2229,6.0,,,-0.1753,19.0,-0.1506,163.0,-0.1357,5.0,-0.5364,2.0,,,-0.123,60.0,-0.2403,52.0,-0.3027,88.0,-0.1513,31.0,-0.0481,14.0,-0.1118,135.0
2025-12-25,Extreme Weather-Drought,0.1133,6.0,-0.0515,15.0,-0.2802,99.0,-0.9011,4.0,0.0014,2.0,,,-0.2682,6.0,0.2484,6.0,0.075,4.0,0.0068,2.0,-0.2004,21.0,-0.007,7.0,0.0609,1.0,-0.108,5.0,,,-0.2615,6.0,-0.8601,2.0,-0.9068,2.0,0.1935,3.0,-0.0513,7.0,-0.001,1.0,-0.0463,12.0,-0.0883,4.0,,,0.0281,1.0,-0.2201,13.0,0.1734,4.0,-0.2272,24.0,0.0007,4.0,-0.9011,1.0,-0.0834,41.0
2025-12-25,Extreme Weather-Heat,-0.0542,18.0,0.1446,10.0,-0.0112,54.0,,,0.0001,1.0,,,,,0.9488,1.0,0.0085,22.0,,,0.167,24.0,-0.0911,4.0,0.0115,2.0,0.2443,6.0,0.019,2.0,-0.0118,8.0,,,,,,,-0.8454,1.0,0.0029,1.0,0.0537,28.0,,,,,-0.7882,1.0,-0.4569,2.0,-0.3065,6.0,0.007,1.0,,,,,0.0846,31.0
2025-12-25,Fiscal Policy,0.0247,47.0,-0.429,33.0,0.088,24.0,0.0034,6.0,0.2586,35.0,0.1017,4.0,0.406,8.0,0.0784,20.0,0.0715,31.0,0.1753,6.0,0.1158,124.0,0.0478,22.0,-0.0243,51.0,0.1974,45.0,0.2979,31.0,0.0802,14.0,0.1821,15.0,0.1146,65.0,0.2426,44.0,0.0272,33.0,-0.0031,12.0,0.05,132.0,0.0098,8.0,,,0.3349,3.0,0.1584,66.0,0.0928,75.0,-0.0304,99.0,0.0173,34.0,-0.1929,18.0,0.0059,206.0
2025-12-25,Fiscal Policy-Stimulus Package,-0.01,30.0,0.0283,9.0,0.2288,4.0,-0.0007,3.0,0.2243,11.0,,,0.0877,10.0,0.0991,8.0,-0.0751,12.0,0.2584,8.0,0.0467,78.0,0.2119,7.0,-0.0408,14.0,0.172,42.0,0.0215,17.0,0.2599,6.0,-0.4537,2.0,-0.0128,35.0,0.1169,10.0,0.1068,17.0,-0.2128,3.0,0.1693,59.0,0.7052,2.0,,,0.0188,2.0,0.2392,30.0,-0.0938,33.0,0.1108,37.0,-0.1151,25.0,-0.187,18.0,0.0042,105.0
2025-12-25,Monetary Policy,-0.8635,1.0,,,-0.8731,2.0,,,0.1101,1.0,0.0001,2.0,-0.3423,4.0,,,0.1286,7.0,0.0031,1.0,-0.0178,15.0,,,0.0066,1.0,0.2359,4.0,0.0576,15.0,,,-0.9228,1.0,,,-0.0345,2.0,0.4249,2.0,-0.9082,1.0,0.1859,13.0,0.9495,2.0,,,-0.9228,1.0,0.5014,1.0,0.0106,3.0,0.4849,21.0,0.0068,2.0,-0.0054,1.0,0.1823,16.0
2025-12-25,Monetary Policy-Interest Rates,,,,,,,,,,,,,0.0086,10.0,,,0.3804,2.0,,,0.0042,2.0,,,,,0.2906,4.0,-0.3381,14.0,-0.0026,1.0,,,,,,,,,,,,,,,,,-0.9049,1.0,,,-0.8779,1.0,-0.6681,3.0,,,,,-0.0177,10.0
2025-12-25,Monetary Policy-Quantitative Easing,,,,,-0.3629,2.0,0.0048,1.0,0.0204,4.0,0.0316,1.0,-0.4558,2.0,,,-0.0585,7.0,-0.4219,1.0,0.1732,5.0,,,-0.0013,1.0,0.009,1.0,0.0523,10.0,,,,,-0.8959,1.0,,,0.0041,3.0,,,0.139,15.0,-0.925,1.0,,,,,,,0.1546,9.0,0.214,16.0,,,,,-0.0454,28.0
2025-12-25,Natural Disaster,-0.5625,3.0,-0.4548,19.0,-0.6922,10.0,0.0876,1.0,-0.1204,2.0,,,,,-0.7078,1.0,-0.3386,8.0,-0.5506,3.0,-0.4295,7.0,-0.88,2.0,-0.2752,3.0,-0.1647,15.0,-0.5359,7.0,-0.1429,6.0,-0.4143,19.0,,,-0.6337,4.0,0.3915,1.0,-0.4479,2.0,-0.2081,9.0,-0.0339,1.0,-0.4454,4.0,,,-0.1002,10.0,-0.276,24.0,-0.3442,42.0,,,-0.1009,6.0,-0.4968,45.0
2025-12-25,Oil Spills,,,,,,,,,,,,,,,,,,,,,,,,,,,,,,,,,,,,,-0.8447,1.0,,,,,-0.0176,2.0,,,,,,,,,,,,,,,-0.0987,1.0,-0.0011,1.0
2025-12-25,Pandemic,-0.0713,72.0,-0.0651,110.0,-0.1753,114.0,-0.0581,28.0,-0.0031,28.0,-0.202,14.0,0.0881,45.0,-0.0463,88.0,-0.0989,597.0,-0.1378,35.0,-0.0822,313.0,-0.171,59.0,-0.1832,179.0,0.0306,165.0,0.0262,168.0,-0.1865,85.0,0.0008,20.0,0.0121,117.0,-0.0607,60.0,0.0773,53.0,-0.121,85.0,-0.0522,659.0,0.1278,32.0,-0.1146,9.0,-0.0203,16.0,-0.0371,152.0,-0.199,131.0,-0.0566,514.0,-0.053,96.0,-0.055,34.0,-0.0757,685.0
2025-12-25,Politics,-0.0678,205.0,-0.0987,240.0,-0.0192,226.0,0.0305,55.0,0.1195,88.0,0.0255,26.0,0.1308,69.0,0.0141,135.0,0.0428,206.0,0.0149,73.0,-0.0648,1179.0,-0.058,296.0,0.0163,239.0,-0.0616,253.0,-0.0165,394.0,0.0949,85.0,-0.0529,65.0,0.0033,340.0,0.0511,226.0,0.0138,123.0,-0.0431,85.0,0.0024,1109.0,0.1437,49.0,0.0126,19.0,-0.0479,23.0,0.0052,357.0,-0.0798,305.0,-0.0114,936.0,-0.0471,205.0,-0.0948,90.0,-0.0497,1571.0
2025-12-25,Politics-Election,-0.0354,7.0,0.3509,10.0,-0.111,14.0,0.0,7.0,,,-0.1587,1.0,-0.007,13.0,0.0107,10.0,0.0172,8.0,-0.0671,2.0,0.0127,118.0,-0.0352,4.0,0.0012,2.0,0.096,4.0,0.0145,20.0,0.005,1.0,0.004,2.0,-0.0023,6.0,0.1126,12.0,,,,,-0.0023,10.0,-0.0841,2.0,0.0103,1.0,,,0.1859,8.0,0.1486,10.0,0.0041,9.0,0.0028,3.0,0.0051,1.0,0.0458,63.0
2025-12-25,Politics-Political Tension,0.0072,39.0,-0.311,24.0,-0.1055,13.0,0.118,5.0,0.0486,11.0,0.011,2.0,0.3049,10.0,-0.0573,10.0,-0.1292,21.0,-0.0908,6.0,-0.1012,90.0,-0.1653,71.0,0.0013,21.0,0.0147,15.0,-0.0543,96.0,-0.1074,9.0,-0.1768,5.0,-0.1314,47.0,0.0734,46.0,0.0031,8.0,-0.3332,6.0,-0.0662,55.0,0.005,1.0,0.0,4.0,-0.0567,4.0,-0.0065,111.0,-0.1757,75.0,0.0194,77.0,-0.1452,32.0,0.0686,11.0,-0.1402,218.0
2025-12-25,Terrorist Attacks,-0.4602,18.0,-0.3762,48.0,-0.5513,37.0,-0.3531,10.0,-0.0335,1.0,-0.8676,1.0,-0.6045,3.0,-0.3844,3.0,-0.5589,8.0,-0.5282,1.0,-0.5436,146.0,-0.3623,23.0,-0.4843,17.0,-0.4379,2.0,-0.3367,3.0,-0.5318,22.0,-0.5548,12.0,-0.3341,76.0,-0.3808,20.0,-0.3865,10.0,-0.7117,1.0,-0.3991,125.0,0.7947,1.0,-0.7415,2.0,-0.2741,8.0,-0.7227,30.0,-0.4929,21.0,-0.4603,102.0,-0.6938,20.0,-0.3681,14.0,-0.3608,151.0
2025-12-25,Wars,0.1227,12.0,0.1069,20.0,0.0112,8.0,0.0149,3.0,0.157,12.0,0.0624,2.0,-0.0079,11.0,-0.0455,19.0,0.0052,16.0,-0.1044,6.0,0.0117,63.0,-0.023,95.0,0.0066,17.0,-0.1317,26.0,0.1334,51.0,0.0086,5.0,-0.1129,1.0,0.1931,24.0,0.2708,17.0,0.11,11.0,0.0483,15.0,-0.1674,575.0,0.1105,38.0,0.4692,6.0,-0.0029,4.0,0.0407,15.0,-0.0876,18.0,-0.0436,151.0,-0.0372,170.0,0.0167,4.0,-0.0357,162.0
2025-12-24,Economic Data,0.0969,92.0,0.2516,22.0,0.0047,75.0,0.1331,50.0,0.292,51.0,0.1966,11.0,0.199,27.0,0.0689,30.0,0.0261,151.0,0.4289,10.0,0.2401,220.0,-0.0824,11.0,0.0448,100.0,0.134,151.0,0.0617,224.0,0.0035,43.0,0.0297,11.0,0.2016,38.0,0.2489,45.0,0.2027,28.0,-0.1875,17.0,0.1086,211.0,0.1164,16.0,0.4159,15.0,-0.0718,9.0,0.0468,93.0,0.2456,163.0,-0.0126,262.0,0.0488,51.0,0.1498,31.0,0.0766,405.0
2025-12-24,Economic Data-Consumer Spending,0.0077,4.0,0.0256,4.0,0.2189,3.0,0.0834,11.0,,,0.0093,1.0,,,0.0014,2.0,,,-0.0019,1.0,0.0919,9.0,,,0.1049,16.0,0.1952,1.0,0.0163,1.0,0.0508,10.0,-0.0648,7.0,0.0273,4.0,,,0.0064,1.0,-0.0039,2.0,0.1582,6.0,,,-0.9133,1.0,0.0087,1.0,0.313,4.0,0.1927,7.0,,,0.047,2.0,0.2381,8.0,0.0533,43.0
2025-12-24,Economic Data-Employment,-0.2937,12.0,0.2409,5.0,0.227,28.0,-0.4574,2.0,0.0924,9.0,,,0.3245,4.0,0.1756,4.0,-0.0051,7.0,0.0389,2.0,-0.0293,73.0,0.0053,1.0,0.1231,14.0,0.1955,71.0,0.1046,42.0,-0.3133,6.0,0.0055,2.0,0.4642,2.0,-0.0973,3.0,0.365,8.0,0.1169,4.0,0.0519,56.0,0.0231,3.0,0.0625,2.0,,,-0.0228,20.0,0.0484,21.0,0.1262,29.0,0.0302,8.0,-0.2194,5.0,-0.1721,100.0
2025-12-24,Economic Data-GDP,0.3288,4.0,,,0.2184,1.0,,,,,,,,,,,-0.899,1.0,,,0.5394,7.0,,,-0.2443,4.0,0.9511,1.0,0.9216,1.0,-0.4376,1.0,0.4672,4.0,,,0.7903,10.0,,,0.0191,1.0,-0.0779,7.0,,,,,,,0.9218,1.0,,,0.4426,3.0,0.9438,2.0,-0.0259,2.0,0.4469,13.0
2025-12-24,Economic Data-Housing,0.1116,15.0,-0.2219,13.0,0.1782,14.0,0.1186,14.0,0.4487,10.0,0.9474,1.0,0.0482,13.0,0.195,14.0,0.0994,16.0,0.1824,2.0,0.2265,60.0,0.1103,7.0,-0.0121,22.0,0.1006,30.0,-0.0641,70.0,-0.2932,6.0,-0.193,5.0,0.0264,8.0,-0.0837,2.0,0.2295,4.0,0.0003,4.0,0.2092,57.0,-0.2252,4.0,0.168,17.0,-0.008,4.0,0.2083,21.0,0.0898,106.0,-0.0245,32.0,0.2321,14.0,0.0607,12.0,0.0163,135.0
2025-12-24,Economic Data-Inflation,-0.1237,6.0,-0.6336,1.0,0.008,4.0,-0.0217,1.0,0.9505,1.0,,,,,,,,,,,0.4692,4.0,0.4711,2.0,,,0.1011,12.0,-0.4817,12.0,0.2551,5.0,0.1184,1.0,-0.5495,3.0,0.0039,2.0,,,,,0.0351,18.0,,,,,,,0.1691,3.0,0.6768,3.0,-0.0893,33.0,-0.3979,5.0,-0.0067,5.0,-0.0797,20.0
2025-12-24,Economic Data-Interest Rates,-0.0277,10.0,0.4205,2.0,0.0765,4.0,-0.1702,7.0,0.102,6.0,0.4454,2.0,0.6255,3.0,0.0975,1.0,0.0277,19.0,0.0366,3.0,0.1273,43.0,,,0.0015,4.0,0.2636,9.0,0.2966,44.0,0.2043,7.0,,,0.2547,4.0,-0.0153,4.0,0.2318,7.0,0.287,6.0,0.2704,47.0,,,0.0068,1.0,,,0.2088,6.0,0.1318,19.0,-0.047,25.0,-0.0239,7.0,-0.2735,11.0,-0.0466,93.0
2025-12-24,Economic Data-Manufacturing,0.0637,5.0,,,0.6491,3.0,,,0.4601,6.0,,,0.9451,3.0,,,0.2171,18.0,,,0.3122,12.0,0.9531,1.0,0.0556,2.0,0.0967,8.0,0.3538,13.0,0.269,1.0,,,0.4817,3.0,,,,,,,0.1709,8.0,0.3877,1.0,,,,,-0.0043,1.0,0.1436,41.0,0.5124,12.0,0.0176,2.0,,,-0.1679,8.0
2025-12-24,Economic Data-Retail Sales,-0.7693,8.0,0.0086,3.0,0.0132,2.0,0.3435,8.0,,,,,,,0.0078,2.0,0.0393,11.0,0.9362,1.0,0.3088,14.0,0.0898,2.0,-0.1414,3.0,0.2275,32.0,0.3059,32.0,0.7127,2.0,0.3232,13.0,,,,,0.3295,2.0,-0.0016,1.0,0.1085,14.0,,,0.9429,2.0,,,,,0.5236,20.0,0.067,4.0,0.1846,3.0,0.1349,6.0,0.1881,27.0
2025-12-24,Extreme Weather,-0.1633,233.0,-0.234,85.0,-0.1378,199.0,-0.2172,44.0,0.0443,8.0,-0.1327,5.0,-0.1551,8.0,-0.0613,49.0,-0.1157,278.0,-0.0241,13.0,-0.0891,242.0,-0.0215,15.0,-0.1381,142.0,0.0086,64.0,-0.0125,79.0,-0.0845,44.0,-0.2255,14.0,-0.221,5.0,-0.3131,13.0,0.1573,15.0,0.0206,46.0,-0.0822,214.0,0.0092,19.0,-0.1378,3.0,-0.0981,7.0,-0.0237,140.0,-0.2138,160.0,-0.1238,108.0,-0.1627,67.0,-0.043,28.0,-0.1094,397.0
2025-12-24,Extreme Weather-Cold,-0.3326,9.0,0.0332,9.0,,,-0.1294,36.0,-0.81,3.0,-0.3279,6.0,-0.0103,6.0,-0.0182,56.0,-0.186,81.0,-0.0602,16.0,-0.2475,96.0,0.0054,2.0,-0.1328,28.0,-0.1878,15.0,-0.0892,34.0,-0.1069,27.0,-0.3103,3.0,,,0.055,5.0,,,-0.1411,20.0,-0.2594,195.0,-0.0884,5.0,-0.2988,2.0,,,-0.158,56.0,-0.0076,54.0,-0.1652,68.0,-0.0324,38.0,-0.1849,19.0,-0.0826,144.0
2025-12-24,Extreme Weather-Drought,-0.1226,9.0,-0.4665,3.0,-0.0048,81.0,0.0701,1.0,-0.9009,1.0,,,,,0.1498,8.0,-0.4482,4.0,-0.0108,3.0,0.1312,19.0,0.2,8.0,-0.2375,15.0,0.2371,7.0,-0.2057,7.0,0.0088,21.0,-0.8041,1.0,,,-0.2134,4.0,-0.0338,3.0,-0.4839,2.0,0.0131,8.0,-0.0004,1.0,,,0.0463,8.0,0.0366,10.0,0.4665,4.0,-0.032,47.0,-0.2568,5.0,,,-0.0903,23.0
2025-12-24,Extreme Weather-Heat,0.1563,12.0,0.2821,8.0,-0.0119,26.0,,,,,,,0.0438,2.0,-0.08,3.0,-0.0035,34.0,,,0.3079,7.0,0.8979,1.0,0.0061,2.0,0.2181,17.0,0.3013,3.0,-0.3848,5.0,0.0101,1.0,0.1347,2.0,0.0085,1.0,0.1203,1.0,,,-0.1117,10.0,-0.0549,1.0,,,,,0.0361,6.0,0.0129,4.0,0.6141,1.0,,,0.1203,1.0,0.0197,38.0
2025-12-24,Fiscal Policy,0.0219,104.0,-0.0631,30.0,0.1024,46.0,0.0177,27.0,0.1701,27.0,-0.0631,7.0,0.2337,29.0,0.1274,33.0,0.0061,109.0,-0.2639,9.0,0.1179,117.0,-0.0332,23.0,0.0031,139.0,0.0552,49.0,0.0924,139.0,-0.0383,58.0,0.4696,5.0,0.066,116.0,0.3129,84.0,0.2273,38.0,0.0017,13.0,0.0998,151.0,0.1518,5.0,0.4227,4.0,-0.0553,9.0,0.008,96.0,-0.0052,70.0,0.0587,112.0,0.2017,58.0,0.0616,24.0,-0.0302,372.0
2025-12-24,Fiscal Policy-Stimulus Package,-0.0351,61.0,0.0296,16.0,0.0489,19.0,-0.2671,16.0,0.1971,16.0,0.0152,2.0,0.3221,15.0,-0.0399,12.0,0.1234,36.0,0.3023,10.0,0.036,104.0,0.1476,9.0,0.0159,99.0,0.0579,40.0,0.2496,58.0,0.1145,25.0,-0.0125,2.0,0.021,113.0,0.1985,28.0,0.1083,47.0,0.1854,6.0,0.1163,72.0,0.0173,1.0,-0.1077,3.0,0.4677,3.0,-0.0339,60.0,-0.2024,54.0,0.0572,38.0,0.1177,44.0,0.0033,20.0,0.006,245.0
2025-12-24,Monetary Policy,0.0126,5.0,,,,,,,0.3585,2.0,0.01,1.0,0.6255,3.0,,,0.2213,5.0,0.0069,1.0,0.0635,22.0,,,-0.0043,3.0,0.3298,7.0,0.4024,20.0,0.3015,4.0,,,,,0.2874,3.0,0.004,1.0,0.457,2.0,0.5537,20.0,,,0.0068,1.0,,,0.4059,3.0,0.1439,28.0,0.1498,8.0,-0.0027,2.0,-0.112,3.0,-0.0044,31.0
2025-12-24,Monetary Policy-Interest Rates,,,,,0.0032,1.0,,,,,,,-0.4312,2.0,,,-0.0862,1.0,,,0.4679,2.0,,,0.0045,1.0,0.0057,2.0,,,,,,,,,,,,,0.08,1.0,,,,,0.4983,2.0,,,,,-0.2727,4.0,-0.0156,4.0,,,,,-0.0573,6.0
2025-12-24,Monetary Policy-Quantitative Easing,0.3174,4.0,,,0.3796,3.0,0.003,1.0,0.883,1.0,,,0.4309,4.0,,,-0.0753,26.0,0.9399,1.0,0.004,13.0,,,-0.0005,2.0,-0.091,4.0,-0.1229,59.0,0.4723,2.0,,,0.6627,9.0,0.0084,1.0,0.5578,2.0,,,0.0404,21.0,,,0.919,3.0,,,0.1742,2.0,0.4724,24.0,0.4144,11.0,0.4755,2.0,,,0.0266,26.0
2025-12-24,Natural Disaster,-0.4097,7.0,-0.7694,9.0,-0.8693,4.0,-0.767,4.0,,,,,,,-0.3169,7.0,-0.4523,13.0,,,-0.8849,2.0,-0.6171,2.0,0.0919,6.0,-0.2058,9.0,-0.815,1.0,-0.8249,1.0,,,-0.3647,1.0,,,0.0029,1.0,,,-0.2798,9.0,,,0.3915,1.0,-0.2411,3.0,-0.1329,5.0,-0.3255,102.0,-0.1174,42.0,,,0.0192,3.0,-0.261,56.0
2025-12-24,Oil Spills,,,,,,,,,,,,,,,,,-0.8851,1.0,,,,,,,-0.327,2.0,,,,,,,,,-0.3371,1.0,,,,,,,-0.2378,4.0,,,,,,,,,,,0.0045,1.0,-0.9003,3.0,,,-0.6004,1.0
2025-12-24,Pandemic,-0.0835,136.0,-0.104,130.0,-0.0978,148.0,-0.2486,108.0,-0.0,35.0,-0.204,16.0,0.0632,37.0,-0.113,114.0,-0.0172,612.0,-0.2529,36.0,-0.0924,501.0,-0.1965,48.0,-0.0076,335.0,0.0329,180.0,0.1772,336.0,-0.046,131.0,-0.3134,38.0,0.0026,149.0,-0.0421,88.0,0.0226,75.0,-0.0506,78.0,-0.1173,574.0,0.2349,20.0,-0.0166,18.0,-0.1073,56.0,0.0081,233.0,-0.1058,244.0,-0.0972,401.0,-0.1475,115.0,-0.1042,79.0,-0.0859,1013.0
2025-12-24,Politics,-0.011,396.0,-0.0493,216.0,-0.0339,332.0,-0.0293,159.0,0.0821,95.0,-0.0267,42.0,0.091,87.0,0.0137,166.0,0.0292,380.0,0.0005,77.0,-0.081,1334.0,-0.1382,374.0,-0.0309,749.0,0.0204,295.0,-0.0134,831.0,-0.0598,238.0,-0.0315,40.0,-0.0097,534.0,0.13,321.0,0.0935,153.0,-0.0365,109.0,-0.0017,1035.0,0.0127,43.0,-0.0173,55.0,-0.0521,69.0,-0.0437,542.0,-0.1286,513.0,-0.0064,914.0,-0.0226,291.0,-0.031,119.0,-0.0785,2389.0
2025-12-24,Politics-Election,-0.1355,18.0,0.1807,3.0,-0.1988,3.0,-0.1383,13.0,0.0958,1.0,,,0.0122,9.0,0.0027,10.0,0.0169,4.0,0.0223,1.0,-0.0304,146.0,-0.2699,6.0,0.051,10.0,0.205,5.0,-0.1358,7.0,-0.0061,4.0,0.0219,1.0,0.1846,8.0,-0.0229,2.0,0.0093,2.0,0.2102,3.0,0.0066,7.0,0.0066,1.0,,,0.312,2.0,0.0158,13.0,-0.0511,22.0,0.0308,8.0,-0.048,11.0,0.0189,3.0,-0.0418,64.0
2025-12-24,Politics-Political Tension,-0.039,61.0,-0.166,35.0,-0.0625,22.0,0.1027,18.0,-0.0975,15.0,-0.3339,5.0,0.0087,6.0,0.0118,8.0,-0.0652,61.0,-0.1438,5.0,-0.0795,108.0,-0.0726,102.0,-0.1185,44.0,-0.1111,26.0,-0.0604,112.0,0.0028,25.0,-0.2463,8.0,-0.176,73.0,0.023,74.0,0.0571,16.0,-0.003,13.0,0.0139,153.0,-0.0687,5.0,-0.0941,9.0,0.1282,13.0,-0.034,121.0,-0.3126,42.0,-0.0235,58.0,-0.1387,74.0,-0.1972,14.0,-0.1116,204.0
2025-12-24,Terrorist Attacks,-0.4813,32.0,-0.2537,89.0,-0.3935,25.0,-0.3325,34.0,-0.2056,2.0,-0.0596,1.0,0.0008,1.0,-0.5534,18.0,-0.3697,20.0,-0.8185,1.0,-0.4941,102.0,-0.6781,16.0,-0.3643,41.0,-0.2277,3.0,-0.3874,8.0,-0.5935,30.0,-0.4251,12.0,-0.3282,47.0,-0.2535,32.0,-0.6043,8.0,-0.009,1.0,-0.2876,269.0,-0.0752,2.0,-0.2921,4.0,-0.0514,24.0,-0.3589,12.0,-0.1968,29.0,-0.5515,77.0,-0.5501,16.0,-0.3655,25.0,-0.386,377.0
2025-12-24,Wars,-0.0675,18.0,-0.0284,13.0,0.0723,16.0,0.0944,8.0,0.0312,19.0,0.1353,6.0,0.1766,8.0,0.1456,13.0,0.1287,19.0,0.0001,17.0,0.0428,67.0,-0.0215,70.0,0.063,40.0,-0.0165,17.0,0.051,135.0,0.2239,8.0,0.2506,6.0,0.0267,24.0,0.0918,27.0,-0.1763,7.0,0.0465,16.0,-0.2015,586.0,0.0114,19.0,0.0139,4.0,0.3768,3.0,-0.0332,64.0,0.0443,28.0,-0.0428,136.0,-0.0586,218.0,0.1499,5.0,0.0223,186.0
2025-12-23,Economic Data,-0.0696,129.0,0.0786,54.0,0.1655,64.0,-0.0001,58.0,0.3094,58.0,0.0198,13.0,0.3337,28.0,0.0276,47.0,-0.0296,248.0,0.0126,31.0,0.1854,222.0,0.0238,27.0,0.0553,186.0,0.2699,161.0,0.3111,265.0,0.078,60.0,0.2474,21.0,0.1375,38.0,0.1276,44.0,0.1484,39.0,0.0934,33.0,0.1404,227.0,0.3037,16.0,0.2337,13.0,0.2929,16.0,0.1946,186.0,0.2194,191.0,0.1037,296.0,0.1271,65.0,0.1867,56.0,0.073,452.0
2025-12-23,Economic Data-Consumer Spending,0.0409,7.0,0.1496,29.0,0.0021,6.0,0.2236,16.0,0.0229,1.0,0.0171,3.0,,,-0.0362,3.0,0.1705,8.0,0.0102,3.0,0.4471,5.0,,,0.1276,10.0,0.549,6.0,0.9264,1.0,-0.0348,6.0,,,-0.157,3.0,,,-0.02,7.0,-0.1232,4.0,0.0235,4.0,,,0.1095,1.0,0.1408,2.0,0.356,12.0,-0.8369,1.0,,,0.0133,2.0,0.476,2.0,0.2632,40.0
2025-12-23,Economic Data-Employment,-0.0718,13.0,0.1153,13.0,0.0554,24.0,-0.1187,6.0,-0.2693,7.0,-0.4423,3.0,0.0136,3.0,0.0199,7.0,0.0391,36.0,0.2571,4.0,0.1723,66.0,-0.1639,3.0,-0.0514,10.0,0.2134,92.0,0.2025,66.0,-0.1026,7.0,0.135,3.0,-0.2008,3.0,0.0553,5.0,0.8861,3.0,0.0732,9.0,0.0652,54.0,-0.0614,1.0,0.316,3.0,0.2742,1.0,0.1482,36.0,0.2988,37.0,0.0255,21.0,0.0098,9.0,0.0019,3.0,-0.067,88.0
2025-12-23,Economic Data-GDP,0.8877,1.0,0.0009,1.0,0.3688,1.0,-0.6662,22.0,,,-0.7454,6.0,0.2517,1.0,0.9416,1.0,-0.5603,16.0,,,0.1709,13.0,,,0.0146,10.0,-0.3088,7.0,0.4216,10.0,0.1657,10.0,0.4177,2.0,,,,,0.0111,3.0,-0.0003,1.0,-0.3604,2.0,0.2517,5.0,,,,,0.2471,49.0,0.0082,7.0,0.0095,2.0,,,,,0.4925,89.0
2025-12-23,Economic Data-Housing,0.157,16.0,0.0517,25.0,0.2863,26.0,-0.0474,17.0,0.0756,4.0,-0.0988,9.0,0.1245,11.0,0.008,9.0,0.1676,106.0,-0.3897,2.0,0.2222,45.0,-0.0009,6.0,0.0719,36.0,0.1238,44.0,0.2034,118.0,0.1287,10.0,-0.0014,7.0,0.2862,7.0,0.0085,1.0,0.0707,14.0,-0.0017,5.0,0.1607,40.0,0.2399,9.0,0.2622,10.0,0.0568,9.0,0.0775,58.0,0.0608,84.0,-0.1432,43.0,0.1578,15.0,0.0372,24.0,0.114,164.0
2025-12-23,Economic Data-Inflation,-0.3817,4.0,0.4238,2.0,0.4852,8.0,-0.3933,2.0,,,-0.149,5.0,0.0014,1.0,,,-0.0885,15.0,,,0.3327,11.0,-0.3072,1.0,0.0295,2.0,-0.3065,3.0,-0.089,16.0,-0.1399,9.0,0.1281,1.0,-0.0003,1.0,0.4751,3.0,-0.0006,1.0,-0.4491,2.0,-0.2405,13.0,,,0.3072,8.0,,,-0.001,2.0,0.0269,3.0,0.2146,14.0,-0.0121,4.0,,,-0.0448,17.0
2025-12-23,Economic Data-Interest Rates,0.3521,17.0,0.1196,45.0,-0.0604,21.0,-0.2055,12.0,0.3121,4.0,-0.001,2.0,-0.0682,8.0,0.0059,2.0,-0.0001,54.0,0.3226,2.0,-0.0828,43.0,-0.0185,2.0,0.3421,18.0,0.2238,20.0,0.0973,51.0,0.1924,5.0,0.0039,2.0,-0.1292,9.0,0.4275,3.0,0.219,12.0,0.1337,5.0,0.0187,55.0,0.3322,8.0,-0.919,1.0,0.1419,2.0,0.2615,13.0,0.5132,23.0,-0.1996,35.0,0.3557,17.0,-0.0908,12.0,0.1127,100.0
2025-12-23,Economic Data-Manufacturing,0.9329,1.0,,,0.7974,2.0,0.1825,5.0,0.4458,7.0,-0.0341,1.0,0.0148,1.0,0.3882,2.0,0.4538,34.0,0.1888,2.0,0.4947,16.0,,,0.2687,6.0,0.4059,7.0,0.5794,21.0,0.501,2.0,,,,,,,0.9427,1.0,0.0413,3.0,0.1017,7.0,0.0136,2.0,0.0516,3.0,,,0.6129,12.0,0.6041,26.0,0.2777,15.0,0.4683,4.0,0.0977,9.0,0.4302,16.0
2025-12-23,Economic Data-Retail Sales,0.0413,12.0,0.391,6.0,0.3625,9.0,0.0658,10.0,,,-0.2011,3.0,-0.0009,1.0,0.0664,7.0,0.1769,19.0,-0.0168,1.0,0.3368,20.0,-0.0031,3.0,0.0279,5.0,0.2714,39.0,0.549,35.0,-0.7152,2.0,0.3398,1.0,0.5694,5.0,0.0004,1.0,0.6903,5.0,-0.113,4.0,0.1273,11.0,,,0.0045,3.0,,,0.3069,6.0,0.2837,13.0,0.2314,5.0,0.0029,3.0,0.6009,4.0,0.302,56.0
2025-12-23,Extreme Weather,0.0133,177.0,-0.1928,48.0,-0.1356,231.0,-0.0802,51.0,-0.1082,20.0,0.0365,11.0,-0.0306,6.0,-0.0941,50.0,-0.0179,346.0,-0.0011,16.0,-0.2733,229.0,-0.1029,22.0,-0.2228,131.0,0.0607,84.0,0.1388,69.0,-0.048,46.0,0.0781,19.0,-0.2257,7.0,-0.4369,15.0,-0.0412,25.0,-0.0132,62.0,-0.138,180.0,-0.0465,16.0,-0.0137,5.0,-0.1476,12.0,-0.0213,199.0,0.1036,67.0,-0.1032,87.0,-0.1404,66.0,-0.0638,36.0,-0.0943,363.0
2025-12-23,Extreme Weather-Cold,-0.3754,6.0,0.0461,9.0,-0.0022,1.0,-0.3467,44.0,0.3205,3.0,-0.1092,6.0,-0.0543,8.0,-0.077,27.0,-0.0488,58.0,0.0059,17.0,-0.3276,111.0,0.0353,4.0,-0.0812,38.0,0.0619,7.0,-0.2268,38.0,-0.2358,28.0,,,-0.4681,2.0,-0.3144,4.0,-0.0024,2.0,-0.0092,26.0,-0.1735,149.0,0.0072,5.0,-0.4001,4.0,0.6246,1.0,-0.0645,44.0,-0.149,36.0,-0.1981,76.0,-0.0181,55.0,-0.1377,21.0,-0.1705,121.0
2025-12-23,Extreme Weather-Drought,0.0408,12.0,0.2338,8.0,-0.1034,58.0,-0.2451,3.0,0.1335,6.0,-0.6025,3.0,0.7067,3.0,0.0364,7.0,0.0655,7.0,-0.3574,5.0,0.1062,28.0,-0.2186,7.0,-0.2443,13.0,0.052,5.0,0.9451,1.0,-0.4843,14.0,,,-0.435,2.0,0.0346,4.0,0.0081,8.0,0.4714,2.0,0.02,8.0,0.0041,3.0,,,-0.0492,5.0,0.0905,14.0,-0.187,1.0,-0.6017,44.0,-0.3068,8.0,-0.0109,3.0,-0.0178,49.0
2025-12-23,Extreme Weather-Heat,-0.0151,12.0,0.334,23.0,-0.0367,101.0,-0.0096,2.0,-0.0001,1.0,,,0.0001,1.0,,,0.1571,23.0,0.0054,1.0,-0.0783,8.0,-0.7241,1.0,0.006,5.0,-0.4919,4.0,0.3315,6.0,-0.0024,9.0,0.0493,5.0,0.005,1.0,,,,,,,0.1882,12.0,,,0.0046,1.0,-0.8317,1.0,0.2278,8.0,0.0359,5.0,0.0129,2.0,-0.1976,2.0,0.9109,3.0,-0.054,27.0
2025-12-23,Fiscal Policy,0.0197,134.0,0.0502,56.0,0.0812,67.0,0.1099,59.0,0.2368,41.0,-0.0221,6.0,0.2959,12.0,-0.0172,58.0,0.0839,183.0,0.0075,29.0,0.1364,156.0,0.0315,20.0,0.023,271.0,0.0676,30.0,0.192,145.0,0.0851,66.0,-0.1072,9.0,0.0596,83.0,0.188,60.0,0.1203,56.0,0.0009,44.0,0.1361,132.0,0.1128,19.0,-0.191,9.0,-0.0492,8.0,0.1755,289.0,0.0423,82.0,0.0029,90.0,0.1621,40.0,-0.0635,40.0,0.0372,409.0
2025-12-23,Fiscal Policy-Stimulus Package,0.043,92.0,-0.2752,43.0,0.1129,39.0,-0.0658,23.0,0.0924,21.0,0.1962,8.0,0.1182,10.0,-0.0266,47.0,0.0755,47.0,0.207,17.0,0.1564,87.0,0.8349,4.0,-0.0265,168.0,0.1314,28.0,0.2511,63.0,0.0278,35.0,0.1234,6.0,0.0066,93.0,0.0714,17.0,0.0945,42.0,-0.0059,15.0,0.0643,54.0,0.0346,1.0,0.0754,2.0,0.223,4.0,0.1457,178.0,0.0205,41.0,0.0377,36.0,0.0429,35.0,0.0238,23.0,-0.0269,298.0
2025-12-23,Monetary Policy,0.3533,9.0,0.2269,24.0,-0.0211,12.0,0.0338,7.0,0.2154,4.0,-0.032,1.0,0.0227,3.0,,,0.0589,32.0,0.0071,1.0,-0.0487,33.0,,,0.0556,13.0,0.2915,13.0,0.0491,20.0,0.9461,2.0,,,0.0392,8.0,,,0.0029,2.0,0.5828,2.0,-0.0812,23.0,0.4132,5.0,-0.919,1.0,0.0004,1.0,0.1979,5.0,0.513,27.0,0.0649,20.0,0.3438,3.0,0.4533,3.0,0.2619,44.0
2025-12-23,Monetary Policy-Interest Rates,0.0024,3.0,-0.0221,14.0,0.0255,4.0,-0.8422,1.0,0.4013,2.0,,,-0.0606,3.0,,,-0.1355,3.0,,,-0.218,9.0,,,,,0.0043,4.0,0.9359,1.0,,,,,-0.0033,1.0,,,,,,,-0.0052,1.0,,,,,0.003,3.0,,,-0.4476,3.0,0.2008,8.0,,,,,0.0464,9.0
2025-12-23,Monetary Policy-Quantitative Easing,0.2815,9.0,0.0093,2.0,-0.0095,2.0,0.3541,11.0,0.5939,3.0,0.0039,3.0,0.4619,4.0,-0.4362,2.0,0.0399,45.0,-0.9142,1.0,0.4603,14.0,,,0.0128,15.0,0.0106,4.0,0.1188,52.0,-0.4346,2.0,,,0.4777,2.0,0.5693,6.0,-0.075,4.0,,,0.0493,26.0,,,,,0.1475,1.0,-0.1249,4.0,0.2529,30.0,-0.6894,3.0,-0.2879,4.0,0.1348,7.0,0.233,26.0
2025-12-23,Natural Disaster,-0.4106,10.0,-0.48,9.0,-0.2642,7.0,-0.5673,2.0,,,,,-0.7743,1.0,-0.2693,7.0,-0.1766,6.0,,,-0.4369,4.0,0.1865,2.0,-0.4003,11.0,-0.1094,13.0,-0.1201,2.0,0.1667,1.0,-0.5599,7.0,-0.8779,1.0,-0.5332,3.0,0.1527,5.0,,,-0.4385,14.0,,,,,-0.5547,2.0,-0.244,6.0,-0.0695,12.0,-0.2285,28.0,,,-0.1741,14.0,-0.4079,25.0
2025-12-23,Oil Spills,,,-0.5788,7.0,-0.0042,1.0,,,,,-0.6489,2.0,,,-0.5523,1.0,-0.1442,4.0,,,,,,,-0.2848,2.0,,,,,,,,,0.0141,3.0,,,,,,,0.8279,1.0,,,,,,,,,,,-0.2122,2.0,,,,,-0.1924,3.0
2025-12-23,Pandemic,-0.0701,176.0,-0.1641,175.0,-0.0234,208.0,0.0346,108.0,0.1593,38.0,-0.1305,38.0,0.0313,49.0,-0.0787,142.0,0.0249,797.0,-0.2418,55.0,-0.1203,465.0,-0.1698,58.0,-0.0583,475.0,-0.0037,142.0,0.1169,428.0,-0.0777,174.0,-0.1852,63.0,0.0755,193.0,-0.0456,85.0,0.0603,133.0,0.0067,120.0,-0.1659,582.0,0.1227,28.0,-0.2469,37.0,-0.2233,40.0,-0.0143,447.0,0.0018,210.0,-0.0849,358.0,0.0265,89.0,-0.0067,106.0,-0.0611,1046.0
2025-12-23,Politics,-0.0198,552.0,-0.0685,487.0,-0.0086,460.0,-0.0392,245.0,0.1536,110.0,0.0548,68.0,0.0466,81.0,-0.0264,312.0,0.0232,786.0,-0.0343,171.0,-0.0933,1338.0,-0.0784,280.0,-0.026,1168.0,0.0188,266.0,0.0172,983.0,0.0095,296.0,-0.1223,73.0,0.0102,527.0,0.0454,308.0,0.065,203.0,-0.0289,204.0,-0.0313,1016.0,0.0831,33.0,-0.0905,71.0,0.0253,58.0,0.0479,1144.0,-0.0474,464.0,-0.0308,900.0,0.023,228.0,-0.0557,166.0,-0.0438,2859.0
2025-12-23,Politics-Election,0.0414,15.0,0.0012,9.0,0.1965,5.0,0.0561,10.0,,,,,0.6161,2.0,-0.0026,32.0,-0.0674,14.0,0.0474,3.0,-0.0234,171.0,0.0027,1.0,0.0096,16.0,-0.2912,9.0,-0.3046,20.0,0.1174,10.0,,,0.2039,34.0,0.0725,7.0,0.0046,4.0,0.0014,4.0,0.0008,10.0,,,0.0104,1.0,0.0108,1.0,0.0359,37.0,0.0394,20.0,0.0042,12.0,0.0216,7.0,0.4645,2.0,0.0288,93.0
2025-12-23,Politics-Political Tension,-0.1461,52.0,-0.0729,49.0,-0.0346,37.0,-0.1136,19.0,0.0107,9.0,-0.2091,14.0,0.0841,7.0,-0.1273,15.0,-0.095,76.0,-0.0297,21.0,-0.1492,116.0,-0.127,59.0,-0.0823,103.0,-0.0033,12.0,-0.0974,184.0,-0.0463,20.0,0.026,10.0,-0.0689,50.0,0.0317,49.0,0.0512,14.0,0.0465,29.0,-0.1932,112.0,-0.0426,8.0,-0.1776,8.0,-0.3085,9.0,-0.0307,123.0,-0.3605,47.0,-0.0132,57.0,-0.0473,21.0,-0.0493,14.0,-0.0746,290.0
2025-12-23,Terrorist Attacks,-0.5879,20.0,-0.1845,159.0,-0.5362,31.0,-0.449,55.0,,,-0.3679,2.0,-0.4959,4.0,-0.5761,21.0,-0.3398,58.0,0.0521,3.0,-0.4039,90.0,-0.4599,31.0,-0.3744,52.0,-0.6306,9.0,-0.4573,13.0,-0.4288,43.0,-0.2199,22.0,-0.3328,38.0,-0.5053,45.0,-0.4258,11.0,-0.3972,10.0,-0.4493,114.0,,,-0.2173,9.0,-0.2145,18.0,-0.3487,31.0,-0.1839,58.0,-0.4178,122.0,-0.6175,11.0,-0.453,44.0,-0.3686,362.0
2025-12-23,Wars,0.2508,23.0,0.0044,13.0,0.0279,19.0,0.0768,6.0,0.2987,12.0,0.2423,5.0,-0.153,11.0,0.0023,22.0,0.1409,35.0,-0.1107,15.0,0.1262,62.0,-0.0194,45.0,0.077,52.0,0.1304,27.0,0.179,101.0,0.2485,15.0,0.0045,2.0,0.2063,27.0,0.292,27.0,-0.0827,11.0,0.0667,23.0,-0.0868,552.0,0.0082,10.0,-0.06,4.0,-0.0624,6.0,-0.0345,37.0,0.0935,54.0,0.0284,152.0,-0.1904,219.0,0.5261,5.0,0.0401,213.0
2025-12-22,Economic Data,0.0595,119.0,-0.0091,79.0,0.2988,61.0,-0.0803,75.0,0.1536,57.0,0.1261,24.0,0.1429,41.0,0.018,63.0,0.0815,323.0,0.0709,27.0,0.1463,233.0,-0.0224,13.0,0.137,196.0,0.2375,137.0,0.2824,274.0,0.026,69.0,0.0329,7.0,0.2057,54.0,0.0515,42.0,0.428,45.0,-0.0862,46.0,0.0313,198.0,0.2246,17.0,0.1354,10.0,0.0609,12.0,0.2215,183.0,0.1331,149.0,0.0094,170.0,0.0802,43.0,0.1892,50.0,0.0312,428.0
2025-12-22,Economic Data-Consumer Spending,-0.2305,5.0,-0.0087,9.0,0.008,3.0,0.2637,12.0,,,0.0004,1.0,,,0.0016,2.0,-0.1671,5.0,,,0.0009,7.0,,,-0.3012,13.0,0.0907,2.0,0.2361,6.0,0.1218,7.0,-0.1542,5.0,0.0098,2.0,,,0.0097,4.0,-0.0244,6.0,0.0189,5.0,,,0.0027,1.0,0.008,3.0,0.3002,7.0,-0.1954,5.0,,,0.0082,3.0,-0.3317,9.0,0.0039,39.0
2025-12-22,Economic Data-Employment,0.0008,31.0,-0.2226,4.0,0.1225,46.0,-0.3683,9.0,-0.1091,8.0,0.0216,3.0,-0.1553,8.0,0.0832,18.0,0.0971,26.0,-0.2932,3.0,0.1692,100.0,-0.0009,2.0,0.1475,22.0,0.2286,67.0,0.361,42.0,0.0463,7.0,0.0289,3.0,0.2665,8.0,0.1,3.0,-0.1028,11.0,0.077,7.0,-0.1097,60.0,0.1195,8.0,0.1091,11.0,-0.875,1.0,0.2297,47.0,-0.0306,29.0,-0.0978,22.0,-0.0746,7.0,-0.3425,4.0,-0.1188,86.0
2025-12-22,Economic Data-GDP,-0.1252,12.0,,,0.9472,1.0,,,0.9476,1.0,,,,,,,0.1539,12.0,,,0.2226,9.0,,,0.3451,7.0,-0.9201,1.0,0.8437,1.0,0.7035,6.0,,,-0.2292,4.0,0.0052,2.0,,,-0.0637,3.0,0.1237,7.0,,,,,0.9411,1.0,0.5413,2.0,0.6683,7.0,0.005,1.0,0.4746,3.0,-0.5284,11.0,-0.0993,8.0
2025-12-22,Economic Data-Housing,-0.0034,26.0,0.151,17.0,-0.0018,15.0,0.1195,19.0,0.1934,6.0,0.2437,9.0,0.2405,18.0,-0.0168,19.0,0.0475,66.0,0.1207,3.0,0.1495,38.0,0.1163,11.0,0.0506,37.0,0.237,50.0,0.3057,129.0,-0.2258,5.0,0.1389,8.0,0.3079,10.0,-0.0754,7.0,0.0382,18.0,-0.273,13.0,0.1927,73.0,0.4795,2.0,0.3632,9.0,-0.0247,9.0,0.131,59.0,0.0414,95.0,-0.0206,27.0,0.4445,15.0,0.1068,27.0,0.0635,149.0
2025-12-22,Economic Data-Inflation,0.3103,3.0,-0.5491,11.0,-0.5661,3.0,0.0809,4.0,,,,,0.634,1.0,-0.9156,1.0,-0.3379,11.0,-0.7333,3.0,-0.2449,6.0,,,,,-0.2271,5.0,-0.0486,12.0,0.0325,4.0,,,-0.2308,4.0,0.4782,2.0,0.2277,3.0,-0.8451,3.0,-0.2963,13.0,,,,,,,0.004,2.0,0.2204,8.0,0.2784,25.0,0.4619,3.0,0.0017,1.0,-0.3344,21.0
2025-12-22,Economic Data-Interest Rates,0.0491,17.0,-0.0797,5.0,0.0619,7.0,0.0497,10.0,0.018,6.0,0.6879,5.0,0.0729,7.0,0.4259,2.0,0.1376,67.0,0.2544,7.0,0.0029,52.0,,,0.1728,29.0,0.2965,36.0,0.1438,79.0,0.4747,6.0,-0.4891,7.0,0.0145,10.0,0.468,3.0,0.1961,15.0,0.1041,2.0,-0.0992,42.0,0.1295,7.0,0.3259,6.0,0.0044,2.0,-0.0337,29.0,0.176,36.0,0.2043,32.0,-0.0588,12.0,0.2399,14.0,0.1528,72.0
2025-12-22,Economic Data-Manufacturing,-0.0187,5.0,,,0.8759,3.0,0.234,3.0,0.4863,7.0,,,,,0.4726,2.0,0.2659,33.0,,,0.3215,21.0,,,0.0886,10.0,0.7902,3.0,0.3919,26.0,0.5809,1.0,,,0.3342,3.0,0.2717,3.0,0.2358,6.0,0.2161,2.0,0.155,7.0,0.0094,2.0,,,,,0.4107,5.0,0.3103,23.0,0.0479,7.0,-0.9021,1.0,0.3647,10.0,0.5538,27.0
2025-12-22,Economic Data-Retail Sales,0.0116,5.0,0.0052,4.0,0.191,8.0,0.2344,5.0,,,,,,,0.3277,5.0,0.0761,18.0,0.0187,1.0,0.3194,18.0,,,0.5047,9.0,0.1107,22.0,0.4279,26.0,0.3825,4.0,0.1268,3.0,0.4841,2.0,,,0.6069,5.0,0.006,4.0,0.1618,18.0,0.9392,1.0,-0.0843,3.0,0.8197,1.0,-0.0296,10.0,0.6508,12.0,0.0255,3.0,0.4596,2.0,0.3704,7.0,0.2098,34.0
2025-12-22,Extreme Weather,-0.2095,235.0,-0.0666,56.0,-0.1987,183.0,-0.1259,67.0,0.0469,17.0,-0.1512,15.0,0.0524,7.0,-0.073,74.0,-0.0439,497.0,-0.0401,23.0,-0.2465,242.0,-0.1574,12.0,-0.1647,108.0,0.1044,58.0,-0.0425,65.0,-0.2016,45.0,-0.1326,24.0,-0.0553,4.0,-0.0959,28.0,0.1726,14.0,-0.0298,61.0,-0.1612,229.0,-0.0666,21.0,-0.5329,8.0,-0.5058,17.0,-0.0882,126.0,0.0194,53.0,-0.1037,130.0,-0.0402,79.0,-0.1744,34.0,-0.12,351.0
2025-12-22,Extreme Weather-Cold,-0.0555,3.0,-0.078,8.0,,,0.047,24.0,0.0041,1.0,-0.0111,13.0,-0.1001,6.0,-0.1089,44.0,-0.0287,61.0,0.0207,17.0,-0.2426,129.0,0.0325,7.0,-0.1329,45.0,-0.0005,10.0,-0.0877,25.0,-0.1406,25.0,,,,,-0.2652,13.0,0.0051,1.0,-0.1652,25.0,-0.2042,162.0,0.1263,5.0,0.9243,1.0,,,-0.1374,42.0,0.1119,23.0,-0.1564,42.0,-0.0927,49.0,0.0699,15.0,-0.0929,116.0
2025-12-22,Extreme Weather-Drought,-0.1531,7.0,-0.1603,13.0,-0.2395,65.0,-0.0015,4.0,0.2423,3.0,0.0027,2.0,0.0369,3.0,0.0131,9.0,-0.1973,5.0,-0.18,4.0,-0.3523,23.0,0.1551,9.0,0.0299,14.0,0.3092,3.0,-0.003,11.0,-0.0416,10.0,-0.4402,2.0,-0.0017,1.0,-0.2653,13.0,0.142,13.0,0.2265,2.0,-0.121,3.0,0.9395,1.0,,,-0.2308,5.0,0.2171,15.0,-0.3891,2.0,-0.2151,44.0,0.3039,3.0,-0.0017,1.0,0.0931,55.0
2025-12-22,Extreme Weather-Heat,-0.1236,15.0,0.1699,9.0,0.121,15.0,0.0342,3.0,0.0038,5.0,0.0234,2.0,0.0012,1.0,0.0234,8.0,0.0371,35.0,0.105,3.0,-0.1456,4.0,0.012,1.0,0.08,13.0,-0.1353,11.0,0.0902,11.0,0.0541,8.0,,,,,-0.1455,1.0,0.0061,1.0,0.0781,4.0,0.2283,30.0,-0.7814,1.0,-0.0035,1.0,-0.0104,3.0,0.1581,6.0,0.2379,6.0,-0.1371,6.0,-0.284,4.0,0.0507,1.0,0.1137,37.0
2025-12-22,Fiscal Policy,-0.058,128.0,-0.0246,67.0,-0.0251,90.0,-0.1397,55.0,0.0371,26.0,0.1263,21.0,0.1579,15.0,0.0294,57.0,0.0165,304.0,0.0212,27.0,-0.0004,189.0,-0.2366,31.0,-0.0197,267.0,0.162,48.0,0.1497,129.0,0.0501,53.0,0.0489,14.0,0.0557,91.0,0.0336,39.0,0.0704,61.0,0.0252,46.0,0.1056,103.0,0.4438,4.0,0.08,8.0,-0.139,22.0,0.1417,243.0,-0.0484,37.0,0.0528,88.0,0.063,46.0,-0.0626,28.0,-0.0022,379.0
2025-12-22,Fiscal Policy-Stimulus Package,0.0237,70.0,-0.0185,9.0,0.0877,47.0,-0.0957,13.0,0.3433,19.0,-0.0042,14.0,0.0989,6.0,0.023,39.0,0.104,50.0,0.1292,12.0,0.0228,56.0,-0.1025,11.0,-0.0503,136.0,0.3045,34.0,0.2021,48.0,0.1178,37.0,0.0582,1.0,-0.072,104.0,-0.1169,23.0,0.1392,50.0,0.1243,23.0,0.2194,61.0,,,0.1937,6.0,0.2027,4.0,0.1416,110.0,-0.2011,11.0,0.0501,42.0,0.0999,28.0,0.0054,15.0,0.0151,228.0
2025-12-22,Monetary Policy,0.1474,16.0,-0.6043,1.0,-0.2958,3.0,0.1154,13.0,0.0202,5.0,0.9195,4.0,0.242,3.0,0.8376,1.0,0.2127,42.0,0.1653,8.0,0.0163,40.0,,,0.1243,21.0,0.4141,32.0,0.0842,32.0,-0.1192,1.0,-0.2906,2.0,0.2138,9.0,0.4615,1.0,0.1415,13.0,0.0096,5.0,-0.0669,36.0,0.2402,3.0,0.3232,3.0,,,0.0018,13.0,0.059,29.0,0.3274,15.0,0.1578,10.0,0.3559,11.0,0.1784,34.0
2025-12-22,Monetary Policy-Interest Rates,0.0435,1.0,-0.4507,2.0,0.6279,1.0,,,0.7779,2.0,,,-0.4334,2.0,,,-0.2993,4.0,,,-0.2885,9.0,,,-0.0031,1.0,-0.0797,2.0,-0.0855,17.0,,,,,,,,,,,,,0.757,1.0,,,,,0.0065,4.0,0.0002,1.0,-0.3754,3.0,,,,,,,-0.1945,13.0
2025-12-22,Monetary Policy-Quantitative Easing,0.1827,15.0,,,-0.1011,3.0,0.006,1.0,-0.0061,2.0,0.0013,1.0,0.1403,3.0,0.3206,4.0,0.3315,67.0,,,0.0825,11.0,,,0.4741,4.0,0.267,5.0,0.0901,33.0,,,,,0.8669,1.0,0.6136,7.0,0.0241,5.0,-0.8997,1.0,0.1441,17.0,,,0.0098,3.0,0.2095,1.0,0.2137,3.0,0.2531,24.0,-0.0007,2.0,0.0035,3.0,0.0135,2.0,0.0313,19.0
2025-12-22,Natural Disaster,-0.5305,6.0,-0.2454,3.0,-0.6772,6.0,-0.4547,2.0,,,,,,,-0.5052,3.0,-0.1404,6.0,-0.835,1.0,-0.598,4.0,-0.784,2.0,-0.1121,8.0,-0.165,10.0,-0.8008,1.0,-0.5721,3.0,0.6553,1.0,,,0.0691,2.0,0.3051,3.0,,,-0.8814,8.0,,,,,-0.8269,10.0,-0.5279,10.0,-0.7889,3.0,-0.1623,56.0,-0.793,4.0,-0.4145,13.0,-0.3573,41.0
2025-12-22,Oil Spills,,,,,,,,,,,,,,,,,-0.5251,1.0,,,,,,,,,,,-0.0045,1.0,0.0095,2.0,,,0.0098,2.0,,,,,,,-0.0024,1.0,,,,,,,0.0032,1.0,-0.0441,1.0,-0.8639,1.0,,,,,-0.5733,3.0
2025-12-22,Pandemic,0.0025,146.0,-0.0802,227.0,-0.1124,158.0,-0.0054,132.0,0.1274,34.0,-0.1317,29.0,0.0192,44.0,0.0075,205.0,0.0245,902.0,-0.1448,52.0,-0.1637,448.0,-0.1086,64.0,-0.0623,518.0,0.0428,136.0,0.1266,344.0,-0.0516,142.0,0.038,37.0,0.0538,169.0,0.0534,96.0,0.0748,121.0,0.0092,144.0,-0.1197,637.0,0.032,28.0,-0.058,37.0,-0.119,47.0,-0.0254,434.0,-0.0529,231.0,-0.1691,337.0,-0.0843,105.0,-0.1321,99.0,-0.04,853.0
2025-12-22,Politics,-0.0377,526.0,-0.0559,483.0,-0.0408,440.0,-0.0173,281.0,0.1297,101.0,0.0159,145.0,0.1162,81.0,-0.004,355.0,0.006,1070.0,-0.0592,191.0,-0.0713,1417.0,-0.1252,326.0,-0.0227,1251.0,0.0445,238.0,-0.0579,973.0,-0.0203,297.0,-0.0021,69.0,-0.0181,510.0,-0.0191,246.0,0.0362,267.0,0.0142,248.0,-0.0305,951.0,0.024,38.0,0.0359,85.0,-0.1475,94.0,0.016,1252.0,-0.1273,384.0,-0.0535,741.0,0.0112,323.0,-0.0913,191.0,-0.0511,2573.0
2025-12-22,Politics-Election,0.0799,18.0,0.2267,12.0,0.2266,4.0,0.0047,14.0,,,,,-0.0008,4.0,0.0116,26.0,0.0773,19.0,0.2131,10.0,0.0337,186.0,-0.0356,5.0,-0.0378,25.0,-0.1346,7.0,0.2369,5.0,0.007,8.0,0.183,12.0,0.2126,26.0,0.1523,5.0,-0.0277,9.0,0.0435,3.0,-0.0157,22.0,0.6086,1.0,0.4703,3.0,-0.7739,1.0,0.0403,87.0,0.0128,47.0,-0.0192,12.0,0.1084,26.0,-0.1204,6.0,0.0342,68.0
2025-12-22,Politics-Political Tension,-0.073,75.0,-0.1793,90.0,-0.1481,25.0,-0.0342,35.0,-0.0096,9.0,0.0262,21.0,0.2978,5.0,-0.0327,27.0,-0.185,83.0,-0.0393,16.0,-0.1843,135.0,-0.1541,83.0,-0.0704,105.0,-0.0083,16.0,0.0731,178.0,0.0267,18.0,-0.2209,14.0,-0.1459,51.0,0.0364,35.0,-0.0521,12.0,-0.0659,32.0,-0.1198,86.0,0.0043,1.0,-0.3281,12.0,-0.4016,6.0,0.0157,91.0,-0.2786,36.0,-0.0411,62.0,0.0221,58.0,-0.1372,30.0,-0.1194,297.0
2025-12-22,Terrorist Attacks,-0.3068,18.0,-0.2101,146.0,-0.4088,49.0,-0.4492,63.0,-0.4603,1.0,-0.001,1.0,-0.5613,3.0,-0.4376,21.0,-0.3444,67.0,-0.2318,4.0,-0.4562,125.0,-0.2778,18.0,-0.4122,67.0,-0.732,6.0,-0.4078,21.0,-0.5116,42.0,-0.2291,23.0,-0.385,47.0,-0.3091,35.0,-0.2273,9.0,-0.5955,10.0,-0.4267,160.0,-0.8286,2.0,-0.0921,30.0,-0.3391,36.0,-0.3468,32.0,-0.2098,99.0,-0.4451,156.0,-0.5033,22.0,-0.2454,26.0,-0.3055,327.0
2025-12-22,Wars,-0.0153,23.0,0.0186,14.0,0.0855,13.0,0.0021,7.0,0.0846,13.0,0.0022,10.0,0.0456,14.0,0.0063,31.0,0.0506,82.0,-0.0125,11.0,0.085,48.0,-0.0711,51.0,0.0168,123.0,-0.013,22.0,0.1691,76.0,0.181,12.0,0.012,4.0,0.1603,38.0,0.2653,26.0,0.041,14.0,0.0101,28.0,-0.102,545.0,0.0066,26.0,0.1696,8.0,0.1787,6.0,0.0377,42.0,0.1204,17.0,0.01,154.0,-0.1719,203.0,0.3362,4.0,0.0229,143.0
2025-12-21,Economic Data,0.1421,55.0,0.2477,46.0,0.1672,34.0,-0.0143,15.0,0.3144,16.0,0.1318,19.0,-0.0765,25.0,0.1656,31.0,-0.0949,125.0,-0.1241,9.0,0.1292,132.0,0.0031,22.0,0.0865,67.0,0.2116,30.0,0.0814,161.0,0.1862,22.0,0.0068,17.0,0.1152,34.0,0.1565,26.0,0.1063,25.0,0.0866,34.0,0.2313,123.0,0.4567,19.0,0.1707,11.0,0.6295,4.0,0.22,86.0,0.3075,53.0,-0.0041,84.0,0.2606,19.0,0.0945,29.0,0.0158,263.0
2025-12-21,Economic Data-Consumer Spending,-0.2996,8.0,0.01,1.0,0.0025,1.0,0.2027,5.0,,,,,0.0053,1.0,-0.6685,1.0,0.0034,3.0,-0.0004,2.0,0.258,4.0,,,0.9215,3.0,,,-0.3118,5.0,-0.4283,7.0,0.0093,2.0,0.3581,2.0,,,0.003,2.0,-0.0174,1.0,-0.2292,3.0,0.0123,1.0,,,,,0.049,14.0,,,0.3574,2.0,0.0037,3.0,0.0038,2.0,-0.2081,26.0
2025-12-21,Economic Data-Employment,-0.0788,13.0,-0.15,9.0,0.2234,18.0,0.0437,14.0,0.0122,3.0,0.0196,1.0,0.2906,4.0,0.0307,6.0,-0.0255,11.0,-0.0336,1.0,0.0613,62.0,0.1276,4.0,-0.1167,11.0,-0.1541,8.0,-0.7161,22.0,0.0275,6.0,-0.2788,3.0,0.614,4.0,0.0258,1.0,0.8943,2.0,-0.5861,3.0,0.0859,11.0,0.0562,8.0,0.1889,5.0,,,0.2939,14.0,-0.399,5.0,-0.0877,10.0,0.0371,5.0,-0.2147,4.0,-0.1886,51.0
2025-12-21,Economic Data-GDP,0.5544,5.0,,,,,0.0092,1.0,,,,,,,,,,,-0.6849,1.0,0.5697,7.0,,,-0.9193,1.0,,,0.0801,6.0,0.5323,2.0,,,,,,,,,,,0.7325,3.0,,,,,0.013,1.0,,,,,0.5258,2.0,,,,,-0.0065,4.0
2025-12-21,Economic Data-Housing,0.129,10.0,-0.177,18.0,0.0522,9.0,-0.0836,3.0,,,0.0129,6.0,0.1018,15.0,0.0066,13.0,-0.0725,32.0,0.0359,1.0,0.2486,34.0,0.162,7.0,0.1514,11.0,-0.2637,4.0,0.2976,95.0,0.0397,8.0,-0.0546,9.0,0.11,7.0,0.0345,2.0,0.1355,7.0,-0.0025,2.0,0.1843,21.0,0.1138,15.0,0.0641,9.0,0.6351,3.0,-0.0891,37.0,-0.2261,37.0,0.2028,35.0,-0.0581,7.0,0.1649,10.0,0.0544,69.0
2025-12-21,Economic Data-Inflation,0.4731,2.0,0.3325,3.0,,,,,,,,,-0.3051,1.0,,,0.006,1.0,-0.9143,1.0,-0.0809,6.0,,,0.8212,1.0,-0.1908,2.0,0.5432,9.0,0.0218,1.0,,,-0.0048,1.0,-0.0202,1.0,,,-0.003,1.0,-0.3208,8.0,0.6151,1.0,,,,,-0.0031,1.0,0.0078,1.0,0.0584,9.0,-0.0731,4.0,,,0.1426,10.0
2025-12-21,Economic Data-Interest Rates,0.2076,6.0,0.1556,4.0,0.4495,5.0,0.3878,2.0,-0.0043,1.0,,,0.2323,7.0,0.5786,3.0,-0.1372,11.0,-0.4177,2.0,0.1129,32.0,,,0.123,13.0,0.8741,1.0,0.1358,47.0,,,0.0661,5.0,0.065,2.0,-0.2667,2.0,-0.2735,3.0,-0.0063,2.0,-0.0616,11.0,,,,,-0.0223,1.0,-0.1797,6.0,-0.0767,6.0,-0.1726,9.0,-0.2973,5.0,-0.2575,5.0,0.1767,38.0
2025-12-21,Economic Data-Manufacturing,-0.4343,2.0,,,,,,,0.9474,1.0,,,0.0744,2.0,,,0.1203,13.0,0.0106,1.0,0.5659,13.0,-0.5035,3.0,-0.2835,3.0,0.0107,1.0,0.4252,14.0,,,,,-0.4201,2.0,0.0215,1.0,,,,,0.3218,3.0,0.0849,1.0,,,,,0.2441,3.0,0.0143,6.0,0.3714,6.0,,,-0.0597,3.0,0.4526,8.0
2025-12-21,Economic Data-Retail Sales,-0.6149,3.0,0.2113,8.0,0.5083,2.0,0.0068,2.0,,,0.9409,1.0,0.0186,1.0,0.0559,5.0,-0.0894,27.0,-0.0232,1.0,0.3185,3.0,,,0.3191,3.0,0.1226,1.0,0.4999,10.0,0.0041,1.0,0.4718,2.0,0.0011,1.0,,,0.3629,4.0,-0.0006,2.0,0.1376,11.0,0.1892,2.0,0.9478,1.0,,,0.2872,3.0,,,,,,,0.3139,3.0,0.0347,24.0
2025-12-21,Extreme Weather,-0.0727,225.0,0.0234,44.0,-0.1786,187.0,-0.1341,22.0,0.0097,7.0,0.1031,24.0,-0.5253,5.0,-0.0515,36.0,-0.0503,236.0,-0.135,25.0,-0.327,277.0,0.0321,18.0,-0.1953,59.0,-0.0491,47.0,0.0363,55.0,-0.0495,37.0,-0.198,8.0,-0.0085,8.0,0.0164,31.0,-0.1632,9.0,-0.0308,63.0,-0.0882,171.0,-0.0828,13.0,0.0213,4.0,-0.5421,11.0,-0.0425,166.0,0.1025,53.0,-0.2117,98.0,-0.0404,59.0,-0.0,11.0,-0.0959,255.0
2025-12-21,Extreme Weather-Cold,-0.0035,3.0,-0.1871,7.0,,,-0.2227,22.0,-0.0019,1.0,0.0005,4.0,-0.0049,12.0,-0.1272,19.0,-0.0293,43.0,-0.0406,19.0,-0.2175,117.0,-0.2887,3.0,-0.1076,46.0,0.0558,2.0,-0.2912,36.0,-0.0598,23.0,0.0027,1.0,,,0.1,15.0,0.119,2.0,0.0374,18.0,-0.2058,131.0,-0.0635,11.0,0.0027,1.0,,,-0.2008,57.0,0.0471,22.0,-0.1151,39.0,-0.032,26.0,-0.1511,14.0,0.011,148.0
2025-12-21,Extreme Weather-Drought,-0.373,4.0,-0.4564,2.0,-0.1446,62.0,-0.9171,2.0,0.236,3.0,,,,,0.2199,6.0,-0.1649,6.0,-0.0308,1.0,0.1357,20.0,-0.4148,4.0,-0.2018,11.0,0.8981,1.0,,,-0.107,11.0,-0.1916,8.0,0.0106,1.0,-0.1081,15.0,-0.4126,10.0,0.0122,2.0,0.0915,13.0,0.4716,2.0,,,-0.0063,1.0,-0.0141,11.0,-0.0244,11.0,-0.2973,32.0,-0.0008,8.0,0.0096,3.0,-0.1103,31.0
2025-12-21,Extreme Weather-Heat,-0.0415,10.0,0.0206,21.0,0.2148,23.0,,,0.9446,1.0,0.2875,2.0,,,-0.0784,2.0,0.0006,18.0,,,-0.2091,15.0,0.5771,1.0,0.3774,2.0,0.1326,5.0,-0.3334,2.0,0.2038,7.0,0.0049,1.0,0.004,1.0,,,,,,,-0.1874,10.0,-0.3056,3.0,,,-0.1553,6.0,-0.2189,4.0,0.002,1.0,0.0132,1.0,0.0003,2.0,-0.0032,1.0,0.1434,20.0
2025-12-21,Fiscal Policy,-0.0004,55.0,-0.0535,40.0,-0.0179,37.0,0.0293,14.0,0.4269,6.0,0.0757,6.0,0.077,18.0,-0.0183,30.0,-0.1816,57.0,0.0095,10.0,0.0122,137.0,-0.0656,20.0,0.0514,111.0,0.0669,15.0,0.2434,76.0,-0.0362,27.0,-0.2095,9.0,0.047,67.0,0.1312,35.0,0.1857,29.0,0.143,10.0,0.0372,57.0,0.2545,4.0,0.2802,6.0,-0.0417,6.0,0.0425,76.0,-0.2826,16.0,-0.0823,104.0,0.2467,14.0,-0.0777,14.0,-0.0076,209.0
2025-12-21,Fiscal Policy-Stimulus Package,-0.0962,40.0,-0.0616,8.0,-0.1323,12.0,-0.1397,5.0,0.0293,5.0,0.1374,5.0,0.2418,5.0,-0.0101,20.0,0.0478,34.0,-0.0044,7.0,0.3461,47.0,0.5776,3.0,-0.0539,60.0,0.1382,12.0,0.3447,20.0,-0.093,16.0,0.0077,7.0,0.0816,49.0,0.0623,13.0,0.3123,18.0,0.1606,6.0,-0.0481,27.0,0.4771,3.0,0.0832,3.0,0.1421,1.0,0.1811,35.0,0.4794,6.0,0.0388,86.0,-0.0183,5.0,0.0936,13.0,0.0575,127.0
2025-12-21,Monetary Policy,0.2238,7.0,0.0029,2.0,0.1885,5.0,,,,,,,0.2796,2.0,0.4727,2.0,-0.139,5.0,-0.4177,2.0,0.0557,19.0,,,0.0045,7.0,0.8791,2.0,0.4276,20.0,,,0.4199,2.0,-0.0278,3.0,-0.2667,2.0,-0.0076,1.0,-0.0022,1.0,-0.0649,14.0,0.0409,1.0,,,-0.0223,1.0,-0.1984,4.0,0.0771,2.0,-0.3647,4.0,0.0035,1.0,-0.0162,2.0,0.2711,23.0
2025-12-21,Monetary Policy-Interest Rates,,,,,0.8776,2.0,,,-0.0043,1.0,,,0.0194,2.0,0.6846,1.0,-0.0014,2.0,,,-0.3167,2.0,,,,,-0.3178,5.0,0.0627,13.0,,,,,0.9265,1.0,,,,,,,,,,,,,,,,,-0.0038,1.0,-0.5833,4.0,,,,,-0.0892,5.0
2025-12-21,Monetary Policy-Quantitative Easing,0.203,3.0,,,,,,,,,,,0.3364,8.0,,,-0.16,4.0,,,0.0156,2.0,0.0062,1.0,,,,,-0.1143,9.0,,,,,,,0.0034,1.0,0.1302,1.0,,,-0.2851,3.0,0.812,1.0,,,,,0.3397,2.0,,,0.2449,4.0,,,,,0.0796,12.0
2025-12-21,Natural Disaster,-0.9052,1.0,,,-0.8609,1.0,0.0037,1.0,,,-0.8894,1.0,-0.8009,1.0,-0.5412,3.0,0.0035,4.0,,,-0.5555,14.0,0.0009,2.0,-0.4352,2.0,-0.2853,24.0,-0.5819,2.0,-0.4051,4.0,,,-0.0056,1.0,,,-0.434,3.0,0.0202,1.0,-0.3542,6.0,,,,,-0.5305,5.0,-0.7866,9.0,0.0099,1.0,-0.2651,32.0,-0.8428,1.0,,,-0.4442,21.0
2025-12-21,Oil Spills,,,,,,,,,,,,,,,,,,,,,0.0019,1.0,,,,,,,,,,,,,,,,,,,,,,,,,,,,,,,,,,,,,,,,
2025-12-21,Pandemic,-0.0325,82.0,-0.056,131.0,-0.1351,61.0,-0.1135,61.0,-0.1647,11.0,-0.1419,19.0,-0.0041,42.0,-0.0053,94.0,-0.0321,628.0,-0.0936,35.0,-0.0807,324.0,-0.217,71.0,-0.0429,228.0,-0.0969,38.0,-0.0708,152.0,-0.1719,93.0,0.0477,37.0,0.0584,118.0,0.0384,51.0,-0.0278,69.0,-0.03,78.0,-0.1884,275.0,0.0231,21.0,-0.3447,11.0,-0.1585,19.0,-0.0517,196.0,-0.0943,146.0,-0.1731,192.0,-0.0884,46.0,-0.1224,42.0,-0.0492,551.0
2025-12-21,Politics,-0.0533,298.0,-0.086,339.0,-0.0215,175.0,0.0069,81.0,0.1679,25.0,-0.0773,60.0,0.026,90.0,-0.0157,247.0,-0.0485,377.0,-0.0597,125.0,-0.0437,1073.0,-0.0572,204.0,-0.0398,679.0,0.0169,111.0,-0.1103,510.0,-0.0762,165.0,-0.1068,70.0,0.0309,371.0,0.0194,200.0,0.0955,114.0,-0.03,107.0,-0.0018,526.0,0.0661,33.0,-0.035,47.0,-0.145,45.0,-0.0225,755.0,-0.0362,171.0,-0.0199,634.0,-0.0225,124.0,-0.1046,125.0,-0.0463,1607.0
2025-12-21,Politics-Election,-0.0298,32.0,0.0028,2.0,0.0094,6.0,0.4732,3.0,,,,,-0.1666,3.0,0.0029,23.0,0.0018,10.0,-0.2326,4.0,0.2276,326.0,-0.2606,7.0,0.0045,19.0,-0.0119,7.0,0.1165,4.0,0.0167,4.0,0.2264,6.0,-0.0033,17.0,-0.2424,6.0,0.0036,2.0,0.0892,2.0,-0.004,1.0,-0.0112,1.0,-0.122,5.0,,,-0.0072,399.0,0.0058,7.0,-0.0886,7.0,0.0018,1.0,0.0599,5.0,0.0307,125.0
2025-12-21,Politics-Political Tension,-0.1803,56.0,-0.0476,77.0,0.0276,19.0,-0.1087,12.0,0.4292,2.0,-0.3575,10.0,0.2002,4.0,-0.0835,12.0,-0.1274,29.0,0.1522,12.0,-0.2889,127.0,-0.1327,65.0,-0.0701,63.0,-0.1804,15.0,-0.1955,54.0,-0.0789,20.0,-0.1438,12.0,-0.1151,58.0,-0.0532,41.0,0.1132,12.0,-0.0027,9.0,-0.1449,59.0,0.034,5.0,-0.0118,1.0,-0.2861,6.0,-0.1019,74.0,-0.2825,38.0,-0.1235,57.0,-0.0277,25.0,-0.1324,18.0,-0.1068,229.0
2025-12-21,Terrorist Attacks,-0.5204,18.0,-0.1,47.0,-0.4541,23.0,-0.4294,26.0,-0.7172,2.0,-0.3721,13.0,-0.1439,3.0,-0.509,24.0,-0.4136,38.0,-0.4761,7.0,-0.4093,92.0,-0.5302,41.0,-0.414,48.0,-0.2885,1.0,-0.1392,11.0,-0.7208,26.0,-0.1304,11.0,-0.2804,40.0,-0.4694,15.0,-0.8546,1.0,-0.5097,7.0,-0.4368,48.0,,,-0.3602,37.0,-0.4172,30.0,-0.4061,29.0,-0.19,94.0,-0.5497,55.0,-0.7394,7.0,-0.1532,19.0,-0.3346,233.0
2025-12-21,Wars,0.054,21.0,-0.0433,10.0,0.2308,8.0,0.1463,7.0,0.0005,2.0,-0.1079,10.0,0.0144,8.0,-0.001,32.0,0.0156,21.0,-0.0853,15.0,0.0352,38.0,-0.1327,91.0,-0.016,39.0,-0.0193,14.0,0.013,37.0,0.187,14.0,0.0635,2.0,0.1466,24.0,0.2011,46.0,0.0414,8.0,-0.0247,19.0,-0.08,330.0,0.1261,16.0,-0.1401,7.0,0.0055,4.0,0.0077,39.0,-0.0767,17.0,0.0001,96.0,-0.0018,125.0,-0.125,8.0,-0.1739,141.0
2025-12-20,Economic Data,0.1234,54.0,-0.2362,16.0,0.1508,47.0,0.0129,16.0,0.1512,15.0,-0.0017,9.0,0.3536,29.0,0.0467,24.0,-0.0426,96.0,0.0337,19.0,0.1255,154.0,-0.0112,8.0,-0.0046,78.0,0.1227,22.0,0.092,19.0,0.0192,33.0,0.1594,16.0,0.2753,28.0,0.2735,30.0,0.4013,20.0,-0.1658,21.0,0.02,92.0,0.2143,18.0,-0.1357,7.0,0.014,3.0,0.1341,115.0,0.3703,39.0,-0.0119,111.0,0.3501,22.0,0.0193,45.0,0.0322,320.0
2025-12-20,Economic Data-Consumer Spending,-0.1518,7.0,0.0037,2.0,-0.0267,1.0,0.2236,4.0,,,0.0042,1.0,,,-0.0052,1.0,-0.2174,5.0,0.0141,3.0,0.0087,6.0,,,0.1815,15.0,0.1569,7.0,-0.6134,5.0,-0.0738,6.0,0.1104,2.0,,,,,0.2098,8.0,-0.1405,2.0,0.0073,2.0,,,0.0026,3.0,,,-0.0099,9.0,,,,,0.0077,5.0,-0.1507,6.0,-0.0793,29.0
2025-12-20,Economic Data-Employment,0.1627,13.0,-0.0224,10.0,0.1748,22.0,-0.4002,8.0,0.0098,2.0,-0.7612,1.0,-0.1179,7.0,0.1266,5.0,-0.4477,14.0,0.06,1.0,0.176,68.0,-0.3178,3.0,0.0757,20.0,0.3411,8.0,0.9268,5.0,-0.0571,3.0,-0.2314,1.0,0.2374,6.0,0.008,6.0,-0.0054,1.0,0.096,3.0,0.1728,9.0,-0.0545,6.0,0.0157,4.0,0.0301,2.0,0.2005,20.0,0.212,8.0,0.2119,6.0,0.3348,4.0,-0.9023,1.0,-0.0484,62.0
2025-12-20,Economic Data-GDP,0.3417,3.0,,,0.0096,1.0,,,,,,,,,,,0.0283,1.0,0.0007,1.0,0.1241,1.0,,,0.359,3.0,,,,,,,0.8772,1.0,0.0974,1.0,0.2489,5.0,,,,,-0.3908,2.0,,,,,-0.7814,1.0,,,,,0.0145,1.0,,,,,0.1385,5.0
2025-12-20,Economic Data-Housing,-0.0924,6.0,0.3128,6.0,0.4299,11.0,-0.038,9.0,0.0115,2.0,-0.1037,4.0,0.0205,13.0,-0.0467,10.0,-0.077,21.0,0.0379,8.0,0.2552,29.0,,,0.0749,22.0,0.2912,5.0,0.0529,20.0,-0.0361,8.0,0.0783,5.0,0.1445,7.0,0.0086,2.0,0.0048,4.0,0.2225,8.0,0.1579,31.0,0.6302,3.0,0.0996,6.0,-0.4712,1.0,-0.1129,35.0,0.1057,19.0,0.0696,38.0,,,0.1168,29.0,0.0594,84.0
2025-12-20,Economic Data-Inflation,0.0016,1.0,-0.0006,1.0,,,-0.1074,1.0,0.0015,1.0,,,,,,,-0.0304,4.0,,,0.8878,1.0,,,,,-0.4672,2.0,0.8281,7.0,-0.3138,1.0,,,-0.907,1.0,0.8912,3.0,0.9448,1.0,0.4725,2.0,-0.454,3.0,,,,,,,-0.6484,1.0,-0.4501,3.0,-0.8939,1.0,0.4723,3.0,,,-0.0257,15.0
2025-12-20,Economic Data-Interest Rates,0.1006,6.0,0.0086,2.0,-0.1938,2.0,0.6843,5.0,,,,,0.0314,3.0,0.2771,6.0,0.2289,15.0,-0.0044,2.0,-0.011,35.0,-0.6616,1.0,-0.1504,5.0,-0.096,13.0,0.0374,13.0,-0.2076,3.0,0.4959,2.0,0.4184,3.0,0.0048,7.0,0.5437,4.0,-0.4484,2.0,-0.0794,20.0,,,,,,,0.1269,6.0,0.0467,1.0,-0.1394,10.0,-0.0155,2.0,0.0716,5.0,0.1634,41.0
2025-12-20,Economic Data-Manufacturing,-0.91,1.0,,,0.4782,2.0,0.1348,2.0,0.07,3.0,,,0.9343,1.0,0.4277,2.0,0.3035,12.0,,,0.3668,7.0,,,,,,,,,0.1089,1.0,,,,,0.4981,5.0,,,0.0303,1.0,0.4943,2.0,,,,,,,0.0837,7.0,0.811,12.0,0.9381,1.0,,,0.4816,2.0,0.2756,9.0
2025-12-20,Economic Data-Retail Sales,-0.1887,4.0,,,0.1719,6.0,0.2047,6.0,0.5989,3.0,-0.0219,1.0,,,0.2198,5.0,0.1094,16.0,0.1141,3.0,0.5897,3.0,,,0.0052,3.0,,,0.5037,3.0,0.2627,4.0,,,0.4067,2.0,,,0.8968,1.0,-0.2951,2.0,-0.4158,2.0,,,0.9496,2.0,,,0.1492,4.0,0.0185,2.0,0.1426,4.0,,,-0.4534,1.0,0.0788,35.0
2025-12-20,Extreme Weather,0.0397,215.0,-0.3433,46.0,0.0791,159.0,-0.2862,48.0,0.2337,11.0,-0.0327,10.0,0.0747,7.0,-0.1518,29.0,-0.1095,262.0,-0.0434,21.0,-0.3375,253.0,-0.0236,10.0,-0.1336,68.0,-0.1673,44.0,-0.103,75.0,-0.1621,27.0,-0.2637,10.0,0.0101,1.0,-0.2597,27.0,0.1465,8.0,0.0138,51.0,-0.2548,163.0,0.0191,13.0,0.2848,5.0,-0.0319,10.0,-0.0663,125.0,0.1597,46.0,-0.2185,114.0,-0.0367,53.0,-0.2227,24.0,-0.0871,291.0
2025-12-20,Extreme Weather-Cold,-0.177,8.0,-0.0034,4.0,-0.3086,3.0,-0.2364,26.0,,,-0.0409,10.0,-0.145,10.0,-0.1126,15.0,-0.1153,33.0,0.0171,8.0,-0.3071,107.0,0.0149,4.0,-0.1915,25.0,-0.0383,2.0,-0.2089,17.0,-0.0426,17.0,,,,,0.1362,8.0,,,-0.08,16.0,-0.1996,104.0,-0.0204,7.0,,,,,-0.2779,37.0,-0.0653,14.0,-0.1026,29.0,-0.0144,26.0,0.0043,8.0,-0.1024,114.0
2025-12-20,Extreme Weather-Drought,0.0068,13.0,0.5423,2.0,-0.0905,76.0,0.0159,3.0,,,0.0003,1.0,0.5766,3.0,-0.0375,8.0,0.0125,6.0,0.9407,1.0,-0.062,24.0,0.012,3.0,-0.2123,7.0,-0.8858,1.0,,,-0.4264,4.0,-0.1681,7.0,0.0015,1.0,0.2226,10.0,0.0364,12.0,0.0022,2.0,0.1168,9.0,0.0141,3.0,0.7815,1.0,-0.538,5.0,-0.1278,16.0,-0.116,3.0,-0.1906,43.0,-0.1047,4.0,0.4716,2.0,0.1224,33.0
2025-12-20,Extreme Weather-Heat,-0.1222,10.0,-0.0572,19.0,-0.0076,6.0,-0.5784,3.0,,,0.0021,1.0,,,-0.2897,4.0,0.0051,28.0,,,-0.1642,13.0,0.6622,3.0,0.0064,2.0,,,-0.2408,4.0,-0.0009,2.0,-0.0135,1.0,,,0.1077,1.0,,,0.4526,3.0,-0.1952,22.0,-0.007,1.0,0.9324,1.0,-0.4309,2.0,-0.158,3.0,0.4805,2.0,-0.3725,2.0,0.1603,6.0,,,0.0781,19.0
2025-12-20,Fiscal Policy,0.0524,79.0,-0.0252,29.0,0.1088,49.0,-0.0366,27.0,0.2619,7.0,0.0603,5.0,0.1817,12.0,-0.0972,49.0,-0.0188,78.0,0.0296,21.0,0.0201,169.0,-0.1798,6.0,0.0374,149.0,0.3082,8.0,0.3812,15.0,0.2094,22.0,0.0087,14.0,-0.0103,74.0,0.226,39.0,0.3663,20.0,-0.0292,14.0,0.1453,39.0,0.4675,4.0,-0.1139,7.0,-0.0163,12.0,0.1242,99.0,0.1762,28.0,-0.0312,92.0,-0.1132,15.0,-0.183,13.0,0.087,274.0
2025-12-20,Fiscal Policy-Stimulus Package,-0.1233,22.0,0.0911,9.0,0.0966,19.0,0.1818,10.0,,,0.1845,12.0,0.1997,7.0,-0.0183,14.0,0.0918,16.0,-0.1407,15.0,-0.077,54.0,0.7946,1.0,-0.0002,95.0,-0.0319,18.0,0.2462,6.0,0.2208,22.0,0.0091,6.0,0.2515,60.0,0.079,29.0,0.2654,18.0,0.0105,5.0,0.1694,18.0,-0.8942,2.0,0.1379,4.0,-0.0424,4.0,0.2591,38.0,0.0067,2.0,-0.0651,38.0,0.1486,15.0,0.0291,16.0,0.0655,195.0
2025-12-20,Monetary Policy,-0.1156,3.0,,,0.0003,1.0,0.9213,2.0,,,,,,,0.4172,2.0,0.2775,4.0,,,0.0176,21.0,,,-0.437,3.0,-0.1667,4.0,0.4713,8.0,,,0.0621,1.0,0.1728,3.0,-0.0778,3.0,-0.1441,2.0,0.014,1.0,-0.3017,12.0,,,,,,,0.1135,2.0,-0.014,1.0,-0.1739,7.0,,,0.9427,1.0,0.014,17.0
2025-12-20,Monetary Policy-Interest Rates,0.003,2.0,,,,,,,,,,,0.0009,2.0,,,0.0454,9.0,,,0.2485,3.0,-0.6616,1.0,,,-0.0763,10.0,-0.3543,3.0,-0.4202,2.0,0.9074,1.0,0.9326,1.0,,,,,0.0064,1.0,0.0011,1.0,,,,,,,,,,,0.0053,4.0,,,,,0.1428,7.0
2025-12-20,Monetary Policy-Quantitative Easing,0.0298,4.0,,,-0.9142,1.0,-0.0107,1.0,,,0.0003,2.0,-0.0003,1.0,,,-0.1931,8.0,-0.0038,3.0,0.0317,8.0,,,0.006,3.0,,,0.0154,3.0,,,,,,,0.0134,3.0,0.0064,1.0,,,0.0086,1.0,-0.918,1.0,,,,,0.4432,2.0,0.9177,3.0,0.0257,1.0,,,0.0103,1.0,0.0296,8.0
2025-12-20,Natural Disaster,0.0719,3.0,-0.0083,4.0,-0.3039,2.0,,,,,,,,,-0.9103,1.0,0.1214,6.0,-0.9061,1.0,-0.4583,7.0,,,-0.4251,10.0,-0.2843,14.0,-0.5959,4.0,,,-0.1045,5.0,,,-0.569,6.0,,,-0.8784,2.0,-0.462,5.0,,,,,-0.0057,3.0,-0.7297,5.0,0.0078,2.0,-0.2255,31.0,,,-0.0813,1.0,-0.3364,20.0
2025-12-20,Oil Spills,,,,,,,,,,,,,,,,,,,,,,,,,,,,,,,-0.8633,3.0,,,,,,,,,,,-0.7855,3.0,,,,,,,,,-0.4045,4.0,,,,,,,-0.3134,3.0
2025-12-20,Pandemic,-0.049,107.0,-0.0746,131.0,0.0748,96.0,-0.0702,94.0,0.0487,8.0,-0.0383,21.0,0.1321,35.0,-0.0193,107.0,0.0042,624.0,-0.062,58.0,-0.16,461.0,-0.2392,17.0,-0.0478,368.0,-0.0636,47.0,0.0583,88.0,-0.0193,103.0,-0.101,29.0,-0.0061,126.0,0.0414,80.0,0.1,59.0,-0.0175,77.0,-0.1943,311.0,0.0087,19.0,0.0748,23.0,0.0597,27.0,0.0042,212.0,-0.1028,172.0,-0.0953,273.0,-0.248,45.0,-0.1045,66.0,-0.0407,680.0
2025-12-20,Politics,-0.0445,293.0,-0.052,281.0,-0.0089,244.0,-0.0485,146.0,0.1309,16.0,-0.0161,69.0,0.0508,60.0,-0.0597,261.0,-0.0317,360.0,-0.081,179.0,-0.1071,1142.0,-0.0678,105.0,-0.0451,891.0,0.0098,81.0,0.0127,270.0,0.0344,216.0,-0.0031,63.0,0.0336,372.0,0.0098,218.0,0.0766,111.0,-0.027,113.0,-0.0508,472.0,-0.0255,33.0,-0.1202,45.0,-0.0359,66.0,0.0353,612.0,-0.0317,122.0,-0.0464,775.0,-0.1035,166.0,0.0033,138.0,-0.0416,2015.0
2025-12-20,Politics-Election,-0.0926,13.0,-0.0172,15.0,0.359,2.0,-0.0308,3.0,,,,,-0.0015,2.0,0.0053,23.0,-0.1189,8.0,0.2981,13.0,-0.0763,176.0,0.0072,1.0,0.1423,18.0,0.0414,3.0,0.33,3.0,0.0051,6.0,0.004,3.0,0.1394,7.0,0.0799,7.0,,,0.0,2.0,,,,,0.0113,4.0,,,-0.0149,63.0,0.0026,4.0,-0.0014,6.0,0.0931,15.0,-0.0352,2.0,0.0269,91.0
2025-12-20,Politics-Political Tension,-0.0545,51.0,-0.1115,28.0,-0.2929,30.0,0.035,9.0,0.034,2.0,0.0017,4.0,0.0157,4.0,-0.226,14.0,-0.0628,41.0,-0.0483,23.0,-0.1426,105.0,-0.0671,23.0,-0.1043,59.0,-0.1099,16.0,-0.1219,31.0,-0.0401,15.0,0.0557,4.0,-0.1827,34.0,-0.0278,44.0,0.0022,11.0,-0.1587,12.0,-0.1258,27.0,0.021,3.0,-0.0703,4.0,-0.1452,7.0,-0.1217,73.0,-0.3338,32.0,-0.1208,32.0,-0.0607,18.0,-0.0209,9.0,-0.0983,193.0
2025-12-20,Terrorist Attacks,-0.347,14.0,-0.0956,76.0,-0.5632,26.0,-0.421,50.0,,,,,-0.0059,1.0,-0.4141,31.0,-0.3248,37.0,-0.4182,6.0,-0.3139,63.0,-0.4286,40.0,-0.5535,42.0,-0.4964,14.0,0.0003,2.0,-0.5606,40.0,-0.0941,10.0,-0.2217,26.0,-0.574,21.0,-0.0334,8.0,-0.1533,9.0,-0.3541,86.0,-0.5055,2.0,-0.6273,15.0,-0.225,3.0,-0.4315,24.0,-0.0836,149.0,-0.5544,73.0,-0.5352,5.0,-0.136,24.0,-0.342,283.0
2025-12-20,Wars,-0.066,10.0,-0.2723,6.0,0.0327,23.0,-0.0095,8.0,0.6393,2.0,0.085,5.0,0.0074,10.0,-0.0823,11.0,0.2256,11.0,-0.1236,14.0,-0.0182,45.0,0.0973,30.0,-0.0567,66.0,0.1038,14.0,0.1929,24.0,0.1588,21.0,0.0109,3.0,0.1284,21.0,0.1161,19.0,0.0011,3.0,-0.0412,17.0,-0.13,367.0,-0.021,21.0,-0.0093,5.0,0.0101,4.0,0.0908,40.0,0.0844,22.0,0.0113,125.0,-0.1203,155.0,0.2773,4.0,-0.0128,144.0
2025-12-19,Economic Data,0.0651,144.0,0.0762,47.0,0.1149,92.0,0.0159,59.0,0.3108,60.0,0.1049,26.0,0.3234,15.0,-0.0093,76.0,0.0702,345.0,0.1314,48.0,0.143,243.0,0.0022,3.0,0.1108,261.0,0.102,160.0,0.2103,157.0,0.016,51.0,0.1578,27.0,0.1698,33.0,0.0282,29.0,0.1157,38.0,-0.0207,46.0,0.0231,244.0,0.0135,6.0,0.2813,18.0,0.0911,24.0,0.1483,206.0,0.2216,171.0,-0.0321,155.0,0.1301,60.0,0.1088,46.0,0.0903,424.0
2025-12-19,Economic Data-Consumer Spending,0.2033,9.0,0.4351,11.0,-0.2947,5.0,0.1399,7.0,0.4731,3.0,-0.0042,4.0,,,-0.1619,6.0,-0.0108,12.0,0.004,2.0,-0.0652,7.0,,,0.4581,9.0,-0.9033,1.0,0.0005,2.0,0.0272,7.0,-0.1872,2.0,,,0.9383,1.0,0.1859,7.0,0.0089,3.0,,,,,,,0.1265,2.0,0.013,4.0,-0.1199,3.0,0.0151,2.0,0.0133,2.0,-0.0129,2.0,-0.0094,29.0
2025-12-19,Economic Data-Employment,-0.1121,24.0,-0.0753,11.0,-0.0256,31.0,-0.461,10.0,0.2887,13.0,0.003,3.0,0.4824,2.0,0.0077,11.0,-0.3446,61.0,0.0274,6.0,0.0716,64.0,-0.0011,1.0,-0.1426,38.0,0.2436,77.0,0.3042,34.0,0.0096,3.0,-0.0393,3.0,0.2542,7.0,-0.1239,8.0,0.0314,5.0,-0.6053,3.0,0.0725,61.0,0.0761,5.0,0.4887,4.0,0.5791,3.0,0.1752,33.0,-0.0786,28.0,0.2858,31.0,0.0906,8.0,-0.5291,5.0,-0.0076,87.0
2025-12-19,Economic Data-GDP,0.9141,2.0,0.9448,2.0,0.458,14.0,0.9075,2.0,0.1067,1.0,-0.0022,2.0,-0.5715,1.0,0.755,10.0,0.1239,21.0,0.5939,2.0,0.3271,6.0,,,0.619,16.0,,,0.9451,9.0,-0.8963,1.0,,,0.0247,2.0,0.0639,3.0,0.9353,3.0,-0.3116,1.0,0.258,14.0,,,,,,,0.4222,13.0,-0.0682,5.0,0.4188,12.0,-0.0375,3.0,,,-0.1208,9.0
2025-12-19,Economic Data-Housing,-0.0896,11.0,0.0507,39.0,-0.0253,15.0,0.1105,40.0,0.1288,8.0,0.014,6.0,0.0125,3.0,0.1693,19.0,0.0073,89.0,0.2379,11.0,0.2056,36.0,-0.9003,1.0,-0.1336,62.0,0.2849,35.0,0.005,78.0,0.1615,7.0,0.067,11.0,0.009,7.0,-0.0062,1.0,0.1034,8.0,0.0317,15.0,-0.1084,91.0,0.9121,1.0,0.1657,16.0,0.3361,7.0,0.0537,74.0,0.0848,82.0,0.0983,41.0,-0.0087,15.0,0.1437,26.0,0.1011,222.0
2025-12-19,Economic Data-Inflation,0.3549,8.0,,,0.0012,1.0,-0.3169,3.0,,,-0.86,1.0,,,0.6423,1.0,0.1227,30.0,,,0.843,1.0,,,0.062,1.0,0.2812,13.0,0.0893,10.0,0.0059,1.0,,,-0.4433,3.0,0.2499,6.0,-0.5489,2.0,0.1689,3.0,-0.1165,20.0,,,,,,,-0.0085,1.0,-0.9043,1.0,0.2165,18.0,0.3174,4.0,,,-0.2724,35.0
2025-12-19,Economic Data-Interest Rates,0.1087,17.0,0.054,21.0,0.2354,17.0,-0.2701,7.0,-0.4476,4.0,-0.0101,7.0,,,0.4276,9.0,0.178,52.0,-0.0928,9.0,0.0981,47.0,,,0.0476,24.0,0.3135,84.0,0.1783,36.0,-0.0933,16.0,-0.2117,4.0,0.3386,5.0,0.4394,2.0,0.2436,9.0,-0.0063,11.0,-0.014,89.0,0.039,1.0,0.3017,4.0,-0.0147,4.0,0.1876,18.0,-0.1004,37.0,0.2695,26.0,0.1111,14.0,-0.111,24.0,0.1495,91.0
2025-12-19,Economic Data-Manufacturing,-0.1674,7.0,0.0114,1.0,0.4556,3.0,0.0114,1.0,0.27,8.0,0.0801,3.0,,,0.6108,9.0,0.3378,57.0,,,0.5371,21.0,,,-0.0534,17.0,0.0117,3.0,0.3056,11.0,0.4157,2.0,,,0.0168,1.0,0.481,6.0,,,0.0074,1.0,0.1599,13.0,,,0.4448,5.0,0.7497,1.0,0.3275,9.0,0.494,19.0,-0.1016,7.0,0.7422,1.0,0.1789,7.0,0.2271,16.0
2025-12-19,Economic Data-Retail Sales,0.0285,12.0,0.1915,4.0,0.3584,11.0,-0.245,28.0,0.2293,9.0,,,,,-0.1609,4.0,0.0923,29.0,0.0015,4.0,0.1749,9.0,0.003,1.0,0.227,21.0,0.5487,19.0,0.4511,22.0,0.0227,2.0,0.3789,3.0,0.2923,3.0,0.0345,2.0,-0.1987,7.0,0.9488,1.0,-0.1064,20.0,-0.0038,1.0,0.0535,2.0,,,0.0163,6.0,0.6594,18.0,-0.1086,21.0,0.0176,4.0,-0.1614,16.0,0.234,39.0
2025-12-19,Extreme Weather,-0.1651,207.0,-0.2447,56.0,-0.0309,207.0,-0.1246,65.0,-0.0242,16.0,0.12,13.0,-0.036,10.0,-0.0729,40.0,0.003,414.0,-0.067,15.0,-0.2755,309.0,-0.1217,12.0,-0.1722,109.0,-0.0805,107.0,0.0073,70.0,-0.0927,44.0,-0.2042,9.0,-0.0712,6.0,-0.2865,31.0,0.0511,9.0,0.0107,69.0,-0.1118,196.0,-0.076,18.0,0.2728,4.0,-0.0227,20.0,-0.0286,166.0,0.15,78.0,-0.253,127.0,-0.0878,64.0,-0.07,37.0,-0.1265,354.0
2025-12-19,Extreme Weather-Cold,0.0186,9.0,-0.2676,8.0,-0.8411,1.0,-0.2464,46.0,-0.0591,4.0,-0.1618,9.0,-0.3063,6.0,-0.0945,16.0,-0.019,47.0,0.0033,6.0,-0.269,114.0,-0.2796,4.0,-0.0347,28.0,-0.1217,12.0,-0.1183,27.0,-0.1672,22.0,-0.8411,1.0,,,-0.2088,7.0,,,0.0066,21.0,-0.1175,123.0,-0.2256,12.0,-0.0013,1.0,-0.4209,2.0,-0.0814,56.0,0.0657,25.0,-0.0728,50.0,-0.1054,46.0,-0.0793,18.0,-0.0887,118.0
2025-12-19,Extreme Weather-Drought,-0.2076,7.0,-0.0466,8.0,0.0003,63.0,0.0001,2.0,0.3103,2.0,0.0145,2.0,0.4685,3.0,0.0827,10.0,0.1441,17.0,0.2587,2.0,-0.1658,23.0,-0.1657,5.0,-0.2687,20.0,,,0.2829,7.0,0.1171,12.0,-0.0628,3.0,0.3349,1.0,-0.1306,11.0,0.253,8.0,-0.523,3.0,0.0015,32.0,0.3129,6.0,,,-0.0209,8.0,-0.1562,28.0,0.2404,9.0,-0.229,60.0,-0.0245,1.0,0.3241,2.0,-0.0566,31.0
2025-12-19,Extreme Weather-Heat,-0.13,14.0,-0.122,33.0,-0.0753,18.0,-0.437,2.0,-0.0004,1.0,-0.3664,2.0,,,0.0147,4.0,0.0026,26.0,0.1911,4.0,-0.0088,12.0,0.8628,1.0,-0.0748,8.0,-0.0356,4.0,-0.0471,14.0,0.1464,12.0,,,,,0.469,2.0,,,-0.0084,10.0,-0.2066,24.0,0.0499,2.0,,,0.0793,5.0,0.0452,5.0,0.2609,10.0,0.0092,5.0,0.0041,1.0,0.0123,1.0,0.0006,27.0
2025-12-19,Fiscal Policy,-0.005,127.0,-0.0037,91.0,0.1161,108.0,-0.014,93.0,0.1619,30.0,-0.0248,17.0,0.0487,10.0,-0.0506,112.0,0.0112,263.0,-0.1316,30.0,-0.0193,256.0,0.0429,5.0,0.0052,371.0,0.2527,59.0,0.199,113.0,0.0165,84.0,0.0736,24.0,0.0745,109.0,0.1179,42.0,-0.0956,36.0,0.0741,55.0,0.0836,192.0,0.0084,5.0,0.2088,4.0,0.0072,24.0,0.0806,239.0,-0.007,59.0,-0.1395,113.0,0.1117,99.0,-0.0303,36.0,0.0049,571.0
2025-12-19,Fiscal Policy-Stimulus Package,0.0991,96.0,-0.0599,46.0,-0.0105,78.0,0.0638,27.0,0.2264,10.0,0.4689,4.0,0.4453,2.0,-0.1031,58.0,0.1146,141.0,-0.0276,11.0,-0.0029,108.0,-0.3043,4.0,0.0144,161.0,0.1721,54.0,0.4613,31.0,0.014,58.0,-0.0681,19.0,0.0514,138.0,0.077,24.0,0.2073,29.0,0.1245,25.0,0.2551,119.0,0.0151,1.0,0.2445,11.0,-0.3425,8.0,0.2196,148.0,0.0231,49.0,0.0792,76.0,0.2728,61.0,-0.1258,25.0,0.0861,359.0
2025-12-19,Monetary Policy,0.2811,11.0,0.2589,2.0,-0.0183,8.0,-0.0029,1.0,-0.4576,2.0,0.0414,5.0,,,0.1863,6.0,0.0785,40.0,-0.0322,3.0,0.1448,38.0,,,0.1083,16.0,0.3098,53.0,0.4143,18.0,-0.0952,4.0,0.0282,4.0,0.153,6.0,0.9532,1.0,0.3062,3.0,-0.1874,4.0,-0.1218,71.0,,,0.3588,4.0,0.0253,1.0,0.6194,13.0,-0.1259,26.0,-0.033,10.0,0.0628,4.0,-0.0134,11.0,0.2151,44.0
2025-12-19,Monetary Policy-Interest Rates,0.0005,4.0,-0.6293,4.0,-0.1195,4.0,,,-0.2207,3.0,,,,,0.8419,3.0,0.1557,7.0,,,0.0123,9.0,,,-0.7904,1.0,0.1993,37.0,0.0418,5.0,-0.3883,7.0,,,,,0.8306,2.0,,,,,-0.0037,3.0,,,,,0.003,2.0,,,0.1582,10.0,0.6248,7.0,,,-0.0068,3.0,-0.0404,22.0
2025-12-19,Monetary Policy-Quantitative Easing,0.1241,13.0,,,0.0008,1.0,-0.0101,1.0,0.004,1.0,-0.2104,5.0,0.4035,1.0,0.0004,1.0,-0.1058,46.0,0.1824,5.0,0.1575,18.0,,,-0.0192,26.0,0.7018,7.0,0.0032,56.0,0.0224,2.0,,,0.1637,3.0,0.3148,5.0,-0.7828,4.0,-0.2764,3.0,0.1323,35.0,,,,,0.4439,4.0,,,0.2054,23.0,0.9297,2.0,-0.0088,9.0,0.0118,1.0,0.0993,22.0
2025-12-19,Natural Disaster,-0.3957,3.0,-0.4359,5.0,-0.8851,2.0,0.0978,3.0,,,,,,,,,-0.0975,6.0,-0.0046,1.0,-0.4446,4.0,,,0.088,1.0,-0.5176,41.0,,,-0.4521,2.0,,,-0.0096,2.0,-0.7898,8.0,0.0102,1.0,,,-0.4347,13.0,,,,,-0.0132,2.0,-0.4678,2.0,-0.1846,9.0,-0.2342,54.0,,,-0.2713,9.0,-0.5536,23.0
2025-12-19,Oil Spills,,,,,-0.567,2.0,,,,,,,-0.2091,1.0,0.018,1.0,0.0008,3.0,,,,,,,,,,,,,,,,,-0.8283,1.0,,,,,,,,,,,,,,,,,,,,,0.0075,1.0,,,,
2025-12-19,Pandemic,0.0195,140.0,0.0182,185.0,0.0021,181.0,-0.0238,136.0,0.0514,17.0,-0.0376,33.0,-0.092,20.0,-0.0548,247.0,-0.0099,902.0,-0.0298,86.0,-0.1838,504.0,0.0931,22.0,-0.0222,567.0,0.1295,144.0,-0.0475,365.0,-0.0787,142.0,-0.0088,62.0,-0.001,196.0,0.0138,73.0,-0.0171,135.0,-0.035,108.0,-0.0523,554.0,-0.0409,13.0,0.0826,35.0,-0.1431,76.0,-0.0221,471.0,-0.1032,202.0,-0.1165,415.0,-0.1905,133.0,-0.0454,89.0,-0.0465,1103.0
2025-12-19,Politics,0.0171,563.0,-0.0149,589.0,0.0113,645.0,-0.0435,376.0,0.1356,86.0,-0.018,109.0,0.0138,51.0,-0.0682,524.0,0.0075,1221.0,-0.0805,178.0,-0.0854,1571.0,-0.137,118.0,0.0071,1539.0,0.0618,250.0,-0.0205,829.0,-0.0051,388.0,-0.0804,140.0,0.012,653.0,-0.0249,286.0,0.0573,207.0,-0.0139,248.0,0.0177,1824.0,-0.0097,38.0,-0.0308,110.0,-0.0285,115.0,0.001,1282.0,-0.0878,519.0,-0.0303,1041.0,0.0611,357.0,-0.085,221.0,-0.0297,3366.0
2025-12-19,Politics-Election,-0.0044,18.0,-0.0754,14.0,0.029,26.0,-0.1831,16.0,0.0085,1.0,,,0.1089,14.0,0.0062,32.0,-0.025,20.0,0.0809,1.0,-0.0949,204.0,0.2438,4.0,0.1395,23.0,0.0052,2.0,0.0688,21.0,-0.0474,9.0,0.0359,6.0,0.1827,26.0,-0.0531,13.0,0.0024,1.0,-0.5324,1.0,0.0113,1.0,0.0026,1.0,-0.1995,6.0,0.0162,2.0,0.0473,110.0,0.1334,16.0,-0.0635,20.0,0.0247,8.0,-0.1436,4.0,0.0254,180.0
2025-12-19,Politics-Political Tension,-0.1153,82.0,-0.0804,51.0,0.0811,81.0,-0.0978,35.0,0.0988,11.0,-0.2243,12.0,-0.0044,3.0,-0.246,34.0,-0.2162,60.0,-0.0907,18.0,-0.1223,177.0,-0.0314,43.0,-0.0243,140.0,-0.0876,34.0,0.0086,160.0,-0.1921,35.0,-0.0182,23.0,-0.1011,79.0,0.0203,31.0,-0.1141,10.0,-0.3534,38.0,-0.1094,203.0,0.8959,1.0,-0.0307,9.0,-0.1901,11.0,-0.0465,168.0,-0.262,130.0,-0.0469,50.0,0.0695,36.0,-0.1084,20.0,-0.1265,381.0
2025-12-19,Terrorist Attacks,-0.3859,24.0,-0.18,110.0,-0.4683,49.0,-0.3707,104.0,-0.4857,1.0,-0.1374,6.0,-0.0389,1.0,-0.3624,19.0,-0.2681,61.0,-0.4416,6.0,-0.3485,143.0,-0.4527,41.0,-0.333,55.0,-0.3052,12.0,-0.2167,10.0,-0.5133,53.0,-0.3794,34.0,-0.3446,42.0,-0.4277,33.0,-0.2676,4.0,-0.3822,7.0,-0.2529,103.0,-0.4827,2.0,-0.3575,39.0,-0.4528,18.0,-0.4248,40.0,-0.345,166.0,-0.3609,110.0,-0.3567,5.0,-0.3006,32.0,-0.2776,676.0
2025-12-19,Wars,0.0595,27.0,0.0445,15.0,0.2029,15.0,0.0221,5.0,0.2619,14.0,0.0743,10.0,0.0241,11.0,-0.0412,17.0,0.1466,73.0,-0.3096,7.0,0.0376,49.0,-0.0463,33.0,0.0325,77.0,0.0656,24.0,0.0321,87.0,0.007,24.0,0.0299,5.0,0.0422,23.0,0.1537,30.0,0.0409,23.0,0.1057,28.0,-0.1831,744.0,-0.0107,13.0,-0.5866,4.0,-0.0591,9.0,-0.0276,60.0,0.2215,32.0,-0.0394,141.0,0.0531,230.0,0.2872,7.0,-0.0057,161.0
2025-12-18,Economic Data,0.0652,154.0,0.2592,65.0,0.0302,63.0,0.2238,81.0,0.054,80.0,0.0424,40.0,0.2217,23.0,0.1238,101.0,0.1218,435.0,0.0401,43.0,0.1782,267.0,-0.2305,8.0,0.0906,261.0,0.3205,162.0,0.2592,298.0,0.0978,69.0,-0.0297,44.0,0.1388,54.0,0.0617,41.0,0.1838,39.0,0.0475,67.0,0.1221,233.0,0.4748,21.0,0.1531,19.0,0.086,24.0,0.2687,258.0,0.1931,191.0,0.0721,254.0,0.1235,68.0,0.35,71.0,0.0977,559.0
2025-12-18,Economic Data-Consumer Spending,0.0039,1.0,0.4436,2.0,0.0094,1.0,0.0131,4.0,0.0193,1.0,-0.2765,3.0,,,,,-0.1243,9.0,-0.1761,3.0,0.0121,2.0,,,0.1172,16.0,0.0056,1.0,0.0038,1.0,-0.0002,3.0,0.0081,3.0,,,,,0.0152,1.0,-0.0276,3.0,0.0565,4.0,,,,,-0.0053,4.0,-0.0188,10.0,0.0805,4.0,0.4734,4.0,0.0039,7.0,0.0309,5.0,0.0824,29.0
2025-12-18,Economic Data-Employment,-0.1043,47.0,-0.0964,11.0,0.0146,44.0,-0.223,14.0,-0.0289,14.0,-0.0513,3.0,0.0124,6.0,-0.1537,10.0,-0.1597,32.0,-0.0836,6.0,0.139,100.0,0.3791,1.0,-0.0626,25.0,0.1213,73.0,0.2428,59.0,0.2531,7.0,0.2387,5.0,0.2307,15.0,-0.1666,5.0,0.0092,11.0,-0.1456,14.0,0.086,72.0,0.0868,9.0,-0.0053,14.0,-0.177,6.0,0.0647,66.0,0.1169,15.0,0.0802,36.0,0.0667,4.0,0.2338,11.0,0.0134,123.0
2025-12-18,Economic Data-GDP,0.9146,5.0,,,0.2933,11.0,,,0.5129,2.0,,,0.9431,3.0,-0.0697,4.0,0.2463,26.0,-0.2045,3.0,0.3809,6.0,0.9431,2.0,0.8918,7.0,0.0056,1.0,-0.3431,5.0,-0.1822,6.0,0.546,18.0,0.1914,1.0,0.4781,8.0,0.6551,5.0,-0.9052,1.0,0.8867,2.0,0.9431,2.0,,,0.1498,2.0,0.8556,31.0,0.41,9.0,0.3014,16.0,,,,,0.1678,7.0
2025-12-18,Economic Data-Housing,0.0861,13.0,0.3036,65.0,0.1369,18.0,0.2054,47.0,-0.0179,5.0,0.6786,13.0,0.1712,13.0,0.1061,20.0,0.1782,180.0,0.128,11.0,0.0201,40.0,0.1729,10.0,0.0453,72.0,0.1109,25.0,0.153,84.0,0.0123,10.0,-0.0354,17.0,0.5379,7.0,-0.0649,5.0,0.1732,5.0,-0.0262,19.0,0.0549,80.0,0.4088,8.0,-0.0806,16.0,0.2231,7.0,0.0461,86.0,0.1529,87.0,0.1619,56.0,0.0768,13.0,0.1062,35.0,0.0662,166.0
2025-12-18,Economic Data-Inflation,0.0964,4.0,0.7976,1.0,0.0263,2.0,-0.2254,11.0,0.3668,1.0,0.3251,4.0,,,0.3409,5.0,0.0727,29.0,-0.4348,2.0,-0.0075,8.0,,,0.0695,7.0,0.3447,16.0,0.1647,14.0,-0.5729,2.0,-0.2207,2.0,-0.8991,5.0,0.0089,1.0,-0.3735,1.0,-0.6653,1.0,-0.1506,10.0,,,,,0.5566,2.0,0.06,1.0,0.0078,5.0,-0.2255,28.0,-0.0578,1.0,-0.3078,5.0,-0.1981,82.0
2025-12-18,Economic Data-Interest Rates,-0.1257,16.0,0.0909,15.0,0.0694,17.0,0.203,20.0,0.0,3.0,0.0196,24.0,-0.2117,4.0,-0.0284,11.0,0.0579,140.0,-0.2163,5.0,0.0335,63.0,0.0092,1.0,0.0147,27.0,0.3769,25.0,0.2818,33.0,-0.1602,21.0,0.2308,25.0,0.3137,16.0,-0.0445,8.0,-0.209,5.0,0.1608,5.0,0.1453,38.0,,,0.2937,6.0,0.2514,7.0,0.2335,21.0,0.0271,69.0,0.062,28.0,-0.0819,11.0,0.0084,47.0,0.0416,120.0
2025-12-18,Economic Data-Manufacturing,-0.0322,14.0,0.8052,2.0,0.5016,3.0,0.4621,6.0,0.4398,8.0,,,0.0129,1.0,0.0691,8.0,0.2121,63.0,,,0.4911,12.0,,,0.3121,23.0,0.2807,9.0,0.4235,32.0,0.2713,5.0,0.4898,3.0,0.5322,6.0,0.4873,2.0,0.9468,2.0,-0.3992,4.0,0.1573,15.0,0.0196,3.0,,,,,0.7313,16.0,0.5191,37.0,0.0344,5.0,0.4831,2.0,0.3257,4.0,0.4143,24.0
2025-12-18,Economic Data-Retail Sales,0.0792,6.0,-0.0494,7.0,0.8061,1.0,-0.3119,5.0,0.4835,5.0,-0.8725,2.0,,,0.4653,4.0,0.3687,29.0,0.4762,4.0,0.0728,4.0,0.3565,4.0,0.3522,23.0,0.2239,37.0,0.5729,30.0,0.0062,1.0,0.7109,5.0,0.3278,3.0,0.0676,1.0,0.4104,2.0,0.4417,4.0,-0.1317,25.0,,,0.6306,5.0,0.3028,3.0,0.3865,19.0,0.6168,17.0,0.0808,8.0,-0.0059,2.0,0.2539,11.0,0.0762,35.0
2025-12-18,Extreme Weather,0.0959,207.0,-0.1882,82.0,-0.2022,197.0,-0.1701,115.0,-0.0889,19.0,0.0073,16.0,-0.0178,13.0,-0.1903,66.0,-0.0031,526.0,-0.2008,23.0,-0.2374,321.0,0.0133,14.0,-0.146,89.0,0.0813,74.0,-0.0692,80.0,-0.0774,49.0,0.0026,23.0,-0.1,8.0,-0.1472,25.0,-0.0158,19.0,-0.0465,63.0,-0.0987,215.0,-0.1089,19.0,0.032,9.0,-0.1883,18.0,-0.0096,180.0,0.15,111.0,-0.1629,117.0,-0.0904,54.0,-0.1838,23.0,-0.0859,319.0
2025-12-18,Extreme Weather-Cold,-0.078,7.0,-0.2491,7.0,0.4374,2.0,-0.3685,65.0,0.0489,8.0,0.2808,6.0,-0.1588,5.0,-0.0324,8.0,-0.1314,32.0,0.0027,8.0,-0.1576,106.0,-0.0504,6.0,-0.0644,18.0,-0.0142,5.0,-0.0765,11.0,0.0512,22.0,-0.1508,9.0,-0.0039,1.0,-0.2324,5.0,-0.0536,2.0,0.0016,16.0,-0.0428,111.0,-0.0676,7.0,-0.9098,1.0,,,-0.1576,41.0,0.004,15.0,-0.0628,61.0,-0.0695,26.0,-0.027,16.0,-0.1064,93.0
2025-12-18,Extreme Weather-Drought,0.1211,11.0,-0.2342,8.0,0.0906,75.0,-0.4173,8.0,0.9045,1.0,0.2959,3.0,0.0016,2.0,-0.1213,4.0,-0.1034,9.0,0.0058,2.0,0.0894,24.0,-0.0343,2.0,-0.1604,20.0,0.4112,2.0,0.1016,6.0,-0.1058,10.0,0.0236,3.0,-0.8945,1.0,-0.0066,3.0,-0.7175,4.0,-0.0398,3.0,-0.0689,15.0,0.1217,10.0,,,-0.3398,14.0,0.1079,41.0,0.2844,19.0,-0.3578,25.0,0.0425,11.0,-0.3861,2.0,0.1222,66.0
2025-12-18,Extreme Weather-Heat,-0.0201,12.0,0.0122,40.0,0.234,7.0,0.4958,2.0,,,,,,,0.1246,5.0,-0.1187,22.0,0.004,1.0,-0.0578,18.0,-0.0011,2.0,0.0159,9.0,0.3684,6.0,0.0986,21.0,0.0738,10.0,,,-0.7123,1.0,,,,,0.1303,6.0,-0.0088,13.0,,,0.0099,1.0,0.367,2.0,0.4586,18.0,0.2253,2.0,0.0523,2.0,,,0.0125,1.0,0.0769,26.0
2025-12-18,Fiscal Policy,-0.0084,198.0,0.0521,79.0,0.0728,179.0,0.0583,91.0,0.3022,27.0,-0.2146,12.0,0.0261,14.0,-0.0344,93.0,0.0281,299.0,-0.0096,33.0,-0.0003,349.0,0.0094,21.0,0.0117,370.0,0.2749,73.0,0.1069,158.0,0.1442,92.0,0.0507,32.0,0.0296,123.0,0.1346,67.0,0.1301,64.0,0.0679,66.0,0.0741,150.0,0.2501,8.0,0.2052,23.0,-0.1485,20.0,0.1386,280.0,0.0434,111.0,0.1396,135.0,-0.0116,96.0,0.0356,43.0,0.0438,714.0
2025-12-18,Fiscal Policy-Stimulus Package,0.0517,86.0,-0.0934,31.0,0.2247,75.0,0.0717,53.0,0.0348,9.0,0.1409,11.0,0.4002,11.0,-0.0024,34.0,0.0239,115.0,-0.1233,9.0,0.0204,85.0,0.0641,2.0,-0.0255,141.0,0.2477,45.0,0.2633,60.0,0.1691,43.0,0.0343,12.0,0.0974,85.0,0.1891,15.0,0.1424,60.0,0.1209,44.0,0.0836,74.0,0.0016,4.0,0.0583,11.0,-0.1187,6.0,0.1747,153.0,0.0994,71.0,-0.0286,63.0,0.1833,49.0,-0.0186,31.0,0.046,444.0
2025-12-18,Monetary Policy,0.224,5.0,0.1935,7.0,-0.0858,6.0,0.1941,14.0,0.0153,3.0,0.0083,20.0,0.3273,3.0,-0.2011,9.0,0.0871,96.0,0.0149,1.0,-0.057,29.0,0.0092,1.0,0.2568,15.0,0.6829,15.0,0.2859,11.0,-0.1025,12.0,0.1812,19.0,0.3219,12.0,0.0135,4.0,0.1496,3.0,0.0407,2.0,0.0991,21.0,,,0.4479,4.0,0.2438,6.0,0.468,14.0,0.0454,38.0,0.16,16.0,-0.2924,8.0,-0.176,30.0,0.0643,55.0
2025-12-18,Monetary Policy-Interest Rates,0.0113,1.0,-0.8317,2.0,0.3655,2.0,-0.7283,1.0,-0.0041,1.0,,,0.2218,1.0,0.4234,2.0,-0.0636,71.0,0.0032,1.0,0.1683,6.0,,,,,0.0355,5.0,,,-0.7675,1.0,-0.0044,1.0,,,,,0.9487,1.0,-0.293,3.0,0.0058,2.0,,,-0.1288,1.0,0.0026,2.0,0.5196,2.0,-0.3064,18.0,-0.0011,2.0,,,-0.1322,9.0,-0.2335,21.0
2025-12-18,Monetary Policy-Quantitative Easing,-0.0149,8.0,,,,,0.2988,4.0,,,0.014,1.0,0.0041,1.0,0.3558,2.0,0.0255,74.0,0.854,1.0,-0.1084,14.0,,,0.0013,11.0,,,0.3278,51.0,-0.8657,4.0,,,0.012,4.0,0.6399,4.0,,,-0.0099,2.0,0.2966,20.0,,,0.3478,3.0,0.3081,5.0,0.1498,1.0,-0.0039,29.0,0.3502,19.0,0.2905,4.0,0.1936,2.0,0.3263,23.0
2025-12-18,Natural Disaster,-0.2504,3.0,0.0001,1.0,-0.1743,5.0,-0.0508,3.0,,,,,,,-0.2014,2.0,-0.1267,23.0,,,,,,,-0.8726,4.0,0.173,2.0,-0.2239,3.0,-0.5843,3.0,-0.0105,4.0,-0.1202,4.0,0.0184,1.0,0.0017,3.0,,,-0.2459,8.0,-0.8835,1.0,,,,,-0.2549,4.0,-0.3644,29.0,-0.2289,42.0,-0.0344,1.0,-0.4281,1.0,-0.2314,27.0
2025-12-18,Oil Spills,,,,,-0.8954,2.0,,,,,,,,,,,,,,,-0.6402,2.0,,,-0.0164,2.0,,,0.0353,1.0,,,,,,,,,,,,,-0.2606,3.0,,,,,,,,,-0.0103,2.0,,,,,,,-0.3132,1.0
2025-12-18,Pandemic,-0.0718,207.0,-0.0479,227.0,-0.0058,243.0,0.0546,130.0,0.2004,25.0,-0.0677,40.0,0.0331,30.0,-0.1019,231.0,0.0227,1180.0,-0.1192,64.0,-0.1389,557.0,-0.0685,48.0,-0.0121,617.0,0.0779,152.0,-0.112,461.0,-0.031,197.0,-0.037,66.0,0.048,222.0,0.0271,107.0,-0.0433,107.0,-0.0388,128.0,-0.0575,484.0,0.1503,28.0,-0.1495,51.0,-0.1069,79.0,0.0336,652.0,-0.051,236.0,-0.1152,347.0,-0.0581,131.0,-0.0277,112.0,-0.0377,1113.0
2025-12-18,Politics,-0.0263,740.0,-0.0638,638.0,0.0462,741.0,-0.0422,469.0,0.1504,81.0,-0.037,136.0,0.0713,85.0,-0.058,511.0,-0.0087,1330.0,-0.0766,174.0,-0.0637,1683.0,-0.0618,272.0,0.013,1569.0,0.0775,306.0,-0.036,1081.0,0.0431,422.0,-0.0665,183.0,-0.0176,680.0,-0.0191,319.0,0.0504,242.0,-0.009,343.0,-0.0063,1316.0,0.0951,56.0,-0.0186,151.0,-0.1342,132.0,0.0174,1624.0,0.027,547.0,-0.0223,1071.0,0.0413,403.0,-0.0216,269.0,-0.013,3811.0
2025-12-18,Politics-Election,-0.0585,15.0,0.1134,22.0,0.0836,26.0,0.0254,10.0,-0.647,1.0,,,-0.0136,49.0,-0.0037,38.0,-0.0041,39.0,0.2294,13.0,0.0694,143.0,,,-0.0135,20.0,0.0185,4.0,0.1705,36.0,0.033,9.0,0.2637,7.0,0.25,22.0,0.0142,10.0,,,-0.301,3.0,-0.0291,2.0,-0.4553,2.0,-0.0131,3.0,,,0.0267,63.0,0.1379,11.0,-0.0188,31.0,-0.1105,23.0,-0.1814,5.0,0.0328,136.0
2025-12-18,Politics-Political Tension,-0.0983,139.0,-0.1452,104.0,-0.1379,53.0,-0.1874,42.0,-0.0525,7.0,-0.1215,10.0,-0.0737,8.0,-0.1102,41.0,-0.1175,126.0,-0.1344,39.0,-0.1947,187.0,0.0486,68.0,-0.0374,129.0,0.0147,33.0,-0.1916,109.0,-0.0657,44.0,-0.0157,15.0,-0.1797,92.0,0.0121,23.0,-0.0138,15.0,-0.0529,64.0,-0.153,141.0,0.0024,1.0,-0.1002,21.0,-0.221,7.0,-0.0906,214.0,-0.1455,126.0,-0.1105,83.0,0.0449,52.0,-0.0842,24.0,-0.1137,423.0
2025-12-18,Terrorist Attacks,-0.4312,10.0,-0.1629,161.0,-0.405,53.0,-0.139,59.0,,,,,-0.0095,2.0,-0.3717,12.0,-0.2516,83.0,-0.0597,2.0,-0.3189,141.0,-0.2629,20.0,-0.3107,53.0,-0.2677,21.0,-0.4705,29.0,-0.5412,47.0,-0.2387,17.0,-0.3052,32.0,-0.1821,17.0,-0.1724,8.0,-0.7337,5.0,-0.3817,135.0,,,-0.0531,12.0,-0.2569,18.0,-0.6465,33.0,-0.3184,16.0,-0.4084,84.0,-0.2092,15.0,-0.136,29.0,-0.2495,442.0
2025-12-18,Wars,-0.044,33.0,-0.0033,8.0,0.0293,28.0,-0.0385,14.0,0.2557,13.0,0.0222,9.0,-0.0226,15.0,0.0843,26.0,0.0319,80.0,-0.0533,15.0,0.1486,53.0,0.0272,59.0,0.0177,61.0,0.122,14.0,0.0631,88.0,0.0742,20.0,0.2876,3.0,-0.027,30.0,0.0616,17.0,0.4356,7.0,0.044,59.0,-0.096,629.0,0.1276,18.0,0.0125,3.0,0.1748,8.0,0.0727,74.0,0.1808,36.0,-0.0186,153.0,-0.0697,241.0,0.0225,5.0,-0.0541,170.0
2025-12-17,Economic Data,0.0515,172.0,-0.0553,66.0,0.1026,72.0,-0.0846,75.0,0.349,45.0,0.3376,22.0,0.2617,29.0,0.0025,69.0,0.0382,413.0,-0.0151,29.0,0.0489,284.0,-0.0282,18.0,0.1706,269.0,0.1786,125.0,0.2609,293.0,0.031,74.0,0.1863,29.0,0.0739,64.0,0.1586,32.0,0.3425,41.0,-0.0304,51.0,0.1222,251.0,0.1429,16.0,0.1922,19.0,0.1064,35.0,0.1404,302.0,0.2054,174.0,0.1012,202.0,0.0879,53.0,0.0572,124.0,0.1049,507.0
2025-12-17,Economic Data-Consumer Spending,-0.1337,10.0,0.1617,7.0,0.0684,3.0,-0.0014,13.0,,,0.0058,4.0,,,-0.3793,1.0,-0.0447,9.0,0.157,4.0,-0.0092,6.0,,,0.0216,20.0,0.0057,4.0,0.7779,4.0,0.0207,10.0,-0.1915,4.0,0.0006,2.0,,,0.0469,2.0,0.0052,8.0,0.2149,1.0,,,0.8544,1.0,0.0082,2.0,-0.1829,3.0,0.6154,4.0,,,0.0025,2.0,0.1109,9.0,0.0504,63.0
2025-12-17,Economic Data-Employment,0.0343,27.0,-0.2653,15.0,0.118,51.0,-0.254,12.0,0.0989,11.0,-0.2198,5.0,0.022,2.0,0.0238,13.0,0.0209,37.0,0.005,8.0,0.043,114.0,-0.5325,5.0,0.0239,46.0,0.1807,67.0,0.2314,54.0,0.0237,4.0,-0.0704,8.0,-0.4476,9.0,0.044,5.0,0.1169,6.0,-0.3158,8.0,0.1366,53.0,-0.1679,5.0,-0.0877,9.0,0.0101,9.0,0.0705,45.0,0.1873,29.0,0.1395,29.0,0.0168,10.0,-0.2656,15.0,-0.0799,116.0
2025-12-17,Economic Data-GDP,0.0074,6.0,0.0483,4.0,-0.4777,3.0,,,0.9488,2.0,0.715,5.0,0.9407,1.0,0.9142,5.0,-0.264,13.0,-0.003,1.0,0.6195,28.0,0.0416,1.0,0.6538,5.0,,,0.5868,3.0,0.567,3.0,0.338,21.0,0.0214,2.0,-0.4025,2.0,,,,,-0.2797,2.0,,,0.4054,13.0,0.1872,1.0,0.4784,3.0,0.5776,1.0,0.4804,4.0,,,0.0021,1.0,0.1796,8.0
2025-12-17,Economic Data-Housing,0.2054,18.0,0.0743,35.0,0.2297,11.0,0.1129,59.0,0.4435,5.0,0.3743,15.0,0.0626,10.0,-0.0108,28.0,0.0721,89.0,0.0119,10.0,0.3423,45.0,-0.1386,7.0,0.1069,53.0,0.084,28.0,0.1781,109.0,-0.4175,2.0,0.0598,30.0,-0.0129,12.0,-0.0566,11.0,-0.1113,8.0,-0.0412,19.0,0.1241,74.0,-0.1733,7.0,0.2216,5.0,0.2481,4.0,-0.0194,139.0,0.0068,82.0,-0.0468,66.0,0.1975,18.0,0.1582,53.0,0.0773,269.0
2025-12-17,Economic Data-Inflation,0.3101,12.0,-0.8795,1.0,0.4546,5.0,-0.1473,3.0,,,0.3116,5.0,0.0014,1.0,0.3887,5.0,0.0309,16.0,0.2973,4.0,0.0534,9.0,,,0.1387,14.0,0.0021,12.0,0.2995,20.0,-0.014,1.0,-0.9155,1.0,-0.5533,2.0,-0.0103,2.0,-0.293,3.0,0.3631,4.0,0.1933,9.0,,,,,-0.246,9.0,-0.195,10.0,0.3897,1.0,0.0242,13.0,0.3636,3.0,-0.2077,18.0,-0.1547,29.0
2025-12-17,Economic Data-Interest Rates,0.1824,29.0,0.1357,31.0,0.2736,7.0,0.196,20.0,0.0497,6.0,-0.0351,7.0,0.308,4.0,0.2844,10.0,0.0942,67.0,0.1249,5.0,-0.0875,64.0,-0.2444,6.0,0.1763,20.0,0.5003,8.0,0.0065,42.0,-0.1777,7.0,0.2168,31.0,0.0015,19.0,-0.65,5.0,-0.2077,1.0,-0.4538,8.0,-0.035,44.0,-0.0241,1.0,-0.9207,1.0,0.1023,11.0,0.1389,38.0,0.2894,36.0,-0.0029,22.0,0.1169,12.0,0.1023,33.0,-0.044,88.0
2025-12-17,Economic Data-Manufacturing,-0.1685,8.0,0.0097,3.0,0.1687,4.0,0.1464,6.0,0.4996,10.0,,,0.9413,2.0,0.2073,7.0,0.3081,51.0,0.9464,1.0,0.3285,21.0,,,0.1067,7.0,0.6738,6.0,0.6841,37.0,0.2412,5.0,0.1629,6.0,0.0477,3.0,0.474,4.0,0.0056,1.0,0.4786,4.0,0.3309,8.0,,,0.2018,4.0,0.0386,1.0,0.0802,12.0,0.4526,27.0,0.382,5.0,,,0.229,12.0,0.3386,29.0
2025-12-17,Economic Data-Retail Sales,0.4091,14.0,-0.2071,8.0,0.398,3.0,0.1938,5.0,,,,,,,0.2213,5.0,0.4214,39.0,-0.1306,6.0,0.3085,10.0,,,0.2184,16.0,0.3054,30.0,0.6231,22.0,0.039,2.0,0.0921,3.0,0.02,1.0,0.9337,1.0,0.0209,3.0,0.3462,6.0,0.0113,19.0,,,0.2312,4.0,0.3274,3.0,0.6422,1.0,0.478,15.0,0.3876,18.0,-0.0413,2.0,0.2465,12.0,0.2644,59.0
2025-12-17,Extreme Weather,-0.093,208.0,-0.1126,43.0,-0.207,217.0,-0.2181,97.0,0.2719,25.0,-0.2976,15.0,-0.0554,8.0,-0.0547,65.0,-0.0209,348.0,0.1006,38.0,-0.1679,283.0,-0.0255,14.0,-0.1581,121.0,0.0514,50.0,-0.0115,73.0,0.0433,56.0,-0.0287,19.0,-0.1442,9.0,-0.2167,17.0,0.06,10.0,0.0541,55.0,-0.1677,221.0,-0.1489,25.0,-0.0765,9.0,-0.1782,17.0,0.001,167.0,0.0544,65.0,-0.1853,161.0,-0.0556,85.0,-0.0284,55.0,-0.0809,334.0
2025-12-17,Extreme Weather-Cold,-0.1726,4.0,0.004,8.0,-0.0932,13.0,-0.2789,66.0,0.3106,3.0,-0.4832,6.0,0.0612,2.0,-0.4503,3.0,-0.0159,41.0,-0.2806,8.0,-0.1691,71.0,0.1801,14.0,-0.0592,18.0,-0.0951,7.0,-0.3128,18.0,-0.0072,40.0,0.0158,4.0,,,0.0127,3.0,0.0025,1.0,-0.0857,13.0,-0.1032,99.0,0.1505,6.0,,,,,-0.067,21.0,-0.1021,16.0,-0.2562,68.0,-0.0984,37.0,0.1794,15.0,-0.0653,97.0
2025-12-17,Extreme Weather-Drought,-0.1393,13.0,0.7893,4.0,-0.3305,90.0,-0.5807,5.0,,,,,-0.1281,5.0,-0.1639,4.0,0.0729,8.0,-0.359,8.0,-0.266,25.0,0.0559,5.0,-0.096,15.0,0.3954,5.0,-0.0008,2.0,0.1354,7.0,-0.014,7.0,0.3233,3.0,0.0998,8.0,-0.2656,8.0,-0.3769,8.0,-0.1706,16.0,0.0879,5.0,,,-0.0085,12.0,-0.0908,39.0,-0.0658,16.0,-0.1773,43.0,-0.1659,3.0,0.1005,3.0,0.0213,41.0
2025-12-17,Extreme Weather-Heat,0.0313,20.0,-0.0676,18.0,-0.0352,5.0,0.285,4.0,-0.8593,1.0,0.0026,2.0,0.0013,1.0,0.2092,9.0,0.1124,30.0,0.015,3.0,-0.1468,14.0,,,0.1992,8.0,0.1297,5.0,0.0332,10.0,-0.0074,10.0,0.1048,6.0,,,,,,,0.2279,6.0,-0.0239,22.0,,,,,-0.0025,2.0,0.239,29.0,0.2442,5.0,0.6192,3.0,0.341,12.0,0.3483,5.0,0.1948,32.0
2025-12-17,Fiscal Policy,-0.0315,179.0,0.1228,108.0,0.1538,126.0,0.063,83.0,0.2603,23.0,0.1231,20.0,0.1725,15.0,-0.0465,90.0,0.0854,394.0,-0.0025,32.0,-0.0006,267.0,0.0199,27.0,0.0692,343.0,0.0659,56.0,0.1151,141.0,0.0501,84.0,0.0761,34.0,0.0139,115.0,0.0989,41.0,-0.0476,46.0,-0.0678,67.0,0.0317,141.0,0.1873,8.0,0.0891,16.0,0.1084,15.0,0.0909,291.0,0.2542,98.0,-0.0125,96.0,0.0407,76.0,0.1047,64.0,0.051,633.0
2025-12-17,Fiscal Policy-Stimulus Package,0.0323,105.0,0.0491,80.0,0.0057,62.0,0.1316,40.0,0.5869,17.0,-0.1087,13.0,0.2102,10.0,0.0617,44.0,0.0819,215.0,0.0462,21.0,0.2464,97.0,0.0975,1.0,0.0001,130.0,0.2355,15.0,0.3688,61.0,0.064,43.0,-0.0941,17.0,-0.0692,76.0,0.1265,18.0,0.0886,64.0,0.0418,25.0,0.0984,67.0,-0.3813,7.0,-0.0022,4.0,0.3264,15.0,0.1294,158.0,0.0164,55.0,-0.0685,77.0,0.0158,57.0,0.2993,68.0,0.0547,405.0
2025-12-17,Monetary Policy,0.2802,16.0,0.0362,12.0,0.325,5.0,0.221,14.0,-0.157,4.0,0.1587,4.0,-0.1338,4.0,0.319,6.0,0.3198,37.0,0.8878,1.0,-0.0217,42.0,-0.8747,1.0,0.2013,18.0,0.8986,2.0,0.1536,29.0,,,0.3022,22.0,0.3732,4.0,-0.6546,4.0,,,-0.5758,6.0,-0.0174,19.0,,,,,0.3372,2.0,0.1559,9.0,0.3293,20.0,0.0507,8.0,0.0064,5.0,0.073,23.0,0.0992,38.0
2025-12-17,Monetary Policy-Interest Rates,,,-0.0154,1.0,-0.3734,2.0,,,,,0.9389,1.0,0.0048,1.0,,,-0.1604,8.0,,,-0.0042,2.0,,,,,0.007,1.0,-0.414,2.0,-0.0334,1.0,,,,,-0.8903,1.0,,,,,,,0.0019,1.0,,,0.0004,7.0,,,0.2415,12.0,0.0064,2.0,,,-0.3975,14.0,-0.2284,14.0
2025-12-17,Monetary Policy-Quantitative Easing,-0.0028,18.0,-0.0014,1.0,0.3776,5.0,0.0221,4.0,0.4781,3.0,0.0012,1.0,-0.0753,1.0,0.1548,5.0,0.0374,53.0,-0.8579,2.0,0.0921,16.0,,,0.37,13.0,,,0.0733,43.0,,,,,0.2585,3.0,,,,,,,-0.1892,15.0,,,,,0.0098,5.0,0.4737,2.0,0.0756,20.0,0.004,2.0,,,0.0211,1.0,0.0885,24.0
2025-12-17,Natural Disaster,-0.0032,1.0,-0.2562,2.0,-0.4884,20.0,-0.6474,1.0,,,-0.8377,2.0,,,-0.3593,4.0,-0.0181,11.0,,,-0.5049,7.0,-0.013,1.0,-0.2443,6.0,,,-0.8417,2.0,,,,,-0.7168,1.0,-0.2881,2.0,0.0146,2.0,0.5512,1.0,-0.4787,18.0,-0.0002,5.0,,,-0.9023,1.0,-0.2842,8.0,-0.2329,2.0,-0.311,73.0,-0.0004,3.0,,,-0.3616,36.0
2025-12-17,Oil Spills,-0.9177,1.0,,,,,,,,,-0.9125,1.0,,,,,,,,,,,,,0.033,2.0,,,0.0162,2.0,-0.8806,1.0,-0.0779,1.0,,,,,,,,,-0.0043,3.0,,,,,,,,,-0.0262,4.0,,,,,,,-0.4315,2.0
2025-12-17,Pandemic,-0.0973,210.0,-0.0426,235.0,-0.0302,247.0,-0.03,133.0,0.0675,37.0,-0.0231,33.0,0.1407,43.0,-0.1237,286.0,0.041,1024.0,-0.0406,84.0,-0.1298,531.0,-0.1691,50.0,-0.0608,529.0,0.0345,147.0,0.1432,380.0,-0.0253,223.0,-0.0756,76.0,-0.0037,176.0,-0.0954,92.0,0.0619,108.0,-0.0942,126.0,-0.071,541.0,0.0679,22.0,-0.0975,34.0,-0.0453,67.0,0.027,655.0,-0.0073,193.0,-0.1175,341.0,-0.073,125.0,-0.0432,196.0,-0.0303,1202.0
2025-12-17,Politics,-0.0408,693.0,-0.0761,601.0,-0.0168,598.0,-0.0394,359.0,0.3663,82.0,0.058,136.0,0.1047,104.0,-0.042,552.0,0.0208,1458.0,-0.0461,220.0,-0.0712,1606.0,-0.0242,270.0,0.0012,1547.0,0.0299,266.0,-0.0702,955.0,0.0163,388.0,-0.0012,196.0,-0.0585,611.0,-0.0598,292.0,0.0266,222.0,-0.0331,295.0,-0.0366,1237.0,0.0623,51.0,-0.0344,103.0,-0.0231,129.0,0.0085,1491.0,0.0283,514.0,-0.0596,984.0,-0.0109,374.0,-0.0857,356.0,-0.0356,3709.0
2025-12-17,Politics-Election,-0.0261,15.0,-0.0823,31.0,0.144,19.0,0.0574,8.0,0.0326,1.0,-0.0009,1.0,0.0356,38.0,-0.0033,38.0,0.0302,39.0,-0.0734,10.0,0.0367,171.0,0.0041,3.0,0.0353,19.0,-0.233,28.0,0.1502,24.0,0.0377,10.0,0.0314,9.0,0.144,19.0,0.1647,7.0,0.0022,2.0,0.4405,6.0,0.0061,6.0,0.0313,2.0,-0.0368,4.0,0.0334,2.0,0.1366,38.0,0.0795,26.0,-0.0423,18.0,-0.0096,15.0,0.001,3.0,0.0683,127.0
2025-12-17,Politics-Political Tension,-0.1309,109.0,-0.1282,89.0,-0.0417,58.0,-0.1407,53.0,-0.0305,7.0,-0.0868,6.0,0.1906,5.0,-0.0482,35.0,-0.1041,128.0,-0.0938,28.0,-0.1443,146.0,-0.0492,62.0,-0.0326,151.0,-0.3637,15.0,-0.1348,153.0,-0.0578,50.0,-0.2871,19.0,-0.1762,106.0,-0.0552,17.0,0.0383,17.0,-0.0687,69.0,-0.0253,117.0,0.1559,6.0,-0.0804,14.0,-0.1118,8.0,-0.1612,179.0,-0.1636,95.0,-0.0315,74.0,0.157,52.0,-0.276,38.0,-0.1302,445.0
2025-12-17,Terrorist Attacks,-0.4971,24.0,-0.2368,232.0,-0.4496,44.0,-0.1703,69.0,,,-0.4093,5.0,-0.1517,3.0,-0.5057,29.0,-0.3195,57.0,0.0986,10.0,-0.3813,228.0,-0.4494,37.0,-0.5476,87.0,-0.3977,12.0,0.0556,16.0,-0.4238,43.0,-0.2333,61.0,-0.4739,48.0,-0.3553,33.0,-0.344,9.0,-0.1716,20.0,-0.4321,171.0,,,-0.2136,36.0,-0.4555,32.0,-0.5374,49.0,-0.3177,9.0,-0.4365,124.0,-0.5291,5.0,-0.25,79.0,-0.2591,606.0
2025-12-17,Wars,0.0044,27.0,-0.0519,9.0,0.0289,19.0,-0.0115,9.0,0.2476,17.0,-0.1287,7.0,0.0377,16.0,-0.0354,24.0,0.1569,79.0,-0.0804,14.0,-0.0439,89.0,0.006,41.0,0.0587,79.0,-0.0773,10.0,0.0296,61.0,0.0292,24.0,-0.2607,5.0,0.1756,29.0,0.1134,16.0,0.0603,14.0,0.0995,45.0,-0.104,996.0,0.1586,15.0,-0.1379,6.0,-0.0216,5.0,0.0119,60.0,0.0561,29.0,-0.0161,192.0,-0.0548,231.0,-0.0127,9.0,-0.0364,217.0
2025-12-16,Economic Data,-0.0127,140.0,0.0711,87.0,0.0671,82.0,0.0663,75.0,0.1602,49.0,0.136,42.0,0.183,20.0,-0.176,88.0,0.0319,331.0,0.0652,42.0,0.1244,239.0,0.1578,23.0,0.0248,299.0,0.1421,141.0,0.2013,256.0,0.1131,72.0,0.1754,45.0,0.1923,65.0,0.1659,52.0,0.084,34.0,0.2215,60.0,0.1202,245.0,0.374,13.0,0.1667,32.0,0.1729,9.0,0.1666,203.0,0.1625,202.0,0.0423,179.0,0.0936,61.0,0.1151,199.0,0.0522,463.0
2025-12-16,Economic Data-Consumer Spending,-0.1557,6.0,0.0027,1.0,0.2462,3.0,0.1918,13.0,0.8128,2.0,0.6369,3.0,,,0.8317,1.0,-0.2921,29.0,0.005,3.0,-0.0853,7.0,0.001,1.0,0.0115,7.0,0.0203,8.0,,,0.0045,1.0,0.0092,2.0,0.7028,4.0,-0.9121,1.0,-0.0,2.0,0.0035,2.0,0.0868,12.0,,,,,0.0099,1.0,0.1031,6.0,0.0439,4.0,0.8089,1.0,0.0137,2.0,0.1372,10.0,0.0327,50.0
2025-12-16,Economic Data-Employment,0.2073,29.0,-0.2902,24.0,0.1149,58.0,-0.3088,31.0,0.0404,2.0,0.0777,4.0,0.3852,6.0,0.0803,16.0,-0.1002,80.0,0.1809,6.0,0.0587,90.0,0.0705,5.0,0.155,85.0,0.1109,77.0,0.223,57.0,0.2399,9.0,-0.1096,15.0,-0.2948,16.0,0.4038,2.0,0.0531,3.0,-0.2154,10.0,0.0701,44.0,-0.158,6.0,-0.168,12.0,-0.8415,2.0,0.2151,60.0,0.0028,32.0,0.0416,33.0,0.1124,9.0,0.089,65.0,-0.0309,204.0
2025-12-16,Economic Data-GDP,0.5234,19.0,0.0161,1.0,-0.3175,5.0,-0.8996,1.0,0.9477,1.0,0.9441,1.0,0.4933,2.0,-0.5879,7.0,0.369,8.0,0.6893,3.0,0.1274,19.0,0.9454,1.0,-0.4089,5.0,,,0.4863,2.0,0.1387,7.0,0.1548,4.0,0.0259,2.0,,,,,,,0.0082,1.0,,,,,,,0.608,12.0,-0.6197,4.0,-0.4512,2.0,0.2809,1.0,-0.4335,2.0,0.2166,14.0
2025-12-16,Economic Data-Housing,-0.0422,21.0,0.2976,23.0,0.2296,11.0,0.1872,38.0,-0.156,15.0,0.2249,21.0,0.1753,21.0,-0.0116,30.0,0.1586,87.0,0.2854,18.0,0.1729,49.0,-0.1947,11.0,-0.0021,69.0,0.0682,44.0,-0.0061,84.0,-0.1893,9.0,-0.0017,25.0,-0.1284,11.0,-0.195,17.0,0.4894,18.0,0.0359,13.0,0.0691,67.0,0.0715,11.0,0.4135,14.0,0.3137,3.0,0.2267,123.0,0.0512,61.0,-0.1035,105.0,0.3544,10.0,0.2219,86.0,0.1605,175.0
2025-12-16,Economic Data-Inflation,-0.0412,8.0,-0.5445,4.0,0.9407,2.0,,,0.9392,1.0,-0.454,2.0,0.2983,2.0,,,-0.1339,9.0,-0.82,2.0,-0.2078,6.0,-0.8071,2.0,-0.1114,26.0,0.1785,7.0,0.1417,9.0,,,-0.2819,4.0,-0.2279,9.0,-0.1587,3.0,-0.4459,2.0,-0.0793,5.0,0.1606,14.0,0.0071,1.0,,,0.0544,2.0,,,0.4591,5.0,-0.0734,23.0,,,0.0147,12.0,-0.1781,21.0
2025-12-16,Economic Data-Interest Rates,0.1011,27.0,0.1423,29.0,-0.0816,15.0,0.064,12.0,0.0223,2.0,0.3836,5.0,-0.3804,4.0,0.3174,12.0,0.2154,37.0,0.1941,11.0,0.0105,61.0,-0.0012,1.0,0.1908,26.0,0.2729,8.0,0.1589,49.0,0.1614,7.0,0.5075,13.0,-0.0639,38.0,-0.184,19.0,0.0397,6.0,0.0098,8.0,-0.0798,50.0,0.9516,1.0,0.5646,1.0,0.8912,1.0,0.344,28.0,0.2517,32.0,-0.1183,19.0,0.0097,3.0,0.1058,52.0,0.1085,71.0
2025-12-16,Economic Data-Manufacturing,-0.5541,7.0,0.0159,2.0,-0.3967,2.0,0.248,9.0,0.4487,8.0,,,,,-0.2842,2.0,0.2543,50.0,0.0157,1.0,0.1701,10.0,0.9095,1.0,0.2653,25.0,0.3334,7.0,0.4738,19.0,0.0577,1.0,,,0.0059,2.0,-0.2464,2.0,,,,,0.1942,11.0,0.1718,3.0,0.3777,2.0,,,0.2183,17.0,0.6925,35.0,0.2464,6.0,0.0112,2.0,0.5422,13.0,0.3118,35.0
2025-12-16,Economic Data-Retail Sales,0.1186,7.0,-0.2556,12.0,0.2926,5.0,0.0879,7.0,0.8003,5.0,0.6291,4.0,,,-0.2177,5.0,0.0595,21.0,0.1123,4.0,0.0564,9.0,0.0038,1.0,0.4016,6.0,0.4127,27.0,0.4439,23.0,0.7591,4.0,-0.0134,3.0,-0.3085,2.0,,,0.2368,6.0,0.1031,4.0,0.003,13.0,0.0058,1.0,0.2172,2.0,-0.1859,2.0,-0.0601,7.0,0.5394,8.0,0.1626,9.0,0.0456,1.0,0.1698,35.0,-0.0348,53.0
2025-12-16,Extreme Weather,-0.0448,212.0,-0.0463,55.0,-0.0652,227.0,-0.0904,70.0,0.2276,16.0,0.1525,24.0,-0.2246,11.0,-0.0946,63.0,-0.0382,441.0,-0.0241,17.0,-0.1177,278.0,-0.2923,20.0,-0.0273,159.0,0.1189,112.0,-0.079,85.0,-0.0573,59.0,-0.2353,24.0,0.019,12.0,-0.1741,38.0,-0.0517,16.0,0.0371,76.0,-0.1668,173.0,-0.1006,17.0,-0.363,13.0,-0.2256,6.0,-0.1729,199.0,0.0539,97.0,-0.1124,162.0,-0.0323,102.0,-0.0965,114.0,-0.0608,381.0
2025-12-16,Extreme Weather-Cold,-0.2375,8.0,-0.4207,2.0,-0.124,10.0,-0.1483,33.0,-0.0679,7.0,-0.1728,8.0,-0.2596,7.0,0.1186,14.0,-0.0254,42.0,-0.1576,7.0,-0.1883,74.0,-0.0677,11.0,-0.1093,26.0,-0.1208,5.0,-0.191,12.0,-0.0762,31.0,-0.3,3.0,,,-0.3679,6.0,,,0.0693,15.0,-0.0682,116.0,0.0004,4.0,,,,,-0.0394,22.0,-0.1695,16.0,-0.2868,100.0,-0.2049,19.0,-0.1237,29.0,-0.0546,120.0
2025-12-16,Extreme Weather-Drought,-0.1015,16.0,0.0274,10.0,-0.1066,64.0,0.0433,7.0,,,,,0.1756,5.0,0.1593,7.0,0.0793,12.0,-0.0441,2.0,-0.2657,25.0,-0.2075,8.0,-0.0899,12.0,-0.2001,3.0,-0.4319,2.0,-0.2332,11.0,0.1626,8.0,-0.3284,2.0,0.5716,5.0,-0.2276,8.0,-0.0008,6.0,0.1627,22.0,0.1616,10.0,0.0186,1.0,-0.004,11.0,-0.0736,47.0,0.1361,17.0,-0.2234,24.0,-0.1019,7.0,-0.195,7.0,-0.113,37.0
2025-12-16,Extreme Weather-Heat,0.064,15.0,-0.121,9.0,-0.1037,15.0,0.5174,5.0,0.0371,2.0,,,,,0.4302,14.0,0.0928,35.0,0.0235,3.0,-0.1556,16.0,,,-0.0311,15.0,0.6323,3.0,0.0401,17.0,-0.0979,11.0,-0.0431,3.0,,,0.0029,2.0,,,0.0844,5.0,0.0548,32.0,,,0.0559,4.0,0.028,3.0,0.1655,28.0,0.0278,10.0,0.0006,2.0,0.0593,9.0,0.0632,7.0,0.1156,44.0
2025-12-16,Fiscal Policy,0.0422,176.0,-0.0205,67.0,-0.0116,133.0,0.0807,77.0,0.1666,29.0,0.1461,30.0,0.3183,18.0,0.023,110.0,-0.0086,238.0,0.1029,34.0,0.0157,280.0,-0.0046,14.0,0.079,285.0,0.1326,56.0,0.1724,177.0,0.0777,106.0,0.0793,63.0,0.1704,103.0,0.1809,50.0,0.0862,83.0,0.1485,39.0,0.1099,118.0,0.1736,8.0,-0.0274,16.0,-0.127,11.0,0.1213,409.0,0.0212,153.0,-0.0128,73.0,0.1326,68.0,0.0106,133.0,-0.0043,576.0
2025-12-16,Fiscal Policy-Stimulus Package,0.0743,91.0,-0.0035,29.0,0.0129,66.0,0.4346,56.0,0.3111,11.0,0.0748,14.0,0.2468,12.0,-0.1827,54.0,0.1574,90.0,0.0051,25.0,0.1385,111.0,-0.0873,2.0,0.0802,155.0,-0.0579,48.0,0.4546,117.0,0.1762,49.0,-0.06,47.0,0.0271,77.0,0.312,20.0,-0.0209,75.0,-0.303,21.0,0.1092,63.0,-0.1678,7.0,-0.2173,13.0,-0.1521,3.0,0.0987,163.0,0.0024,43.0,-0.0269,47.0,0.1655,39.0,0.0605,116.0,0.0076,363.0
2025-12-16,Monetary Policy,-0.0809,12.0,0.2344,12.0,-0.4014,8.0,-0.331,7.0,,,0.3835,6.0,,,0.1256,6.0,0.2073,30.0,-0.0655,6.0,-0.0049,36.0,-0.0012,1.0,0.1375,16.0,0.363,6.0,0.1973,38.0,,,0.2903,18.0,-0.1781,7.0,-0.2867,13.0,0.0015,2.0,0.3417,3.0,-0.0296,24.0,,,0.5646,1.0,0.4473,2.0,0.1967,12.0,0.2322,31.0,-0.4166,15.0,0.0053,2.0,0.0647,20.0,0.0895,40.0
2025-12-16,Monetary Policy-Interest Rates,,,-0.2206,25.0,0.1446,10.0,,,0.0362,1.0,0.9441,2.0,-0.4403,3.0,,,-0.2286,9.0,-0.14,6.0,0.0,2.0,,,,,,,-0.0878,10.0,,,,,,,0.0606,3.0,,,,,0.1326,1.0,,,,,,,,,0.8299,2.0,-0.5669,2.0,,,-0.4537,2.0,-0.0066,13.0
2025-12-16,Monetary Policy-Quantitative Easing,0.1374,23.0,0.0566,2.0,,,0.043,9.0,0.0021,7.0,0.7823,4.0,-0.1615,5.0,-0.3511,3.0,-0.073,55.0,0.3287,3.0,0.0192,18.0,0.0078,1.0,-0.1787,11.0,0.0007,1.0,0.248,68.0,0.0064,1.0,,,0.0925,3.0,0.6186,7.0,0.4337,1.0,0.8757,1.0,0.0643,20.0,,,0.4656,3.0,,,0.2395,5.0,-0.1788,25.0,0.0065,3.0,0.4564,10.0,0.0149,5.0,0.1352,37.0
2025-12-16,Natural Disaster,-0.4325,2.0,-0.4255,5.0,-0.415,12.0,-0.2987,2.0,,,,,-0.8595,1.0,,,-0.0187,13.0,,,-0.6398,5.0,-0.6233,1.0,-0.4694,6.0,-0.1262,39.0,,,-0.2127,5.0,-0.4316,2.0,-0.0044,1.0,-0.5772,6.0,-0.0057,3.0,-0.8263,5.0,-0.4797,17.0,-0.4318,2.0,-0.2382,1.0,,,-0.4287,18.0,-0.4418,9.0,-0.1045,36.0,,,-0.399,2.0,-0.4038,56.0
2025-12-16,Oil Spills,,,,,-0.8839,1.0,,,0.0204,2.0,-0.9125,1.0,,,-0.5796,2.0,,,,,,,,,,,,,,,-0.8159,1.0,-0.7774,1.0,,,,,,,,,-0.1657,4.0,,,,,-0.1084,1.0,,,-0.7998,1.0,,,,,,,-0.7247,2.0
2025-12-16,Pandemic,-0.0253,199.0,-0.0096,216.0,-0.132,212.0,0.0718,134.0,0.2867,29.0,0.0674,32.0,0.112,46.0,-0.1282,308.0,0.021,977.0,-0.1857,67.0,-0.0531,542.0,-0.0452,64.0,0.0083,581.0,0.1436,124.0,0.0423,411.0,-0.0888,251.0,-0.1431,80.0,-0.0245,199.0,-0.07,117.0,0.0661,117.0,-0.0606,146.0,-0.0803,578.0,0.0789,30.0,0.0849,33.0,-0.1208,41.0,-0.0163,615.0,-0.108,222.0,-0.1559,296.0,-0.105,133.0,-0.1401,408.0,-0.0335,1052.0
2025-12-16,Politics,-0.0079,680.0,-0.076,529.0,-0.0547,711.0,0.0155,350.0,0.1066,105.0,-0.0344,139.0,0.0558,80.0,-0.0459,648.0,0.0271,1148.0,-0.0505,188.0,-0.0946,1745.0,-0.0863,257.0,0.0085,1430.0,-0.0255,324.0,-0.0328,1177.0,-0.0067,488.0,-0.0934,244.0,-0.0348,659.0,-0.0066,313.0,0.0097,282.0,-0.08,276.0,-0.0205,1266.0,0.0152,59.0,0.0063,113.0,-0.1256,61.0,-0.0228,1674.0,-0.0396,595.0,-0.039,799.0,0.0089,397.0,-0.1112,645.0,-0.0829,3359.0
2025-12-16,Politics-Election,-0.0128,28.0,-0.1348,51.0,-0.1247,22.0,0.0089,8.0,,,0.0017,1.0,0.0796,9.0,0.0234,42.0,0.0182,27.0,0.025,5.0,-0.0301,201.0,0.0001,1.0,0.0329,30.0,-0.0398,9.0,0.0385,18.0,-0.0784,17.0,-0.0625,19.0,0.0755,23.0,0.3233,5.0,0.0759,3.0,-0.0016,2.0,0.0343,5.0,0.0049,1.0,-0.0638,2.0,-0.0255,2.0,0.0277,59.0,0.1181,22.0,0.0516,11.0,0.0021,2.0,0.2981,9.0,0.0394,125.0
2025-12-16,Politics-Political Tension,-0.0609,96.0,-0.1339,138.0,-0.0693,61.0,-0.1694,48.0,-0.0261,8.0,-0.3553,7.0,0.0297,6.0,-0.1198,39.0,-0.13,111.0,-0.0824,26.0,-0.1299,167.0,-0.1546,51.0,-0.0822,129.0,-0.1379,21.0,-0.1453,156.0,-0.103,41.0,-0.0891,25.0,-0.1138,81.0,-0.0889,27.0,0.0287,23.0,-0.1733,28.0,0.0346,83.0,-0.2294,4.0,-0.0944,18.0,-0.1502,20.0,-0.0449,212.0,-0.1704,127.0,-0.0544,53.0,-0.0542,39.0,-0.1354,74.0,-0.1423,465.0
2025-12-16,Terrorist Attacks,-0.2898,17.0,-0.0802,279.0,-0.352,42.0,-0.302,81.0,-0.1177,1.0,-0.4729,3.0,-0.0606,5.0,-0.4736,26.0,-0.1933,57.0,-0.231,4.0,-0.3694,190.0,-0.2776,50.0,-0.4692,57.0,-0.4393,16.0,-0.509,10.0,-0.3748,38.0,-0.1279,50.0,-0.4895,72.0,-0.2566,45.0,-0.0782,19.0,-0.3019,38.0,-0.3083,414.0,,,-0.0889,33.0,-0.2548,22.0,-0.2692,22.0,-0.4092,10.0,-0.4817,69.0,-0.4599,14.0,-0.2018,177.0,-0.2575,635.0
2025-12-16,Wars,0.0731,21.0,0.0814,11.0,0.0035,20.0,-0.0906,8.0,0.1626,18.0,0.0006,12.0,0.1087,16.0,-0.0199,33.0,0.0673,75.0,-0.073,28.0,0.0043,96.0,-0.0216,52.0,-0.0264,56.0,-0.0681,12.0,-0.0847,79.0,-0.0023,27.0,-0.0607,4.0,0.1934,39.0,0.2297,16.0,-0.1098,11.0,-0.0623,38.0,-0.1198,583.0,-0.0335,14.0,-0.1025,10.0,0.044,8.0,0.0757,60.0,-0.0457,25.0,-0.0334,129.0,0.0113,256.0,0.0295,16.0,-0.0766,202.0
2025-12-15,Economic Data,0.078,116.0,0.0747,62.0,0.0901,62.0,0.1465,84.0,0.246,62.0,-0.0075,35.0,0.1406,35.0,0.0389,97.0,0.0469,325.0,0.1784,34.0,0.0445,337.0,-0.0204,27.0,0.065,185.0,0.1765,144.0,0.2201,233.0,0.1855,135.0,0.0687,37.0,0.194,53.0,0.0537,46.0,0.1314,34.0,-0.0333,63.0,0.1579,217.0,0.1654,19.0,-0.0556,25.0,0.1843,17.0,0.1047,179.0,0.324,150.0,0.0145,184.0,0.1396,66.0,0.077,157.0,0.0344,539.0
2025-12-15,Economic Data-Consumer Spending,0.0025,6.0,0.0612,5.0,0.623,4.0,0.0036,3.0,0.0751,1.0,0.0024,2.0,-0.1535,1.0,,,-0.0175,4.0,-0.1133,3.0,0.617,6.0,,,0.3552,7.0,0.8473,1.0,-0.2893,4.0,0.0131,2.0,0.011,5.0,0.0198,1.0,,,-0.0013,4.0,0.3589,6.0,0.1763,13.0,,,-0.2693,4.0,0.3638,5.0,0.105,6.0,0.2543,6.0,0.213,1.0,0.0874,4.0,-0.3016,17.0,-0.1801,20.0
2025-12-15,Economic Data-Employment,-0.0581,31.0,0.3506,10.0,0.0497,48.0,0.1355,11.0,0.2465,4.0,0.3279,7.0,-0.2777,5.0,0.083,23.0,0.2244,30.0,-0.2589,11.0,0.0322,91.0,0.0014,7.0,0.1739,31.0,-0.0253,62.0,0.1463,23.0,0.2503,11.0,-0.082,4.0,0.1869,7.0,0.101,6.0,0.0454,1.0,0.064,14.0,0.181,40.0,0.07,10.0,0.0451,5.0,0.1547,5.0,0.2629,75.0,-0.0632,10.0,0.0881,37.0,-0.094,18.0,-0.0247,30.0,0.1048,117.0
2025-12-15,Economic Data-GDP,0.5709,9.0,,,-0.6017,9.0,0.0297,3.0,0.8295,3.0,,,,,,,0.0153,2.0,0.9457,1.0,0.6587,8.0,,,0.5666,2.0,,,-0.366,1.0,0.4763,4.0,-0.3302,3.0,0.9466,1.0,0.7225,5.0,-0.6727,9.0,0.0161,1.0,0.1614,4.0,,,,,0.1756,1.0,0.7805,7.0,0.936,4.0,0.0103,3.0,,,,,-0.4527,2.0
2025-12-15,Economic Data-Housing,0.0523,26.0,-0.0368,32.0,0.2267,12.0,-0.0499,78.0,-0.1251,7.0,0.3224,17.0,-0.0689,15.0,-0.065,22.0,-0.0062,72.0,0.0669,13.0,0.2393,65.0,-0.027,15.0,0.1711,46.0,0.4165,41.0,-0.2335,103.0,0.3385,4.0,0.1404,28.0,0.0229,11.0,0.4004,3.0,-0.1689,10.0,0.0327,17.0,0.0372,59.0,0.154,3.0,-0.0088,15.0,0.054,8.0,0.0693,160.0,-0.1506,61.0,0.174,35.0,0.0092,20.0,0.0917,112.0,0.1263,177.0
2025-12-15,Economic Data-Inflation,-0.0874,1.0,-0.1083,9.0,-0.295,5.0,0.2122,35.0,0.7392,2.0,0.2386,3.0,,,,,0.4053,21.0,0.2218,2.0,-0.0465,8.0,-0.6358,3.0,,,0.006,4.0,-0.0728,10.0,0.0854,3.0,0.2893,3.0,-0.2062,16.0,-0.1293,4.0,0.0474,2.0,0.0865,10.0,0.3131,8.0,0.0133,2.0,,,0.0837,1.0,0.3474,4.0,-0.531,3.0,-0.1483,9.0,0.3147,4.0,0.0051,2.0,0.0761,28.0
2025-12-15,Economic Data-Interest Rates,-0.0688,24.0,0.0443,7.0,-0.1044,10.0,0.2777,9.0,,,0.0588,5.0,-0.0815,7.0,-0.1362,8.0,0.0273,37.0,-0.3479,6.0,0.0805,62.0,,,0.3941,31.0,0.1347,22.0,0.2425,71.0,-0.5453,4.0,0.0712,15.0,0.2608,3.0,-0.0031,30.0,0.1206,9.0,0.3063,4.0,-0.0925,26.0,,,0.3264,4.0,-0.2092,4.0,0.2589,21.0,0.1831,33.0,-0.1351,15.0,-0.0026,5.0,-0.1987,35.0,0.1023,60.0
2025-12-15,Economic Data-Manufacturing,0.5561,8.0,0.3614,3.0,0.3359,7.0,-0.1598,18.0,0.7385,7.0,0.0455,3.0,0.6277,3.0,-0.0387,8.0,0.2734,48.0,-0.0666,2.0,0.4057,15.0,,,0.3433,11.0,0.4263,18.0,0.0018,22.0,0.2361,1.0,,,0.2312,6.0,0.9164,2.0,0.9244,2.0,0.2392,4.0,0.2626,12.0,,,,,0.9141,1.0,0.39,6.0,0.5024,32.0,0.6668,18.0,0.9429,1.0,-0.0499,6.0,0.1219,21.0
2025-12-15,Economic Data-Retail Sales,0.1965,4.0,-0.2828,4.0,0.5334,7.0,0.6296,4.0,0.8569,2.0,0.0046,1.0,,,0.0294,7.0,0.2794,23.0,-0.1447,3.0,0.6286,11.0,0.003,1.0,0.1897,10.0,0.212,29.0,0.5105,24.0,0.9451,1.0,,,0.5932,5.0,,,0.3027,5.0,0.0487,9.0,0.2607,10.0,0.4781,2.0,,,0.4594,2.0,0.318,15.0,0.446,15.0,0.3821,10.0,,,0.2647,16.0,0.3298,37.0
2025-12-15,Extreme Weather,-0.0945,229.0,-0.1605,70.0,-0.3098,206.0,-0.0931,47.0,0.1069,20.0,-0.0758,19.0,-0.2161,10.0,-0.0628,67.0,0.0183,567.0,-0.1659,33.0,-0.3564,376.0,-0.2703,19.0,-0.1648,124.0,-0.0107,85.0,-0.0057,77.0,-0.1125,64.0,0.0114,25.0,-0.0031,7.0,-0.2275,27.0,-0.1797,9.0,0.0271,84.0,-0.1437,300.0,-0.1965,19.0,-0.4291,5.0,-0.4516,19.0,-0.0902,191.0,0.1469,87.0,-0.1725,170.0,0.0151,108.0,-0.0678,87.0,-0.1091,292.0
2025-12-15,Extreme Weather-Cold,-0.1863,6.0,-0.16,6.0,-0.4644,4.0,-0.1369,48.0,0.2089,7.0,-0.1587,8.0,0.0004,6.0,0.0058,11.0,-0.1285,40.0,-0.0276,8.0,-0.2384,85.0,-0.0004,6.0,-0.1436,28.0,-0.0716,10.0,-0.1398,12.0,-0.1508,23.0,-0.2122,7.0,0.0298,2.0,0.1912,5.0,,,-0.101,24.0,-0.1145,145.0,-0.004,3.0,-0.281,2.0,-0.0012,1.0,0.0534,14.0,-0.0328,34.0,-0.2522,101.0,-0.0746,19.0,-0.1309,42.0,-0.1136,198.0
2025-12-15,Extreme Weather-Drought,-0.1638,13.0,-0.0564,8.0,-0.046,94.0,-0.0808,11.0,0.0066,2.0,0.0011,2.0,0.0023,7.0,0.0571,11.0,-0.0115,6.0,0.0076,1.0,-0.1532,15.0,-0.324,7.0,-0.2368,18.0,0.7496,3.0,0.0908,8.0,-0.0613,13.0,-0.0905,3.0,-0.0057,4.0,-0.3977,5.0,0.0574,12.0,-0.2253,3.0,-0.2413,9.0,0.2657,14.0,0.7648,1.0,-0.0698,13.0,-0.1531,40.0,-0.4134,12.0,-0.3171,36.0,-0.4529,3.0,0.025,8.0,-0.0368,30.0
2025-12-15,Extreme Weather-Heat,0.0379,13.0,-0.0072,21.0,0.256,11.0,0.4582,2.0,0.8291,2.0,,,,,0.0292,16.0,-0.0253,32.0,,,-0.4989,29.0,,,0.0135,17.0,0.3655,5.0,0.2689,19.0,-0.4537,2.0,-0.1655,5.0,,,0.9358,1.0,0.0534,1.0,0.043,7.0,0.3324,11.0,,,,,0.1158,6.0,0.134,9.0,0.1047,14.0,-0.0134,1.0,0.1664,7.0,0.4488,3.0,0.0227,16.0
2025-12-15,Fiscal Policy,0.054,147.0,-0.0098,65.0,0.116,89.0,0.0426,48.0,0.1702,33.0,0.044,53.0,0.2595,12.0,0.007,89.0,0.008,214.0,0.0747,27.0,0.1234,206.0,0.2975,8.0,0.0242,231.0,0.0176,33.0,0.1305,112.0,0.1131,83.0,0.0842,36.0,0.1517,84.0,0.2184,53.0,0.0197,62.0,0.0605,59.0,0.1004,115.0,0.0081,3.0,0.1046,4.0,0.0341,33.0,0.111,323.0,-0.0808,158.0,-0.0065,93.0,0.0597,48.0,-0.099,98.0,0.0322,456.0
2025-12-15,Fiscal Policy-Stimulus Package,0.2008,67.0,0.1929,14.0,0.1312,46.0,0.1897,39.0,0.0745,10.0,0.3042,12.0,0.3053,8.0,-0.0113,50.0,0.1864,67.0,0.0175,17.0,0.1031,81.0,0.0642,9.0,0.0846,91.0,-0.0162,14.0,0.2947,53.0,0.1615,52.0,-0.0587,17.0,-0.0072,53.0,-0.1238,16.0,-0.0909,56.0,0.0131,27.0,0.2736,65.0,0.0044,1.0,0.6448,7.0,0.1405,13.0,0.1125,151.0,-0.0437,73.0,0.0313,103.0,0.1806,18.0,-0.0557,87.0,0.014,232.0
2025-12-15,Monetary Policy,0.1121,16.0,-0.1454,6.0,-0.0139,3.0,0.49,6.0,-0.0006,1.0,-0.0005,3.0,0.0372,2.0,0.0084,4.0,0.0155,23.0,0.9097,2.0,0.0725,45.0,,,0.4979,25.0,0.1706,13.0,0.45,29.0,,,0.1204,12.0,0.4003,2.0,-0.088,28.0,0.633,4.0,0.0069,4.0,0.0707,20.0,,,0.0036,2.0,0.054,4.0,0.5459,7.0,-0.0119,16.0,-0.1504,8.0,0.4097,2.0,-0.1148,22.0,0.128,33.0
2025-12-15,Monetary Policy-Interest Rates,,,-0.4507,2.0,0.0101,3.0,0.8951,2.0,0.8816,1.0,,,-0.1377,2.0,-0.1144,1.0,-0.3392,3.0,,,-0.033,7.0,,,0.0142,1.0,0.4966,2.0,-0.0409,19.0,,,0.8819,1.0,0.0191,1.0,-0.6934,1.0,,,0.9323,1.0,-0.0023,1.0,,,,,0.0035,2.0,,,0.2726,12.0,0.0026,3.0,,,-0.4936,7.0,0.3508,4.0
2025-12-15,Monetary Policy-Quantitative Easing,0.1604,21.0,0.3124,11.0,0.0048,2.0,-0.6146,5.0,0.4724,2.0,0.0026,2.0,-0.2911,4.0,0.0333,8.0,0.1057,73.0,-0.3068,2.0,-0.2254,21.0,,,-0.2539,9.0,0.314,3.0,0.1425,82.0,,,0.0063,1.0,0.0187,2.0,0.0076,1.0,0.8964,2.0,0.0019,3.0,-0.0309,12.0,0.0029,1.0,0.3318,3.0,-0.0114,2.0,-0.1409,7.0,0.0957,27.0,,,0.2444,6.0,0.2325,5.0,-0.0711,38.0
2025-12-15,Natural Disaster,-0.1815,3.0,-0.2398,1.0,-0.648,9.0,-0.7748,3.0,-0.9031,1.0,,,-0.8706,2.0,-0.3042,3.0,-0.0889,10.0,,,-0.5255,5.0,-0.8724,2.0,-0.4284,9.0,-0.1787,20.0,,,-0.744,6.0,-0.1744,4.0,,,-0.658,5.0,-0.0891,3.0,-0.2972,4.0,-0.3634,28.0,-0.4072,2.0,-0.7797,1.0,-0.8286,8.0,-0.4376,15.0,,,-0.1385,75.0,-0.1731,9.0,-0.371,7.0,-0.5365,30.0
2025-12-15,Oil Spills,,,,,-0.3944,3.0,,,,,,,,,,,-0.2378,5.0,-0.0579,1.0,,,,,,,,,,,0.0398,1.0,,,,,,,,,,,-0.1452,10.0,,,,,,,,,,,,,,,-0.3027,1.0,0.002,1.0
2025-12-15,Pandemic,0.066,138.0,-0.0191,249.0,-0.1078,234.0,-0.0214,98.0,0.1353,37.0,-0.0811,39.0,0.0069,53.0,-0.0911,339.0,0.0042,1072.0,-0.152,72.0,-0.108,516.0,0.0173,53.0,-0.0199,534.0,0.0841,118.0,0.0396,341.0,-0.0485,181.0,-0.1309,79.0,0.0449,169.0,0.0334,67.0,0.0583,94.0,-0.0928,151.0,-0.082,510.0,-0.0988,29.0,0.0842,34.0,-0.1702,51.0,0.0404,547.0,-0.0815,206.0,-0.0678,243.0,-0.1136,113.0,-0.0867,354.0,-0.0412,992.0
2025-12-15,Politics,0.0153,590.0,-0.0799,479.0,-0.0296,558.0,0.0179,304.0,0.1856,88.0,-0.0102,176.0,0.0936,81.0,-0.0764,495.0,0.0001,1069.0,-0.0476,157.0,-0.0454,1530.0,-0.0802,222.0,0.0016,1109.0,-0.0196,222.0,-0.0704,1033.0,-0.0254,396.0,-0.1179,156.0,0.0083,563.0,0.0225,250.0,-0.0168,229.0,-0.0735,301.0,-0.0307,986.0,-0.0621,36.0,0.0603,61.0,-0.0927,172.0,0.0113,1483.0,-0.0523,479.0,-0.0532,923.0,0.0628,352.0,-0.136,486.0,-0.0424,2604.0
2025-12-15,Politics-Election,0.0517,32.0,-0.1426,28.0,0.0665,11.0,-0.0997,3.0,,,,,-0.2072,5.0,0.005,21.0,-0.0522,15.0,0.0223,6.0,0.0516,230.0,,,0.016,18.0,-0.4182,2.0,-0.0343,44.0,0.0181,18.0,-0.177,8.0,0.0954,60.0,-0.0139,14.0,-0.0485,3.0,-0.0594,7.0,0.0456,14.0,0.5961,1.0,-0.0718,5.0,-0.1582,6.0,0.1217,81.0,-0.0052,18.0,0.0082,7.0,0.003,3.0,0.1494,10.0,0.083,131.0
2025-12-15,Politics-Political Tension,-0.0281,110.0,-0.2026,58.0,-0.0089,79.0,-0.1143,37.0,-0.5271,7.0,-0.1091,25.0,-0.3889,3.0,0.0803,24.0,0.0271,139.0,-0.0756,7.0,-0.2022,195.0,-0.0435,46.0,-0.095,141.0,-0.109,14.0,-0.0539,114.0,-0.0912,42.0,-0.1795,21.0,-0.1716,92.0,-0.1321,11.0,-0.1931,22.0,-0.0302,36.0,-0.252,45.0,-0.7307,1.0,-0.3975,8.0,-0.248,19.0,-0.0441,278.0,-0.2046,145.0,-0.0146,107.0,0.1057,68.0,-0.3015,50.0,-0.1575,340.0
2025-12-15,Terrorist Attacks,-0.3117,43.0,-0.0941,398.0,-0.4802,49.0,-0.1695,94.0,,,-0.2533,4.0,-0.2094,6.0,-0.3267,30.0,-0.2951,123.0,-0.0877,6.0,-0.323,248.0,-0.3525,43.0,-0.3786,63.0,-0.3855,28.0,-0.318,47.0,-0.4209,38.0,-0.0622,80.0,-0.2671,73.0,-0.3242,60.0,-0.2118,12.0,-0.4094,14.0,-0.3264,142.0,0.0065,1.0,-0.0708,50.0,-0.4988,27.0,-0.332,51.0,-0.4979,28.0,-0.4596,132.0,-0.4402,9.0,-0.2047,190.0,-0.2051,745.0
2025-12-15,Wars,-0.0536,15.0,-0.0688,12.0,-0.0504,22.0,0.2187,6.0,0.1489,16.0,0.0353,5.0,0.0993,20.0,0.0478,20.0,0.0642,91.0,0.0405,20.0,0.0284,55.0,0.0015,63.0,0.014,90.0,0.1805,8.0,-0.135,112.0,0.0226,22.0,0.0806,8.0,0.0463,56.0,0.3203,47.0,0.0783,20.0,0.1854,35.0,-0.145,609.0,0.0009,9.0,-0.0014,6.0,0.0043,6.0,0.0177,49.0,0.0279,33.0,-0.0701,165.0,0.054,242.0,-0.0129,17.0,-0.0418,175.0
2025-12-14,Economic Data,0.0757,74.0,-0.0976,61.0,0.0541,23.0,0.1011,20.0,0.1707,14.0,0.041,14.0,0.2592,18.0,0.1333,29.0,0.042,100.0,0.1102,10.0,0.1731,141.0,0.2694,12.0,0.04,94.0,0.1181,19.0,0.0876,134.0,0.185,29.0,0.0103,41.0,-0.048,24.0,-0.1115,21.0,0.3255,18.0,0.0788,21.0,0.0166,64.0,0.1876,16.0,0.3289,13.0,0.0108,3.0,0.0,96.0,0.0945,71.0,0.104,117.0,-0.0097,14.0,0.0139,71.0,0.0448,260.0
2025-12-14,Economic Data-Consumer Spending,-0.0172,2.0,0.0223,4.0,-0.8711,1.0,-0.6182,6.0,0.8127,1.0,,,,,,,-0.4464,2.0,-0.0078,1.0,0.0195,2.0,,,-0.088,3.0,0.0171,1.0,-0.9003,2.0,-0.4493,1.0,,,,,,,0.0279,1.0,-0.3147,5.0,-0.452,2.0,,,,,0.8669,1.0,0.237,3.0,0.2298,5.0,0.9188,1.0,0.0088,3.0,-0.0443,22.0,-0.0275,13.0
2025-12-14,Economic Data-Employment,-0.1397,13.0,0.0042,1.0,0.1371,25.0,0.2362,4.0,0.1078,2.0,-0.7804,1.0,0.0227,3.0,0.3836,6.0,-0.0091,12.0,0.7846,1.0,0.107,51.0,-0.8129,3.0,0.1974,5.0,0.0884,7.0,0.0259,27.0,0.0728,3.0,0.617,11.0,0.2441,13.0,-0.0065,2.0,0.3131,3.0,-0.0071,2.0,0.2172,9.0,0.0096,13.0,0.3979,6.0,0.0058,1.0,0.0115,14.0,0.2105,10.0,0.0978,32.0,0.0027,5.0,0.0312,13.0,0.0149,65.0
2025-12-14,Economic Data-GDP,0.0012,1.0,-0.8968,1.0,,,0.9412,2.0,,,,,,,,,0.0033,1.0,-0.1557,2.0,0.2656,4.0,0.9406,1.0,,,,,,,,,0.016,1.0,,,0.0089,2.0,,,,,,,,,,,-0.4437,2.0,,,,,,,,,,,0.0647,3.0
2025-12-14,Economic Data-Housing,0.1377,13.0,0.0013,12.0,0.0195,6.0,0.0915,9.0,,,-0.1394,8.0,0.2881,8.0,-0.0603,8.0,0.1285,45.0,0.2668,4.0,0.2328,40.0,-0.0293,9.0,0.1296,17.0,-0.0774,2.0,-0.0945,79.0,0.189,3.0,0.0071,13.0,0.8495,1.0,-0.043,3.0,0.0045,3.0,0.0818,7.0,-0.0992,27.0,-0.0411,14.0,0.3169,4.0,,,-0.0237,55.0,0.0681,34.0,0.014,29.0,0.6022,4.0,0.0688,30.0,0.0548,88.0
2025-12-14,Economic Data-Inflation,-0.5048,2.0,-0.3827,16.0,,,,,,,0.4138,2.0,,,-0.0156,1.0,0.0422,5.0,,,-0.5558,4.0,-0.619,1.0,,,,,,,0.082,1.0,-0.4123,2.0,,,,,-0.1783,3.0,0.4797,2.0,-0.4432,3.0,,,,,,,-0.8803,3.0,-0.9158,1.0,0.0009,2.0,-0.0637,4.0,,,0.1612,9.0
2025-12-14,Economic Data-Interest Rates,0.0983,8.0,-0.4837,10.0,0.1405,5.0,-0.3686,3.0,,,0.0092,2.0,-0.1188,4.0,,,0.2277,5.0,-0.2689,3.0,0.0098,36.0,,,-0.4593,2.0,0.331,5.0,0.0815,56.0,0.1038,4.0,-0.9005,1.0,0.9458,1.0,-0.3024,5.0,-0.151,10.0,-0.004,1.0,0.0758,6.0,,,-0.8976,2.0,-0.2158,2.0,-0.1191,6.0,-0.4221,9.0,-0.0633,17.0,0.0087,1.0,-0.0682,17.0,-0.1781,28.0
2025-12-14,Economic Data-Manufacturing,0.0952,3.0,-0.0045,1.0,,,,,0.017,2.0,0.0228,1.0,,,0.0305,3.0,-0.1148,16.0,0.015,1.0,-0.0037,2.0,,,0.1509,1.0,0.9369,1.0,0.3168,18.0,0.6168,1.0,,,0.8681,2.0,,,0.1539,1.0,,,-0.2519,5.0,0.0057,1.0,0.949,1.0,,,0.0037,3.0,0.2191,11.0,-0.4239,3.0,,,,,0.3948,11.0
2025-12-14,Economic Data-Retail Sales,0.41,2.0,0.0191,9.0,0.0133,1.0,0.1088,4.0,,,0.454,2.0,0.3721,2.0,0.0072,3.0,0.3981,13.0,0.0018,1.0,0.6239,4.0,,,0.0082,1.0,0.9191,1.0,0.2437,19.0,,,0.004,1.0,0.0069,1.0,0.022,2.0,0.3684,6.0,0.0031,1.0,0.092,8.0,,,0.0144,2.0,,,0.339,1.0,0.0166,1.0,0.0381,9.0,,,0.0998,11.0,0.3241,19.0
2025-12-14,Extreme Weather,-0.1024,227.0,-0.1883,34.0,-0.1236,185.0,-0.0734,32.0,-0.089,7.0,0.0147,10.0,-0.0416,12.0,-0.0581,59.0,-0.0218,306.0,-0.1818,27.0,-0.2178,238.0,-0.1007,14.0,-0.081,50.0,-0.0354,46.0,0.0417,59.0,-0.1774,38.0,0.1235,17.0,-0.0937,7.0,-0.3659,20.0,0.1938,8.0,-0.0236,59.0,-0.2502,213.0,-0.0528,14.0,-0.7797,2.0,-0.2442,3.0,-0.2305,147.0,-0.0046,49.0,-0.2624,124.0,-0.0449,44.0,-0.1709,60.0,-0.1608,252.0
2025-12-14,Extreme Weather-Cold,0.0237,3.0,0.0881,5.0,,,0.0353,31.0,0.0119,6.0,-0.2713,4.0,-0.3575,3.0,0.0277,7.0,-0.2464,31.0,-0.0069,5.0,-0.1957,87.0,-0.7146,2.0,-0.0833,9.0,0.0957,3.0,-0.0827,39.0,-0.2186,22.0,-0.2713,3.0,0.07,1.0,-0.0333,5.0,,,-0.1497,11.0,-0.0499,117.0,0.0264,4.0,,,,,-0.375,7.0,-0.2339,55.0,-0.0974,54.0,-0.1618,19.0,-0.0287,26.0,-0.1085,202.0
2025-12-14,Extreme Weather-Drought,-0.0549,11.0,-0.3097,3.0,-0.2806,63.0,-0.238,11.0,,,-0.0331,1.0,0.0058,2.0,-0.0874,6.0,0.2919,9.0,-0.1862,7.0,-0.2674,19.0,-0.1756,3.0,-0.2088,11.0,,,-0.9164,1.0,0.1612,11.0,-0.3094,8.0,0.9064,2.0,-0.5588,4.0,0.1242,9.0,-0.0043,1.0,-0.3162,8.0,0.0535,7.0,,,-0.6131,5.0,-0.2067,31.0,-0.0183,4.0,-0.2658,28.0,-0.0102,4.0,-0.3084,12.0,-0.127,34.0
2025-12-14,Extreme Weather-Heat,-0.2261,6.0,-0.4872,5.0,-0.03,5.0,,,,,0.033,2.0,,,0.2468,3.0,0.0049,29.0,0.079,2.0,-0.4933,29.0,0.6992,1.0,0.2349,5.0,,,0.019,4.0,0.0371,8.0,0.2845,3.0,,,-0.9026,1.0,,,-0.0029,6.0,0.0596,17.0,,,,,0.0052,2.0,0.1534,8.0,0.0051,1.0,0.0009,1.0,-0.0405,9.0,-0.4391,5.0,0.0615,24.0
2025-12-14,Fiscal Policy,0.0412,46.0,0.1121,30.0,0.08,19.0,0.0482,12.0,0.3808,10.0,-0.1577,5.0,0.0258,8.0,-0.1248,53.0,0.1198,57.0,-0.114,14.0,0.0185,122.0,-0.0142,25.0,0.0395,82.0,-0.0534,9.0,-0.0191,59.0,0.1545,37.0,-0.0071,17.0,0.1851,57.0,0.1632,35.0,-0.0656,40.0,-0.1912,4.0,0.1373,31.0,-0.0559,4.0,-0.2164,7.0,-0.2998,11.0,0.0731,107.0,-0.1203,66.0,0.054,76.0,-0.058,15.0,0.0555,35.0,-0.1237,242.0
2025-12-14,Fiscal Policy-Stimulus Package,0.0612,15.0,0.0734,67.0,0.146,8.0,-0.0638,9.0,0.5166,2.0,-0.4598,3.0,0.2612,9.0,0.0505,17.0,-0.0281,32.0,0.1406,9.0,0.0412,47.0,-0.1047,7.0,-0.0472,28.0,0.6061,2.0,0.1488,16.0,0.057,17.0,-0.1833,3.0,0.1893,22.0,0.2178,10.0,-0.0516,34.0,-0.2591,7.0,0.1548,11.0,0.0106,3.0,0.1735,2.0,0.2889,2.0,-0.0376,31.0,-0.3887,33.0,-0.0281,48.0,0.0117,4.0,-0.0822,61.0,0.0306,146.0
2025-12-14,Monetary Policy,0.0327,5.0,,,-0.0151,2.0,,,,,0.0288,1.0,0.0542,1.0,,,-0.0081,2.0,-0.2689,3.0,0.1123,26.0,,,0.1021,1.0,0.5853,6.0,0.1479,35.0,0.104,4.0,-0.9005,1.0,0.9458,1.0,0.1135,1.0,-0.2008,10.0,-0.1379,1.0,0.2032,5.0,,,,,,,-0.3098,3.0,-0.5791,7.0,0.0133,12.0,0.0087,1.0,-0.0133,3.0,-0.109,18.0
2025-12-14,Monetary Policy-Interest Rates,,,,,,,,,,,,,0.329,4.0,,,,,,,-0.0748,6.0,,,,,0.001,1.0,,,,,,,,,-0.1138,3.0,,,,,,,,,,,,,,,0.0045,1.0,0.0041,3.0,,,-0.435,4.0,-0.4306,2.0
2025-12-14,Monetary Policy-Quantitative Easing,-0.0134,2.0,0.9122,1.0,,,,,-0.3615,1.0,0.003,1.0,-0.1611,1.0,0.1262,1.0,-0.1654,7.0,,,-0.1889,8.0,,,0.0003,2.0,,,0.2467,17.0,,,-0.0003,1.0,0.8756,1.0,0.0173,1.0,,,0.0015,1.0,-0.1899,3.0,,,,,,,0.4691,2.0,-0.337,2.0,0.3121,3.0,0.0333,1.0,0.0203,1.0,0.0587,10.0
2025-12-14,Natural Disaster,-0.2413,3.0,-0.8881,3.0,-0.2905,4.0,-0.8806,3.0,-0.8524,3.0,,,-0.8547,1.0,-0.4538,2.0,-0.0307,10.0,-0.9087,1.0,-0.5897,4.0,,,0.025,1.0,-0.031,14.0,-0.0216,1.0,-0.8956,1.0,,,-0.3851,1.0,,,,,,,-0.604,18.0,,,-0.7797,2.0,,,-0.5943,3.0,0.64,1.0,-0.4031,45.0,-0.0047,2.0,-0.88,5.0,-0.4096,20.0
2025-12-14,Oil Spills,,,,,,,,,,,,,,,,,0.1457,8.0,,,0.0024,1.0,,,,,,,-0.7185,7.0,-0.3361,5.0,,,,,,,,,,,-0.0024,2.0,,,,,,,,,,,,,,,,,0.1833,4.0
2025-12-14,Pandemic,-0.0234,91.0,-0.1413,103.0,-0.0198,112.0,-0.0789,48.0,-0.0285,4.0,-0.085,16.0,-0.0275,50.0,-0.0816,191.0,-0.0482,599.0,-0.1422,52.0,-0.1873,321.0,-0.2463,46.0,-0.0721,290.0,0.0204,25.0,-0.0521,259.0,-0.0157,117.0,-0.121,59.0,0.0168,144.0,0.0679,46.0,-0.0576,46.0,-0.0872,80.0,-0.1057,242.0,-0.096,27.0,0.3336,20.0,-0.1607,29.0,-0.0775,231.0,-0.056,117.0,-0.0392,208.0,-0.128,50.0,-0.1161,169.0,-0.109,585.0
2025-12-14,Politics,-0.029,327.0,-0.0113,324.0,-0.054,195.0,0.0103,86.0,0.2111,25.0,-0.0606,74.0,0.0761,90.0,-0.0643,308.0,-0.0161,415.0,-0.071,128.0,-0.0734,1159.0,-0.0255,189.0,-0.0295,713.0,-0.0856,97.0,-0.0923,460.0,-0.0282,210.0,-0.076,87.0,-0.0138,420.0,-0.0298,162.0,-0.0467,141.0,-0.0523,129.0,-0.0684,408.0,-0.1957,22.0,0.0914,35.0,-0.2126,59.0,-0.0374,621.0,-0.1051,241.0,-0.0489,777.0,0.024,135.0,-0.1198,252.0,-0.0625,1727.0
2025-12-14,Politics-Election,-0.0802,26.0,0.0765,55.0,-0.0431,10.0,0.0363,6.0,,,0.4207,2.0,-0.177,8.0,-0.0815,25.0,-0.0892,18.0,0.0328,6.0,0.115,207.0,,,0.1767,12.0,0.0446,15.0,-0.1874,4.0,0.1479,8.0,,,-0.0518,41.0,0.2316,9.0,,,-0.0013,1.0,-0.0583,7.0,,,0.0123,4.0,0.2335,8.0,0.1471,41.0,0.0619,12.0,0.0137,10.0,0.026,3.0,-0.0915,4.0,-0.045,143.0
2025-12-14,Politics-Political Tension,-0.0504,55.0,-0.0943,23.0,-0.0708,19.0,0.1891,4.0,0.0511,3.0,-0.266,6.0,0.039,2.0,-0.2539,14.0,-0.1556,33.0,-0.1132,6.0,-0.1767,71.0,-0.0805,51.0,-0.0687,94.0,-0.0339,13.0,-0.0862,86.0,-0.0093,12.0,-0.0991,6.0,-0.2497,37.0,0.0195,16.0,-0.0067,11.0,-0.218,16.0,-0.3028,26.0,0.0256,1.0,0.495,2.0,-0.2254,14.0,-0.1007,101.0,-0.1537,57.0,-0.0108,57.0,0.0897,34.0,-0.0712,12.0,-0.1378,243.0
2025-12-14,Terrorist Attacks,-0.5164,23.0,-0.3445,547.0,-0.4485,31.0,-0.1169,77.0,-0.8227,1.0,-0.1445,1.0,-0.5291,5.0,-0.6857,20.0,-0.2729,98.0,-0.3819,18.0,-0.4301,167.0,-0.2106,37.0,-0.294,71.0,-0.3881,46.0,-0.3874,29.0,-0.4734,44.0,-0.2902,109.0,-0.5185,28.0,-0.4941,44.0,-0.1597,7.0,-0.3767,9.0,-0.4024,62.0,,,-0.2152,27.0,-0.5626,14.0,-0.3196,33.0,-0.5012,39.0,-0.5243,86.0,-0.3163,12.0,-0.2789,280.0,-0.3014,907.0
2025-12-14,Wars,-0.1972,18.0,0.0603,7.0,0.096,14.0,-0.4266,2.0,0.2516,7.0,-0.1466,5.0,-0.0986,20.0,-0.1675,22.0,0.1751,23.0,-0.0638,16.0,0.0594,37.0,-0.0728,77.0,0.0219,40.0,-0.2194,13.0,0.1558,18.0,0.1651,9.0,0.0111,1.0,-0.0091,26.0,0.076,38.0,0.3063,8.0,0.0776,22.0,-0.2747,428.0,-0.0386,18.0,0.0002,1.0,0.0165,4.0,-0.012,32.0,-0.0785,24.0,0.0462,135.0,-0.0443,142.0,0.0407,5.0,-0.0235,149.0
2025-12-13,Economic Data,0.0513,72.0,-0.1582,37.0,0.0611,32.0,0.114,15.0,0.1485,17.0,-0.1307,8.0,0.1717,14.0,0.0373,30.0,-0.0181,127.0,-0.1802,15.0,0.1136,165.0,0.3437,6.0,0.0681,84.0,0.1215,37.0,0.1793,44.0,0.0077,43.0,0.1351,16.0,0.1612,33.0,0.237,33.0,0.0537,15.0,0.0772,23.0,0.1881,81.0,0.0423,7.0,0.2744,8.0,0.0554,11.0,0.1663,111.0,0.0562,60.0,0.0252,89.0,0.0665,32.0,-0.2245,65.0,-0.0282,286.0
2025-12-13,Economic Data-Consumer Spending,0.3055,3.0,-0.4331,2.0,0.8784,1.0,-0.0302,7.0,,,0.0491,1.0,,,-0.0004,3.0,0.3118,3.0,0.0014,1.0,0.0041,2.0,,,-0.2445,3.0,-0.1042,1.0,,,-0.0024,1.0,0.0305,2.0,,,,,,,0.0057,1.0,0.0116,1.0,,,,,-0.0003,1.0,0.1811,5.0,0.0185,1.0,,,-0.5633,1.0,0.0082,3.0,-0.0515,32.0
2025-12-13,Economic Data-Employment,0.2272,21.0,-0.3046,5.0,0.0473,18.0,-0.3431,5.0,0.024,1.0,,,0.2018,4.0,0.0329,15.0,-0.1445,17.0,0.1526,3.0,0.0252,78.0,-0.6919,1.0,0.001,12.0,0.0389,8.0,0.1839,9.0,0.0068,5.0,-0.2755,2.0,0.0249,8.0,0.1492,9.0,0.4131,6.0,-0.3665,5.0,0.0271,22.0,-0.0295,7.0,0.1886,6.0,0.4585,2.0,-0.3024,23.0,-0.1803,6.0,0.2138,14.0,-0.2316,2.0,-0.164,9.0,-0.1077,56.0
2025-12-13,Economic Data-GDP,,,,,,,,,0.0527,2.0,0.9478,1.0,,,,,,,-0.4204,2.0,0.1608,4.0,,,,,,,,,0.9506,1.0,0.481,4.0,,,0.0535,4.0,,,,,0.9441,2.0,,,,,,,,,,,,,,,,,,
2025-12-13,Economic Data-Housing,0.0041,10.0,-0.1771,20.0,0.3332,8.0,-0.076,21.0,0.2923,4.0,0.3186,3.0,0.0162,6.0,-0.2547,8.0,-0.0585,31.0,-0.1284,6.0,0.2296,31.0,,,0.02,14.0,-0.0057,1.0,-0.0468,13.0,0.1184,5.0,0.006,7.0,0.0742,3.0,,,0.3854,6.0,0.1189,6.0,-0.0137,25.0,0.0123,3.0,0.4687,4.0,-0.011,7.0,0.0983,30.0,0.2218,15.0,0.1181,20.0,0.4259,3.0,0.1276,82.0,0.1242,169.0
2025-12-13,Economic Data-Inflation,,,-0.3084,12.0,,,,,0.9446,1.0,0.1779,1.0,0.0012,1.0,,,-0.4242,2.0,-0.8051,1.0,-0.3017,6.0,0.4711,3.0,,,0.7085,1.0,,,0.4627,3.0,,,-0.1563,5.0,-0.4128,3.0,,,0.0341,2.0,-0.7025,1.0,,,,,,,0.4325,2.0,-0.0001,1.0,-0.1253,5.0,-0.9115,2.0,-0.0013,5.0,-0.1721,13.0
2025-12-13,Economic Data-Interest Rates,0.0406,9.0,0.1076,3.0,0.1521,2.0,-0.2324,5.0,,,-0.0927,1.0,0.4027,4.0,-0.0991,5.0,0.2142,10.0,-0.017,4.0,0.0605,53.0,,,0.1541,14.0,0.653,3.0,-0.2901,20.0,-0.0008,2.0,-0.1264,6.0,,,-0.1387,8.0,-0.6904,3.0,0.0047,4.0,-0.0857,9.0,,,,,0.6435,2.0,0.0302,12.0,0.1736,13.0,-0.04,32.0,0.013,2.0,-0.1309,7.0,0.0094,30.0
2025-12-13,Economic Data-Manufacturing,0.1253,2.0,,,0.9328,1.0,,,0.036,2.0,,,,,-0.0804,5.0,-0.105,27.0,0.0011,1.0,0.0282,2.0,,,0.0084,3.0,0.5925,1.0,0.9476,1.0,-0.3028,3.0,,,0.884,1.0,,,,,-0.0012,1.0,0.3401,1.0,,,,,,,,,0.3281,5.0,0.4288,8.0,,,,,-0.2197,5.0
2025-12-13,Economic Data-Retail Sales,0.0265,2.0,-0.0016,1.0,0.839,2.0,,,,,,,,,0.3002,6.0,0.3116,9.0,0.0112,1.0,0.1086,6.0,,,0.1189,3.0,,,,,,,,,0.0817,1.0,0.013,2.0,,,0.0024,2.0,-0.0714,11.0,0.0198,1.0,,,,,0.016,3.0,0.2031,1.0,,,0.0083,5.0,0.7093,6.0,0.3287,20.0
2025-12-13,Extreme Weather,-0.0602,207.0,-0.15,42.0,-0.3739,149.0,-0.2824,35.0,0.3314,17.0,-0.1019,12.0,-0.1643,4.0,0.0524,34.0,-0.0147,307.0,0.039,14.0,-0.2183,227.0,-0.4945,9.0,0.0028,60.0,-0.13,28.0,-0.0753,73.0,-0.1142,41.0,0.1041,8.0,-0.1446,7.0,-0.2947,10.0,0.144,8.0,-0.1133,38.0,-0.2066,277.0,-0.0872,10.0,-0.5988,6.0,0.3182,9.0,-0.1614,203.0,-0.0099,53.0,-0.1892,102.0,-0.2087,74.0,-0.1935,94.0,-0.0919,319.0
2025-12-13,Extreme Weather-Cold,,,-0.2845,4.0,,,0.0067,34.0,-0.2523,3.0,-0.0788,7.0,-0.1287,4.0,0.0076,3.0,-0.0549,9.0,-0.2067,11.0,-0.2428,66.0,0.0024,4.0,0.1643,9.0,0.002,3.0,-0.3751,43.0,0.014,15.0,,,,,-0.2801,6.0,,,0.0604,13.0,-0.2622,87.0,0.578,1.0,-0.8737,1.0,,,-0.2142,7.0,-0.1551,37.0,-0.3491,50.0,-0.1616,23.0,-0.1225,25.0,-0.1072,173.0
2025-12-13,Extreme Weather-Drought,0.2583,12.0,-0.3457,5.0,-0.1142,116.0,0.4765,13.0,,,0.0059,1.0,-0.008,6.0,0.5916,4.0,-0.1266,11.0,-0.5853,1.0,-0.0643,22.0,-0.0711,5.0,-0.0113,8.0,0.0126,1.0,-0.0057,3.0,-0.0472,8.0,-0.425,6.0,0.0588,2.0,0.0009,4.0,-0.1492,8.0,-0.4402,2.0,0.0078,7.0,0.0838,2.0,,,-0.5476,3.0,-0.1026,10.0,0.026,3.0,-0.1111,19.0,0.0011,2.0,-0.1065,10.0,-0.01,31.0
2025-12-13,Extreme Weather-Heat,0.0122,11.0,0.0658,14.0,0.1312,4.0,0.4465,2.0,,,,,,,-0.0183,2.0,-0.1648,29.0,,,-0.4084,26.0,,,0.1707,3.0,-0.0356,2.0,0.0118,6.0,-0.2568,2.0,,,-0.5309,2.0,,,,,-0.4217,2.0,0.3238,10.0,,,,,0.0039,2.0,0.1929,4.0,-0.5039,5.0,0.5176,3.0,0.3491,3.0,-0.0084,5.0,0.1057,11.0
2025-12-13,Fiscal Policy,0.03,69.0,0.0552,51.0,0.0194,37.0,0.1605,22.0,0.3036,10.0,-0.2435,7.0,-0.0757,8.0,0.0003,36.0,-0.001,95.0,-0.1638,13.0,0.0162,161.0,-0.066,9.0,0.0662,117.0,0.0172,14.0,0.2043,32.0,0.1161,41.0,0.005,7.0,0.2061,41.0,0.0929,69.0,-0.0787,37.0,0.0275,27.0,-0.0201,62.0,0.0446,1.0,0.0215,3.0,0.1311,6.0,0.0561,116.0,-0.0052,44.0,0.0829,99.0,0.0846,9.0,-0.1426,36.0,-0.0379,321.0
2025-12-13,Fiscal Policy-Stimulus Package,-0.0646,33.0,0.11,20.0,0.2308,14.0,-0.2889,19.0,0.3148,3.0,-0.4349,2.0,0.2671,5.0,-0.0996,20.0,-0.0256,21.0,-0.1541,11.0,0.1214,39.0,,,-0.0073,43.0,0.4294,2.0,0.1999,6.0,0.0691,26.0,-0.3965,7.0,0.1788,26.0,0.2459,13.0,-0.0283,46.0,0.0863,8.0,0.0148,21.0,,,0.0637,1.0,0.1735,3.0,0.0718,25.0,-0.0681,27.0,0.1396,38.0,0.0204,6.0,-0.0833,47.0,0.0854,136.0
2025-12-13,Monetary Policy,-0.1274,3.0,,,0.9468,1.0,0.0001,2.0,,,,,,,-0.4529,2.0,0.0058,7.0,-0.017,4.0,0.1401,40.0,,,0.2556,6.0,0.653,3.0,-0.1163,13.0,-0.0025,1.0,0.9468,1.0,,,-0.0009,4.0,-0.1486,5.0,0.0027,2.0,0.0263,9.0,,,0.7033,1.0,0.9468,1.0,-0.4208,2.0,0.2699,7.0,-0.1537,21.0,0.0239,1.0,0.5721,5.0,0.0186,20.0
2025-12-13,Monetary Policy-Interest Rates,,,,,,,,,,,,,0.0596,2.0,,,-0.0004,4.0,,,-0.0807,7.0,,,,,0.1364,2.0,-0.9179,1.0,-0.0257,1.0,-0.0065,2.0,,,-0.136,2.0,,,,,,,,,,,,,,,-0.3218,7.0,-0.108,8.0,,,-0.5223,3.0,-0.4365,9.0
2025-12-13,Monetary Policy-Quantitative Easing,0.2172,3.0,0.0171,1.0,0.0111,1.0,,,,,0.045,2.0,0.0546,2.0,,,-0.0652,10.0,,,0.3543,10.0,,,0.317,3.0,,,0.0053,28.0,,,,,,,0.4675,2.0,0.0077,1.0,0.0455,1.0,-0.0177,12.0,,,,,,,0.1514,1.0,-0.38,6.0,-0.0023,6.0,,,,,-0.0586,9.0
2025-12-13,Natural Disaster,0.1112,4.0,-0.1511,5.0,-0.641,12.0,-0.7839,1.0,-0.0495,2.0,-0.8527,2.0,-0.5612,1.0,-0.3957,4.0,0.0079,4.0,,,-0.6086,10.0,-0.0046,2.0,-0.2243,3.0,-0.2222,7.0,-0.5377,5.0,-0.2177,6.0,-0.0195,2.0,-0.0134,1.0,,,0.0193,1.0,-0.4028,2.0,-0.8625,13.0,,,,,,,-0.4421,13.0,-0.0474,9.0,-0.0132,32.0,-0.3704,7.0,-0.9159,1.0,-0.4545,30.0
2025-12-13,Oil Spills,,,,,,,-0.6719,1.0,,,,,,,,,-0.0148,2.0,,,-0.8715,2.0,,,-0.0088,1.0,,,,,-0.8063,2.0,,,0.0406,1.0,-0.8669,1.0,,,,,-0.4346,10.0,,,,,,,,,,,,,,,,,,
2025-12-13,Pandemic,-0.1931,106.0,-0.1856,90.0,-0.0583,117.0,0.0191,62.0,-0.1209,16.0,-0.1537,22.0,-0.0191,43.0,-0.0678,168.0,-0.0377,642.0,-0.074,65.0,-0.118,406.0,-0.0143,25.0,-0.0895,303.0,-0.1371,36.0,-0.1332,91.0,-0.049,123.0,-0.0285,18.0,0.1649,119.0,-0.0377,82.0,-0.0667,48.0,-0.0345,96.0,-0.1712,297.0,0.1167,24.0,-0.0999,18.0,-0.1663,35.0,-0.0061,247.0,-0.1668,81.0,-0.0223,296.0,-0.0631,67.0,-0.1275,274.0,-0.049,719.0
2025-12-13,Politics,-0.0543,359.0,-0.0405,258.0,0.0141,270.0,-0.137,144.0,0.1024,39.0,-0.0985,86.0,-0.04,46.0,0.0033,290.0,-0.0101,452.0,-0.1353,180.0,-0.0361,1203.0,-0.1205,111.0,-0.0142,705.0,-0.1402,116.0,-0.0169,193.0,-0.0163,238.0,-0.1251,63.0,-0.0133,425.0,0.1026,264.0,-0.0958,149.0,-0.0735,190.0,-0.018,508.0,-0.0406,19.0,-0.2459,31.0,-0.0104,73.0,-0.0462,718.0,-0.1086,252.0,0.0027,673.0,0.0126,145.0,-0.1297,261.0,-0.0688,1779.0
2025-12-13,Politics-Election,-0.0483,14.0,0.0105,28.0,0.0035,6.0,-0.2272,4.0,,,0.0024,2.0,0.0037,2.0,0.0528,24.0,-0.0602,21.0,0.4586,2.0,0.2073,274.0,,,-0.0572,13.0,-0.4747,7.0,0.0208,3.0,-0.0417,4.0,0.0559,2.0,0.1305,60.0,0.1258,13.0,-0.0215,3.0,-0.2807,3.0,0.0476,2.0,0.0206,1.0,0.0076,1.0,0.0088,3.0,-0.0051,22.0,0.1053,12.0,0.0071,13.0,,,-0.5666,3.0,-0.0097,101.0
2025-12-13,Politics-Political Tension,-0.1427,51.0,-0.0591,23.0,0.0203,10.0,-0.0132,16.0,-0.8935,1.0,-0.1773,10.0,-0.0171,5.0,-0.0104,14.0,0.0137,36.0,-0.0618,16.0,-0.1766,99.0,-0.1316,11.0,-0.0287,69.0,-0.3392,8.0,-0.2139,32.0,-0.0362,20.0,-0.2705,8.0,-0.0079,45.0,-0.1742,33.0,-0.1345,17.0,-0.0692,32.0,0.0399,31.0,-0.2202,2.0,-0.2635,5.0,-0.2315,6.0,-0.0854,96.0,-0.1424,54.0,-0.015,65.0,0.1358,30.0,-0.1417,31.0,-0.0797,223.0
2025-12-13,Terrorist Attacks,-0.6441,21.0,-0.3865,49.0,-0.4261,21.0,-0.4418,29.0,,,-0.4378,2.0,-0.4882,6.0,-0.2379,6.0,-0.3828,71.0,-0.0038,1.0,-0.3209,101.0,-0.5713,14.0,-0.4759,58.0,-0.1072,9.0,-0.5464,3.0,-0.4309,33.0,-0.3884,10.0,-0.3009,15.0,-0.3242,18.0,-0.6725,1.0,-0.4315,5.0,-0.4354,47.0,-0.5784,2.0,-0.4377,8.0,-0.141,2.0,-0.6195,23.0,-0.6985,11.0,-0.5158,76.0,-0.371,7.0,-0.4376,68.0,-0.3624,395.0
2025-12-13,Wars,-0.0178,23.0,0.0121,7.0,0.1902,10.0,-0.1615,6.0,0.6793,6.0,0.0496,8.0,0.0262,9.0,-0.041,19.0,0.0388,20.0,0.0048,13.0,-0.1007,52.0,0.0282,34.0,0.0271,72.0,0.2544,13.0,0.0831,20.0,0.1058,14.0,0.0057,1.0,-0.0187,34.0,0.1241,45.0,-0.0038,8.0,-0.0005,36.0,-0.1896,450.0,0.0732,10.0,-0.0029,8.0,0.019,2.0,-0.0242,38.0,0.1265,21.0,-0.0669,137.0,0.0121,210.0,0.441,7.0,-0.0522,148.0
2025-12-12,Economic Data,0.0506,142.0,0.0353,59.0,0.1921,81.0,0.0184,66.0,0.1555,63.0,-0.1248,45.0,0.4289,19.0,0.0243,94.0,0.031,330.0,0.0387,38.0,0.1952,290.0,0.0047,6.0,0.1432,189.0,0.1596,127.0,0.2599,153.0,0.0158,54.0,-0.0271,32.0,0.0806,53.0,0.1136,32.0,0.1449,36.0,0.0284,62.0,0.1571,197.0,0.4337,6.0,0.2226,17.0,0.0755,61.0,0.1059,253.0,0.2914,154.0,0.1124,285.0,-0.011,61.0,0.1449,167.0,0.0226,500.0
2025-12-12,Economic Data-Consumer Spending,,,0.0836,3.0,-0.0021,3.0,0.0133,5.0,,,-0.1798,4.0,,,0.0334,3.0,0.0417,7.0,0.001,2.0,0.6949,3.0,,,0.1386,4.0,0.4435,2.0,-0.0346,4.0,0.0042,4.0,0.288,4.0,0.0063,2.0,,,0.232,3.0,-0.0119,4.0,0.0407,3.0,,,-0.8756,1.0,0.013,7.0,-0.104,16.0,0.6312,3.0,0.8695,2.0,-0.0081,3.0,0.0226,13.0,0.0014,40.0
2025-12-12,Economic Data-Employment,-0.0048,29.0,0.2971,9.0,0.1842,61.0,0.1666,20.0,0.3052,10.0,0.2782,2.0,0.9133,1.0,0.0282,15.0,0.1912,23.0,0.3123,8.0,0.0522,101.0,,,-0.0271,35.0,0.3121,59.0,0.3462,30.0,-0.1172,9.0,-0.0875,5.0,0.3989,23.0,0.0029,5.0,0.2343,3.0,-0.1316,9.0,0.0853,39.0,0.4813,2.0,0.0138,8.0,0.0213,13.0,0.1572,63.0,0.0394,33.0,0.187,30.0,0.075,16.0,0.3563,8.0,0.1359,94.0
2025-12-12,Economic Data-GDP,,,0.0238,1.0,,,-0.4435,2.0,0.0061,2.0,-0.9164,1.0,0.0675,1.0,,,0.0653,2.0,0.2102,2.0,0.9314,4.0,,,0.1104,5.0,,,0.1296,10.0,,,,,0.879,1.0,-0.4551,2.0,,,0.9455,1.0,,,,,,,,,0.7566,5.0,-0.2565,5.0,0.4727,2.0,,,-0.2758,34.0,-0.1622,8.0
2025-12-12,Economic Data-Housing,-0.0811,17.0,0.0513,32.0,0.2388,13.0,-0.0115,42.0,0.3585,5.0,-0.302,7.0,0.7592,2.0,-0.065,22.0,0.0381,103.0,-0.0183,26.0,0.2116,46.0,0.4234,3.0,0.0608,52.0,0.0306,32.0,0.2168,66.0,-0.0235,7.0,0.1323,14.0,0.012,2.0,-0.8212,2.0,0.494,10.0,0.0418,9.0,0.102,65.0,0.4668,6.0,0.1091,18.0,-0.0249,5.0,0.1434,65.0,0.0185,81.0,-0.012,27.0,0.0031,8.0,0.1792,74.0,0.0412,172.0
2025-12-12,Economic Data-Inflation,0.335,15.0,0.6836,9.0,,,0.4817,11.0,0.9395,2.0,-0.0743,2.0,,,0.2848,7.0,-0.0398,48.0,0.0101,2.0,0.1018,18.0,,,0.3733,7.0,-0.0676,8.0,0.4322,16.0,-0.623,3.0,-0.8253,2.0,-0.4521,4.0,-0.4009,5.0,-0.8041,2.0,,,0.3702,6.0,,,,,-0.3507,2.0,0.546,36.0,0.0676,1.0,-0.0131,18.0,0.0327,10.0,,,-0.0492,31.0
2025-12-12,Economic Data-Interest Rates,0.2658,20.0,0.0424,32.0,-0.1754,12.0,0.262,12.0,0.0037,1.0,-0.3564,6.0,,,0.237,14.0,0.2066,43.0,-0.5812,3.0,0.1235,49.0,,,0.0494,14.0,0.2775,7.0,0.0834,10.0,-0.505,4.0,0.3273,8.0,0.3865,9.0,-0.0945,9.0,-0.205,10.0,-0.0839,7.0,-0.129,38.0,0.3786,2.0,-0.3612,2.0,0.2746,4.0,0.0919,16.0,0.169,37.0,0.0823,23.0,0.5138,7.0,-0.0361,34.0,-0.0073,68.0
2025-12-12,Economic Data-Manufacturing,-0.1535,12.0,,,0.3504,3.0,0.4785,1.0,0.5333,6.0,-0.2713,3.0,0.4508,2.0,0.3395,5.0,0.2692,41.0,-0.9208,2.0,0.4421,15.0,,,0.3469,13.0,0.4287,11.0,0.8663,6.0,0.2907,6.0,0.0199,1.0,0.3579,8.0,0.0162,1.0,,,-0.6174,1.0,0.1701,14.0,,,0.0083,1.0,0.4361,2.0,0.0206,2.0,0.6356,29.0,0.3077,11.0,,,0.2486,5.0,0.4558,22.0
2025-12-12,Economic Data-Retail Sales,-0.3003,3.0,0.0051,2.0,0.1256,12.0,0.8616,6.0,0.0555,1.0,0.3147,3.0,,,0.111,8.0,0.2265,39.0,0.0068,2.0,0.3774,9.0,0.5407,3.0,0.2547,9.0,0.1987,22.0,0.4468,16.0,0.1945,5.0,0.5254,3.0,0.3855,2.0,,,0.1151,4.0,-0.0025,4.0,0.0795,16.0,,,0.0049,1.0,0.2374,3.0,0.28,11.0,0.6343,25.0,0.538,8.0,,,0.1398,29.0,0.0694,33.0
2025-12-12,Extreme Weather,-0.0652,241.0,-0.0267,71.0,-0.2188,296.0,-0.3374,59.0,0.0134,20.0,0.049,16.0,-0.3005,7.0,-0.0273,67.0,-0.0004,310.0,-0.0156,28.0,-0.2175,204.0,-0.5121,23.0,-0.0356,100.0,-0.1142,139.0,0.0014,101.0,-0.093,39.0,-0.0499,21.0,0.0119,7.0,-0.1226,14.0,-0.0321,16.0,0.0241,66.0,-0.1667,237.0,-0.0776,12.0,-0.4755,10.0,0.0861,17.0,0.0385,104.0,0.0629,82.0,-0.1796,125.0,-0.1142,98.0,-0.1513,91.0,-0.1695,342.0
2025-12-12,Extreme Weather-Cold,-0.3021,6.0,-0.2661,4.0,-0.876,1.0,-0.1911,56.0,0.041,7.0,-0.1502,6.0,0.0015,1.0,0.0082,7.0,0.0131,26.0,-0.097,10.0,-0.2786,87.0,-0.0525,2.0,-0.1429,11.0,-0.0213,8.0,-0.0404,44.0,-0.0757,9.0,0.1107,1.0,,,-0.1919,6.0,,,-0.0889,12.0,-0.1466,159.0,,,-0.474,2.0,0.0,1.0,-0.3715,8.0,-0.1089,51.0,-0.34,53.0,-0.2358,46.0,-0.0725,12.0,-0.0598,194.0
2025-12-12,Extreme Weather-Drought,0.0442,16.0,0.0032,13.0,0.0148,66.0,-0.0305,9.0,,,-0.4012,2.0,0.2429,6.0,-0.0936,12.0,-0.0212,23.0,0.032,5.0,-0.259,24.0,0.0454,8.0,-0.1815,22.0,,,-0.8661,1.0,-0.108,13.0,-0.2869,4.0,-0.1405,3.0,-0.2046,10.0,0.0367,8.0,0.0016,6.0,-0.0972,19.0,0.4453,8.0,,,-0.2591,8.0,-0.1145,29.0,-0.0128,5.0,-0.0166,33.0,-0.0524,4.0,-0.2341,14.0,0.1414,36.0
2025-12-12,Extreme Weather-Heat,0.1538,16.0,-0.0425,35.0,0.0137,19.0,0.8671,1.0,,,0.0056,1.0,0.9361,1.0,-0.0022,4.0,0.0841,25.0,0.0003,1.0,-0.5037,15.0,,,0.0097,8.0,-0.8992,1.0,0.0151,3.0,0.0017,9.0,0.2338,5.0,0.0129,1.0,0.0176,1.0,0.24,3.0,0.1017,10.0,-0.0394,11.0,,,,,0.0361,1.0,0.0715,2.0,0.2142,6.0,,,-0.0104,6.0,0.0039,1.0,0.0067,20.0
2025-12-12,Fiscal Policy,-0.0096,174.0,-0.0271,119.0,0.0908,102.0,0.048,76.0,0.1027,30.0,0.0523,14.0,0.5828,4.0,0.0002,114.0,-0.012,219.0,0.0844,33.0,0.066,249.0,0.2447,5.0,0.002,253.0,0.1966,56.0,0.0662,137.0,0.0239,77.0,0.0615,21.0,-0.0365,87.0,0.0362,50.0,0.0408,49.0,0.0421,38.0,0.1844,113.0,0.2662,7.0,0.1865,15.0,-0.0103,33.0,0.0807,302.0,-0.1144,125.0,0.1097,130.0,0.092,27.0,-0.0925,98.0,-0.006,589.0
2025-12-12,Fiscal Policy-Stimulus Package,0.0297,53.0,0.0396,71.0,0.2325,32.0,0.1142,40.0,0.281,13.0,-0.0283,9.0,0.0145,1.0,0.0298,43.0,0.0273,87.0,0.034,16.0,0.2086,77.0,0.0017,1.0,0.1159,101.0,0.1729,30.0,0.2628,57.0,0.1312,25.0,-0.0726,10.0,0.116,49.0,0.2419,26.0,0.1986,29.0,-0.0091,26.0,0.2393,51.0,0.0016,1.0,-0.2011,3.0,-0.0061,13.0,0.2834,80.0,-0.0317,87.0,0.0731,49.0,0.0837,22.0,-0.0108,100.0,0.0413,267.0
2025-12-12,Monetary Policy,0.0186,11.0,-0.1454,11.0,0.0208,5.0,0.3104,10.0,-0.0006,1.0,-0.916,2.0,,,0.1657,8.0,0.2436,41.0,,,0.0959,33.0,,,0.136,4.0,0.4787,5.0,0.3617,8.0,-0.6574,2.0,0.1423,4.0,0.0653,5.0,-0.2297,8.0,-0.4299,5.0,0.1082,3.0,-0.0819,28.0,0.0031,1.0,-0.3612,2.0,0.4837,2.0,0.4632,3.0,0.2616,31.0,-0.0805,18.0,0.0752,10.0,0.0161,19.0,-0.0611,40.0
2025-12-12,Monetary Policy-Interest Rates,0.0521,2.0,-0.3616,2.0,0.1794,1.0,0.2619,2.0,,,0.0106,1.0,,,0.4152,3.0,-0.0251,8.0,0.0039,1.0,-0.2601,4.0,,,,,0.4306,4.0,0.0317,1.0,0.0083,1.0,,,,,-0.0137,2.0,0.9489,1.0,,,,,,,,,0.2075,10.0,,,-0.5769,9.0,-0.0282,12.0,0.0015,1.0,-0.7892,2.0,0.0265,16.0
2025-12-12,Monetary Policy-Quantitative Easing,0.1244,11.0,,,-0.8955,1.0,0.001,1.0,0.0973,2.0,0.0038,4.0,,,0.2241,4.0,0.1543,54.0,,,-0.0171,25.0,,,-0.299,18.0,,,0.2293,49.0,,,,,,,0.1589,9.0,0.949,1.0,,,-0.1281,48.0,,,0.0084,2.0,0.0718,3.0,,,-0.0189,23.0,0.1798,14.0,-0.1033,11.0,-0.0033,4.0,0.0463,30.0
2025-12-12,Natural Disaster,-0.2791,10.0,-0.4465,4.0,-0.0687,10.0,-0.7316,6.0,-0.7267,2.0,,,-0.8303,1.0,-0.6543,5.0,-0.4917,22.0,0.0056,2.0,-0.5218,11.0,-0.4747,5.0,-0.0282,7.0,-0.3033,69.0,-0.5748,5.0,,,-0.8643,1.0,-0.9004,2.0,-0.9117,1.0,-0.5949,1.0,-0.1968,4.0,-0.6767,8.0,-0.5416,3.0,-0.8643,1.0,-0.0321,5.0,-0.0404,4.0,-0.1634,15.0,-0.3161,54.0,-0.1571,11.0,-0.1996,3.0,-0.4691,85.0
2025-12-12,Oil Spills,-0.3152,1.0,,,,,,,0.0102,1.0,,,,,,,-0.2083,1.0,,,,,,,,,,,,,,,,,,,,,,,-0.8642,1.0,,,,,,,,,,,-0.4977,13.0,-0.8862,1.0,,,-0.8055,2.0,-0.495,3.0
2025-12-12,Pandemic,-0.0354,166.0,-0.0554,225.0,-0.0761,264.0,-0.0133,169.0,-0.008,27.0,-0.1529,48.0,-0.0089,28.0,-0.0358,304.0,-0.0028,906.0,-0.0367,76.0,-0.1081,634.0,-0.1533,31.0,-0.0641,546.0,0.0646,102.0,-0.0522,229.0,0.0054,161.0,-0.0955,68.0,-0.0136,192.0,0.0513,91.0,0.1882,88.0,-0.0386,127.0,-0.1285,603.0,0.0109,22.0,0.0893,24.0,-0.0752,50.0,-0.0573,563.0,-0.0263,193.0,-0.1348,369.0,-0.1289,88.0,-0.1737,506.0,-0.0537,1253.0
2025-12-12,Politics,-0.0292,702.0,-0.0769,606.0,-0.0331,584.0,-0.0464,420.0,0.1105,92.0,-0.0538,97.0,0.0727,43.0,-0.0371,562.0,-0.0221,1122.0,-0.0233,188.0,-0.0395,1661.0,-0.0929,106.0,0.0011,1417.0,0.0087,252.0,-0.0512,800.0,-0.0004,352.0,-0.1273,130.0,-0.0465,605.0,-0.023,262.0,0.0344,194.0,-0.0416,340.0,0.0114,1067.0,0.0544,34.0,-0.0403,65.0,-0.0878,172.0,-0.0006,1534.0,-0.0929,477.0,0.0126,1032.0,-0.0182,266.0,-0.1217,487.0,-0.0791,3268.0
2025-12-12,Politics-Election,-0.0049,28.0,0.1032,24.0,0.2244,20.0,0.0149,8.0,,,-0.0035,4.0,-0.0074,22.0,0.0629,46.0,-0.0533,47.0,0.0073,6.0,-0.0065,124.0,0.0037,1.0,0.0461,10.0,-0.3672,8.0,-0.2206,21.0,-0.1523,18.0,0.0014,1.0,-0.1619,23.0,-0.0876,14.0,,,0.048,8.0,0.1328,12.0,0.4914,1.0,0.0046,1.0,0.0519,6.0,-0.1927,79.0,-0.0534,19.0,-0.0773,8.0,0.0044,14.0,0.0927,13.0,-0.0881,181.0
2025-12-12,Politics-Political Tension,0.039,109.0,-0.0421,76.0,-0.1273,75.0,-0.2353,47.0,-0.3019,5.0,0.0303,14.0,-0.2889,3.0,-0.1516,38.0,-0.1097,63.0,0.008,27.0,-0.1564,187.0,-0.0617,18.0,0.0392,118.0,-0.2659,21.0,-0.056,101.0,-0.0263,35.0,-0.0126,4.0,-0.1747,60.0,-0.1017,35.0,-0.019,29.0,-0.1195,43.0,-0.0766,91.0,0.007,1.0,0.013,8.0,-0.0984,13.0,-0.1283,250.0,-0.0963,94.0,-0.0627,65.0,-0.0584,36.0,-0.1478,28.0,-0.127,397.0
2025-12-12,Terrorist Attacks,-0.4987,11.0,-0.2679,66.0,-0.4078,50.0,-0.3873,34.0,-0.7388,1.0,-0.3319,5.0,-0.1704,4.0,-0.4649,27.0,-0.4016,47.0,-0.3673,2.0,-0.3686,126.0,-0.4177,10.0,-0.2305,41.0,-0.8143,1.0,-0.4149,7.0,-0.6781,33.0,-0.4322,8.0,-0.4173,35.0,-0.6898,12.0,-0.2386,6.0,-0.2403,22.0,-0.5241,112.0,,,-0.3734,8.0,-0.1859,11.0,-0.4255,23.0,-0.6473,2.0,-0.4971,110.0,-0.4033,23.0,-0.391,90.0,-0.3631,276.0
2025-12-12,Wars,-0.198,26.0,0.0675,11.0,-0.1235,34.0,0.1615,7.0,0.0682,12.0,0.1741,8.0,0.2399,12.0,0.0261,24.0,0.0396,81.0,-0.1029,32.0,-0.0127,55.0,-0.1101,32.0,0.0305,145.0,0.0123,18.0,0.0393,68.0,-0.0697,19.0,-0.091,3.0,0.0836,42.0,-0.0067,32.0,0.2224,12.0,-0.0234,41.0,-0.0993,682.0,0.031,15.0,-0.2877,3.0,-0.1738,3.0,-0.0775,53.0,0.0536,29.0,0.09,167.0,-0.0498,287.0,-0.015,13.0,-0.0058,202.0
2025-12-11,Economic Data,0.1085,182.0,-0.2658,120.0,0.1155,77.0,0.089,97.0,0.1673,76.0,0.166,32.0,0.3773,21.0,0.0713,93.0,-0.0021,398.0,-0.0187,45.0,0.1499,261.0,-0.0213,27.0,0.1308,277.0,0.1224,120.0,0.223,234.0,0.2425,78.0,0.2635,34.0,0.1783,75.0,-0.0128,33.0,0.2188,39.0,0.0379,69.0,0.172,222.0,0.2134,25.0,0.0952,25.0,0.1473,60.0,0.3242,290.0,0.2242,199.0,0.0995,196.0,0.1722,62.0,0.2328,139.0,0.0508,574.0
2025-12-11,Economic Data-Consumer Spending,0.3714,2.0,-0.2233,4.0,-0.2784,3.0,0.0323,9.0,,,,,,,-0.0233,4.0,0.0671,8.0,0.6155,3.0,0.3063,3.0,,,0.4226,4.0,0.004,1.0,,,0.0066,2.0,0.4777,5.0,0.282,3.0,,,-0.1204,3.0,0.0601,2.0,-0.4528,2.0,,,,,0.0043,1.0,0.1351,10.0,-0.4519,4.0,,,0.0051,2.0,-0.0911,30.0,0.0287,33.0
2025-12-11,Economic Data-Employment,0.0696,35.0,-0.1421,64.0,0.1509,60.0,-0.0567,22.0,0.507,7.0,0.9439,2.0,0.103,9.0,0.102,9.0,0.0724,40.0,0.0026,7.0,0.0876,88.0,-0.2235,2.0,0.0207,58.0,0.2647,61.0,0.3335,75.0,0.3839,10.0,-0.6497,6.0,0.2147,13.0,0.6882,4.0,0.2933,12.0,0.1503,11.0,0.2817,48.0,0.1391,7.0,0.4179,19.0,0.1121,14.0,0.0231,65.0,-0.155,23.0,0.1415,39.0,0.0634,7.0,0.0396,23.0,0.0101,162.0
2025-12-11,Economic Data-GDP,-0.1035,1.0,-0.9088,1.0,0.4891,2.0,-0.3865,4.0,0.5739,3.0,0.9286,3.0,,,-0.7994,1.0,-0.385,59.0,,,0.4673,5.0,0.9155,1.0,-0.0069,3.0,0.9438,1.0,-0.2122,4.0,,,,,,,0.5983,5.0,0.9529,4.0,-0.041,1.0,0.0016,1.0,,,,,0.0173,2.0,0.6692,15.0,,,0.7115,18.0,0.9458,3.0,0.0078,1.0,-0.0479,14.0
2025-12-11,Economic Data-Housing,0.0508,17.0,0.1881,51.0,0.1382,7.0,-0.1155,70.0,0.0063,4.0,0.1781,14.0,0.4535,7.0,0.0556,32.0,0.038,75.0,-0.0715,23.0,0.1695,49.0,0.0493,6.0,0.0168,55.0,0.2017,38.0,0.2228,136.0,-0.1444,5.0,-0.1402,11.0,0.6336,3.0,-0.2085,5.0,0.2587,7.0,-0.0772,11.0,0.0938,60.0,0.0194,3.0,0.0216,13.0,-0.1639,8.0,0.1241,111.0,-0.0686,97.0,0.0418,40.0,0.1445,11.0,0.2129,92.0,0.086,204.0
2025-12-11,Economic Data-Inflation,0.3529,34.0,-0.0158,2.0,,,,,0.9424,2.0,0.1169,4.0,-0.4529,2.0,,,-0.021,14.0,-0.7831,1.0,-0.218,3.0,,,-0.9108,1.0,-0.0198,9.0,0.3377,18.0,0.3062,4.0,-0.8223,1.0,,,0.0028,2.0,0.0047,2.0,0.1135,1.0,-0.106,6.0,,,,,,,0.1919,5.0,0.0078,1.0,0.1372,9.0,0.0011,8.0,0.0005,1.0,0.3957,22.0
2025-12-11,Economic Data-Interest Rates,0.0771,20.0,-0.1405,18.0,0.0985,18.0,-0.2107,14.0,0.0089,5.0,-0.1673,12.0,0.3467,2.0,0.2563,12.0,0.0953,67.0,0.2855,7.0,-0.0497,84.0,-0.4678,3.0,-0.1961,16.0,-0.1274,10.0,0.061,56.0,-0.1028,5.0,-0.1836,9.0,0.191,5.0,-0.3987,4.0,0.0273,26.0,-0.2856,5.0,0.0981,42.0,0.4561,1.0,0.0539,4.0,-0.23,7.0,-0.0395,28.0,0.0438,57.0,0.0702,55.0,0.1017,42.0,-0.0133,49.0,-0.1174,193.0
2025-12-11,Economic Data-Manufacturing,0.446,3.0,0.9481,2.0,0.3081,5.0,0.4804,2.0,0.311,8.0,,,,,0.0056,9.0,0.244,37.0,-0.4548,2.0,0.2536,12.0,0.4157,1.0,0.1422,23.0,0.4284,13.0,0.6414,27.0,0.4166,1.0,0.9432,1.0,0.0448,4.0,,,0.9389,1.0,,,0.2081,14.0,0.0337,1.0,,,0.9445,3.0,0.455,10.0,0.6219,43.0,0.1437,9.0,,,0.4857,2.0,0.1812,15.0
2025-12-11,Economic Data-Retail Sales,0.0077,5.0,0.2241,18.0,0.1432,11.0,0.3247,12.0,0.7174,4.0,0.9301,1.0,,,0.3883,6.0,0.1202,56.0,0.0242,2.0,0.1319,10.0,,,0.6516,18.0,0.25,24.0,0.2355,24.0,0.4693,7.0,0.3068,4.0,,,-0.0237,1.0,0.027,2.0,-0.2606,2.0,0.0553,28.0,0.0102,1.0,0.1965,5.0,0.9467,2.0,0.697,12.0,0.7049,9.0,0.4583,11.0,,,0.4374,16.0,0.2927,42.0
2025-12-11,Extreme Weather,-0.1112,248.0,0.0599,54.0,-0.3606,308.0,-0.2222,53.0,0.0061,20.0,-0.0908,17.0,-0.1502,7.0,-0.0126,60.0,-0.0151,600.0,-0.171,20.0,-0.1505,204.0,-0.3785,43.0,-0.1574,103.0,-0.1848,100.0,-0.0988,120.0,0.0409,40.0,-0.3068,27.0,-0.3049,7.0,-0.1506,11.0,0.14,14.0,-0.007,64.0,-0.1096,196.0,0.0092,13.0,-0.0352,3.0,-0.0092,14.0,-0.0307,168.0,-0.118,90.0,-0.0498,184.0,-0.0717,86.0,-0.1102,68.0,-0.1235,345.0
2025-12-11,Extreme Weather-Cold,-0.2104,7.0,-0.1417,10.0,0.3514,1.0,-0.0922,51.0,-0.0412,6.0,0.0345,2.0,-0.0121,8.0,0.0056,4.0,0.0552,36.0,-0.2028,9.0,-0.2257,80.0,0.0266,2.0,-0.1625,7.0,-0.1573,12.0,-0.1053,52.0,-0.1615,28.0,0.012,2.0,,,-0.1336,3.0,-0.3104,3.0,-0.0661,19.0,-0.0619,96.0,-0.0003,1.0,0.0324,3.0,,,-0.092,17.0,-0.1576,39.0,-0.2395,38.0,-0.0949,36.0,-0.0551,26.0,-0.1489,148.0
2025-12-11,Extreme Weather-Drought,-0.0533,11.0,0.0922,16.0,-0.0675,69.0,0.0271,12.0,0.9457,2.0,,,0.0345,5.0,0.1173,22.0,0.0119,5.0,0.0002,3.0,-0.3096,32.0,-0.1049,10.0,-0.185,18.0,0.9417,2.0,0.9327,2.0,-0.0886,14.0,-0.1677,14.0,,,-0.1263,5.0,-0.1695,9.0,-0.2194,4.0,-0.138,23.0,0.3066,12.0,0.0296,3.0,-0.1239,13.0,-0.1142,26.0,-0.3025,6.0,-0.1436,42.0,-0.3089,9.0,-0.4231,6.0,0.0685,48.0
2025-12-11,Extreme Weather-Heat,0.076,9.0,-0.2374,19.0,-0.1417,10.0,,,0.948,1.0,0.0032,1.0,,,0.5077,7.0,-0.074,29.0,-0.2359,3.0,-0.2543,11.0,-0.9055,1.0,0.0989,13.0,0.0045,5.0,0.3105,8.0,0.0183,10.0,-0.0334,7.0,,,,,-0.0013,3.0,-0.2284,4.0,-0.3673,10.0,,,-0.4483,2.0,0.0808,8.0,0.0601,12.0,0.1988,10.0,-0.0021,2.0,-0.0037,1.0,0.2742,11.0,-0.0853,16.0
2025-12-11,Fiscal Policy,0.0604,172.0,-0.0349,169.0,0.0517,114.0,0.0159,99.0,0.147,28.0,0.1968,34.0,-0.0353,11.0,-0.0592,88.0,0.064,292.0,-0.1228,35.0,0.0054,204.0,0.0043,27.0,0.0906,275.0,-0.0387,65.0,0.2785,165.0,0.2295,105.0,0.003,43.0,0.1247,125.0,0.02,50.0,0.036,53.0,-0.024,48.0,0.145,156.0,0.611,5.0,0.184,17.0,-0.1141,26.0,0.1149,370.0,0.0659,71.0,0.0768,91.0,0.216,53.0,-0.1039,106.0,-0.0019,681.0
2025-12-11,Fiscal Policy-Stimulus Package,0.0372,58.0,0.0326,81.0,0.164,42.0,0.0922,47.0,0.1095,10.0,0.3054,5.0,0.4483,2.0,-0.0066,41.0,0.048,136.0,0.167,23.0,0.0623,81.0,0.268,8.0,0.0191,118.0,0.0583,78.0,0.4532,123.0,0.0737,38.0,-0.153,16.0,0.1571,72.0,0.4677,21.0,0.086,39.0,0.0806,17.0,0.1052,64.0,0.203,4.0,-0.098,1.0,0.2039,19.0,0.0799,153.0,0.0741,64.0,0.0748,46.0,0.1162,29.0,-0.0553,112.0,0.016,380.0
2025-12-11,Monetary Policy,0.1168,9.0,-0.1613,8.0,0.1006,12.0,-0.3057,8.0,0.3221,3.0,-0.1914,6.0,0.3297,2.0,0.2407,9.0,0.2585,71.0,-0.1126,3.0,-0.022,47.0,-0.4033,2.0,-0.2325,8.0,0.078,9.0,0.1627,30.0,-0.3337,2.0,-0.1263,8.0,0.2551,6.0,-0.4044,4.0,-0.016,20.0,0.0051,1.0,0.0036,26.0,0.4561,1.0,0.5955,2.0,-0.2976,3.0,0.0072,25.0,0.1923,42.0,0.0244,28.0,0.2924,24.0,0.0024,30.0,-0.0684,119.0
2025-12-11,Monetary Policy-Interest Rates,-0.4111,2.0,-0.1189,7.0,-0.2208,8.0,0.0552,4.0,-0.6461,6.0,,,0.7788,1.0,,,0.0033,12.0,,,-0.1714,5.0,,,,,0.07,3.0,0.0955,14.0,-0.0358,1.0,,,,,0.6486,1.0,,,,,-0.011,1.0,,,-0.0201,1.0,0.0033,7.0,,,-0.1577,19.0,0.0507,51.0,0.0081,1.0,0.091,1.0,-0.2744,51.0
2025-12-11,Monetary Policy-Quantitative Easing,0.2263,4.0,-0.4717,3.0,0.0789,1.0,0.0903,3.0,0.0232,3.0,0.1078,2.0,-0.0217,3.0,0.0299,5.0,0.1945,42.0,0.0162,1.0,-0.0463,12.0,,,0.1778,13.0,0.0049,1.0,0.0045,60.0,0.0034,2.0,,,0.0156,7.0,0.3098,4.0,-0.016,3.0,0.0038,2.0,0.0033,30.0,0.084,1.0,0.268,2.0,0.007,2.0,0.1686,8.0,0.0044,31.0,0.2667,19.0,-0.0443,3.0,0.1395,4.0,0.0622,42.0
2025-12-11,Natural Disaster,-0.2264,5.0,-0.5409,18.0,-0.5768,16.0,-0.8991,3.0,-0.1553,4.0,,,-0.8842,1.0,-0.8402,1.0,-0.0266,16.0,,,-0.3918,10.0,-0.4762,10.0,-0.1804,14.0,-0.4364,41.0,-0.8581,7.0,-0.1578,5.0,-0.8677,3.0,,,0.157,1.0,0.0383,3.0,-0.8911,2.0,-0.6872,8.0,-0.481,3.0,,,-0.1121,3.0,-0.0965,6.0,-0.4043,35.0,-0.1709,105.0,,,-0.5163,5.0,-0.4449,51.0
2025-12-11,Oil Spills,-0.1082,1.0,,,,,,,,,,,,,-0.7254,1.0,-0.4385,43.0,,,,,-0.1057,1.0,0.0032,1.0,,,,,,,,,,,0.0051,2.0,,,-0.7855,1.0,0.931,1.0,,,,,,,,,-0.302,4.0,0.027,1.0,,,-0.0109,2.0,-0.7945,6.0
2025-12-11,Pandemic,-0.0377,155.0,-0.0931,242.0,-0.1208,197.0,0.0651,167.0,0.0311,34.0,0.0031,61.0,-0.0806,35.0,-0.1292,289.0,-0.0017,1088.0,-0.009,80.0,-0.1216,548.0,-0.168,49.0,0.0005,657.0,0.16,134.0,0.0417,442.0,-0.0561,192.0,0.0002,80.0,-0.0155,243.0,-0.0732,75.0,-0.0052,113.0,-0.0279,177.0,-0.0907,559.0,0.1007,30.0,-0.1218,22.0,-0.0781,76.0,0.0327,690.0,-0.0516,190.0,-0.1095,366.0,-0.0507,98.0,-0.1563,383.0,-0.0743,1216.0
2025-12-11,Politics,-0.0192,691.0,-0.0549,757.0,-0.0202,654.0,-0.0032,420.0,0.1393,84.0,0.053,138.0,-0.0069,91.0,-0.0449,516.0,0.0223,1367.0,-0.0724,230.0,-0.0774,1477.0,-0.0671,280.0,-0.0058,1390.0,0.0511,299.0,-0.0896,1276.0,0.0629,506.0,-0.0255,193.0,-0.0284,688.0,0.0263,241.0,-0.0014,230.0,-0.0496,290.0,0.0183,1042.0,0.2024,47.0,-0.0546,61.0,-0.0336,191.0,-0.0075,1597.0,-0.1059,424.0,-0.0231,851.0,-0.0238,368.0,-0.1135,539.0,-0.0753,3920.0
2025-12-11,Politics-Election,0.056,25.0,0.0057,35.0,0.0375,26.0,0.1219,9.0,,,-0.0058,2.0,0.0017,46.0,0.0498,26.0,0.0464,34.0,-0.012,2.0,0.1028,200.0,-0.0022,1.0,-0.0036,26.0,-0.1122,9.0,0.1102,27.0,0.2112,8.0,0.0079,1.0,0.0701,30.0,-0.0566,7.0,0.3802,3.0,0.005,1.0,0.3898,6.0,0.0045,1.0,0.0108,8.0,0.2571,11.0,-0.0214,40.0,0.164,5.0,-0.0994,14.0,-0.0151,15.0,0.0477,12.0,0.0402,219.0
2025-12-11,Politics-Political Tension,-0.1548,78.0,-0.2202,76.0,-0.1437,51.0,-0.2533,57.0,0.1905,6.0,-0.0892,16.0,0.069,2.0,-0.0977,38.0,-0.0232,104.0,-0.0095,13.0,-0.1267,226.0,-0.0901,64.0,-0.074,145.0,0.0293,17.0,-0.2125,170.0,0.086,51.0,-0.1082,29.0,-0.1694,59.0,-0.1111,29.0,-0.0619,46.0,-0.2211,48.0,-0.0134,98.0,-0.0044,3.0,-0.1595,11.0,-0.1655,17.0,-0.1257,174.0,-0.2789,51.0,0.0157,69.0,-0.1415,87.0,-0.2126,56.0,-0.1459,390.0
2025-12-11,Terrorist Attacks,-0.5841,16.0,-0.1683,74.0,-0.4664,33.0,-0.29,34.0,,,-0.2791,7.0,-0.0088,1.0,-0.4828,15.0,-0.4957,74.0,0.0387,2.0,-0.3699,130.0,-0.3886,19.0,-0.3558,40.0,,,-0.0747,13.0,-0.5761,30.0,-0.2838,17.0,-0.2954,51.0,-0.8349,15.0,,,-0.2489,6.0,-0.373,131.0,,,0.001,2.0,-0.2738,24.0,-0.2556,19.0,-0.8733,6.0,-0.4336,128.0,-0.5011,30.0,-0.344,82.0,-0.3406,320.0
2025-12-11,Wars,0.0165,15.0,0.1628,24.0,0.1311,9.0,0.1601,15.0,-0.2306,12.0,-0.0138,10.0,-0.0034,10.0,-0.0105,37.0,0.1128,84.0,-0.0247,28.0,-0.0232,53.0,-0.1323,66.0,-0.0039,69.0,-0.1362,9.0,0.0652,76.0,0.0184,33.0,0.027,14.0,0.0813,41.0,0.1978,26.0,0.1254,20.0,-0.03,34.0,-0.1245,764.0,-0.0749,16.0,-0.2443,6.0,-0.0381,6.0,-0.0011,79.0,0.2402,43.0,-0.04,152.0,-0.08,246.0,-0.0649,13.0,-0.046,218.0
2025-12-10,Economic Data,0.0826,161.0,-0.0522,81.0,0.08,112.0,0.1103,96.0,0.2123,78.0,0.1348,39.0,0.1518,23.0,0.0607,69.0,0.0463,350.0,0.023,33.0,0.0395,270.0,-0.179,16.0,0.1076,256.0,0.1037,147.0,0.1709,243.0,0.0912,57.0,0.0131,43.0,0.2418,61.0,0.1586,34.0,-0.0361,40.0,0.033,67.0,0.0783,190.0,0.3596,15.0,0.1713,19.0,0.3461,29.0,0.0978,250.0,0.2598,355.0,0.0671,206.0,-0.0031,48.0,0.1087,207.0,0.0806,515.0
2025-12-10,Economic Data-Consumer Spending,-0.1829,8.0,-0.098,13.0,0.483,3.0,-0.4081,13.0,-0.0064,3.0,0.0125,1.0,,,-0.3396,5.0,-0.1391,10.0,0.3235,3.0,0.4694,2.0,,,0.0944,5.0,-0.0653,5.0,0.0624,8.0,0.2123,3.0,0.0009,1.0,0.1192,1.0,,,-0.0058,4.0,-0.1789,4.0,-0.2031,4.0,,,0.9449,1.0,0.2237,2.0,-0.2084,11.0,0.4685,8.0,,,0.031,10.0,0.194,17.0,0.1183,24.0
2025-12-10,Economic Data-Employment,0.0616,21.0,-0.0228,17.0,0.0658,71.0,0.0661,17.0,-0.0257,11.0,-0.0724,9.0,0.0321,3.0,-0.1227,20.0,0.0595,75.0,0.011,7.0,0.1659,97.0,0.1646,4.0,0.2577,40.0,0.0928,59.0,-0.0641,68.0,-0.1353,22.0,-0.0227,11.0,0.1588,18.0,0.1423,6.0,0.0236,22.0,-0.0,4.0,0.0856,36.0,0.052,17.0,-0.041,9.0,0.1217,18.0,0.1187,45.0,-0.103,32.0,0.1248,17.0,-0.0271,10.0,0.2732,24.0,-0.0193,119.0
2025-12-10,Economic Data-GDP,0.1323,4.0,,,0.9476,1.0,-0.3118,2.0,0.6345,3.0,-0.9183,1.0,-0.2832,4.0,0.5381,6.0,-0.9203,5.0,,,0.5275,21.0,,,-0.062,4.0,,,0.5146,19.0,0.0159,3.0,,,0.5302,3.0,0.6447,3.0,0.5691,3.0,,,0.2286,6.0,0.7708,1.0,,,0.4303,4.0,0.3491,7.0,0.0234,2.0,0.4575,12.0,0.4418,11.0,0.6965,1.0,0.096,10.0
2025-12-10,Economic Data-Housing,-0.0749,18.0,0.2105,65.0,-0.0244,9.0,-0.0896,32.0,0.2281,8.0,0.0041,8.0,0.506,3.0,0.1685,25.0,0.1096,65.0,0.1844,18.0,0.1045,36.0,-0.2524,6.0,0.1249,50.0,0.2036,12.0,0.1365,105.0,0.4519,9.0,0.0231,12.0,-0.2759,4.0,0.1968,9.0,0.3409,3.0,0.0287,18.0,-0.0026,54.0,0.5447,3.0,0.3377,7.0,0.0416,7.0,0.1336,84.0,0.0519,56.0,0.1128,53.0,0.3691,15.0,0.1,85.0,0.1356,206.0
2025-12-10,Economic Data-Inflation,0.2386,12.0,0.9373,2.0,-0.1088,18.0,0.0183,2.0,0.9415,3.0,-0.6854,11.0,-0.2425,3.0,-0.2955,3.0,-0.0528,7.0,0.1125,3.0,0.2456,3.0,,,,,0.0851,8.0,0.0826,7.0,0.8118,9.0,0.5893,3.0,-0.0454,3.0,0.2063,3.0,-0.2552,1.0,,,0.9397,2.0,,,,,-0.2645,3.0,-0.0699,2.0,0.3283,3.0,0.0214,12.0,0.4765,3.0,,,-0.0254,23.0
2025-12-10,Economic Data-Interest Rates,-0.0172,31.0,-0.0646,51.0,-0.126,42.0,0.0591,66.0,0.0786,6.0,0.0972,11.0,0.1452,4.0,0.0393,5.0,0.0338,77.0,0.0726,8.0,0.0079,55.0,-0.3081,3.0,-0.0156,34.0,-0.2783,8.0,0.1804,72.0,-0.1726,7.0,-0.1479,22.0,-0.088,10.0,0.0949,7.0,-0.2116,3.0,0.1967,11.0,0.1274,30.0,-0.2157,10.0,-0.2418,4.0,0.2998,7.0,0.1375,28.0,0.0945,29.0,0.1201,14.0,0.11,7.0,0.0221,29.0,-0.0614,322.0
2025-12-10,Economic Data-Manufacturing,,,0.3303,4.0,0.2594,4.0,0.3191,6.0,0.3878,9.0,0.8718,4.0,0.0275,1.0,0.0698,11.0,0.162,50.0,-0.8877,1.0,0.2947,12.0,0.8843,1.0,-0.0206,48.0,0.2127,10.0,0.4369,25.0,0.0636,1.0,0.4758,4.0,0.4116,7.0,0.2902,4.0,0.9344,1.0,,,0.357,5.0,0.0183,5.0,0.6057,5.0,0.0351,2.0,0.3387,15.0,0.5315,71.0,0.5367,47.0,,,0.5439,10.0,0.3824,28.0
2025-12-10,Economic Data-Retail Sales,0.0114,2.0,0.3272,32.0,0.3305,3.0,0.5484,15.0,0.3914,5.0,0.9249,3.0,,,-0.1335,12.0,0.3944,63.0,0.629,3.0,0.424,15.0,,,0.4015,31.0,0.1631,23.0,0.3727,20.0,0.8473,2.0,-0.2301,3.0,0.0099,2.0,0.9444,1.0,-0.223,4.0,0.0102,1.0,0.2147,18.0,,,0.4345,2.0,0.4531,5.0,0.2813,14.0,0.1608,25.0,0.3269,15.0,,,0.4515,13.0,0.1968,49.0
2025-12-10,Extreme Weather,-0.1589,205.0,0.1972,44.0,-0.3039,254.0,-0.0088,53.0,0.1886,11.0,0.1671,20.0,-0.0358,18.0,-0.0298,62.0,0.0556,431.0,-0.0043,26.0,-0.0297,179.0,-0.2094,40.0,-0.0111,86.0,-0.0264,114.0,-0.0008,90.0,-0.1786,60.0,0.0199,11.0,0.0168,8.0,-0.1481,12.0,-0.0494,23.0,-0.1183,73.0,-0.1384,171.0,-0.0297,10.0,0.1517,4.0,-0.0465,16.0,-0.0993,165.0,0.0566,63.0,-0.2994,151.0,-0.1197,81.0,-0.2639,171.0,-0.1086,342.0
2025-12-10,Extreme Weather-Cold,-0.0004,4.0,0.1449,14.0,-0.1157,1.0,0.0421,58.0,-0.1941,5.0,-0.0759,6.0,,,0.0067,6.0,-0.0849,52.0,-0.0656,17.0,-0.1654,76.0,0.0021,4.0,-0.0472,12.0,-0.157,14.0,-0.2826,15.0,-0.2483,32.0,-0.0005,1.0,0.457,1.0,-0.0027,2.0,,,-0.1125,19.0,-0.111,128.0,-0.6468,1.0,0.0383,1.0,0.0012,1.0,-0.2754,14.0,-0.123,38.0,-0.2669,48.0,-0.1564,31.0,0.1016,29.0,-0.0874,121.0
2025-12-10,Extreme Weather-Drought,-0.0213,22.0,0.0699,5.0,-0.3204,75.0,-0.2794,4.0,0.4751,2.0,,,0.1936,10.0,-0.1578,19.0,0.1242,26.0,-0.3967,2.0,0.0411,31.0,0.0689,11.0,-0.2632,13.0,0.2404,5.0,0.1374,13.0,-0.198,23.0,-0.0349,3.0,0.0169,1.0,-0.2703,4.0,0.1413,9.0,-0.3081,3.0,-0.0062,15.0,0.117,13.0,,,-0.1056,11.0,0.0225,38.0,0.5729,11.0,-0.2046,52.0,-0.2243,6.0,-0.2448,10.0,-0.0578,40.0
2025-12-10,Extreme Weather-Heat,0.1149,16.0,0.0065,10.0,-0.1559,3.0,,,0.3021,2.0,0.0451,4.0,0.1706,1.0,0.4265,6.0,-0.1001,34.0,0.009,2.0,-0.1705,14.0,0.0019,2.0,0.386,11.0,0.1328,8.0,0.2379,4.0,0.186,9.0,-0.3222,7.0,,,0.4028,1.0,,,0.2517,5.0,0.0866,19.0,0.1854,3.0,,,0.1488,10.0,0.226,9.0,0.7117,4.0,0.3552,7.0,0.2703,5.0,0.0801,10.0,0.1576,20.0
2025-12-10,Fiscal Policy,0.0504,159.0,0.0481,101.0,0.0134,117.0,0.0563,76.0,0.3154,33.0,-0.0607,25.0,0.373,12.0,-0.0046,116.0,0.0442,367.0,-0.0206,48.0,-0.0285,205.0,-0.2605,10.0,0.0371,250.0,0.0952,46.0,0.2462,120.0,0.0972,85.0,0.1022,47.0,0.1648,128.0,0.1695,50.0,0.0533,56.0,-0.0705,40.0,0.0736,113.0,0.3583,6.0,0.1858,15.0,0.075,41.0,0.0445,297.0,0.0275,79.0,0.0655,112.0,0.1913,42.0,-0.0938,129.0,-0.0077,564.0
2025-12-10,Fiscal Policy-Stimulus Package,-0.029,89.0,-0.0079,74.0,0.185,53.0,-0.0037,27.0,0.3488,13.0,0.2386,8.0,0.248,11.0,0.0514,79.0,0.0488,106.0,0.1285,24.0,0.171,79.0,-0.1062,8.0,0.1584,109.0,0.0652,49.0,0.3887,40.0,0.0669,45.0,-0.0518,34.0,0.2382,62.0,0.5638,9.0,0.1335,30.0,0.0414,28.0,0.163,70.0,0.0092,6.0,0.0588,5.0,0.1284,12.0,0.1433,144.0,0.1484,52.0,-0.0208,44.0,0.1996,45.0,0.0911,104.0,0.0264,317.0
2025-12-10,Monetary Policy,0.0311,19.0,-0.0832,12.0,-0.119,19.0,-0.0236,52.0,0.4769,3.0,-0.0712,5.0,,,-0.1253,4.0,-0.0054,54.0,-0.1627,5.0,0.0009,38.0,-0.3081,3.0,0.114,21.0,-0.8539,1.0,0.0775,31.0,-0.2195,7.0,-0.2292,11.0,0.6778,7.0,0.0638,6.0,,,0.0917,5.0,0.0178,21.0,-0.3622,8.0,0.0087,2.0,-0.0838,1.0,0.1109,13.0,0.1808,22.0,0.1544,10.0,0.1627,6.0,-0.1898,17.0,-0.0472,203.0
2025-12-10,Monetary Policy-Interest Rates,-0.2179,5.0,-0.1423,11.0,-0.2016,9.0,-0.0265,24.0,-0.4517,2.0,0.0021,2.0,-0.1541,2.0,,,-0.1482,16.0,-0.2326,4.0,0.0924,6.0,,,-0.0345,1.0,-0.3799,9.0,-0.1469,20.0,,,0.1385,3.0,0.0444,1.0,,,,,-0.0006,1.0,0.3056,2.0,-0.2512,4.0,0.0046,1.0,0.0034,3.0,0.4418,7.0,0.1105,9.0,0.1121,13.0,,,-0.0083,4.0,-0.2223,109.0
2025-12-10,Monetary Policy-Quantitative Easing,0.0898,7.0,,,0.4563,2.0,-0.8276,1.0,0.797,1.0,0.3296,6.0,0.5624,6.0,-0.0191,3.0,0.0801,53.0,0.3748,3.0,0.1873,12.0,,,0.007,22.0,0.0042,3.0,0.0957,60.0,,,,,-0.2079,4.0,,,,,,,-0.0161,17.0,,,,,,,0.4554,2.0,0.2957,23.0,0.8691,1.0,0.9501,1.0,-0.2051,4.0,-0.0502,45.0
2025-12-10,Natural Disaster,0.0293,7.0,0.1873,15.0,-0.5409,11.0,-0.2685,4.0,-0.1722,1.0,0.5059,3.0,-0.8865,1.0,-0.6754,2.0,-0.1094,16.0,0.6798,1.0,-0.7383,9.0,-0.6101,4.0,-0.1421,6.0,-0.2725,48.0,,,-0.5203,9.0,,,0.9246,1.0,,,-0.4335,2.0,-0.6123,7.0,-0.3478,13.0,,,-0.0122,1.0,-0.8665,2.0,-0.3017,5.0,-0.773,5.0,-0.3704,59.0,-0.092,2.0,-0.6257,15.0,-0.218,33.0
2025-12-10,Oil Spills,-0.9159,1.0,,,-0.7323,2.0,,,,,-0.0544,1.0,,,-0.7511,2.0,-0.2168,37.0,,,-0.2117,1.0,-0.1736,1.0,,,0.0906,2.0,,,-0.1625,5.0,,,,,0.0085,1.0,-0.0548,2.0,-0.5939,5.0,-0.6719,11.0,,,,,-0.0093,1.0,,,-0.0879,8.0,-0.0015,3.0,-0.9085,1.0,,,-0.6171,15.0
2025-12-10,Pandemic,-0.0588,165.0,-0.0726,273.0,-0.0082,267.0,-0.0223,148.0,-0.0502,28.0,-0.0636,52.0,-0.0236,27.0,-0.0668,236.0,0.055,1004.0,-0.0756,66.0,-0.1074,535.0,-0.0679,63.0,0.0125,628.0,0.1141,143.0,-0.0013,378.0,0.0383,205.0,0.0025,98.0,0.0265,184.0,-0.0594,99.0,0.0209,98.0,-0.0306,155.0,-0.074,506.0,0.0807,22.0,0.0401,23.0,-0.1312,83.0,-0.0669,657.0,-0.1592,224.0,-0.1961,423.0,-0.042,139.0,-0.084,461.0,-0.054,1069.0
2025-12-10,Politics,-0.0425,691.0,-0.0236,591.0,0.0355,663.0,-0.0086,411.0,0.2053,81.0,0.0297,100.0,0.0065,98.0,-0.0295,640.0,0.0232,1475.0,0.0011,207.0,-0.0963,1479.0,-0.0511,271.0,0.0001,1211.0,0.0171,263.0,-0.0656,1045.0,0.015,458.0,-0.1062,210.0,-0.0251,699.0,0.0229,258.0,-0.0151,194.0,-0.0032,280.0,-0.0346,1098.0,0.1072,64.0,-0.0251,72.0,-0.0325,207.0,-0.0354,1796.0,-0.0304,455.0,-0.0138,965.0,0.037,333.0,-0.0788,619.0,-0.04,3404.0
2025-12-10,Politics-Election,-0.142,16.0,-0.036,24.0,0.0277,16.0,-0.13,16.0,,,0.001,1.0,0.0319,57.0,0.0236,43.0,0.0365,34.0,-0.1464,10.0,0.0277,131.0,,,0.0122,23.0,0.0131,2.0,0.1261,7.0,-0.1017,9.0,0.1335,2.0,0.0281,59.0,0.2325,10.0,-0.0243,1.0,0.2243,5.0,0.2555,5.0,,,0.0141,3.0,0.2155,5.0,-0.1691,14.0,-0.1167,10.0,0.0827,25.0,0.0086,9.0,0.4626,4.0,0.1066,299.0
2025-12-10,Politics-Political Tension,-0.1878,91.0,-0.0452,53.0,-0.187,83.0,-0.1326,43.0,-0.138,8.0,0.0667,13.0,-0.0924,9.0,0.0345,71.0,-0.0771,140.0,-0.0905,25.0,-0.1154,222.0,-0.0277,65.0,-0.0619,112.0,-0.0697,11.0,-0.1602,163.0,0.0552,42.0,-0.1682,14.0,-0.0383,72.0,-0.1558,53.0,0.0456,29.0,-0.2798,37.0,-0.1357,75.0,0.0083,5.0,-0.0942,11.0,-0.3261,15.0,-0.066,209.0,-0.2062,45.0,-0.0758,90.0,-0.1306,24.0,-0.2366,63.0,-0.1,431.0
2025-12-10,Terrorist Attacks,-0.245,18.0,-0.3237,82.0,-0.3376,31.0,-0.1586,43.0,,,-0.8368,1.0,-0.5268,4.0,-0.2744,14.0,-0.2936,58.0,-0.5048,1.0,-0.4531,114.0,-0.6709,21.0,-0.4473,48.0,,,-0.2594,18.0,-0.4132,59.0,-0.2274,29.0,-0.436,33.0,-0.4303,14.0,-0.613,3.0,-0.5383,20.0,-0.4069,41.0,,,-0.4761,6.0,-0.3346,14.0,-0.2503,33.0,-0.6427,12.0,-0.3777,104.0,-0.4932,28.0,-0.2807,93.0,-0.4595,312.0
2025-12-10,Wars,0.0034,15.0,-0.2738,7.0,0.0358,21.0,0.2189,14.0,0.488,6.0,-0.1069,7.0,-0.0758,12.0,0.019,33.0,0.0734,61.0,-0.196,16.0,-0.0709,62.0,0.0081,56.0,-0.0267,47.0,0.163,12.0,0.0898,54.0,0.2956,25.0,0.2265,4.0,-0.0383,74.0,0.1022,22.0,0.1423,7.0,-0.0806,44.0,-0.1058,700.0,0.1581,27.0,-0.1318,7.0,-0.0816,9.0,0.0129,73.0,-0.035,35.0,0.0049,141.0,-0.0384,221.0,-0.1048,9.0,-0.0561,218.0
2025-12-09,Economic Data,0.0877,169.0,-0.1204,86.0,0.0964,73.0,0.136,65.0,0.124,66.0,0.1372,21.0,0.2723,36.0,-0.0342,77.0,0.0855,335.0,-0.0108,42.0,0.0222,271.0,0.1777,14.0,0.173,219.0,0.2082,122.0,0.2897,252.0,0.1389,59.0,-0.0061,43.0,0.1876,56.0,0.3082,37.0,0.375,38.0,0.052,54.0,0.0958,189.0,0.3301,14.0,0.3679,26.0,0.2497,35.0,0.2171,242.0,0.2995,333.0,0.0144,146.0,0.05,54.0,0.1928,197.0,0.0637,515.0
2025-12-09,Economic Data-Consumer Spending,0.0244,7.0,-0.0701,9.0,0.0045,3.0,-0.2006,10.0,,,,,,,-0.5716,5.0,-0.088,11.0,0.44,5.0,-0.0223,5.0,,,-0.3365,12.0,,,0.343,12.0,0.1397,6.0,-0.3174,1.0,,,,,0.0232,1.0,-0.3258,2.0,-0.1933,3.0,,,,,0.015,3.0,-0.048,8.0,0.1146,5.0,,,0.0033,5.0,-0.2975,27.0,-0.1601,31.0
2025-12-09,Economic Data-Employment,0.1052,37.0,-0.0231,12.0,0.1035,53.0,0.1599,15.0,0.0917,6.0,0.3646,12.0,0.0077,1.0,-0.1229,15.0,0.161,84.0,0.1553,8.0,0.0154,79.0,0.0094,2.0,0.0746,55.0,0.2329,60.0,0.115,64.0,0.0241,20.0,0.2572,5.0,0.1204,10.0,0.0348,10.0,0.3343,6.0,0.2165,14.0,-0.03,39.0,0.0131,3.0,0.2145,13.0,-0.0182,8.0,0.198,55.0,0.0387,30.0,0.0049,30.0,-0.0045,9.0,0.016,26.0,0.0378,135.0
2025-12-09,Economic Data-GDP,0.5061,4.0,,,0.1699,2.0,,,0.9477,1.0,0.0132,2.0,0.0383,1.0,0.0039,5.0,-0.2409,8.0,,,0.0177,1.0,,,,,,,-0.1878,9.0,0.322,5.0,0.8844,1.0,,,,,0.9471,1.0,-0.6342,2.0,0.0342,2.0,0.8622,2.0,,,0.0042,1.0,0.3627,4.0,0.5145,10.0,0.0455,1.0,,,,,0.0707,5.0
2025-12-09,Economic Data-Housing,0.0288,31.0,0.0316,46.0,0.0854,13.0,-0.0689,68.0,0.1635,9.0,-0.0799,11.0,0.1887,12.0,0.0586,27.0,-0.0068,100.0,0.2715,8.0,0.1456,49.0,-0.3669,2.0,0.0729,41.0,0.13,35.0,0.2338,95.0,0.0578,7.0,0.3015,40.0,0.2995,5.0,-0.8698,1.0,0.8623,3.0,0.0621,18.0,-0.0442,61.0,0.1877,6.0,0.093,6.0,0.0465,15.0,0.2372,91.0,0.0116,78.0,-0.017,21.0,-0.1789,11.0,0.2184,88.0,0.0442,154.0
2025-12-09,Economic Data-Inflation,0.2527,10.0,-0.3772,7.0,0.9461,1.0,,,,,0.0087,2.0,0.0532,1.0,-0.4318,6.0,-0.0451,6.0,-0.3269,15.0,-0.423,7.0,,,0.4427,5.0,-0.0255,4.0,0.2117,7.0,0.1956,6.0,,,-0.8362,2.0,-0.2317,5.0,,,0.4237,2.0,0.3533,2.0,,,-0.0307,2.0,-0.0094,1.0,0.0247,3.0,-0.0006,2.0,0.0351,21.0,0.2827,9.0,-0.8377,1.0,-0.266,18.0
2025-12-09,Economic Data-Interest Rates,-0.0782,26.0,-0.1295,137.0,-0.1473,24.0,-0.3565,6.0,0.0043,3.0,-0.2694,6.0,0.4245,3.0,0.099,4.0,0.0248,56.0,-0.2772,3.0,-0.1433,66.0,-0.0068,1.0,0.1318,31.0,0.4569,10.0,0.3389,39.0,0.0741,8.0,-0.2307,27.0,0.1145,11.0,-0.3121,2.0,0.1643,12.0,-0.0739,9.0,0.0245,23.0,,,0.3857,2.0,0.0009,5.0,0.1645,12.0,0.4979,36.0,0.1941,24.0,0.0034,2.0,-0.055,85.0,-0.0595,95.0
2025-12-09,Economic Data-Manufacturing,0.0219,7.0,0.3276,2.0,-0.1402,9.0,0.6392,5.0,0.1662,11.0,0.114,1.0,,,-0.0026,7.0,0.0732,77.0,0.4968,2.0,0.5488,13.0,0.029,1.0,0.6109,12.0,0.0485,8.0,0.492,36.0,0.9448,3.0,0.1498,3.0,0.0253,4.0,,,0.4591,5.0,0.0064,1.0,0.1068,8.0,0.6003,3.0,0.6383,3.0,0.8834,5.0,0.3627,7.0,0.228,53.0,,,0.0081,1.0,0.4859,10.0,0.3864,25.0
2025-12-09,Economic Data-Retail Sales,-0.1421,12.0,0.2078,12.0,0.5553,6.0,0.1962,9.0,0.4424,5.0,0.0013,1.0,0.9204,1.0,0.0145,12.0,0.174,48.0,0.0023,1.0,0.001,21.0,0.3069,3.0,0.4441,20.0,0.5946,22.0,0.3031,49.0,0.5163,2.0,0.0533,1.0,0.0267,2.0,0.9204,2.0,0.4125,7.0,0.5162,2.0,-0.0692,14.0,0.9204,2.0,0.0049,4.0,0.6602,6.0,0.5511,16.0,0.5656,43.0,-0.0797,6.0,-0.1253,4.0,0.1495,26.0,0.195,45.0
2025-12-09,Extreme Weather,-0.0664,200.0,0.0594,30.0,-0.2233,233.0,-0.0394,53.0,0.1045,16.0,-0.2229,16.0,-0.0053,18.0,-0.0115,53.0,0.0615,350.0,-0.0659,32.0,-0.0724,226.0,-0.2206,25.0,-0.0072,128.0,-0.1998,166.0,0.0487,80.0,-0.1612,40.0,-0.0005,23.0,0.0693,7.0,0.091,22.0,-0.2507,22.0,-0.0916,77.0,-0.1837,220.0,-0.2284,18.0,0.2085,10.0,0.0402,19.0,-0.1148,187.0,-0.0361,94.0,-0.1752,173.0,-0.1283,97.0,-0.2648,210.0,-0.0514,363.0
2025-12-09,Extreme Weather-Cold,-0.0258,5.0,-0.2205,13.0,,,-0.1687,51.0,0.1102,5.0,-0.3332,3.0,0.1575,4.0,-0.0879,7.0,-0.0982,45.0,0.0073,14.0,-0.1411,102.0,0.0814,3.0,-0.0385,25.0,0.0897,7.0,0.062,27.0,-0.2535,28.0,0.0281,2.0,,,-0.309,5.0,-0.3154,2.0,-0.049,15.0,-0.2416,138.0,-0.9075,1.0,-0.0032,1.0,,,0.1568,10.0,-0.1823,45.0,-0.2267,58.0,-0.0199,27.0,-0.0667,28.0,-0.1219,131.0
2025-12-09,Extreme Weather-Drought,0.0068,17.0,-0.1847,9.0,-0.2123,57.0,-0.157,7.0,0.2026,4.0,,,0.1824,5.0,-0.023,8.0,0.0401,12.0,-0.717,2.0,-0.069,23.0,0.1009,6.0,-0.3087,11.0,-0.1947,4.0,0.267,9.0,-0.0663,14.0,0.0402,2.0,0.1609,4.0,-0.2031,7.0,-0.1835,10.0,0.0012,6.0,-0.3681,8.0,0.1094,14.0,0.0166,1.0,0.08,15.0,-0.1422,23.0,-0.1584,19.0,-0.2307,56.0,-0.1935,5.0,0.0003,30.0,0.1011,35.0
2025-12-09,Extreme Weather-Heat,0.0947,17.0,-0.0072,10.0,0.4775,15.0,0.0076,4.0,0.0396,2.0,0.6224,4.0,,,0.2386,8.0,0.233,50.0,,,0.0053,19.0,,,0.2081,17.0,0.3212,3.0,-0.0371,9.0,0.2224,5.0,0.199,6.0,,,-0.2505,2.0,0.9364,1.0,-0.0306,7.0,0.2534,21.0,,,0.8861,5.0,0.239,4.0,0.3484,21.0,0.0078,2.0,0.6242,19.0,0.1353,6.0,0.5773,9.0,0.2454,40.0
2025-12-09,Fiscal Policy,0.0258,175.0,-0.0904,89.0,0.1083,115.0,-0.0161,86.0,0.2304,28.0,0.3957,13.0,0.1462,7.0,0.0052,150.0,0.0903,218.0,-0.0446,56.0,0.0003,300.0,0.0718,17.0,0.0489,226.0,0.1704,40.0,0.0316,151.0,0.0603,98.0,0.1478,101.0,0.1294,105.0,0.2099,80.0,0.0235,72.0,-0.0485,44.0,0.1306,170.0,0.2089,6.0,0.2888,9.0,-0.0415,50.0,0.0344,312.0,0.125,120.0,-0.0052,124.0,0.0955,62.0,0.0371,125.0,0.0238,623.0
2025-12-09,Fiscal Policy-Stimulus Package,0.0661,88.0,-0.1121,59.0,0.0229,42.0,0.154,32.0,0.1826,10.0,-0.122,8.0,0.2123,10.0,-0.0316,76.0,-0.0203,95.0,0.1334,19.0,0.1481,89.0,-0.1009,5.0,0.085,75.0,-0.0499,23.0,0.1787,91.0,0.0129,42.0,0.2183,36.0,0.1337,42.0,0.2894,27.0,0.0638,36.0,-0.1576,24.0,0.3067,61.0,0.0348,5.0,-0.1573,7.0,0.1965,8.0,0.2326,176.0,0.3531,49.0,0.0513,60.0,0.193,16.0,0.0785,91.0,0.0299,302.0
2025-12-09,Monetary Policy,-0.1298,15.0,-0.2479,106.0,0.0827,10.0,0.0141,6.0,0.0015,1.0,,,0.9325,2.0,0.099,4.0,0.0964,46.0,0.0603,1.0,0.0346,42.0,,,0.0866,17.0,0.5147,9.0,0.4173,34.0,0.4154,3.0,0.2886,8.0,0.5247,5.0,-0.1227,6.0,0.1214,7.0,0.0221,3.0,-0.0378,13.0,,,0.0522,1.0,0.2221,3.0,0.1436,5.0,0.3767,29.0,0.0512,18.0,0.001,1.0,-0.1183,19.0,0.0086,69.0
2025-12-09,Monetary Policy-Interest Rates,-0.2822,2.0,-0.1117,29.0,-0.5023,6.0,,,,,,,,,,,-0.0555,12.0,-0.2662,2.0,0.1037,5.0,,,,,,,-0.0433,4.0,-0.0018,1.0,-0.0273,7.0,,,,,,,,,,,-0.5577,1.0,0.7192,1.0,0.0027,3.0,,,0.0414,7.0,0.2261,8.0,,,-0.4583,5.0,-0.0259,23.0
2025-12-09,Monetary Policy-Quantitative Easing,0.1037,12.0,,,-0.2261,5.0,0.0026,5.0,,,0.6255,3.0,-0.4453,5.0,0.0013,1.0,0.1981,84.0,0.9458,1.0,-0.1009,11.0,,,0.0807,16.0,0.5271,3.0,0.1453,53.0,0.0704,1.0,,,0.4823,11.0,0.008,6.0,0.3229,6.0,0.4913,3.0,0.0793,17.0,0.0109,2.0,0.3192,3.0,0.0186,8.0,0.4728,2.0,0.1145,13.0,0.3792,9.0,0.3194,3.0,0.2605,4.0,0.117,49.0
2025-12-09,Natural Disaster,-0.3694,2.0,-0.4452,9.0,-0.6624,14.0,-0.6403,3.0,-0.6605,1.0,,,0.3523,1.0,-0.2977,4.0,0.0744,6.0,0.0062,1.0,-0.4821,9.0,0.0178,3.0,-0.2506,25.0,-0.328,108.0,-0.0332,1.0,-0.5276,7.0,-0.8412,1.0,,,,,-0.2719,6.0,-0.3581,5.0,-0.4077,29.0,-0.4626,3.0,-0.01,1.0,-0.9048,1.0,-0.519,12.0,-0.4829,29.0,-0.15,75.0,-0.2822,4.0,-0.5063,26.0,-0.3165,38.0
2025-12-09,Oil Spills,,,,,,,,,,,,,,,-0.0023,1.0,,,,,,,,,,,,,,,,,,,,,,,,,-0.0612,1.0,,,,,,,,,,,-0.0899,3.0,0.0008,2.0,-0.5562,5.0,,,-0.8723,3.0
2025-12-09,Pandemic,-0.0336,153.0,-0.144,251.0,-0.0924,237.0,-0.0216,122.0,0.1133,24.0,-0.036,45.0,0.1616,30.0,-0.1,221.0,0.091,1055.0,-0.2662,63.0,-0.1562,614.0,-0.1307,87.0,-0.0367,640.0,0.1133,134.0,0.033,349.0,-0.0226,196.0,-0.1123,115.0,-0.0428,168.0,0.0153,74.0,-0.0048,104.0,-0.0752,146.0,-0.1702,571.0,0.0208,25.0,0.0678,24.0,-0.2506,90.0,-0.0862,767.0,-0.0122,190.0,-0.085,404.0,-0.0294,99.0,-0.0504,488.0,-0.0305,1012.0
2025-12-09,Politics,0.0078,697.0,-0.0647,644.0,-0.0066,627.0,-0.0123,350.0,0.1818,89.0,-0.0217,129.0,0.0845,74.0,-0.0535,597.0,0.0524,1133.0,-0.0634,187.0,-0.107,1851.0,-0.0286,256.0,-0.0065,1074.0,-0.0024,257.0,-0.0191,1032.0,-0.0191,484.0,0.0295,286.0,-0.0047,589.0,0.061,300.0,-0.0102,242.0,-0.046,273.0,-0.0305,1329.0,0.0755,26.0,0.0057,62.0,-0.0881,169.0,-0.0346,1661.0,0.0085,420.0,-0.0356,951.0,-0.0279,355.0,-0.1034,528.0,-0.0522,3444.0
2025-12-09,Politics-Election,0.1153,15.0,0.0748,45.0,0.0643,29.0,-0.0645,8.0,,,,,0.1339,14.0,0.0463,37.0,-0.1184,24.0,-0.0448,7.0,0.0152,173.0,-0.654,6.0,0.0988,19.0,-0.1501,5.0,-0.1346,27.0,0.0745,6.0,0.1126,6.0,0.0061,26.0,0.0635,19.0,0.0021,7.0,0.0096,5.0,0.0161,3.0,0.0067,1.0,,,0.422,4.0,0.0649,29.0,0.1566,10.0,0.0038,12.0,0.1334,8.0,-0.1267,8.0,-0.0234,221.0
2025-12-09,Politics-Political Tension,-0.0364,108.0,-0.1834,57.0,-0.1678,66.0,-0.2125,56.0,0.0932,8.0,0.0052,18.0,-0.001,3.0,-0.115,46.0,-0.0969,67.0,0.0031,18.0,-0.1781,215.0,-0.1309,65.0,-0.0325,109.0,-0.0075,32.0,-0.1609,242.0,-0.0532,51.0,-0.1023,28.0,-0.1388,49.0,-0.127,43.0,0.0257,47.0,-0.1145,55.0,-0.0375,82.0,0.1783,3.0,0.1049,7.0,-0.2296,10.0,-0.0705,189.0,0.0204,59.0,-0.1752,94.0,-0.1051,60.0,-0.3118,58.0,-0.0925,443.0
2025-12-09,Terrorist Attacks,-0.4688,37.0,-0.4286,107.0,-0.5961,47.0,-0.416,65.0,,,-0.3191,3.0,-0.4796,5.0,-0.3695,23.0,-0.3783,58.0,0.03,3.0,-0.409,166.0,-0.7211,24.0,-0.4644,37.0,0.0293,4.0,-0.487,10.0,-0.3614,72.0,-0.4212,38.0,-0.1715,20.0,-0.5544,19.0,0.1256,8.0,-0.0146,2.0,-0.2328,86.0,,,-0.5202,6.0,-0.1708,17.0,-0.348,28.0,-0.3045,11.0,-0.4174,121.0,-0.598,19.0,-0.3725,90.0,-0.3781,318.0
2025-12-09,Wars,-0.0304,27.0,-0.1503,12.0,0.0177,26.0,0.3188,8.0,0.2336,9.0,-0.1443,5.0,0.0179,13.0,0.0758,28.0,-0.002,63.0,-0.0758,18.0,-0.0566,53.0,-0.098,85.0,0.0595,85.0,0.0692,20.0,0.0064,59.0,0.0435,20.0,-0.3728,8.0,0.0269,47.0,-0.062,25.0,0.0957,15.0,-0.0903,27.0,-0.0525,731.0,-0.0473,11.0,-0.0581,5.0,-0.3239,11.0,0.0074,67.0,-0.032,33.0,-0.0194,166.0,-0.037,199.0,0.0014,13.0,-0.05,208.0
2025-12-08,Economic Data,0.057,76.0,-0.0058,88.0,0.1619,73.0,0.1417,53.0,0.1795,66.0,0.006,36.0,0.2802,25.0,0.1526,98.0,0.0657,367.0,-0.0616,27.0,0.0888,246.0,-0.1527,22.0,0.0898,96.0,0.161,116.0,0.2687,251.0,0.1231,72.0,0.1455,36.0,0.1845,67.0,-0.1039,28.0,0.2779,22.0,-0.0654,56.0,0.049,247.0,0.1758,9.0,0.1782,17.0,0.3104,33.0,0.2557,129.0,0.2186,287.0,0.0049,141.0,0.1315,61.0,0.0619,150.0,0.0939,458.0
2025-12-08,Economic Data-Consumer Spending,-0.4163,3.0,0.0114,5.0,0.2436,2.0,-0.3177,5.0,,,0.1586,4.0,,,0.0831,2.0,-0.0096,3.0,0.0291,7.0,0.1608,6.0,0.1764,5.0,0.0353,3.0,-0.0044,1.0,0.2466,8.0,0.2955,3.0,-0.0426,8.0,0.0115,3.0,-0.898,1.0,0.0042,2.0,0.0065,2.0,0.0052,8.0,,,0.0024,3.0,0.2606,3.0,0.0872,7.0,0.2213,2.0,0.321,3.0,0.002,4.0,-0.0237,22.0,-0.0304,34.0
2025-12-08,Economic Data-Employment,0.0538,16.0,0.0703,16.0,0.0802,50.0,0.2033,20.0,0.1631,10.0,-0.2135,9.0,0.319,8.0,-0.1059,17.0,0.1549,54.0,0.0812,7.0,0.1308,73.0,-0.4499,4.0,0.0662,9.0,0.0427,51.0,0.0745,51.0,-0.1111,35.0,-0.8967,1.0,0.0983,9.0,0.3379,12.0,0.0028,1.0,0.0634,10.0,0.1567,42.0,0.219,6.0,0.1939,5.0,0.3422,6.0,-0.1702,25.0,0.4871,20.0,0.2679,21.0,-0.1198,9.0,0.0319,14.0,0.0514,98.0
2025-12-08,Economic Data-GDP,-0.5411,1.0,-0.8303,1.0,0.6436,8.0,0.9091,1.0,0.948,1.0,-0.4448,2.0,,,0.9504,2.0,0.0941,2.0,0.3413,3.0,0.1483,11.0,0.9452,1.0,0.0053,2.0,-0.2999,7.0,,,0.3118,3.0,0.9362,2.0,-0.079,4.0,0.0635,2.0,,,,,0.3475,9.0,0.925,4.0,,,0.4753,5.0,0.9524,1.0,0.5924,5.0,0.426,3.0,,,,,0.3945,8.0
2025-12-08,Economic Data-Housing,0.3024,11.0,0.0715,60.0,0.0115,13.0,0.1484,29.0,0.2336,20.0,-0.0334,13.0,-0.0456,12.0,0.0596,28.0,0.0253,55.0,0.1669,18.0,0.0503,58.0,0.2351,8.0,0.2676,19.0,0.1244,23.0,0.0531,107.0,-0.0816,9.0,0.1013,19.0,-0.3099,5.0,-0.089,1.0,0.1753,8.0,0.1287,21.0,0.1658,50.0,0.2147,6.0,0.1999,10.0,0.1072,15.0,-0.0462,32.0,0.2514,72.0,0.3434,23.0,-0.0503,5.0,0.1222,91.0,-0.0222,175.0
2025-12-08,Economic Data-Inflation,-0.0472,3.0,-0.4559,5.0,-0.7978,1.0,0.0696,2.0,,,,,,,0.0076,3.0,0.0419,10.0,-0.5169,4.0,-0.2157,6.0,0.3123,2.0,,,0.0788,10.0,0.1737,4.0,0.0029,2.0,-0.0039,1.0,,,-0.337,2.0,-0.3856,2.0,0.3032,2.0,-0.3115,4.0,,,,,0.0095,1.0,0.9302,1.0,0.0228,7.0,0.1353,6.0,0.2724,6.0,0.2787,7.0,-0.2137,12.0
2025-12-08,Economic Data-Interest Rates,-0.21,8.0,0.0839,56.0,0.137,8.0,0.0463,29.0,0.1845,5.0,0.0441,7.0,0.4922,3.0,-0.1663,6.0,0.068,95.0,-0.1043,3.0,-0.0923,87.0,-0.6358,1.0,0.3347,7.0,0.4262,8.0,0.3038,24.0,0.3347,4.0,-0.4078,2.0,0.0805,8.0,0.0484,3.0,-0.2301,4.0,-0.1378,4.0,0.1084,103.0,0.0174,1.0,-0.0004,3.0,0.1575,9.0,0.3961,8.0,0.1297,26.0,-0.086,32.0,0.3623,11.0,0.0404,31.0,0.0761,91.0
2025-12-08,Economic Data-Manufacturing,-0.0216,4.0,0.6286,5.0,0.0242,2.0,0.0056,2.0,0.2862,11.0,-0.7412,10.0,,,-0.1219,6.0,0.1929,66.0,-0.1832,2.0,0.4778,11.0,,,-0.2198,2.0,0.1835,7.0,0.6271,19.0,0.1,1.0,0.1099,1.0,0.4473,6.0,0.9476,1.0,0.0218,2.0,,,0.202,10.0,0.0075,1.0,,,0.2529,3.0,0.0185,3.0,0.4082,42.0,0.3306,6.0,0.0166,1.0,0.4368,11.0,0.1968,21.0
2025-12-08,Economic Data-Retail Sales,-0.4657,14.0,0.1333,11.0,0.2721,9.0,0.4682,2.0,0.5003,3.0,0.0127,1.0,0.4774,2.0,0.6413,4.0,0.1585,32.0,0.29,3.0,0.4304,12.0,0.1401,4.0,0.7175,6.0,0.6111,26.0,0.367,24.0,,,0.4803,2.0,0.464,2.0,0.4399,5.0,0.2823,3.0,0.1659,5.0,-0.0792,30.0,,,0.2059,6.0,0.2415,4.0,0.215,3.0,0.2959,18.0,0.4657,8.0,0.9122,1.0,0.3512,20.0,0.1609,29.0
2025-12-08,Extreme Weather,-0.0967,220.0,-0.0232,54.0,-0.213,217.0,-0.0091,68.0,-0.0178,23.0,-0.1475,46.0,-0.2554,20.0,-0.0789,69.0,-0.0452,636.0,-0.2126,28.0,-0.1626,217.0,-0.0468,13.0,-0.0278,68.0,-0.0442,225.0,0.1323,112.0,-0.0059,44.0,-0.0237,23.0,0.1633,14.0,-0.1649,27.0,-0.2097,24.0,-0.0476,75.0,-0.188,300.0,0.0931,16.0,0.1081,5.0,-0.0569,22.0,-0.1336,172.0,-0.1271,105.0,-0.1622,266.0,-0.1348,73.0,-0.2473,168.0,-0.0698,319.0
2025-12-08,Extreme Weather-Cold,-0.2029,7.0,-0.0105,6.0,-0.5748,2.0,-0.0137,51.0,-0.1511,7.0,-0.301,4.0,-0.281,6.0,-0.0279,10.0,-0.1156,21.0,0.0195,7.0,-0.3266,85.0,0.0271,9.0,-0.0047,10.0,-0.0468,12.0,-0.0965,18.0,-0.1982,29.0,-0.0059,1.0,0.0009,1.0,-0.2078,8.0,-0.3317,3.0,-0.1215,13.0,-0.1731,163.0,0.0056,1.0,0.0007,1.0,,,-0.006,8.0,-0.2321,38.0,-0.0922,71.0,-0.1169,28.0,0.0817,33.0,-0.098,152.0
2025-12-08,Extreme Weather-Drought,0.0319,7.0,-0.3426,16.0,-0.4023,112.0,0.3304,1.0,-0.3056,2.0,0.0009,1.0,-0.067,11.0,0.1634,9.0,0.0285,19.0,-0.1374,4.0,-0.1204,44.0,0.0577,7.0,-0.4587,6.0,-0.0526,4.0,0.1,6.0,-0.0458,17.0,-0.3008,6.0,0.0166,2.0,-0.581,12.0,0.0487,10.0,-0.2611,7.0,-0.067,20.0,0.2158,7.0,,,-0.0105,8.0,-0.1281,11.0,0.3936,14.0,-0.3153,50.0,0.0169,6.0,-0.1321,14.0,0.0521,52.0
2025-12-08,Extreme Weather-Heat,0.1289,10.0,-0.0105,15.0,0.0851,6.0,0.0068,1.0,0.019,5.0,0.4896,6.0,,,-0.2374,8.0,0.0545,35.0,,,-0.3803,11.0,,,0.0083,3.0,,,0.1551,6.0,0.0046,5.0,-0.1193,20.0,,,0.0001,1.0,,,0.0173,5.0,0.0008,20.0,0.0061,2.0,,,0.0228,3.0,0.1064,10.0,0.5223,5.0,,,0.0402,2.0,0.0678,5.0,0.0587,16.0
2025-12-08,Fiscal Policy,-0.0169,73.0,-0.0382,168.0,0.0598,57.0,0.0229,92.0,0.2149,31.0,0.059,19.0,0.1077,12.0,0.0548,128.0,0.0301,279.0,-0.1288,31.0,-0.0219,254.0,-0.0915,17.0,0.0104,95.0,0.2826,33.0,0.0317,113.0,0.1366,59.0,-0.0553,45.0,-0.0431,111.0,0.1413,59.0,0.1904,46.0,-0.0606,48.0,0.0737,186.0,0.1606,5.0,0.0665,7.0,-0.1753,30.0,0.0294,111.0,0.0989,65.0,0.0401,115.0,0.2429,74.0,-0.0342,100.0,0.0072,429.0
2025-12-08,Fiscal Policy-Stimulus Package,0.0236,40.0,-0.1744,48.0,0.2036,24.0,0.0655,46.0,0.0563,17.0,-0.1594,7.0,0.176,4.0,0.0056,56.0,0.1044,98.0,0.0241,25.0,0.0327,82.0,-0.5745,7.0,-0.0062,12.0,0.109,27.0,0.1548,29.0,0.0369,31.0,0.0218,13.0,0.1426,47.0,0.0963,26.0,0.0948,26.0,-0.1041,17.0,0.2088,75.0,0.1688,4.0,-0.0812,11.0,0.2239,12.0,0.3567,41.0,0.0114,35.0,0.0751,70.0,0.0787,48.0,-0.0483,87.0,0.1253,335.0
2025-12-08,Monetary Policy,0.1658,7.0,0.029,45.0,0.0025,2.0,0.0385,27.0,0.0157,4.0,0.0116,1.0,0.5088,2.0,0.3557,6.0,-0.0599,57.0,-0.1072,3.0,-0.0177,60.0,,,0.2875,3.0,0.5258,5.0,0.133,17.0,-0.5034,2.0,,,0.3587,11.0,0.0473,3.0,0.1773,5.0,0.1379,2.0,0.0812,65.0,,,0.0092,2.0,-0.2251,3.0,0.0039,2.0,0.064,21.0,-0.1238,12.0,0.0808,3.0,0.0429,13.0,0.1735,68.0
2025-12-08,Monetary Policy-Interest Rates,0.0015,1.0,-0.184,15.0,0.0021,3.0,0.1734,5.0,,,,,-0.0489,2.0,-0.914,1.0,0.2143,6.0,,,0.1149,4.0,,,0.3253,1.0,0.0479,2.0,-0.0987,7.0,,,-0.3964,2.0,,,,,,,,,0.1239,8.0,,,-0.9131,1.0,0.0037,5.0,-0.0061,1.0,0.1256,9.0,-0.0247,15.0,0.5094,2.0,,,-0.0738,28.0
2025-12-08,Monetary Policy-Quantitative Easing,0.6139,4.0,-0.2936,6.0,,,0.2732,4.0,0.6253,4.0,-0.188,9.0,0.1787,6.0,0.233,4.0,0.1696,49.0,-0.017,3.0,-0.0265,23.0,,,0.0435,1.0,0.0029,2.0,0.1307,63.0,,,,,0.5338,8.0,,,,,0.936,1.0,-0.0916,22.0,,,,,-0.8625,1.0,,,0.3518,22.0,0.0218,4.0,-0.0779,4.0,0.329,4.0,-0.0221,41.0
2025-12-08,Natural Disaster,-0.1644,6.0,-0.448,5.0,-0.4985,11.0,-0.8885,4.0,0.0017,1.0,-0.7246,8.0,-0.7643,1.0,-0.2792,3.0,-0.5193,17.0,-0.5517,2.0,-0.3167,15.0,0.0054,3.0,-0.1575,6.0,-0.0971,169.0,-0.7358,2.0,-0.2898,3.0,-0.268,7.0,,,,,-0.8422,2.0,-0.0101,3.0,-0.4565,58.0,-0.2305,2.0,-0.0036,1.0,-0.0,1.0,-0.3246,43.0,-0.5026,33.0,-0.1679,159.0,,,-0.3195,7.0,-0.2958,59.0
2025-12-08,Oil Spills,,,-0.9082,1.0,,,,,,,,,,,,,,,,,,,,,,,0.9485,1.0,,,-0.8838,1.0,,,-0.0776,1.0,,,,,,,,,,,,,,,,,0.5444,4.0,,,,,,,-0.0023,1.0
2025-12-08,Pandemic,-0.0442,81.0,-0.1341,229.0,-0.0816,193.0,0.0116,137.0,-0.0494,40.0,-0.0462,58.0,0.052,47.0,-0.015,268.0,0.1256,1322.0,-0.1828,49.0,-0.1279,600.0,-0.0902,75.0,-0.0795,248.0,0.0206,78.0,0.0133,448.0,0.0012,168.0,-0.1327,73.0,-0.0222,188.0,0.0012,67.0,0.1156,86.0,-0.0638,140.0,-0.0923,585.0,-0.0771,28.0,-0.0622,27.0,-0.0187,82.0,-0.0722,307.0,0.0329,171.0,-0.1173,326.0,0.0346,116.0,-0.0536,383.0,-0.0095,979.0
2025-12-08,Politics,-0.1135,381.0,-0.0153,834.0,0.0329,518.0,-0.0371,362.0,0.1215,119.0,0.013,136.0,0.0874,77.0,-0.0073,630.0,-0.0224,1560.0,-0.0389,224.0,-0.0907,1784.0,-0.0643,293.0,-0.0609,622.0,0.0111,237.0,-0.0301,890.0,-0.0279,381.0,-0.0415,220.0,-0.0368,557.0,0.0146,263.0,0.1108,216.0,-0.0576,297.0,0.0262,1088.0,0.0019,53.0,-0.1732,73.0,-0.0371,165.0,-0.0331,695.0,-0.092,397.0,-0.0099,919.0,0.0219,384.0,-0.09,651.0,-0.054,3301.0
2025-12-08,Politics-Election,0.0035,12.0,0.1108,31.0,0.0378,22.0,0.0034,3.0,,,0.4976,5.0,-0.117,3.0,0.0516,36.0,0.0136,33.0,0.2519,6.0,-0.0372,108.0,0.2547,3.0,-0.0012,13.0,0.005,15.0,0.0342,31.0,-0.0017,1.0,-0.2554,9.0,-0.0248,29.0,0.118,9.0,-0.4356,2.0,-0.0192,7.0,-0.0505,10.0,-0.1342,2.0,0.2626,2.0,0.0093,3.0,0.0056,18.0,0.0476,12.0,0.0092,9.0,-0.4377,2.0,-0.0014,6.0,0.0195,199.0
2025-12-08,Politics-Political Tension,-0.1592,36.0,-0.1835,88.0,-0.0707,40.0,0.0051,61.0,0.0406,10.0,-0.102,14.0,0.001,5.0,-0.0919,59.0,-0.0548,135.0,-0.0469,24.0,-0.1558,262.0,-0.1307,87.0,-0.0472,57.0,-0.0451,22.0,-0.0963,204.0,0.0146,48.0,-0.1764,32.0,-0.1472,64.0,0.0497,36.0,-0.0361,22.0,-0.1029,30.0,-0.1071,91.0,-0.096,6.0,-0.1826,16.0,0.0123,13.0,-0.1041,55.0,-0.0341,26.0,-0.1643,60.0,-0.0513,76.0,-0.1688,53.0,-0.085,469.0
2025-12-08,Terrorist Attacks,-0.4284,15.0,-0.4237,90.0,-0.4599,62.0,-0.3999,53.0,,,-0.6527,12.0,-0.4838,5.0,-0.6292,25.0,-0.1673,64.0,-0.4798,3.0,-0.5052,151.0,-0.525,27.0,-0.5153,17.0,-0.0078,4.0,-0.4229,21.0,-0.2812,55.0,-0.5123,34.0,-0.4735,34.0,-0.294,24.0,-0.5112,15.0,-0.3276,10.0,-0.4515,59.0,-0.4069,2.0,-0.6003,5.0,-0.2299,33.0,-0.4189,19.0,-0.356,22.0,-0.484,131.0,-0.4746,30.0,-0.3146,76.0,-0.4071,312.0
2025-12-08,Wars,-0.1918,15.0,0.0417,22.0,0.0008,10.0,0.1995,16.0,0.2437,5.0,-0.014,8.0,0.1263,14.0,0.0188,28.0,0.2106,62.0,-0.0335,13.0,-0.0646,72.0,-0.0331,76.0,0.0586,52.0,0.064,22.0,0.0333,40.0,-0.0443,16.0,-0.183,7.0,-0.0184,37.0,0.0671,55.0,0.0853,13.0,-0.0572,32.0,-0.0287,614.0,0.0244,10.0,0.1236,11.0,0.2296,4.0,0.0539,46.0,0.0306,21.0,0.0194,149.0,-0.0543,255.0,-0.0279,19.0,-0.0138,211.0
2025-12-07,Economic Data,0.1033,61.0,-0.1853,57.0,0.0531,19.0,0.0431,25.0,0.2418,14.0,0.0953,10.0,0.2051,21.0,0.0361,43.0,0.0622,110.0,0.1006,21.0,0.1044,127.0,-0.0754,11.0,-0.0462,62.0,-0.1125,26.0,0.033,116.0,0.1081,34.0,0.2366,20.0,0.1292,25.0,-0.0567,31.0,0.1881,21.0,0.0974,21.0,0.0798,85.0,0.0026,15.0,-0.1418,7.0,0.401,9.0,-0.035,86.0,0.0612,85.0,-0.0123,100.0,-0.1816,21.0,0.0558,69.0,0.026,234.0
2025-12-07,Economic Data-Consumer Spending,0.2528,5.0,0.0354,2.0,,,-0.9129,1.0,,,,,,,-0.0079,1.0,-0.3467,7.0,-0.0027,2.0,,,-0.0102,1.0,0.1251,3.0,,,-0.22,10.0,-0.6742,1.0,,,,,,,0.0246,2.0,-0.1281,1.0,0.158,7.0,,,,,,,0.9029,1.0,-0.009,2.0,0.0032,1.0,-0.0012,3.0,0.0526,7.0,-0.1371,19.0
2025-12-07,Economic Data-Employment,0.0003,8.0,-0.0303,22.0,-0.0321,20.0,0.5948,9.0,,,-0.0575,2.0,0.1755,4.0,0.337,8.0,-0.4772,11.0,0.8255,1.0,0.0131,50.0,0.2018,2.0,-0.0275,14.0,-0.3694,9.0,0.5236,7.0,0.0088,3.0,0.5488,3.0,0.205,7.0,0.5401,6.0,0.0046,3.0,-0.123,5.0,0.0835,28.0,0.1225,9.0,-0.1772,3.0,,,0.0769,17.0,-0.1097,18.0,0.1708,11.0,0.0144,4.0,0.0187,20.0,-0.0823,48.0
2025-12-07,Economic Data-GDP,0.2997,1.0,,,,,,,,,,,,,0.9195,4.0,-0.0001,4.0,,,0.2364,4.0,,,,,-0.7895,1.0,0.1694,5.0,-0.2556,6.0,0.5763,10.0,-0.9083,1.0,,,-0.9018,1.0,-0.8986,1.0,0.38,1.0,0.9406,1.0,,,,,0.0041,1.0,-0.7098,1.0,0.9371,1.0,,,0.0002,1.0,-0.1196,7.0
2025-12-07,Economic Data-Housing,0.1844,7.0,-0.0118,27.0,0.0598,3.0,0.1235,12.0,-0.0004,1.0,0.317,3.0,0.1824,19.0,0.1079,12.0,0.0548,37.0,0.1086,9.0,0.221,31.0,0.1982,5.0,-0.0483,6.0,0.3028,3.0,0.2224,66.0,-0.4783,6.0,0.3049,8.0,0.4601,2.0,-0.0559,2.0,0.0118,2.0,0.1328,13.0,0.0544,22.0,0.2678,6.0,0.2585,5.0,-0.4496,2.0,0.0807,46.0,0.0496,34.0,0.3165,18.0,-0.0142,5.0,0.1814,50.0,0.1366,77.0
2025-12-07,Economic Data-Inflation,0.0563,2.0,-0.6105,2.0,-0.9198,1.0,0.0063,1.0,,,-0.7186,1.0,-0.5197,2.0,0.3117,1.0,-0.0601,3.0,0.0996,3.0,-0.4267,2.0,0.0063,1.0,,,,,0.5575,3.0,,,,,,,,,,,,,0.1594,5.0,,,,,,,-0.4532,2.0,0.9029,2.0,-0.304,2.0,,,-0.0064,1.0,-0.0257,15.0
2025-12-07,Economic Data-Interest Rates,-0.1263,7.0,-0.2926,25.0,-0.5746,2.0,-0.0068,7.0,0.0064,1.0,,,0.1612,1.0,-0.587,4.0,0.1464,7.0,0.0133,5.0,-0.0568,48.0,0.0211,1.0,0.196,2.0,-0.2463,6.0,-0.0698,33.0,0.4231,2.0,-0.0284,3.0,0.1085,3.0,0.4511,2.0,-0.4193,10.0,0.1585,2.0,0.0467,27.0,,,0.5017,2.0,0.4755,2.0,0.0303,8.0,0.088,7.0,-0.2077,6.0,-0.4536,2.0,-0.2109,33.0,-0.1662,38.0
2025-12-07,Economic Data-Manufacturing,0.1531,1.0,,,-0.0012,1.0,,,0.5101,2.0,,,0.9418,1.0,-0.001,2.0,0.1183,17.0,,,0.9441,2.0,,,0.0206,3.0,,,0.5418,3.0,,,,,,,,,0.6367,4.0,,,0.5622,1.0,0.9508,1.0,,,,,0.2132,3.0,0.2676,7.0,,,,,0.4969,2.0,0.2033,5.0
2025-12-07,Economic Data-Retail Sales,0.5671,6.0,0.0481,2.0,,,,,,,0.208,2.0,,,0.2365,4.0,0.1257,29.0,0.0125,1.0,0.6143,6.0,,,0.1534,4.0,0.4096,3.0,0.006,1.0,0.2769,4.0,0.0083,2.0,0.1021,2.0,0.1482,4.0,0.0104,3.0,-0.0175,3.0,0.0044,2.0,,,,,-0.0274,1.0,0.3176,8.0,0.0636,1.0,-0.3048,2.0,,,0.4967,8.0,0.2233,24.0
2025-12-07,Extreme Weather,-0.0976,261.0,-0.3594,60.0,0.0048,164.0,0.0826,25.0,0.0067,6.0,-0.1071,12.0,-0.1209,12.0,-0.0389,46.0,0.0361,330.0,-0.0687,17.0,-0.0622,127.0,-0.2818,4.0,-0.164,64.0,0.0687,25.0,-0.078,84.0,-0.1684,30.0,-0.1484,19.0,0.404,7.0,0.0366,22.0,-0.4204,34.0,-0.1233,63.0,-0.3461,168.0,-0.4354,15.0,-0.0585,3.0,-0.0009,7.0,-0.0766,135.0,-0.0621,50.0,-0.2562,187.0,-0.0855,45.0,-0.2116,61.0,-0.1594,259.0
2025-12-07,Extreme Weather-Cold,0.0004,6.0,-0.0487,9.0,,,-0.0833,27.0,0.1058,4.0,0.0181,1.0,-0.1511,6.0,0.0114,5.0,-0.0785,33.0,-0.0345,8.0,-0.1725,69.0,-0.7102,4.0,-0.0345,6.0,-0.067,7.0,0.018,15.0,-0.139,19.0,,,,,-0.1979,8.0,,,-0.0136,6.0,-0.0895,114.0,0.0376,1.0,,,,,-0.1527,10.0,-0.0953,36.0,-0.2532,63.0,-0.053,12.0,-0.0594,17.0,-0.0332,125.0
2025-12-07,Extreme Weather-Drought,-0.246,4.0,0.0508,4.0,0.0649,89.0,,,,,,,0.3561,5.0,0.0687,6.0,-0.0398,11.0,0.133,2.0,-0.0245,29.0,-0.3505,9.0,0.0326,3.0,-0.767,1.0,-0.0063,8.0,-0.1461,19.0,,,-0.0312,1.0,-0.2758,4.0,-0.0326,12.0,0.0868,3.0,-0.0198,5.0,0.1184,8.0,,,-0.4394,5.0,0.0127,11.0,-0.5291,5.0,-0.2638,60.0,-0.4586,6.0,-0.5183,8.0,-0.0992,29.0
2025-12-07,Extreme Weather-Heat,0.2729,7.0,0.1407,8.0,-0.0695,1.0,0.0885,4.0,,,0.0415,3.0,,,-0.0017,2.0,0.135,19.0,0.0758,9.0,0.1304,12.0,-0.8378,2.0,0.0152,5.0,0.9454,1.0,-0.0488,14.0,0.0096,6.0,-0.0396,10.0,,,-0.0619,1.0,,,0.0066,2.0,-0.1008,14.0,,,,,,,0.1132,7.0,0.133,6.0,0.4364,1.0,,,0.0555,3.0,-0.0016,16.0
2025-12-07,Fiscal Policy,0.0951,48.0,-0.1652,59.0,-0.0384,41.0,0.061,10.0,0.122,7.0,-0.0685,11.0,0.1955,20.0,0.0095,62.0,0.0956,86.0,-0.0102,14.0,-0.0527,112.0,-0.0666,20.0,-0.0075,68.0,0.1358,6.0,0.154,73.0,0.0399,43.0,-0.0018,19.0,-0.0682,64.0,0.0959,33.0,0.0274,28.0,-0.1686,18.0,0.0862,56.0,0.2646,4.0,0.249,8.0,-0.0632,18.0,0.0708,100.0,-0.1807,44.0,-0.0022,48.0,-0.0064,10.0,-0.2496,49.0,-0.046,248.0
2025-12-07,Fiscal Policy-Stimulus Package,-0.0072,25.0,-0.1162,37.0,-0.1862,9.0,-0.0671,11.0,0.2569,1.0,0.0065,4.0,0.3535,9.0,-0.1035,18.0,-0.0937,29.0,-0.0184,15.0,0.0542,29.0,0.0139,7.0,0.0718,16.0,-0.2447,9.0,0.4299,25.0,0.0857,14.0,-0.4585,5.0,0.0315,28.0,0.1265,14.0,0.2206,23.0,0.0065,1.0,0.2494,20.0,0.2536,4.0,0.0151,3.0,-0.3873,7.0,-0.127,46.0,0.0407,5.0,0.0605,24.0,0.0244,24.0,0.028,83.0,0.0309,121.0
2025-12-07,Monetary Policy,0.0294,6.0,-0.4088,23.0,,,-0.0068,4.0,,,,,0.1612,1.0,0.0065,1.0,0.2115,5.0,0.0136,1.0,0.0111,41.0,-0.0614,1.0,0.5801,1.0,0.0001,1.0,0.1423,20.0,0.9504,1.0,-0.445,2.0,0.3924,3.0,0.4511,2.0,-0.4959,6.0,0.1162,1.0,0.0869,17.0,,,0.8993,1.0,0.4755,2.0,0.9464,2.0,0.5119,3.0,-0.0415,4.0,0.0028,3.0,-0.0803,7.0,-0.187,27.0
2025-12-07,Monetary Policy-Interest Rates,-0.0984,1.0,-0.246,1.0,-0.893,1.0,0.0022,2.0,,,,,,,-0.5351,1.0,-0.583,2.0,,,-0.0153,3.0,,,,,-0.7925,6.0,-0.2071,8.0,,,0.0037,2.0,0.0823,1.0,,,-0.7233,1.0,,,0.016,2.0,,,0.1041,1.0,,,,,-0.1722,13.0,-0.0044,6.0,,,-0.3737,1.0,-0.1725,16.0
2025-12-07,Monetary Policy-Quantitative Easing,-0.0005,2.0,0.0492,3.0,,,,,0.0228,2.0,0.6256,3.0,0.1385,8.0,,,0.0574,13.0,,,-0.4186,5.0,-0.9188,1.0,-0.0012,1.0,0.0015,1.0,0.4833,11.0,,,0.0012,1.0,0.9431,1.0,,,0.937,1.0,,,-0.1904,12.0,,,,,,,,,0.8651,4.0,-0.1497,1.0,,,,,0.0264,17.0
2025-12-07,Natural Disaster,-0.1327,7.0,-0.4647,21.0,-0.8406,1.0,,,,,,,-0.6485,3.0,-0.4503,3.0,-0.1208,9.0,,,-0.7006,3.0,-0.2262,1.0,-0.1256,11.0,0.121,4.0,0.1706,1.0,-0.1154,3.0,-0.4363,2.0,,,-0.1027,1.0,-0.5758,3.0,-0.4649,2.0,-0.1355,11.0,-0.704,1.0,,,,,-0.4572,12.0,-0.5441,8.0,-0.5513,78.0,-0.8816,1.0,-0.4017,4.0,-0.4005,56.0
2025-12-07,Oil Spills,-0.4507,2.0,,,,,,,,,,,-0.7433,1.0,,,,,,,-0.8297,2.0,,,,,,,,,-0.6535,2.0,,,0.1072,1.0,-0.879,1.0,,,,,,,-0.2994,1.0,,,,,,,0.0058,4.0,,,,,,,-0.0812,2.0
2025-12-07,Pandemic,-0.1863,83.0,-0.2466,140.0,-0.1099,74.0,-0.1534,56.0,-0.2962,7.0,-0.1815,27.0,0.0382,42.0,0.0457,139.0,-0.0358,630.0,-0.2269,41.0,-0.1474,357.0,-0.2362,56.0,-0.107,225.0,-0.0163,48.0,0.035,191.0,-0.0144,96.0,-0.236,55.0,0.0171,85.0,0.027,57.0,-0.012,85.0,-0.1114,89.0,-0.1647,229.0,0.0822,25.0,0.0591,15.0,0.039,23.0,-0.0601,234.0,-0.1285,121.0,-0.1644,249.0,-0.1493,43.0,-0.0983,203.0,-0.0565,651.0
2025-12-07,Politics,-0.0274,248.0,-0.1109,325.0,-0.0433,203.0,-0.1443,106.0,0.0767,20.0,-0.151,58.0,0.0441,95.0,0.0119,289.0,0.0149,475.0,-0.0365,146.0,-0.0516,940.0,-0.0704,245.0,0.0002,600.0,-0.2189,76.0,-0.0458,639.0,0.0345,205.0,-0.0529,122.0,0.0308,347.0,0.0199,209.0,-0.0048,133.0,-0.044,110.0,-0.0536,420.0,0.0756,42.0,-0.0785,35.0,-0.0073,63.0,-0.0196,565.0,-0.0721,187.0,-0.0255,561.0,-0.0476,172.0,-0.1197,356.0,-0.054,1887.0
2025-12-07,Politics-Election,-0.2305,7.0,0.0449,19.0,-0.0307,16.0,0.0089,6.0,,,-0.3696,3.0,-0.1535,10.0,0.0141,27.0,0.1003,21.0,0.0465,10.0,0.0334,63.0,0.1311,4.0,-0.1198,7.0,0.0038,9.0,0.0226,15.0,-0.5739,1.0,0.3528,3.0,-0.0262,18.0,0.4073,9.0,0.843,1.0,,,0.0028,1.0,-0.9026,1.0,-0.4101,2.0,0.3665,2.0,0.0556,22.0,0.1657,11.0,-0.0637,13.0,0.0022,1.0,,,0.0924,92.0
2025-12-07,Politics-Political Tension,0.0255,34.0,-0.2927,28.0,-0.2086,12.0,-0.0906,15.0,0.6181,1.0,0.1755,9.0,0.1488,5.0,-0.0774,15.0,0.0527,57.0,-0.1185,15.0,-0.1413,96.0,-0.0862,70.0,-0.0196,45.0,-0.012,7.0,-0.2045,107.0,-0.1697,12.0,-0.1493,26.0,-0.1085,36.0,-0.215,25.0,-0.0164,11.0,-0.16,16.0,-0.212,57.0,-0.9108,1.0,-0.0661,13.0,-0.0054,8.0,-0.1514,69.0,-0.1915,16.0,-0.0504,36.0,-0.0303,19.0,-0.3033,46.0,-0.0952,238.0
2025-12-07,Terrorist Attacks,-0.5371,18.0,-0.3362,65.0,-0.4257,34.0,-0.3848,18.0,,,-0.0674,2.0,-0.2236,4.0,-0.5678,21.0,-0.4482,41.0,-0.3376,10.0,-0.5969,160.0,-0.5749,13.0,-0.5535,27.0,-0.291,4.0,-0.7643,4.0,-0.511,54.0,-0.2788,23.0,-0.3728,27.0,-0.3201,25.0,-0.7589,3.0,-0.5924,3.0,-0.6516,24.0,-0.2953,4.0,-0.4264,8.0,-0.4346,13.0,-0.6922,17.0,-0.7218,4.0,-0.3339,66.0,-0.629,11.0,-0.4661,115.0,-0.4653,270.0
2025-12-07,Wars,0.021,9.0,0.1868,19.0,-0.0231,9.0,-0.0786,8.0,0.2697,2.0,-0.0025,7.0,-0.0194,21.0,-0.0695,20.0,0.1607,49.0,-0.1416,13.0,0.0697,40.0,-0.1202,78.0,-0.0499,49.0,-0.1055,3.0,-0.0406,58.0,-0.154,24.0,-0.0767,11.0,-0.0125,34.0,0.0288,34.0,0.0068,4.0,-0.031,18.0,-0.2173,395.0,0.1396,17.0,0.0021,10.0,0.0032,2.0,0.0558,42.0,0.1044,13.0,0.0557,110.0,-0.1228,167.0,0.0058,11.0,0.0236,224.0
2025-12-06,Economic Data,0.124,49.0,0.144,34.0,0.0596,38.0,0.2019,13.0,0.0916,8.0,-0.0878,13.0,0.2386,28.0,0.0299,48.0,0.1067,120.0,0.076,15.0,0.0432,163.0,0.3202,5.0,0.1064,109.0,0.254,24.0,-0.0273,31.0,0.2292,44.0,-0.0037,15.0,0.0526,33.0,0.2082,26.0,0.3648,16.0,-0.1483,22.0,0.1289,108.0,0.2492,4.0,0.224,10.0,0.2534,12.0,0.0811,71.0,0.1979,76.0,0.0553,86.0,0.1511,28.0,0.0755,81.0,0.0815,255.0
2025-12-06,Economic Data-Consumer Spending,,,0.0085,4.0,,,0.2122,1.0,,,0.4733,2.0,,,0.0033,1.0,-0.0318,2.0,0.0071,2.0,0.0912,3.0,,,0.5891,12.0,-0.9209,1.0,,,-0.3045,3.0,0.0046,5.0,,,,,,,0.0134,1.0,-0.9166,1.0,,,,,-0.1854,4.0,0.2612,4.0,,,-0.9074,1.0,0.0153,4.0,-0.0008,4.0,-0.1657,21.0
2025-12-06,Economic Data-Employment,0.1465,9.0,-0.4975,17.0,0.1023,30.0,0.1928,19.0,0.2137,4.0,0.003,2.0,0.1044,3.0,-0.1303,5.0,0.0484,15.0,-0.0007,2.0,0.1585,56.0,0.0031,1.0,-0.1793,17.0,0.31,12.0,0.1597,7.0,0.1933,6.0,-0.0645,2.0,-0.0051,10.0,-0.1927,2.0,0.0226,2.0,0.0766,4.0,-0.0312,23.0,0.0016,2.0,-0.3072,2.0,,,0.0608,20.0,-0.1753,13.0,-0.1333,22.0,,,-0.0404,13.0,-0.0954,81.0
2025-12-06,Economic Data-GDP,0.0162,4.0,,,-0.8637,1.0,,,,,0.9438,1.0,0.9465,1.0,,,,,,,0.2801,15.0,,,,,,,,,-0.247,3.0,,,,,0.0154,1.0,0.8571,1.0,-0.9198,2.0,0.2924,3.0,,,,,,,0.3343,2.0,-0.9174,2.0,0.4778,2.0,,,,,-0.3275,4.0
2025-12-06,Economic Data-Housing,-0.0542,12.0,0.0406,26.0,-0.0887,9.0,-0.0549,10.0,0.1884,1.0,0.9486,1.0,0.0369,6.0,0.1071,16.0,-0.0065,66.0,0.1233,4.0,-0.0743,34.0,,,-0.1034,31.0,0.1074,6.0,-0.4519,11.0,0.0135,2.0,-0.1151,11.0,0.2198,3.0,0.0184,4.0,0.1462,3.0,0.1089,11.0,0.3338,13.0,-0.4055,3.0,0.3918,14.0,-0.2797,4.0,0.1115,36.0,0.0477,16.0,0.0019,20.0,,,0.0641,78.0,0.1486,121.0
2025-12-06,Economic Data-Inflation,-0.1589,1.0,0.0076,10.0,,,,,,,,,0.4685,2.0,,,-0.0347,5.0,,,-0.1233,10.0,,,-0.0012,1.0,0.9256,1.0,-0.9096,3.0,-0.0017,1.0,0.0142,1.0,,,-0.9002,1.0,-0.4722,2.0,,,-0.7841,2.0,,,,,,,0.0216,2.0,,,-0.2478,8.0,0.0449,5.0,-0.9023,1.0,-0.5619,13.0
2025-12-06,Economic Data-Interest Rates,0.2501,9.0,-0.08,2.0,-0.2032,6.0,0.2477,3.0,,,-0.6528,1.0,0.223,3.0,0.0062,1.0,0.2247,16.0,-0.6133,4.0,-0.0328,69.0,,,0.4896,2.0,-0.7176,1.0,-0.0462,13.0,0.0459,4.0,0.0201,3.0,,,0.192,2.0,-0.348,5.0,-0.0025,2.0,0.0731,54.0,0.8434,1.0,0.2724,2.0,-0.1613,2.0,0.0031,7.0,,,-0.0861,7.0,-0.1453,5.0,0.1121,10.0,0.0558,33.0
2025-12-06,Economic Data-Manufacturing,-0.6122,1.0,,,,,,,0.0048,1.0,,,,,-0.1278,1.0,-0.1011,13.0,,,0.3705,4.0,,,0.3564,3.0,,,,,0.9437,1.0,,,0.5882,3.0,0.0112,2.0,0.1232,3.0,,,0.0021,2.0,,,0.9366,1.0,,,-0.0471,4.0,0.7155,10.0,0.2451,5.0,,,0.6373,6.0,0.2867,11.0
2025-12-06,Economic Data-Retail Sales,,,-0.8869,1.0,0.0064,1.0,0.01,1.0,,,-0.0013,1.0,,,0.0081,6.0,0.0597,8.0,0.0002,2.0,0.9308,1.0,,,0.0278,2.0,0.6358,1.0,0.2146,7.0,-0.2986,4.0,,,0.0531,3.0,0.0656,2.0,0.3564,5.0,0.033,2.0,-0.1309,6.0,,,0.0001,1.0,0.002,2.0,0.1391,2.0,0.4921,2.0,-0.9151,1.0,,,0.5053,4.0,0.0112,21.0
2025-12-06,Extreme Weather,-0.0944,160.0,-0.2339,68.0,-0.0502,160.0,-0.1308,34.0,0.0792,3.0,0.1391,11.0,-0.1504,18.0,-0.1051,53.0,0.0039,286.0,0.015,29.0,-0.0719,151.0,-0.4813,12.0,-0.1148,65.0,-0.1404,33.0,-0.0108,34.0,-0.1964,28.0,-0.129,18.0,0.0185,1.0,-0.2279,12.0,-0.0508,51.0,0.0457,55.0,-0.2137,151.0,-0.2866,8.0,-0.047,1.0,0.2605,3.0,-0.1045,125.0,-0.1011,43.0,-0.2477,93.0,-0.1295,37.0,-0.0913,118.0,-0.1213,259.0
2025-12-06,Extreme Weather-Cold,-0.1141,4.0,0.0165,6.0,0.0022,1.0,-0.1837,14.0,-0.6348,1.0,0.0047,1.0,-0.0031,1.0,-0.0292,7.0,-0.0527,35.0,-0.0173,7.0,-0.1748,84.0,0.0209,2.0,0.0832,16.0,0.2981,4.0,0.1637,17.0,-0.125,22.0,,,,,-0.0114,5.0,0.0209,1.0,0.0284,10.0,-0.1029,99.0,,,,,,,-0.0643,12.0,-0.2253,24.0,-0.1265,27.0,-0.0477,21.0,0.0413,33.0,-0.1617,96.0
2025-12-06,Extreme Weather-Drought,0.0159,13.0,-0.2767,13.0,-0.0009,50.0,-0.3065,3.0,,,0.015,1.0,0.0608,4.0,0.0292,7.0,-0.0128,16.0,-0.1166,4.0,-0.2112,28.0,-0.6867,4.0,0.066,10.0,0.0015,1.0,-0.8018,1.0,-0.1091,8.0,-0.4359,3.0,,,-0.2821,6.0,-0.1337,5.0,0.0123,2.0,0.26,6.0,0.0123,5.0,,,0.1418,3.0,0.2243,10.0,-0.0825,12.0,-0.2258,67.0,0.0131,3.0,-0.1366,19.0,-0.116,38.0
2025-12-06,Extreme Weather-Heat,0.0067,20.0,-0.0675,20.0,-0.0724,5.0,0.0903,2.0,,,-0.032,3.0,,,-0.0871,3.0,0.0254,22.0,0.0054,1.0,-0.2297,17.0,,,0.318,9.0,0.0064,1.0,-0.0009,6.0,-0.22,4.0,0.0066,1.0,0.5877,1.0,,,,,0.0354,3.0,-0.2224,6.0,,,0.4097,2.0,0.0169,3.0,-0.0396,9.0,,,0.9303,2.0,-0.0054,1.0,-0.2253,15.0,-0.1039,21.0
2025-12-06,Fiscal Policy,0.1835,66.0,-0.0579,47.0,0.0546,42.0,-0.121,19.0,0.1172,5.0,-0.3758,7.0,0.1884,14.0,0.0377,56.0,0.0211,88.0,0.1057,12.0,0.0623,160.0,-0.0192,12.0,-0.0119,92.0,-0.0977,12.0,0.0737,35.0,0.2298,41.0,0.0323,14.0,0.1605,57.0,0.2077,36.0,0.0065,30.0,-0.0006,9.0,-0.0243,67.0,0.0259,2.0,,,-0.0951,14.0,0.0459,106.0,-0.0856,40.0,0.0691,63.0,0.1134,11.0,-0.1424,62.0,-0.0159,267.0
2025-12-06,Fiscal Policy-Stimulus Package,0.1319,22.0,-0.321,13.0,0.0191,14.0,-0.1988,13.0,0.0076,4.0,-0.2359,11.0,0.0201,7.0,-0.0697,24.0,0.1202,21.0,-0.0848,8.0,0.1118,41.0,-0.0212,6.0,-0.0298,45.0,0.0224,13.0,0.2893,8.0,0.1297,20.0,,,0.3067,38.0,0.1352,11.0,0.0874,13.0,0.148,7.0,0.183,22.0,,,,,0.3793,4.0,0.0821,32.0,-0.1009,10.0,-0.0437,32.0,-0.2879,11.0,0.0034,84.0,0.0309,128.0
2025-12-06,Monetary Policy,0.2978,6.0,,,-0.3094,4.0,0.4116,2.0,,,,,0.9468,1.0,,,0.3067,12.0,-0.6533,1.0,-0.01,53.0,,,0.8987,1.0,0.0902,2.0,-0.4611,3.0,0.0116,1.0,-0.3319,1.0,,,0.192,2.0,,,-0.0474,1.0,0.0582,36.0,,,,,-0.3319,1.0,0.0074,1.0,0.0125,3.0,-0.1995,3.0,-0.2177,4.0,0.1524,6.0,0.0583,15.0
2025-12-06,Monetary Policy-Interest Rates,,,-0.3815,2.0,,,0.0838,1.0,,,,,-0.8672,1.0,,,-0.0004,5.0,,,-0.0098,7.0,,,,,,,-0.5926,3.0,-0.0464,1.0,-0.8074,1.0,,,,,,,,,-0.1542,4.0,0.0003,1.0,0.0124,1.0,,,,,,,0.0055,11.0,,,-0.0255,1.0,-0.0655,11.0
2025-12-06,Monetary Policy-Quantitative Easing,-0.0339,3.0,,,,,0.7532,1.0,,,,,0.8708,1.0,0.0014,1.0,0.0513,9.0,0.472,2.0,0.1846,7.0,,,-0.0002,2.0,,,0.6061,5.0,-0.0059,3.0,,,,,0.3316,3.0,0.0497,1.0,,,0.0137,13.0,-0.0121,1.0,0.0204,1.0,0.8639,2.0,,,0.1839,4.0,0.048,1.0,-0.002,3.0,0.0269,1.0,0.1422,14.0
2025-12-06,Natural Disaster,-0.1439,5.0,-0.7121,34.0,-0.0267,4.0,-0.5577,4.0,,,,,-0.21,2.0,-0.6638,3.0,-0.1026,11.0,-0.8698,1.0,-0.5469,5.0,-0.9112,1.0,-0.3141,8.0,-0.2445,12.0,-0.4486,3.0,-0.8534,1.0,0.411,2.0,,,-0.094,1.0,-0.2519,2.0,0.0122,1.0,-0.1864,16.0,-0.2255,3.0,,,,,0.0151,7.0,-0.0141,9.0,-0.3785,27.0,,,-0.8841,2.0,-0.4453,39.0
2025-12-06,Oil Spills,,,-0.7368,1.0,,,,,,,,,,,-0.0613,2.0,-0.0115,3.0,,,,,,,,,,,,,,,,,-0.9102,1.0,,,,,-0.859,1.0,,,,,,,,,-0.4524,2.0,-0.0186,9.0,,,,,-0.7854,2.0,-0.5421,1.0
2025-12-06,Pandemic,-0.0153,96.0,-0.0214,95.0,-0.0274,118.0,-0.0449,72.0,-0.1403,7.0,-0.2479,24.0,0.0353,27.0,0.0262,127.0,0.0526,716.0,-0.1914,38.0,-0.1694,398.0,-0.1808,17.0,-0.0844,335.0,-0.1405,42.0,-0.1674,106.0,-0.0347,118.0,-0.1647,29.0,0.0465,96.0,-0.1835,63.0,0.0411,61.0,-0.0592,99.0,-0.2271,244.0,-0.1289,28.0,0.0757,18.0,-0.0937,27.0,-0.0718,256.0,-0.1865,125.0,-0.1575,334.0,-0.0989,59.0,-0.2085,240.0,-0.0685,708.0
2025-12-06,Politics,-0.0354,345.0,-0.0507,260.0,-0.0018,296.0,-0.0403,113.0,0.0008,30.0,-0.033,56.0,0.0937,77.0,-0.0233,336.0,-0.0157,575.0,-0.0514,169.0,-0.0646,1181.0,-0.0743,114.0,0.0011,772.0,-0.0597,121.0,-0.084,256.0,0.0816,275.0,-0.1115,62.0,0.0225,359.0,-0.0156,245.0,0.0636,121.0,-0.069,136.0,-0.0274,482.0,0.0767,23.0,-0.1512,27.0,-0.1267,87.0,-0.0006,710.0,-0.0713,240.0,-0.0642,720.0,0.0707,118.0,-0.0772,316.0,-0.0625,2001.0
2025-12-06,Politics-Election,0.0347,17.0,0.075,25.0,0.1162,16.0,0.0548,2.0,,,0.0486,1.0,0.2394,3.0,0.0002,25.0,-0.0364,20.0,0.126,7.0,-0.0497,61.0,-0.9142,2.0,0.0128,14.0,0.0085,4.0,-0.0823,4.0,0.1089,8.0,,,-0.0875,27.0,0.1501,7.0,0.856,1.0,0.0311,3.0,0.0027,2.0,,,-0.0707,4.0,-0.0001,1.0,-0.031,21.0,0.0049,6.0,0.0457,14.0,,,0.0086,2.0,-0.0088,87.0
2025-12-06,Politics-Political Tension,0.0024,60.0,0.105,18.0,-0.0184,21.0,-0.0901,27.0,0.1477,2.0,-0.075,6.0,-0.4434,4.0,-0.0429,36.0,-0.1379,48.0,-0.052,21.0,-0.1052,118.0,-0.1687,47.0,-0.0285,92.0,-0.0856,9.0,-0.0967,24.0,0.1132,43.0,-0.0073,10.0,-0.1324,53.0,0.0389,42.0,-0.1404,9.0,-0.0622,18.0,-0.2585,38.0,0.2309,3.0,0.0049,2.0,-0.0535,9.0,-0.068,223.0,-0.1774,32.0,0.0115,64.0,-0.0997,34.0,-0.0835,32.0,-0.149,273.0
2025-12-06,Terrorist Attacks,-0.5004,7.0,-0.1595,14.0,-0.4392,34.0,-0.3762,68.0,-0.8067,2.0,,,-0.5301,3.0,-0.3389,10.0,-0.2381,32.0,-0.591,1.0,-0.4415,114.0,-0.5646,30.0,-0.4028,25.0,-0.8782,1.0,,,-0.6343,44.0,-0.4617,5.0,-0.6611,32.0,-0.4801,28.0,-0.085,2.0,-0.8405,2.0,-0.5424,62.0,-0.8077,1.0,0.0235,1.0,-0.4546,28.0,-0.5914,22.0,-0.667,4.0,-0.606,84.0,-0.7131,15.0,-0.2731,45.0,-0.3993,235.0
2025-12-06,Wars,0.0496,33.0,-0.1125,26.0,0.192,12.0,0.0137,7.0,0.1887,6.0,-0.0509,14.0,0.0494,19.0,-0.0254,28.0,-0.0883,26.0,-0.0816,21.0,0.0851,29.0,-0.0552,39.0,-0.0305,44.0,0.0814,6.0,0.1087,29.0,0.1415,10.0,0.0219,4.0,0.1196,27.0,0.114,37.0,0.0745,10.0,-0.0112,18.0,-0.1689,391.0,-0.0772,20.0,0.0112,6.0,-0.2949,2.0,0.0513,35.0,0.1581,27.0,-0.0037,129.0,-0.0516,198.0,-0.0869,5.0,-0.0037,166.0
2025-12-05,Economic Data,0.0836,118.0,0.1384,83.0,0.0259,60.0,0.0618,52.0,0.1441,51.0,0.1121,34.0,0.0941,16.0,-0.0408,96.0,0.1203,553.0,0.0844,45.0,0.0678,234.0,0.0026,5.0,0.0051,202.0,0.0159,124.0,0.29,183.0,0.1403,95.0,0.12,25.0,0.1656,49.0,0.3339,14.0,0.1859,44.0,0.0123,44.0,0.1645,189.0,-0.234,8.0,0.4366,12.0,0.0448,25.0,0.1292,142.0,0.2296,308.0,0.0905,188.0,-0.0565,46.0,0.0698,217.0,0.1204,386.0
2025-12-05,Economic Data-Consumer Spending,-0.2243,7.0,0.0053,2.0,-0.3105,4.0,0.052,10.0,,,0.2957,3.0,,,,,-0.0066,22.0,0.9154,1.0,0.1367,6.0,,,-0.172,22.0,-0.2887,5.0,0.2507,4.0,0.0023,3.0,,,,,-0.0005,1.0,0.0107,2.0,0.0142,3.0,0.0017,7.0,,,0.0106,2.0,0.2514,4.0,0.0242,9.0,0.0097,7.0,,,0.0017,1.0,0.0169,18.0,-0.0093,35.0
2025-12-05,Economic Data-Employment,-0.1448,30.0,0.1596,13.0,0.1465,45.0,-0.176,77.0,0.2438,5.0,0.2101,6.0,0.0019,1.0,0.0507,16.0,-0.1427,43.0,-0.0879,6.0,0.0556,75.0,-0.0147,1.0,0.16,58.0,0.2088,63.0,0.1003,31.0,-0.0723,14.0,0.4149,3.0,-0.0576,12.0,0.4502,4.0,0.4347,5.0,-0.0127,8.0,0.1667,44.0,-0.0403,6.0,0.7774,3.0,0.1361,5.0,0.1416,54.0,-0.0948,15.0,0.1686,40.0,-0.0019,16.0,-0.3577,12.0,0.0119,84.0
2025-12-05,Economic Data-GDP,0.1214,6.0,-0.191,1.0,0.5941,9.0,0.9067,2.0,-0.0004,1.0,0.9414,3.0,0.9525,4.0,0.4415,13.0,-0.0136,10.0,0.0365,1.0,0.7303,23.0,,,0.1029,16.0,0.9229,1.0,0.1746,1.0,0.0845,2.0,0.5683,1.0,0.5642,5.0,,,0.3841,1.0,,,-0.0831,5.0,,,-0.8956,1.0,,,0.0019,6.0,,,0.9322,4.0,,,,,-0.0684,11.0
2025-12-05,Economic Data-Housing,0.2786,13.0,0.0644,23.0,0.236,13.0,0.1319,41.0,0.201,21.0,0.1697,7.0,0.0021,1.0,0.0476,18.0,0.065,85.0,0.3773,14.0,0.1415,47.0,-0.3815,1.0,0.0882,38.0,-0.0102,39.0,0.2125,74.0,-0.1443,6.0,0.0167,15.0,0.0865,7.0,,,0.2691,13.0,-0.0053,13.0,0.2303,72.0,-0.2797,6.0,0.2402,11.0,0.0353,9.0,0.1213,127.0,0.0504,69.0,0.1444,32.0,0.0813,12.0,0.0739,81.0,0.107,153.0
2025-12-05,Economic Data-Inflation,-0.3,4.0,,,0.3509,2.0,-0.0702,5.0,,,-0.599,4.0,0.0027,1.0,0.0568,1.0,-0.0921,13.0,-0.389,1.0,-0.1852,10.0,,,-0.3104,3.0,0.1242,7.0,0.0115,4.0,,,0.6436,1.0,,,-0.4838,4.0,0.3739,9.0,0.3639,4.0,-0.0284,9.0,,,,,-0.1904,4.0,-0.0923,3.0,0.2585,12.0,-0.2214,15.0,0.2372,6.0,0.9394,1.0,-0.0472,41.0
2025-12-05,Economic Data-Interest Rates,-0.0539,37.0,-0.3251,13.0,-0.2331,20.0,-0.0171,17.0,0.9031,1.0,0.1032,7.0,0.0481,1.0,0.0508,9.0,0.3044,41.0,0.086,9.0,0.0212,324.0,-0.8991,1.0,0.3143,20.0,0.223,18.0,-0.0108,18.0,0.1707,4.0,-0.1372,8.0,0.313,10.0,-0.0532,3.0,0.2224,5.0,-0.0331,6.0,0.1908,65.0,0.0408,1.0,0.03,1.0,-0.1494,11.0,0.2197,15.0,0.3212,23.0,-0.077,15.0,0.2276,5.0,0.1163,21.0,0.0609,79.0
2025-12-05,Economic Data-Manufacturing,0.0862,10.0,0.3675,2.0,0.0919,5.0,-0.0957,13.0,0.3542,9.0,0.4668,3.0,0.1429,1.0,0.1144,13.0,0.1801,49.0,-0.1045,7.0,0.3794,10.0,,,0.1833,10.0,0.023,10.0,0.2806,21.0,0.2964,3.0,0.5051,5.0,0.2205,5.0,0.9015,3.0,,,-0.0029,1.0,0.0717,11.0,,,-0.8646,1.0,0.3322,3.0,0.0755,31.0,0.6316,30.0,0.488,5.0,,,0.0883,7.0,0.3412,17.0
2025-12-05,Economic Data-Retail Sales,0.2279,8.0,0.1619,7.0,0.2703,6.0,0.1341,8.0,0.3467,7.0,0.519,9.0,,,0.2991,11.0,0.1543,15.0,0.9362,1.0,0.3851,16.0,,,0.0354,31.0,0.2085,25.0,0.7555,23.0,-0.7637,4.0,0.3781,2.0,0.5326,4.0,,,0.4752,3.0,0.1496,6.0,0.1047,28.0,,,0.5068,4.0,0.0962,9.0,0.2135,9.0,0.3706,24.0,0.6471,8.0,,,0.1045,44.0,0.2597,46.0
2025-12-05,Extreme Weather,-0.0378,267.0,-0.1265,67.0,0.0499,76.0,-0.2324,40.0,0.3198,8.0,0.1708,17.0,-0.2917,7.0,-0.1082,93.0,-0.0067,330.0,-0.1201,22.0,-0.1185,154.0,-0.1122,12.0,-0.0174,88.0,0.0607,80.0,-0.0144,140.0,0.0155,64.0,-0.0282,14.0,-0.234,7.0,0.057,14.0,-0.1225,57.0,0.0187,69.0,-0.1585,191.0,0.1282,8.0,0.0294,15.0,-0.0933,18.0,0.0421,207.0,0.0453,73.0,-0.2339,122.0,-0.077,46.0,-0.1627,135.0,-0.0724,320.0
2025-12-05,Extreme Weather-Cold,-0.0466,7.0,-0.0569,9.0,,,-0.078,28.0,0.163,3.0,-0.1533,11.0,-0.0157,2.0,0.0216,14.0,0.0016,47.0,0.0228,8.0,-0.1417,60.0,-0.7971,1.0,-0.033,14.0,-0.1313,26.0,-0.0076,78.0,-0.1174,28.0,,,,,-0.2162,1.0,,,0.0319,16.0,-0.0602,117.0,0.9206,1.0,0.0062,2.0,,,-0.0779,9.0,0.2265,22.0,-0.2689,29.0,-0.063,29.0,-0.0583,36.0,-0.0024,135.0
2025-12-05,Extreme Weather-Drought,-0.0377,15.0,0.3174,17.0,-0.1079,23.0,-0.6239,1.0,0.2019,4.0,-0.4282,1.0,-0.0315,4.0,0.1132,8.0,-0.0412,22.0,0.359,5.0,0.133,34.0,-0.353,5.0,-0.0148,13.0,,,0.0031,4.0,-0.0481,29.0,0.1897,2.0,0.0374,2.0,0.0488,3.0,-0.1119,4.0,0.5375,4.0,-0.1666,24.0,,,0.0014,1.0,-0.3339,5.0,0.0386,20.0,0.5098,9.0,-0.3794,56.0,0.0082,5.0,-0.2147,8.0,-0.0654,54.0
2025-12-05,Extreme Weather-Heat,-0.0721,28.0,-0.0137,53.0,0.113,11.0,,,,,-0.0718,2.0,0.0037,1.0,-0.1126,10.0,0.1271,36.0,0.03,1.0,-0.3324,10.0,0.8459,1.0,-0.1133,18.0,0.4239,5.0,0.0315,12.0,0.0003,4.0,0.0696,5.0,0.0093,1.0,,,,,0.0049,1.0,0.201,18.0,,,0.0846,1.0,-0.0302,3.0,0.1427,32.0,0.1411,9.0,0.9232,1.0,-0.0007,3.0,-0.1183,4.0,0.0473,32.0
2025-12-05,Fiscal Policy,-0.0123,124.0,-0.0466,69.0,0.0358,71.0,0.1989,55.0,0.2034,26.0,0.0256,15.0,-0.1011,5.0,-0.0006,104.0,0.0173,368.0,0.0329,34.0,-0.0465,152.0,0.017,27.0,0.0346,206.0,-0.0288,45.0,0.1868,80.0,0.1879,85.0,-0.0248,21.0,0.0549,123.0,0.1285,46.0,-0.0199,52.0,0.0293,41.0,0.1275,151.0,0.0082,1.0,-0.0614,6.0,0.0825,15.0,0.0856,185.0,-0.1123,84.0,0.023,180.0,-0.0395,62.0,-0.0114,123.0,-0.0231,417.0
2025-12-05,Fiscal Policy-Stimulus Package,-0.0453,49.0,-0.0822,49.0,0.1375,27.0,0.1044,38.0,0.0822,17.0,0.0275,6.0,0.4336,2.0,0.083,74.0,0.0139,124.0,0.0091,25.0,0.2153,69.0,0.3421,28.0,0.0199,58.0,0.1561,43.0,-0.0124,39.0,0.0511,41.0,0.0468,7.0,0.112,73.0,0.2878,16.0,-0.0397,25.0,0.1331,39.0,0.15,51.0,,,0.0684,3.0,0.126,10.0,0.1908,91.0,-0.3224,47.0,0.0778,58.0,0.0301,52.0,-0.0853,92.0,0.0642,223.0
2025-12-05,Monetary Policy,0.1854,25.0,-0.2603,7.0,-0.2039,11.0,-0.043,11.0,0.0016,3.0,0.1607,4.0,,,0.1479,5.0,0.0729,22.0,0.1018,5.0,0.0386,252.0,-0.8991,1.0,0.3115,15.0,0.7007,9.0,0.042,7.0,0.0185,1.0,-0.2046,6.0,0.3747,8.0,-0.2572,5.0,0.0251,2.0,0.0336,3.0,0.0065,38.0,,,,,-0.2293,5.0,0.1756,4.0,0.1947,7.0,-0.1431,7.0,-0.3207,3.0,0.0941,14.0,0.1925,49.0
2025-12-05,Monetary Policy-Interest Rates,0.0239,1.0,-0.2439,4.0,-0.4283,2.0,0.0838,1.0,,,,,0.0481,1.0,,,0.0851,8.0,,,0.1442,23.0,-0.4581,1.0,,,-0.1012,6.0,,,,,0.0486,1.0,,,,,,,-0.1404,1.0,-0.0079,5.0,,,,,-0.2829,3.0,,,-0.3169,7.0,0.0155,9.0,,,-0.8827,1.0,0.1272,6.0
2025-12-05,Monetary Policy-Quantitative Easing,-0.1196,15.0,-0.6587,1.0,,,0.2227,3.0,,,0.2383,5.0,0.1992,2.0,0.0034,5.0,0.2868,53.0,0.0032,1.0,-0.0018,53.0,,,-0.1172,15.0,0.4439,3.0,0.0793,59.0,,,,,0.0125,2.0,0.4783,2.0,0.714,3.0,-0.0369,2.0,0.1337,36.0,0.0679,1.0,,,0.7739,5.0,,,-0.2142,36.0,-0.0083,3.0,-0.0198,1.0,0.0707,6.0,0.1544,19.0
2025-12-05,Natural Disaster,-0.709,6.0,-0.6548,18.0,-0.1857,2.0,0.2746,2.0,,,0.004,1.0,,,-0.5536,4.0,-0.1837,8.0,,,-0.3372,13.0,,,0.0003,11.0,-0.2378,6.0,0.3858,1.0,-0.0638,10.0,-0.3745,2.0,-0.8823,1.0,-0.2114,1.0,-0.5214,12.0,0.0122,1.0,-0.5227,9.0,,,-0.5205,4.0,-0.4468,3.0,-0.0111,35.0,-0.4795,4.0,-0.1209,33.0,,,-0.3156,6.0,-0.4609,57.0
2025-12-05,Oil Spills,0.0025,1.0,,,-0.7233,1.0,,,0.0359,1.0,,,,,-0.9072,2.0,-0.3181,5.0,0.903,1.0,,,,,-0.0122,2.0,,,,,,,,,0.0011,1.0,,,,,,,,,,,,,,,0.9056,1.0,-0.1193,6.0,,,0.2204,1.0,,,-0.3877,2.0
2025-12-05,Pandemic,0.0069,161.0,-0.1648,139.0,-0.0445,195.0,-0.0709,118.0,0.0173,31.0,-0.1199,49.0,-0.0964,19.0,-0.0175,240.0,-0.0054,973.0,-0.1567,77.0,-0.1914,536.0,-0.0833,35.0,-0.0513,561.0,0.1191,123.0,0.0189,236.0,-0.039,221.0,-0.2385,100.0,0.1391,145.0,-0.0305,72.0,0.0598,110.0,-0.0773,129.0,-0.0858,516.0,0.1004,6.0,-0.0803,31.0,-0.0324,63.0,-0.0203,604.0,-0.2389,199.0,-0.0752,513.0,-0.1057,112.0,-0.1445,389.0,-0.0598,884.0
2025-12-05,Politics,-0.0226,538.0,-0.1109,426.0,-0.0118,508.0,-0.0099,373.0,0.0374,108.0,-0.0024,131.0,0.0824,48.0,-0.0635,563.0,-0.0092,1551.0,-0.0597,198.0,-0.0699,1165.0,-0.0352,210.0,-0.0268,1199.0,0.0436,286.0,-0.0594,840.0,0.0037,485.0,-0.0726,127.0,-0.0079,598.0,0.011,243.0,-0.05,217.0,0.0052,305.0,-0.0331,1070.0,0.1349,24.0,0.0202,83.0,-0.0236,137.0,-0.0183,1285.0,-0.033,403.0,-0.0213,1102.0,0.0227,343.0,-0.0937,536.0,-0.059,2860.0
2025-12-05,Politics-Election,0.0565,18.0,-0.1427,24.0,0.088,31.0,0.0042,6.0,,,0.3245,4.0,-0.0627,13.0,-0.0168,54.0,0.0323,35.0,0.1412,7.0,-0.0433,65.0,-0.2088,3.0,-0.0014,16.0,-0.0344,10.0,-0.2464,69.0,-0.0592,7.0,0.442,1.0,-0.0426,32.0,0.0057,7.0,0.1657,6.0,0.1255,6.0,0.01,9.0,0.4689,2.0,-0.2059,4.0,-0.2337,3.0,-0.0334,34.0,-0.0019,11.0,0.0499,39.0,0.0061,1.0,0.0583,9.0,-0.0267,174.0
2025-12-05,Politics-Political Tension,-0.1026,81.0,-0.1147,63.0,-0.0664,42.0,-0.1362,53.0,0.0148,3.0,-0.019,19.0,-0.0245,5.0,-0.0286,43.0,-0.1003,126.0,0.0403,19.0,-0.1324,114.0,-0.0382,42.0,-0.0419,105.0,0.0091,25.0,-0.2251,171.0,-0.0123,49.0,-0.1428,14.0,-0.1256,61.0,-0.1686,34.0,-0.0692,15.0,-0.0814,76.0,-0.0752,114.0,0.0548,4.0,-0.1126,8.0,-0.0114,14.0,-0.057,110.0,-0.0505,31.0,-0.1562,76.0,-0.0884,22.0,-0.1766,41.0,-0.1274,259.0
2025-12-05,Terrorist Attacks,-0.3668,19.0,-0.3265,43.0,-0.4189,37.0,-0.4502,47.0,0.004,1.0,-0.3855,8.0,-0.8313,3.0,-0.4895,17.0,-0.3252,79.0,,,-0.325,84.0,-0.5453,17.0,-0.4293,42.0,-0.4062,13.0,-0.7418,6.0,-0.6629,39.0,-0.331,31.0,-0.5141,40.0,-0.5105,11.0,-0.2058,10.0,-0.0843,6.0,-0.4022,81.0,-0.8905,1.0,-0.3263,5.0,-0.541,10.0,-0.4134,27.0,-0.6431,7.0,-0.4471,121.0,-0.5272,8.0,-0.2704,77.0,-0.2474,319.0
2025-12-05,Wars,-0.0447,25.0,0.0352,31.0,0.1288,17.0,-0.0028,12.0,0.2035,11.0,-0.0128,11.0,0.2358,11.0,0.0159,40.0,-0.021,100.0,0.0839,18.0,-0.0424,55.0,0.0818,50.0,-0.0198,91.0,0.0422,13.0,0.0054,70.0,0.0793,24.0,0.2392,5.0,0.0806,44.0,-0.0277,58.0,0.0748,17.0,-0.0211,37.0,-0.0614,541.0,0.0237,7.0,-0.0649,9.0,-0.0255,12.0,0.048,67.0,-0.1372,26.0,0.0567,131.0,0.0443,229.0,0.0184,8.0,-0.0222,195.0
2025-12-04,Economic Data,-0.0593,127.0,0.0374,91.0,0.2434,90.0,0.1384,79.0,0.0961,48.0,-0.0515,96.0,0.1023,20.0,-0.0259,101.0,-0.0021,428.0,-0.0682,58.0,0.0646,299.0,-0.0831,13.0,0.0352,243.0,0.0763,141.0,0.2095,286.0,0.1409,127.0,0.2405,45.0,0.3558,72.0,0.1915,51.0,0.2274,36.0,0.0116,73.0,-0.0191,232.0,0.0325,11.0,0.0355,20.0,0.0827,46.0,0.1553,230.0,0.2416,199.0,0.099,235.0,-0.0772,87.0,0.0519,188.0,0.016,546.0
2025-12-04,Economic Data-Consumer Spending,0.0214,1.0,0.1973,7.0,-0.0543,7.0,-0.1217,18.0,,,0.3066,3.0,,,0.0131,1.0,0.1328,13.0,-0.1467,5.0,0.0094,6.0,,,0.4632,2.0,-0.9173,5.0,0.6154,14.0,-0.2559,6.0,,,,,,,,,-0.0616,4.0,0.0327,8.0,,,0.005,1.0,0.3606,7.0,0.0873,7.0,0.3135,3.0,,,0.0023,2.0,-0.1217,7.0,0.0372,43.0
2025-12-04,Economic Data-Employment,0.0518,15.0,0.1069,28.0,0.0981,56.0,0.1934,21.0,0.0469,12.0,0.2229,28.0,0.1304,2.0,0.0105,21.0,-0.1278,61.0,-0.2492,10.0,0.0875,111.0,0.0054,3.0,0.0797,42.0,0.1068,66.0,0.2553,29.0,0.5028,20.0,-0.023,12.0,0.0545,16.0,-0.3534,7.0,0.3537,5.0,-0.1696,8.0,0.1336,51.0,0.0473,5.0,0.1829,8.0,-0.1922,6.0,0.0713,60.0,0.1527,15.0,0.2122,17.0,0.1408,14.0,0.0088,23.0,-0.108,173.0
2025-12-04,Economic Data-GDP,-0.9151,1.0,0.0341,1.0,0.006,36.0,0.0169,1.0,0.9423,2.0,0.9478,1.0,,,,,0.3922,5.0,,,0.3474,16.0,0.9427,1.0,0.0036,2.0,,,0.0102,2.0,0.1778,6.0,,,0.2607,5.0,,,0.7438,7.0,-0.0862,2.0,0.3109,8.0,,,,,0.9398,6.0,0.2976,12.0,-0.0524,1.0,0.6351,11.0,-0.9072,1.0,-0.4479,3.0,0.2062,10.0
2025-12-04,Economic Data-Housing,0.11,29.0,-0.0912,55.0,0.379,19.0,-0.0762,57.0,0.2547,4.0,0.0638,19.0,0.0155,8.0,-0.0395,16.0,0.1315,107.0,0.1663,4.0,0.1775,47.0,0.1775,10.0,0.04,62.0,0.1783,39.0,0.1007,128.0,0.1902,9.0,-0.0239,48.0,-0.0257,7.0,-0.7382,2.0,0.2558,11.0,-0.0697,14.0,0.1071,74.0,0.3818,6.0,0.3374,12.0,0.1417,18.0,0.0548,136.0,0.0724,84.0,0.0472,42.0,0.1803,7.0,0.1064,131.0,0.1409,210.0
2025-12-04,Economic Data-Inflation,-0.61,3.0,-0.1231,3.0,0.0195,2.0,-0.1176,3.0,,,-0.279,13.0,,,0.9417,1.0,-0.1405,8.0,-0.0024,2.0,-0.465,14.0,,,-0.2934,2.0,-0.002,4.0,0.2455,8.0,,,-0.0006,1.0,-0.4956,5.0,-0.2193,3.0,,,0.4909,2.0,-0.2094,6.0,,,-0.8193,1.0,,,,,-0.4529,3.0,-0.2768,23.0,-0.1843,6.0,-0.0249,1.0,0.0068,41.0
2025-12-04,Economic Data-Interest Rates,-0.1037,30.0,-0.0097,25.0,-0.3574,19.0,0.2772,20.0,,,,,0.0047,2.0,0.2079,16.0,0.1865,43.0,0.0061,2.0,0.0565,55.0,-0.224,2.0,0.017,19.0,0.3855,31.0,0.0594,31.0,0.098,10.0,-0.2432,9.0,0.1802,12.0,0.5477,1.0,0.1647,11.0,-0.2298,15.0,0.1141,23.0,0.0422,4.0,-0.0198,2.0,0.0391,7.0,0.1974,23.0,0.2532,36.0,0.1617,17.0,0.078,7.0,-0.0669,89.0,0.078,98.0
2025-12-04,Economic Data-Manufacturing,-0.5157,14.0,,,-0.1459,6.0,0.3971,5.0,0.5558,10.0,-0.4528,2.0,0.4567,2.0,0.0453,7.0,0.2423,49.0,,,0.4284,12.0,0.0072,1.0,0.1179,11.0,0.3627,13.0,0.4083,26.0,0.0508,1.0,0.1604,1.0,0.7002,4.0,0.0479,1.0,,,0.0117,1.0,0.2307,17.0,0.0065,2.0,-0.9194,1.0,0.4783,4.0,0.1133,12.0,0.2052,40.0,0.5877,12.0,0.1081,4.0,0.2761,8.0,0.4992,22.0
2025-12-04,Economic Data-Retail Sales,0.1474,7.0,0.2153,36.0,0.2425,4.0,0.2018,9.0,0.1463,3.0,0.202,6.0,0.9335,1.0,0.4084,10.0,0.2975,46.0,0.1157,10.0,0.5273,10.0,0.0091,1.0,0.1777,16.0,0.2324,29.0,0.4428,34.0,,,0.1651,8.0,0.9381,1.0,,,0.857,4.0,0.0161,1.0,0.0411,19.0,,,0.1869,6.0,0.2603,3.0,0.3786,14.0,0.5671,19.0,0.1013,6.0,,,0.2983,78.0,0.2439,38.0
2025-12-04,Extreme Weather,0.1087,135.0,-0.207,89.0,-0.2171,210.0,0.0777,35.0,0.0657,14.0,0.1141,26.0,0.0206,5.0,-0.0629,76.0,0.0286,534.0,-0.0409,20.0,-0.0271,181.0,-0.0052,13.0,-0.3386,111.0,-0.0993,64.0,-0.062,255.0,0.0208,52.0,-0.0938,18.0,-0.1148,10.0,-0.0121,17.0,0.0571,53.0,-0.0498,87.0,-0.1762,206.0,0.002,7.0,-0.5088,9.0,-0.0126,17.0,-0.005,170.0,0.0786,84.0,-0.0593,86.0,-0.042,74.0,-0.205,149.0,-0.0725,357.0
2025-12-04,Extreme Weather-Cold,-0.2373,5.0,0.0039,7.0,-0.0237,5.0,-0.1271,44.0,0.5472,3.0,-0.0056,3.0,-0.3046,6.0,0.0036,6.0,-0.0631,45.0,-0.004,14.0,-0.2328,67.0,0.0001,4.0,-0.1153,15.0,-0.056,26.0,-0.3148,154.0,-0.072,31.0,-0.0004,1.0,,,0.0418,8.0,,,-0.0902,9.0,-0.0102,88.0,-0.1124,1.0,,,,,-0.0309,18.0,0.3682,19.0,-0.1701,45.0,-0.0118,32.0,-0.0288,45.0,-0.1087,201.0
2025-12-04,Extreme Weather-Drought,0.0365,8.0,0.0767,38.0,-0.2181,81.0,0.1557,5.0,0.0226,2.0,0.3206,3.0,-0.0087,5.0,0.0732,8.0,-0.054,16.0,-0.0136,5.0,-0.1646,34.0,,,-0.0382,29.0,0.947,1.0,0.4708,5.0,-0.2132,29.0,-0.0184,3.0,0.0111,4.0,-0.6274,2.0,0.2072,3.0,0.049,5.0,-0.0906,27.0,-0.4487,2.0,,,-0.1651,10.0,0.0609,28.0,0.5015,3.0,-0.3167,49.0,0.0089,7.0,-0.2981,5.0,-0.0534,63.0
2025-12-04,Extreme Weather-Heat,-0.0029,36.0,-0.2546,43.0,-0.0475,14.0,-0.4218,2.0,-0.0013,2.0,0.0672,4.0,,,0.0018,1.0,0.0864,22.0,0.0021,1.0,0.2309,8.0,0.2601,6.0,-0.4904,5.0,-0.1151,6.0,-0.0703,11.0,0.011,4.0,-0.1122,10.0,,,-0.9055,2.0,,,-0.0355,5.0,0.3045,40.0,,,0.4786,1.0,-0.1678,5.0,0.0678,19.0,-0.1275,11.0,0.1574,7.0,-0.0017,7.0,0.0357,4.0,0.0743,21.0
2025-12-04,Fiscal Policy,0.0163,144.0,-0.1959,110.0,0.0814,110.0,0.0003,72.0,0.2837,24.0,0.0377,28.0,0.1276,8.0,0.0355,72.0,-0.0108,360.0,-0.1396,55.0,0.0494,152.0,-0.0325,37.0,0.0124,238.0,0.1252,62.0,0.3224,137.0,0.0619,104.0,0.0807,38.0,0.0701,118.0,0.1454,62.0,0.129,52.0,0.1167,54.0,0.0792,109.0,0.0116,5.0,0.2071,9.0,0.1095,45.0,0.0129,284.0,0.0532,85.0,0.0974,147.0,0.2189,37.0,0.0022,103.0,0.0167,498.0
2025-12-04,Fiscal Policy-Stimulus Package,0.0917,61.0,0.064,69.0,-0.0033,57.0,0.1807,61.0,0.5241,10.0,0.1828,10.0,0.027,6.0,-0.0227,46.0,0.1603,146.0,-0.0458,21.0,0.1003,63.0,0.0082,19.0,0.1061,84.0,0.2346,31.0,0.4296,70.0,0.0424,40.0,-0.2946,22.0,0.1687,74.0,-0.0271,18.0,0.1597,50.0,0.0244,22.0,0.1342,60.0,,,-0.0007,1.0,-0.1592,16.0,0.096,127.0,0.1478,23.0,-0.0555,40.0,0.2011,58.0,-0.0068,108.0,0.0026,336.0
2025-12-04,Monetary Policy,-0.0663,22.0,0.1606,17.0,-0.4708,8.0,0.2659,16.0,,,-0.0004,1.0,0.0106,1.0,0.3047,8.0,0.2109,34.0,,,0.1084,47.0,-0.0537,1.0,0.1099,15.0,0.5809,15.0,-0.0213,17.0,0.4628,3.0,-0.1494,6.0,0.1231,9.0,0.3857,2.0,-0.2935,5.0,0.042,4.0,0.0833,16.0,,,,,0.0927,5.0,0.2427,10.0,0.1282,30.0,0.407,12.0,-0.1443,5.0,0.1373,21.0,0.0264,50.0
2025-12-04,Monetary Policy-Interest Rates,,,0.1229,10.0,0.1887,7.0,0.5604,1.0,,,-0.0012,1.0,,,,,-0.1661,6.0,,,-0.5077,3.0,,,0.8962,1.0,0.3606,14.0,-0.3726,2.0,,,,,0.9482,1.0,,,0.0437,1.0,-0.3556,4.0,0.0008,1.0,,,-0.9213,1.0,0.005,5.0,-0.4533,2.0,0.4123,8.0,-0.1713,7.0,-0.0011,1.0,-0.1239,2.0,0.1758,16.0
2025-12-04,Monetary Policy-Quantitative Easing,0.2379,16.0,,,0.0135,1.0,0.1153,1.0,0.0894,2.0,,,-0.5799,2.0,0.3404,3.0,0.1555,54.0,,,-0.141,23.0,0.0661,2.0,0.0896,20.0,0.0699,2.0,-0.0537,48.0,,,,,0.3453,8.0,0.2466,4.0,,,0.4737,2.0,0.0114,14.0,0.0069,1.0,0.0076,1.0,-0.0018,1.0,0.0825,3.0,-0.0276,22.0,0.193,33.0,0.0545,7.0,0.1153,1.0,-0.3845,28.0
2025-12-04,Natural Disaster,0.0078,6.0,-0.8862,18.0,-0.0311,4.0,,,-0.0554,3.0,,,,,-0.2052,5.0,-0.1377,13.0,,,-0.2084,10.0,,,-0.8515,5.0,-0.0515,3.0,-0.0012,2.0,-0.3289,11.0,,,-0.4366,2.0,-0.594,1.0,-0.066,2.0,,,-0.3873,24.0,,,-0.7657,4.0,,,-0.8757,5.0,-0.3894,16.0,-0.0331,18.0,-0.4421,1.0,-0.4209,60.0,-0.5541,39.0
2025-12-04,Oil Spills,-0.8832,6.0,,,-0.8763,1.0,-0.1498,1.0,,,,,,,,,,,,,-0.9181,1.0,,,-0.1958,1.0,,,,,,,,,-0.5117,1.0,,,,,,,,,,,,,,,,,-0.343,11.0,-0.8754,1.0,-0.8969,2.0,,,,
2025-12-04,Pandemic,-0.0199,183.0,-0.007,220.0,-0.0979,228.0,0.0355,142.0,0.0328,21.0,-0.1095,52.0,-0.0209,36.0,-0.0622,228.0,0.0318,1254.0,-0.1192,71.0,-0.1086,484.0,-0.11,82.0,-0.0304,670.0,0.176,117.0,0.2547,401.0,-0.0471,209.0,0.006,98.0,0.0458,178.0,0.0388,92.0,0.052,126.0,-0.0746,163.0,-0.1455,582.0,0.1122,28.0,-0.0739,47.0,-0.2127,102.0,-0.0803,706.0,-0.0917,250.0,-0.0406,512.0,-0.0578,116.0,-0.0575,411.0,-0.0327,1104.0
2025-12-04,Politics,-0.0321,688.0,-0.0969,583.0,0.0186,595.0,-0.0133,445.0,0.1245,80.0,-0.0043,195.0,-0.04,92.0,-0.0143,486.0,0.0348,1555.0,-0.0158,262.0,-0.0914,1324.0,0.0195,322.0,-0.0137,1256.0,0.0266,248.0,-0.024,1062.0,-0.0065,577.0,-0.0943,199.0,0.0011,739.0,0.04,271.0,0.0274,259.0,-0.0098,338.0,-0.0654,1124.0,-0.0222,52.0,-0.045,107.0,-0.0394,214.0,-0.0353,1586.0,-0.0841,369.0,0.0178,1096.0,-0.0442,296.0,-0.0742,607.0,-0.0515,3375.0
2025-12-04,Politics-Election,-0.0139,17.0,0.1088,13.0,0.2314,7.0,-0.0655,15.0,,,,,0.1735,35.0,0.0005,31.0,-0.0537,75.0,0.1178,7.0,-0.055,83.0,0.2803,2.0,-0.0275,21.0,0.1826,4.0,-0.0532,63.0,0.0032,10.0,,,-0.0155,23.0,0.0634,4.0,0.0412,4.0,-0.5924,3.0,-0.0041,4.0,0.4412,4.0,-0.2563,4.0,-0.3163,7.0,0.0543,35.0,0.2601,20.0,0.0099,12.0,0.1111,2.0,-0.0514,11.0,-0.0325,164.0
2025-12-04,Politics-Political Tension,-0.0032,103.0,-0.1109,66.0,-0.0869,120.0,-0.111,56.0,0.0612,17.0,-0.1029,15.0,0.2147,1.0,-0.05,26.0,-0.0982,182.0,-0.168,18.0,-0.221,133.0,-0.1135,72.0,-0.0352,113.0,-0.0732,17.0,-0.1554,141.0,-0.0163,64.0,-0.112,28.0,-0.1015,63.0,-0.048,32.0,-0.0674,24.0,-0.1246,63.0,-0.0866,133.0,-0.1593,6.0,-0.1729,12.0,-0.0138,26.0,-0.0883,146.0,-0.1082,41.0,-0.0849,117.0,0.0567,41.0,-0.1866,58.0,-0.1167,456.0
2025-12-04,Terrorist Attacks,-0.3556,17.0,-0.2779,110.0,-0.4004,51.0,-0.3202,39.0,-0.2067,2.0,-0.3465,12.0,,,-0.4072,46.0,-0.2953,35.0,-0.5776,2.0,-0.4495,105.0,-0.4805,18.0,-0.4101,20.0,-0.3383,10.0,-0.3795,27.0,-0.4708,39.0,-0.1487,38.0,-0.3245,31.0,-0.6296,25.0,-0.4917,2.0,-0.7061,7.0,-0.5115,86.0,-0.8394,1.0,-0.4057,10.0,-0.5297,16.0,-0.3164,30.0,-0.6174,9.0,-0.4642,117.0,-0.6964,13.0,-0.2923,121.0,-0.2577,413.0
2025-12-04,Wars,0.0552,27.0,0.116,45.0,0.0015,22.0,-0.171,14.0,0.0176,8.0,-0.0787,15.0,-0.0336,29.0,0.0216,30.0,0.1773,99.0,-0.0155,17.0,0.1165,62.0,-0.0682,108.0,0.0185,64.0,0.1629,11.0,-0.1087,76.0,0.0475,22.0,0.0431,11.0,0.1448,69.0,0.1217,44.0,-0.0712,12.0,0.0489,43.0,-0.214,576.0,0.0779,24.0,0.1205,13.0,-0.0164,16.0,0.0652,58.0,0.1211,26.0,0.0072,178.0,-0.0492,218.0,0.1407,12.0,-0.0229,262.0
2025-12-03,Economic Data,-0.0574,179.0,-0.0223,118.0,0.084,110.0,-0.0756,56.0,0.0906,62.0,-0.0424,33.0,0.1272,25.0,0.2096,106.0,0.1056,317.0,-0.2799,38.0,0.0343,300.0,0.1484,11.0,0.0902,275.0,0.1397,142.0,0.1687,241.0,0.1847,154.0,0.0771,62.0,0.202,62.0,0.1682,54.0,0.1365,39.0,0.1099,53.0,0.0663,257.0,0.4223,17.0,0.3268,35.0,0.0936,46.0,0.174,269.0,0.2472,230.0,0.1067,277.0,-0.1258,65.0,0.1728,181.0,0.1144,494.0
2025-12-03,Economic Data-Consumer Spending,0.1003,6.0,0.0828,7.0,0.4699,2.0,0.0131,7.0,,,-0.0067,2.0,,,0.7978,6.0,0.2417,3.0,-0.0013,1.0,0.0299,2.0,,,-0.3049,3.0,-0.0057,2.0,0.5068,6.0,-0.0563,16.0,-0.429,3.0,,,,,0.9434,1.0,-0.0041,3.0,-0.142,9.0,,,0.0007,1.0,0.1415,4.0,0.1226,7.0,0.0009,1.0,,,-0.0544,1.0,-0.0314,10.0,-0.129,36.0
2025-12-03,Economic Data-Employment,-0.1981,23.0,0.0527,21.0,0.1406,69.0,-0.1288,23.0,-0.0084,16.0,-0.3013,4.0,0.0146,2.0,-0.0537,34.0,-0.2443,45.0,0.0253,7.0,0.1456,161.0,-0.6594,1.0,-0.0605,77.0,0.2235,96.0,0.2257,35.0,0.1194,19.0,-0.332,6.0,-0.0772,21.0,-0.2364,6.0,0.2934,10.0,0.0693,9.0,0.1497,93.0,0.1616,11.0,-0.2081,7.0,0.166,6.0,0.3714,79.0,0.1624,29.0,0.1593,30.0,-0.1002,17.0,0.1944,16.0,-0.0215,148.0
2025-12-03,Economic Data-GDP,-0.3138,6.0,0.2564,36.0,0.2963,6.0,,,,,0.0062,2.0,0.9398,1.0,0.9418,2.0,0.1744,4.0,-0.571,3.0,-0.0453,19.0,0.9469,1.0,0.4733,6.0,0.0093,1.0,0.901,12.0,0.0279,4.0,0.7068,3.0,0.9326,4.0,0.9449,1.0,0.3316,7.0,0.0795,2.0,0.1366,16.0,0.0123,2.0,0.0212,1.0,0.7109,4.0,0.3821,12.0,0.25,7.0,0.6955,18.0,0.007,1.0,,,0.449,16.0
2025-12-03,Economic Data-Housing,0.1077,19.0,0.0616,47.0,0.1736,8.0,-0.1587,53.0,0.2759,9.0,-0.0863,14.0,0.3442,6.0,0.0253,15.0,0.045,62.0,-0.0003,13.0,0.2077,64.0,0.1221,14.0,-0.0384,51.0,-0.0305,20.0,0.1419,105.0,0.0816,5.0,0.0569,33.0,-0.1665,5.0,-0.2966,3.0,0.2181,11.0,-0.071,15.0,0.1156,70.0,0.0026,2.0,0.2689,6.0,0.1719,7.0,0.1509,106.0,0.0139,64.0,0.0795,46.0,0.2073,13.0,0.1551,84.0,0.0835,208.0
2025-12-03,Economic Data-Inflation,-0.3076,3.0,-0.3225,8.0,0.019,1.0,,,,,-0.0133,4.0,-0.0412,1.0,-0.0176,4.0,-0.2975,4.0,0.0259,3.0,-0.0468,10.0,,,-0.0032,1.0,-0.401,12.0,-0.1661,14.0,0.5569,3.0,-0.0844,2.0,-0.8104,3.0,0.0105,3.0,-0.0125,1.0,-0.071,4.0,-0.113,5.0,,,,,0.05,2.0,0.027,4.0,0.454,2.0,-0.2413,125.0,0.0047,1.0,-0.3403,6.0,-0.0104,22.0
2025-12-03,Economic Data-Interest Rates,0.0357,28.0,-0.0218,26.0,-0.1321,10.0,0.1153,14.0,0.5549,2.0,0.073,5.0,-0.1081,4.0,0.537,16.0,0.1958,41.0,-0.1625,3.0,-0.0332,62.0,,,0.1214,14.0,0.6007,9.0,-0.1512,53.0,0.2319,5.0,-0.1453,12.0,0.3095,13.0,-0.0377,3.0,-0.1635,14.0,0.1961,20.0,0.0509,41.0,,,-0.9092,1.0,0.1464,12.0,0.1904,22.0,-0.0327,39.0,0.0147,19.0,0.1753,12.0,0.1944,86.0,0.0136,75.0
2025-12-03,Economic Data-Manufacturing,-0.0306,4.0,0.057,3.0,-0.0164,7.0,0.6744,5.0,0.818,6.0,0.0027,1.0,,,0.3441,10.0,0.2127,46.0,0.8866,1.0,0.0187,8.0,,,0.159,16.0,0.4914,9.0,0.4937,28.0,-0.4469,2.0,0.6161,4.0,0.709,3.0,0.9416,2.0,0.7739,2.0,0.0155,1.0,0.3142,9.0,0.9509,1.0,0.3011,2.0,0.9384,1.0,0.2651,15.0,0.6039,31.0,0.4667,13.0,0.104,1.0,0.4431,7.0,-0.0245,23.0
2025-12-03,Economic Data-Retail Sales,0.3736,12.0,0.3645,6.0,0.4566,8.0,0.2882,19.0,0.4792,6.0,0.3229,3.0,0.653,3.0,0.2456,15.0,0.2612,36.0,0.031,2.0,0.5311,18.0,-0.0013,1.0,0.2477,12.0,0.222,34.0,0.3996,23.0,0.1909,6.0,0.0117,2.0,0.5491,6.0,0.9509,1.0,-0.1604,2.0,0.3222,6.0,0.1029,10.0,0.0364,1.0,-0.189,4.0,0.4184,3.0,0.0972,20.0,0.5236,23.0,0.0031,5.0,0.0499,2.0,0.2877,27.0,0.4252,62.0
2025-12-03,Extreme Weather,-0.1223,266.0,-0.1328,62.0,-0.2162,204.0,0.0784,56.0,0.0669,12.0,0.0475,13.0,0.0801,12.0,-0.0466,66.0,-0.0017,416.0,-0.0048,21.0,-0.1442,235.0,0.1933,19.0,-0.122,136.0,-0.0146,64.0,0.0123,142.0,-0.0874,43.0,-0.2471,64.0,0.1965,6.0,-0.2292,24.0,0.0746,10.0,-0.0585,89.0,-0.0294,213.0,-0.1681,7.0,-0.2868,11.0,0.0374,35.0,-0.0287,174.0,-0.0408,47.0,-0.1507,123.0,-0.0631,57.0,-0.0537,153.0,-0.0431,331.0
2025-12-03,Extreme Weather-Cold,-0.0425,8.0,-0.1735,13.0,-0.8681,4.0,-0.019,45.0,0.8543,1.0,-0.0057,4.0,-0.1532,5.0,-0.0964,16.0,-0.0389,26.0,0.0062,4.0,-0.1218,96.0,0.0255,1.0,-0.1429,10.0,-0.0565,19.0,-0.2091,96.0,-0.1308,29.0,,,,,-0.1073,6.0,,,-0.0596,17.0,-0.0851,98.0,0.0594,1.0,0.0076,2.0,,,-0.0593,27.0,-0.0867,23.0,-0.0497,42.0,-0.0472,26.0,-0.025,51.0,-0.1013,151.0
2025-12-03,Extreme Weather-Drought,-0.0162,9.0,0.4483,2.0,-0.0462,79.0,0.3013,4.0,0.0033,4.0,0.4457,2.0,-0.1535,2.0,-0.0905,8.0,0.0368,28.0,-0.1843,5.0,-0.2425,50.0,0.0312,1.0,-0.0206,20.0,0.942,2.0,0.0245,4.0,-0.025,34.0,0.1699,2.0,0.0099,3.0,0.3543,2.0,0.1194,7.0,0.1609,6.0,-0.0724,19.0,,,,,-0.204,9.0,-0.0048,27.0,-0.1737,11.0,-0.252,42.0,-0.1332,10.0,-0.2307,5.0,-0.1872,65.0
2025-12-03,Extreme Weather-Heat,0.0695,16.0,-0.2264,17.0,0.0009,5.0,0.4655,2.0,0.006,3.0,0.2476,3.0,,,-0.3604,2.0,-0.0732,28.0,,,-0.1295,14.0,0.0071,3.0,0.0096,2.0,0.0729,4.0,0.2167,6.0,-0.0029,7.0,-0.3197,5.0,-0.1207,1.0,-0.6925,1.0,,,0.0017,10.0,-0.0452,22.0,,,,,0.2384,7.0,0.162,8.0,,,,,0.0306,10.0,0.1915,8.0,-0.0347,19.0
2025-12-03,Fiscal Policy,0.011,144.0,-0.0734,111.0,0.0477,119.0,-0.0306,88.0,0.1005,30.0,-0.0055,19.0,0.1252,13.0,-0.0042,105.0,0.0137,277.0,0.0487,31.0,0.0732,202.0,-0.0229,31.0,0.0613,267.0,-0.0254,66.0,0.1588,189.0,0.0251,122.0,-0.0781,36.0,0.0901,106.0,0.1317,63.0,0.1152,74.0,0.0224,46.0,0.0825,163.0,0.1473,12.0,0.3278,6.0,-0.0347,36.0,0.1049,319.0,0.1502,111.0,0.0148,155.0,0.1642,88.0,-0.1729,178.0,-0.0332,554.0
2025-12-03,Fiscal Policy-Stimulus Package,-0.0273,44.0,-0.0754,62.0,0.1757,57.0,-0.1373,48.0,0.2955,8.0,0.3211,4.0,-0.0195,19.0,0.0271,40.0,0.1239,76.0,0.0029,18.0,0.0909,65.0,0.1482,7.0,0.0105,112.0,0.1293,33.0,0.5209,117.0,0.1253,42.0,-0.2726,20.0,0.0065,65.0,0.3926,22.0,0.1358,40.0,0.0211,26.0,0.1155,60.0,0.3158,20.0,0.0049,2.0,0.0377,21.0,0.1767,161.0,-0.0876,30.0,0.3109,50.0,0.0502,70.0,-0.013,120.0,0.0009,324.0
2025-12-03,Monetary Policy,0.1789,16.0,-0.0429,14.0,-0.3887,2.0,0.095,9.0,0.0041,2.0,0.1082,3.0,-0.1084,4.0,0.378,8.0,0.2126,30.0,-0.4877,1.0,-0.0086,44.0,,,0.2478,4.0,0.8952,4.0,-0.0702,35.0,0.464,3.0,-0.0788,10.0,0.2559,27.0,-0.1459,4.0,-0.4852,9.0,0.069,10.0,0.1513,41.0,0.2568,1.0,,,0.0597,8.0,0.136,6.0,-0.2086,23.0,-0.182,14.0,0.308,3.0,0.2142,9.0,0.0739,31.0
2025-12-03,Monetary Policy-Interest Rates,-0.0078,1.0,-0.1653,24.0,0.0117,1.0,,,,,0.0025,2.0,,,0.8262,2.0,-0.3744,4.0,-0.0016,1.0,-0.4191,5.0,,,,,0.0112,1.0,-0.3605,4.0,,,,,,,,,,,0.0649,7.0,-0.0138,1.0,,,,,,,-0.4555,2.0,0.2138,11.0,0.0376,10.0,,,,,0.0488,21.0
2025-12-03,Monetary Policy-Quantitative Easing,-0.2082,15.0,0.0069,2.0,-0.4591,4.0,-0.2596,8.0,-0.9229,1.0,0.0013,1.0,0.2331,3.0,0.3237,3.0,0.049,44.0,,,-0.0284,16.0,,,0.2737,18.0,0.0052,2.0,0.3826,53.0,0.0239,2.0,0.0017,2.0,0.4775,4.0,,,-0.3261,9.0,,,0.2052,24.0,0.8902,1.0,0.1363,2.0,0.002,1.0,0.7866,5.0,0.2853,29.0,0.5704,4.0,0.9502,1.0,-0.0488,3.0,0.0677,29.0
2025-12-03,Natural Disaster,-0.4765,8.0,-0.8188,18.0,-0.643,13.0,-0.904,2.0,,,,,0.0032,1.0,-0.595,2.0,-0.0659,43.0,,,-0.2139,5.0,,,-0.2342,10.0,-0.004,1.0,-0.3076,4.0,-0.0462,7.0,-0.5269,35.0,,,-0.6199,2.0,-0.2976,3.0,-0.3437,3.0,-0.1294,10.0,-0.844,1.0,,,-0.395,9.0,-0.8345,3.0,-0.04,1.0,-0.0815,47.0,0.0272,3.0,-0.4822,5.0,-0.2325,27.0
2025-12-03,Oil Spills,,,,,,,,,,,,,,,,,-0.0019,2.0,,,,,,,-0.5604,2.0,,,,,,,,,,,,,,,,,-0.0039,3.0,,,,,,,0.0001,2.0,-0.346,31.0,,,,,,,-0.8369,2.0
2025-12-03,Pandemic,-0.0188,176.0,-0.0167,253.0,-0.0602,222.0,-0.1269,189.0,-0.1058,40.0,0.0783,29.0,0.0122,41.0,-0.0277,249.0,0.0204,992.0,-0.1691,70.0,-0.1163,663.0,-0.187,59.0,-0.0182,686.0,0.052,131.0,0.1043,482.0,-0.1039,207.0,-0.1143,97.0,-0.0305,182.0,-0.065,115.0,0.0696,146.0,-0.1161,147.0,-0.1429,639.0,0.0542,38.0,-0.3474,29.0,-0.1156,86.0,-0.0408,684.0,-0.0757,221.0,-0.0791,579.0,-0.0711,136.0,-0.1139,397.0,-0.0713,1318.0
2025-12-03,Politics,-0.0331,720.0,-0.0879,676.0,-0.0155,576.0,-0.1023,437.0,0.0996,97.0,-0.064,113.0,-0.0973,110.0,0.0029,504.0,0.0076,1236.0,-0.0732,199.0,-0.0735,1585.0,-0.0855,298.0,0.0139,1508.0,-0.0485,257.0,0.0263,1294.0,-0.0172,601.0,-0.0455,209.0,-0.009,645.0,0.0861,272.0,0.0503,285.0,-0.0629,289.0,-0.0062,1270.0,0.066,86.0,-0.0356,73.0,-0.129,199.0,0.0042,1646.0,-0.0141,474.0,-0.0334,1266.0,-0.0029,412.0,-0.0823,628.0,-0.0402,3665.0
2025-12-03,Politics-Election,0.0259,29.0,0.1005,33.0,0.0112,18.0,-0.0023,4.0,,,0.4089,2.0,0.0339,36.0,-0.071,43.0,0.0716,36.0,0.0595,10.0,0.0104,233.0,0.0035,2.0,0.0051,14.0,-0.31,14.0,-0.0502,24.0,0.0176,16.0,,,0.0311,58.0,0.0065,3.0,-0.059,7.0,-0.0017,6.0,0.0842,6.0,0.0027,2.0,-0.0005,2.0,0.0339,5.0,0.1439,18.0,0.0217,34.0,-0.0403,10.0,0.2404,4.0,-0.0151,5.0,0.0621,259.0
2025-12-03,Politics-Political Tension,-0.0991,111.0,-0.1603,88.0,-0.0294,98.0,-0.1745,32.0,-0.1978,18.0,0.0425,17.0,0.3376,4.0,-0.0484,45.0,-0.1167,182.0,-0.1596,17.0,-0.1835,215.0,-0.0218,66.0,-0.0378,138.0,-0.0087,18.0,-0.0247,190.0,0.0387,55.0,-0.0491,23.0,-0.1036,75.0,0.0234,27.0,-0.0561,18.0,-0.138,74.0,-0.0857,189.0,0.0089,5.0,-0.2702,9.0,-0.1355,24.0,-0.0443,205.0,0.0495,91.0,-0.0114,121.0,-0.0185,23.0,-0.2899,68.0,-0.1212,457.0
2025-12-03,Terrorist Attacks,-0.3632,38.0,-0.357,111.0,-0.5029,67.0,-0.3281,30.0,,,-0.672,4.0,-0.4643,3.0,-0.2285,23.0,-0.2882,54.0,-0.5502,4.0,-0.5045,146.0,-0.3469,23.0,-0.4406,36.0,-0.1235,15.0,-0.6278,30.0,-0.3886,48.0,-0.2587,28.0,-0.3472,38.0,-0.352,47.0,-0.2968,5.0,-0.3735,10.0,-0.5103,73.0,-0.4239,2.0,-0.569,5.0,-0.5312,28.0,-0.4546,17.0,-0.2739,6.0,-0.5058,125.0,-0.6196,7.0,-0.363,76.0,-0.3546,354.0
2025-12-03,Wars,0.024,27.0,-0.0961,64.0,0.0153,24.0,-0.0849,14.0,-0.0977,10.0,-0.0798,16.0,-0.2515,19.0,0.0016,23.0,-0.0229,79.0,-0.1757,18.0,0.1151,72.0,-0.1902,68.0,0.0365,117.0,0.0079,16.0,-0.0415,179.0,0.1443,19.0,-0.1541,9.0,0.0689,49.0,0.3268,27.0,0.0995,10.0,0.1177,43.0,-0.1371,700.0,0.0029,23.0,-0.206,8.0,-0.2213,4.0,0.1225,59.0,0.1311,32.0,0.0103,172.0,-0.0728,245.0,-0.1378,27.0,-0.0195,272.0
2025-12-02,Economic Data,0.0362,177.0,-0.0937,103.0,0.1226,52.0,0.157,80.0,0.1898,57.0,0.0514,29.0,-0.0182,29.0,0.0944,87.0,-0.0439,367.0,0.0621,47.0,0.1666,228.0,0.1116,14.0,-0.0178,313.0,0.3702,118.0,0.2996,244.0,0.1984,59.0,-0.0708,32.0,0.1912,44.0,0.1045,79.0,0.2897,31.0,-0.0598,59.0,0.0336,265.0,0.0941,10.0,0.2062,20.0,0.1237,56.0,0.1365,255.0,0.2815,232.0,-0.0978,215.0,0.0733,82.0,0.1046,197.0,0.0522,446.0
2025-12-02,Economic Data-Consumer Spending,-0.4736,5.0,0.6659,12.0,0.0078,2.0,0.1432,7.0,-0.1468,1.0,0.366,1.0,,,0.0028,1.0,-0.0027,15.0,0.2165,4.0,0.1718,9.0,,,0.2906,3.0,-0.4431,3.0,0.1643,8.0,-0.4608,2.0,-0.349,6.0,,,0.0029,1.0,0.5832,3.0,-0.0062,1.0,0.0,8.0,0.0112,1.0,-0.0371,1.0,0.1243,11.0,0.2307,5.0,,,0.0567,3.0,-0.0019,9.0,-0.1103,11.0,-0.0747,29.0
2025-12-02,Economic Data-Employment,0.0171,31.0,0.2147,48.0,0.0305,58.0,0.5576,16.0,0.1399,7.0,-0.2791,4.0,0.0126,7.0,0.0052,30.0,-0.223,79.0,0.0625,9.0,0.0832,126.0,0.3176,5.0,0.021,96.0,0.255,56.0,0.0719,40.0,-0.222,11.0,-0.1644,15.0,0.1829,14.0,-0.567,7.0,0.3402,7.0,0.0428,10.0,-0.0943,43.0,0.1186,6.0,-0.5624,16.0,-0.1431,15.0,0.055,222.0,0.2038,40.0,0.1779,38.0,-0.0574,17.0,-0.0717,22.0,-0.0058,96.0
2025-12-02,Economic Data-GDP,-0.5974,9.0,0.2654,3.0,-0.0722,4.0,-0.0018,1.0,0.9477,1.0,0.9117,4.0,,,0.2882,3.0,0.5537,29.0,0.2421,6.0,0.3374,17.0,0.7902,5.0,0.4458,31.0,-0.6134,4.0,0.6972,37.0,-0.6862,7.0,-0.0605,2.0,0.4106,10.0,0.0576,1.0,0.9468,2.0,0.2785,4.0,0.2646,8.0,,,,,0.347,15.0,0.2086,2.0,0.076,1.0,0.398,28.0,,,0.0928,4.0,-0.4487,11.0
2025-12-02,Economic Data-Housing,0.1582,28.0,0.2515,79.0,0.2122,10.0,0.1332,57.0,-0.5413,6.0,0.0847,8.0,0.1113,12.0,0.0545,27.0,0.0049,58.0,0.1613,16.0,0.1052,62.0,0.1167,9.0,0.0972,38.0,0.1777,34.0,0.139,89.0,-0.0578,14.0,0.2023,21.0,0.2384,8.0,-0.2938,4.0,0.2844,4.0,0.0752,17.0,0.0332,78.0,0.4709,2.0,0.1648,17.0,0.0955,11.0,0.1362,119.0,-0.3227,47.0,0.2383,32.0,0.0387,12.0,0.1087,137.0,0.1728,152.0
2025-12-02,Economic Data-Inflation,0.4064,9.0,-0.9053,2.0,0.8951,6.0,,,0.0026,2.0,0.5014,9.0,0.0001,1.0,0.7383,8.0,0.1511,26.0,0.1566,4.0,0.1844,6.0,,,0.2778,6.0,0.1753,6.0,0.2481,36.0,-0.1503,4.0,,,-0.6427,4.0,-0.0052,7.0,-0.0034,1.0,-0.1879,3.0,-0.034,17.0,,,,,0.2749,5.0,0.198,8.0,-0.0137,8.0,-0.0598,11.0,-0.4376,3.0,0.0099,2.0,0.1065,20.0
2025-12-02,Economic Data-Interest Rates,0.316,21.0,-0.0734,59.0,0.1099,14.0,0.1877,20.0,-0.1963,4.0,0.2262,3.0,0.9363,5.0,0.0802,9.0,0.0838,57.0,0.3612,4.0,-0.0874,69.0,0.0115,2.0,0.1821,27.0,0.5332,17.0,0.0533,31.0,0.3446,9.0,-0.1574,28.0,0.6231,6.0,0.5191,10.0,-0.1141,3.0,0.0117,8.0,0.2742,66.0,0.743,5.0,-0.9133,1.0,0.1472,15.0,0.1882,16.0,0.0862,39.0,-0.3212,30.0,-0.1096,6.0,0.0665,39.0,-0.1488,82.0
2025-12-02,Economic Data-Manufacturing,-0.1963,5.0,0.3683,4.0,0.1192,14.0,0.4549,7.0,0.6598,6.0,0.9485,2.0,0.952,1.0,0.3239,8.0,0.1967,65.0,,,0.1058,9.0,,,0.1309,19.0,0.4221,11.0,0.6789,19.0,-0.7676,3.0,,,0.5558,5.0,-0.8523,1.0,-0.0375,4.0,0.028,3.0,0.2831,15.0,0.4136,10.0,0.9436,3.0,,,0.5619,8.0,0.5683,37.0,0.414,7.0,,,0.3546,13.0,0.4209,26.0
2025-12-02,Economic Data-Retail Sales,0.0838,12.0,-0.0867,5.0,0.0162,1.0,0.2495,16.0,0.4253,5.0,0.4699,2.0,,,0.316,11.0,0.1813,35.0,0.001,1.0,0.2006,9.0,,,-0.028,12.0,0.304,41.0,0.3713,13.0,0.645,3.0,0.346,6.0,0.9453,1.0,0.6985,1.0,-0.4561,2.0,-0.3354,3.0,0.0063,30.0,0.9471,1.0,0.6625,3.0,0.5983,5.0,0.048,14.0,0.2355,16.0,-0.217,5.0,0.0038,3.0,0.3687,49.0,0.1656,67.0
2025-12-02,Extreme Weather,-0.0529,163.0,-0.019,79.0,-0.008,186.0,-0.0942,48.0,0.0574,17.0,-0.1254,24.0,-0.151,11.0,-0.016,56.0,-0.0438,390.0,-0.1854,17.0,-0.1429,230.0,-0.0524,11.0,-0.0153,95.0,0.0464,62.0,0.0435,89.0,-0.0926,55.0,-0.1932,30.0,0.2244,4.0,0.0692,18.0,-0.0829,20.0,-0.1051,102.0,-0.1553,244.0,0.0464,11.0,-0.0445,12.0,-0.267,27.0,0.0221,160.0,0.0377,70.0,-0.192,134.0,-0.1122,87.0,0.0008,90.0,-0.0354,299.0
2025-12-02,Extreme Weather-Cold,0.0087,8.0,-0.0374,18.0,-0.9136,1.0,-0.2342,35.0,0.1393,4.0,0.0027,9.0,0.0327,2.0,0.0292,10.0,-0.0674,29.0,-0.006,4.0,-0.1918,73.0,-0.0111,3.0,-0.0627,31.0,0.0568,10.0,-0.2379,77.0,-0.1478,37.0,-0.4351,3.0,,,-0.0264,1.0,-0.7981,1.0,0.0528,13.0,-0.0869,82.0,-0.0048,1.0,-0.9187,1.0,,,0.0013,33.0,-0.0713,32.0,-0.2026,50.0,0.0042,26.0,-0.067,106.0,-0.0665,264.0
2025-12-02,Extreme Weather-Drought,-0.1686,14.0,-0.0658,7.0,-0.169,74.0,0.6384,5.0,0.1828,6.0,0.9416,3.0,0.1447,7.0,-0.126,7.0,-0.1813,19.0,0.022,4.0,-0.1619,46.0,0.1699,2.0,0.0272,17.0,-0.4529,8.0,0.443,2.0,-0.2037,22.0,0.0026,3.0,0.0053,1.0,0.0091,3.0,-0.4527,4.0,0.2116,5.0,0.1059,16.0,0.3031,2.0,,,-0.2798,9.0,-0.0701,27.0,0.1954,5.0,-0.3889,72.0,0.0045,10.0,-0.1481,10.0,-0.1105,46.0
2025-12-02,Extreme Weather-Heat,-0.0025,17.0,-0.3418,15.0,-0.0012,3.0,-0.7098,1.0,0.2045,1.0,0.3736,2.0,,,0.0581,10.0,-0.1264,29.0,0.9351,1.0,-0.5057,16.0,0.2525,4.0,0.2204,6.0,,,-0.3541,4.0,0.0018,4.0,0.0105,2.0,,,0.0225,2.0,0.0094,1.0,0.1649,3.0,0.0484,24.0,,,-0.7906,1.0,0.0075,4.0,0.3154,12.0,0.4094,2.0,0.9177,1.0,-0.0598,4.0,0.0059,1.0,-0.0605,17.0
2025-12-02,Fiscal Policy,0.0206,110.0,0.0045,150.0,0.0415,116.0,-0.1228,83.0,0.2005,15.0,0.0314,14.0,0.3938,18.0,0.0414,113.0,0.0531,342.0,0.1478,46.0,0.0354,221.0,-0.0866,20.0,0.07,285.0,0.0911,64.0,0.276,206.0,0.0674,89.0,-0.0004,38.0,0.0355,80.0,0.2327,62.0,0.0849,53.0,-0.0789,37.0,0.0385,166.0,0.2118,9.0,0.0829,11.0,-0.0195,36.0,0.0566,345.0,-0.0682,118.0,0.0236,103.0,0.0663,46.0,0.0334,124.0,-0.0143,470.0
2025-12-02,Fiscal Policy-Stimulus Package,0.1116,66.0,-0.2002,38.0,-0.0206,43.0,-0.0348,39.0,0.1204,19.0,-0.2082,8.0,0.042,5.0,-0.157,63.0,0.0533,78.0,-0.0897,29.0,0.0745,60.0,-0.8551,1.0,-0.0495,87.0,0.1575,42.0,0.3204,121.0,0.1579,34.0,-0.1646,16.0,0.1221,60.0,0.1711,26.0,0.1845,41.0,-0.0473,19.0,0.0726,59.0,0.2221,37.0,-0.1234,10.0,-0.0622,12.0,0.1463,192.0,-0.0558,51.0,0.0552,36.0,0.1606,26.0,-0.1081,93.0,0.0056,296.0
2025-12-02,Monetary Policy,0.2572,15.0,-0.0522,36.0,-0.0701,6.0,0.5291,8.0,0.0029,6.0,-0.2293,1.0,0.9492,1.0,-0.036,5.0,0.2035,32.0,0.3229,3.0,-0.0758,52.0,,,0.116,18.0,0.2717,13.0,0.0079,20.0,0.2024,5.0,-0.0385,20.0,0.4642,5.0,,,-0.3763,6.0,0.0083,5.0,0.3074,38.0,0.9301,2.0,,,0.0043,4.0,0.1869,9.0,0.3283,22.0,-0.2105,18.0,-0.0412,5.0,0.1302,25.0,0.0496,47.0
2025-12-02,Monetary Policy-Interest Rates,0.1506,3.0,0.0037,11.0,0.1989,1.0,-0.9011,1.0,,,0.0048,1.0,,,0.2163,1.0,-0.0408,5.0,0.0012,1.0,0.207,9.0,,,-0.0175,3.0,0.6545,6.0,0.1752,2.0,,,-0.3261,3.0,,,0.8222,2.0,,,0.0991,3.0,,,,,,,0.0022,12.0,,,-0.1297,13.0,0.0004,3.0,,,-0.4892,2.0,-0.2266,9.0
2025-12-02,Monetary Policy-Quantitative Easing,-0.2965,14.0,0.9404,1.0,0.2143,3.0,0.0862,6.0,0.0029,2.0,0.0024,1.0,-0.4623,2.0,0.0081,1.0,0.1086,37.0,0.194,4.0,-0.0629,3.0,,,0.1296,14.0,0.0183,2.0,0.065,68.0,0.0443,3.0,0.1354,3.0,0.0515,4.0,0.211,2.0,0.6124,4.0,-0.9035,1.0,0.1162,50.0,,,0.0039,1.0,,,0.2489,5.0,0.1991,20.0,0.2215,15.0,-0.2362,3.0,0.1002,9.0,0.216,25.0
2025-12-02,Natural Disaster,-0.5107,6.0,-0.242,15.0,-0.6626,3.0,-0.8494,3.0,-0.8945,1.0,-0.4736,2.0,-0.8946,1.0,-0.8626,2.0,-0.0036,9.0,,,-0.4447,15.0,,,-0.211,10.0,-0.1458,7.0,0.4456,3.0,-0.5669,6.0,-0.1681,3.0,0.2503,4.0,-0.3849,3.0,-0.1269,5.0,-0.872,2.0,-0.4837,25.0,,,-0.2682,5.0,-0.7126,4.0,-0.0123,1.0,-0.4037,11.0,-0.2548,32.0,-0.8441,1.0,0.0506,5.0,-0.1426,23.0
2025-12-02,Oil Spills,,,,,0.5446,1.0,,,,,,,,,-0.2416,2.0,,,-0.5219,1.0,-0.055,2.0,,,-0.2549,6.0,,,-0.8998,3.0,,,,,0.0107,1.0,,,,,,,,,,,,,,,0.0164,3.0,-0.7295,11.0,,,,,0.0314,1.0,-0.2808,8.0
2025-12-02,Pandemic,-0.052,204.0,-0.075,272.0,-0.06,218.0,0.0005,145.0,0.1212,39.0,-0.1293,37.0,-0.0395,53.0,-0.0072,235.0,0.0466,960.0,-0.0327,71.0,-0.075,656.0,-0.1685,69.0,-0.0315,605.0,0.0875,129.0,-0.0051,367.0,-0.1093,219.0,-0.1923,115.0,0.0009,159.0,0.0143,120.0,-0.0362,100.0,-0.0621,143.0,-0.1254,579.0,-0.0447,28.0,-0.2032,32.0,-0.0348,78.0,-0.0675,752.0,-0.142,242.0,-0.118,416.0,-0.1025,121.0,-0.0309,356.0,-0.0327,933.0
2025-12-02,Politics,-0.0361,737.0,-0.0822,644.0,-0.0008,576.0,0.0099,396.0,0.1806,101.0,-0.1013,118.0,0.0945,86.0,-0.0493,581.0,-0.0043,1273.0,0.0018,250.0,-0.0907,1738.0,-0.0855,358.0,-0.0221,1356.0,0.0477,277.0,0.0203,1124.0,0.0075,507.0,-0.0814,200.0,-0.0131,672.0,0.0472,332.0,0.018,259.0,-0.0315,271.0,-0.036,1272.0,0.1396,67.0,-0.0111,79.0,-0.0032,159.0,-0.0029,1663.0,-0.0176,495.0,-0.0574,1068.0,-0.0506,298.0,-0.0841,567.0,-0.0608,3151.0
2025-12-02,Politics-Election,-0.071,49.0,0.0173,52.0,-0.1005,19.0,-0.038,6.0,,,-0.4641,2.0,0.0499,37.0,0.0115,37.0,0.0268,24.0,-0.1335,4.0,-0.0588,262.0,0.0004,1.0,-0.0097,22.0,0.0006,10.0,-0.0256,20.0,-0.0342,21.0,0.0702,1.0,-0.0134,53.0,-0.0015,10.0,,,,,0.0043,5.0,-0.4018,1.0,-0.005,3.0,-0.3669,4.0,-0.1576,21.0,-0.1409,20.0,-0.1232,14.0,0.0005,1.0,0.4644,3.0,0.0081,224.0
2025-12-02,Politics-Political Tension,-0.1966,93.0,-0.1346,92.0,-0.1032,72.0,0.1191,34.0,-0.0974,6.0,0.0063,10.0,0.0555,9.0,-0.0076,47.0,-0.1086,124.0,-0.1197,21.0,-0.191,261.0,-0.1593,81.0,-0.0055,161.0,-0.1148,14.0,-0.0346,170.0,-0.0248,45.0,-0.1951,21.0,-0.1671,92.0,-0.0415,41.0,-0.0532,22.0,-0.0538,56.0,0.0017,221.0,0.3111,3.0,-0.0645,13.0,-0.0968,14.0,-0.0368,224.0,-0.0391,63.0,-0.0458,102.0,-0.0368,60.0,-0.2011,44.0,-0.1308,320.0
2025-12-02,Terrorist Attacks,-0.5945,17.0,-0.3897,119.0,-0.4284,40.0,-0.3492,43.0,-0.8371,1.0,-0.2988,2.0,-0.847,3.0,-0.3979,26.0,-0.3128,47.0,-0.7354,4.0,-0.4514,133.0,-0.5278,42.0,-0.4241,50.0,-0.3029,8.0,-0.1978,8.0,-0.5477,51.0,-0.3391,26.0,-0.502,69.0,-0.5491,42.0,-0.3414,7.0,-0.1962,7.0,-0.5161,73.0,,,-0.2738,3.0,-0.4068,15.0,-0.3925,52.0,-0.24,8.0,-0.5365,136.0,-0.4769,16.0,-0.3978,89.0,-0.284,368.0
2025-12-02,Wars,-0.0274,29.0,-0.0561,53.0,0.028,21.0,0.0321,14.0,-0.2002,17.0,0.021,8.0,-0.0218,16.0,0.2917,19.0,0.12,113.0,-0.0035,28.0,0.0211,118.0,-0.0472,103.0,0.0,106.0,0.0679,12.0,0.0721,142.0,-0.0237,16.0,-0.1363,6.0,0.0665,51.0,0.2031,34.0,0.2106,18.0,0.0229,43.0,-0.1073,720.0,-0.0353,13.0,0.0529,8.0,-0.008,6.0,-0.0977,76.0,0.0344,41.0,-0.0076,167.0,-0.0613,227.0,0.0584,14.0,-0.1152,262.0
2025-12-01,Economic Data,0.0099,130.0,-0.0257,100.0,0.1854,72.0,-0.0554,79.0,0.3628,68.0,-0.0958,35.0,0.0921,27.0,-0.0796,122.0,0.0287,327.0,-0.091,52.0,0.2187,306.0,-0.0419,15.0,0.1559,264.0,0.2601,178.0,0.2757,236.0,0.1049,53.0,0.0896,64.0,0.1617,56.0,0.3626,46.0,0.0915,32.0,-0.0734,62.0,0.0507,239.0,0.2142,26.0,0.0162,12.0,-0.1296,25.0,0.0524,211.0,0.3721,191.0,0.0385,199.0,0.037,59.0,0.0987,169.0,0.1032,391.0
2025-12-01,Economic Data-Consumer Spending,-0.0165,2.0,0.0065,9.0,0.1309,1.0,-0.0077,5.0,,,0.3403,8.0,,,0.0078,1.0,-0.0534,12.0,0.0056,2.0,0.0569,12.0,0.0022,1.0,-0.1387,6.0,0.0012,2.0,-0.2603,6.0,0.0043,6.0,0.9329,1.0,0.011,2.0,,,-0.0138,3.0,0.3252,5.0,0.9451,2.0,,,0.5281,3.0,0.0215,4.0,0.0222,9.0,0.9503,3.0,0.0455,3.0,0.006,2.0,0.0011,11.0,0.0588,62.0
2025-12-01,Economic Data-Employment,-0.0209,14.0,0.155,27.0,0.0092,43.0,0.288,17.0,0.2047,9.0,0.1207,6.0,0.1803,1.0,-0.12,21.0,-0.2416,60.0,-0.2473,7.0,-0.0633,104.0,-0.9163,3.0,0.1003,42.0,0.1812,81.0,0.2352,49.0,0.3334,11.0,0.0705,16.0,0.043,16.0,-0.1656,9.0,0.0203,2.0,0.0149,7.0,0.1012,35.0,0.0903,10.0,-0.2897,7.0,0.0559,5.0,0.1757,72.0,0.0235,20.0,-0.0127,17.0,0.3258,12.0,-0.1819,14.0,-0.099,62.0
2025-12-01,Economic Data-GDP,-0.2483,4.0,0.0266,4.0,0.3609,3.0,0.54,5.0,0.0085,2.0,0.9371,4.0,,,-0.8938,1.0,0.1059,14.0,-0.0394,2.0,0.4486,18.0,,,-0.0335,1.0,-0.9254,1.0,-0.0129,1.0,-0.6067,6.0,-0.2536,3.0,0.677,20.0,0.0018,1.0,0.2909,7.0,0.4759,8.0,-0.209,1.0,,,0.0,1.0,,,,,0.1512,6.0,0.5915,63.0,,,0.4827,2.0,0.1533,9.0
2025-12-01,Economic Data-Housing,0.0731,11.0,0.0833,61.0,0.1635,18.0,-0.0089,33.0,0.047,10.0,0.2078,13.0,0.0387,17.0,-0.0485,37.0,0.0044,71.0,0.0539,13.0,0.0798,71.0,0.2454,12.0,-0.171,60.0,0.236,54.0,0.1771,98.0,0.1551,10.0,0.0602,28.0,0.226,16.0,0.0387,5.0,0.8158,6.0,0.0916,26.0,0.2918,77.0,-0.1636,8.0,-0.109,15.0,0.0546,13.0,0.066,99.0,-0.0133,70.0,0.0274,21.0,-0.2481,10.0,0.0563,132.0,0.095,158.0
2025-12-01,Economic Data-Inflation,0.2402,4.0,-0.0045,6.0,-0.7213,4.0,,,0.9422,1.0,,,,,0.3124,2.0,-0.5568,17.0,0.0373,7.0,-0.2988,3.0,0.8822,2.0,-0.918,2.0,-0.0016,7.0,0.6195,31.0,-0.0001,2.0,-0.9067,1.0,,,-0.0697,6.0,0.0388,6.0,-0.7963,1.0,0.0167,6.0,,,,,,,,,0.1198,4.0,-0.3977,18.0,0.0089,5.0,-0.1443,5.0,-0.0254,15.0
2025-12-01,Economic Data-Interest Rates,0.1296,33.0,0.133,20.0,0.2385,7.0,0.1756,15.0,0.4005,2.0,,,0.1259,7.0,0.2052,13.0,0.0989,87.0,0.2235,7.0,0.0482,87.0,0.2936,2.0,0.0221,40.0,0.0914,48.0,0.1049,37.0,0.1583,6.0,-0.0967,74.0,0.2692,28.0,0.3362,5.0,0.0095,1.0,-0.3039,7.0,0.2527,56.0,0.8946,1.0,0.4373,5.0,0.3766,9.0,0.2876,22.0,0.1662,44.0,0.2058,14.0,-0.4463,4.0,-0.0293,38.0,0.081,42.0
2025-12-01,Economic Data-Manufacturing,0.0938,12.0,-0.4856,6.0,0.002,4.0,0.2591,4.0,0.5439,10.0,0.7499,10.0,,,-0.1052,18.0,0.1889,34.0,0.0567,1.0,-0.2466,35.0,,,0.298,29.0,0.6328,19.0,0.7149,35.0,0.2256,3.0,,,0.0153,1.0,0.9439,2.0,-0.7789,7.0,0.9332,3.0,0.1933,7.0,0.4043,6.0,0.4071,3.0,-0.8009,7.0,0.4961,7.0,0.4188,40.0,0.2193,15.0,-0.2949,2.0,0.2622,12.0,0.1706,28.0
2025-12-01,Economic Data-Retail Sales,-0.1275,9.0,0.0757,14.0,0.3301,9.0,0.3622,35.0,0.2654,7.0,0.0315,2.0,-0.4538,2.0,0.1836,17.0,0.1687,32.0,0.3361,3.0,0.3635,22.0,,,0.1019,14.0,0.2299,44.0,0.2497,26.0,0.0048,2.0,0.6397,5.0,0.4119,3.0,0.452,3.0,0.4816,7.0,0.519,4.0,0.0366,17.0,0.0041,2.0,0.6479,3.0,-0.0946,6.0,0.2686,13.0,0.403,14.0,0.3163,9.0,0.0712,2.0,0.1275,36.0,0.1014,94.0
2025-12-01,Extreme Weather,-0.0586,255.0,0.0859,65.0,-0.2676,199.0,0.0517,48.0,0.0056,13.0,-0.1409,20.0,-0.098,13.0,-0.0744,97.0,-0.0768,624.0,-0.0827,32.0,-0.1736,244.0,0.1283,13.0,-0.0525,109.0,0.0524,91.0,-0.0017,103.0,-0.1548,64.0,-0.0718,39.0,0.0017,6.0,-0.0631,18.0,-0.0197,20.0,-0.0232,82.0,-0.0713,279.0,-0.0231,16.0,-0.0715,12.0,-0.2017,31.0,0.0156,235.0,0.0396,55.0,-0.0998,86.0,-0.0502,68.0,-0.1214,166.0,-0.1075,257.0
2025-12-01,Extreme Weather-Cold,-0.3282,10.0,-0.1323,13.0,-0.0059,2.0,0.0374,42.0,-0.2242,4.0,-0.1337,8.0,-0.2665,4.0,-0.0158,14.0,-0.0362,58.0,-0.2794,8.0,-0.1657,73.0,0.1488,2.0,-0.0357,27.0,0.0567,12.0,-0.1295,40.0,-0.152,30.0,-0.4576,2.0,,,-0.217,10.0,0.0091,1.0,-0.0284,21.0,-0.1305,140.0,0.146,5.0,-0.3843,3.0,-0.8997,1.0,-0.0888,31.0,-0.0654,38.0,-0.0689,53.0,-0.0385,23.0,0.0193,46.0,-0.2037,226.0
2025-12-01,Extreme Weather-Drought,0.0731,16.0,0.3013,23.0,-0.3536,112.0,-0.879,2.0,-0.032,3.0,0.035,2.0,-0.2173,3.0,-0.1211,11.0,-0.0358,9.0,-0.2222,4.0,-0.0728,52.0,-0.2257,8.0,0.0391,19.0,0.0057,2.0,0.2312,4.0,-0.2691,10.0,0.0227,4.0,0.4184,4.0,0.9123,2.0,0.0406,3.0,-0.0953,7.0,-0.1411,23.0,0.4241,5.0,-0.0552,1.0,-0.0603,5.0,-0.1183,18.0,-0.2316,38.0,-0.1454,33.0,-0.3388,10.0,-0.4456,70.0,-0.0742,60.0
2025-12-01,Extreme Weather-Heat,0.0683,14.0,0.104,27.0,-0.0,14.0,0.0382,1.0,-0.0024,1.0,0.0669,4.0,0.0172,2.0,0.1833,3.0,-0.1307,29.0,0.0067,1.0,-0.1935,16.0,0.0124,5.0,0.6782,13.0,0.2463,9.0,-0.0288,15.0,0.0066,5.0,-0.2887,4.0,,,-0.5691,1.0,,,-0.0868,6.0,0.312,37.0,,,0.0399,1.0,0.0627,1.0,0.1036,7.0,,,0.4275,2.0,0.2342,7.0,0.0113,2.0,-0.0443,12.0
2025-12-01,Fiscal Policy,0.0075,105.0,-0.1066,104.0,0.0647,67.0,0.0895,81.0,0.1441,26.0,-0.1083,18.0,0.433,9.0,0.0494,92.0,-0.0199,299.0,-0.2142,44.0,0.0322,262.0,-0.0626,20.0,0.045,178.0,0.3201,46.0,0.0481,103.0,0.1294,80.0,-0.0569,46.0,0.0942,101.0,-0.0983,70.0,-0.1064,59.0,0.0112,35.0,-0.0152,105.0,-0.0098,1.0,-0.1404,13.0,0.1381,26.0,0.0634,243.0,0.1707,41.0,0.1222,60.0,-0.0696,49.0,-0.0622,144.0,0.0105,271.0
2025-12-01,Fiscal Policy-Stimulus Package,0.0402,65.0,0.0474,36.0,0.0208,40.0,-0.2543,16.0,0.4697,9.0,-0.2142,22.0,0.1892,12.0,0.0593,48.0,0.1983,136.0,-0.0391,27.0,0.1003,117.0,0.0159,6.0,0.0374,79.0,0.1341,25.0,0.0528,39.0,0.2072,42.0,-0.1505,10.0,0.1219,40.0,0.03,21.0,0.0724,44.0,-0.1127,30.0,0.2062,42.0,0.0533,5.0,-0.3396,4.0,-0.2619,15.0,-0.0211,89.0,-0.009,26.0,0.0313,37.0,0.0624,38.0,-0.1271,161.0,-0.0121,168.0
2025-12-01,Monetary Policy,0.0482,18.0,0.1736,16.0,0.5448,4.0,0.0196,12.0,0.8988,1.0,-0.0168,1.0,-0.1196,3.0,0.3141,4.0,0.2961,49.0,0.0097,3.0,-0.018,55.0,0.2936,2.0,0.0911,24.0,0.0577,29.0,0.067,19.0,0.4424,3.0,-0.0737,43.0,0.0958,19.0,0.3153,4.0,0.0095,1.0,-0.3283,3.0,0.3747,34.0,0.8946,1.0,0.3204,3.0,0.2593,4.0,0.2813,8.0,0.3347,23.0,0.2368,9.0,,,0.1109,18.0,0.2266,18.0
2025-12-01,Monetary Policy-Interest Rates,0.0052,1.0,-0.613,4.0,-0.2289,3.0,,,,,,,,,0.2163,1.0,-0.1322,7.0,-0.0416,3.0,-0.0984,5.0,,,-0.922,1.0,0.0592,31.0,-0.0063,1.0,,,-0.1659,4.0,,,,,,,-0.0105,1.0,-0.0001,1.0,,,,,0.0027,4.0,,,-0.5683,10.0,0.0363,8.0,,,0.0036,4.0,0.1292,13.0
2025-12-01,Monetary Policy-Quantitative Easing,-0.0455,15.0,,,-0.0353,1.0,0.1237,3.0,0.8839,1.0,-0.1388,4.0,-0.0002,2.0,-0.3416,5.0,-0.0227,47.0,0.3188,3.0,-0.2646,6.0,,,-0.1513,12.0,-0.4335,2.0,0.0266,82.0,,,0.0057,2.0,0.1227,3.0,0.945,1.0,0.4839,2.0,0.0064,1.0,0.1111,12.0,-0.8842,1.0,,,,,-0.9226,3.0,0.0828,25.0,-0.4555,2.0,0.0476,1.0,0.0024,2.0,0.0694,22.0
2025-12-01,Natural Disaster,-0.6518,4.0,-0.9009,3.0,-0.4175,2.0,-0.8601,1.0,,,-0.9029,2.0,,,-0.6866,7.0,-0.3016,5.0,-0.9013,1.0,-0.4568,10.0,,,-0.5588,4.0,-0.3634,8.0,-0.8943,1.0,-0.5573,13.0,0.0551,1.0,,,,,-0.3022,4.0,0.6928,2.0,-0.3523,6.0,-0.8888,1.0,0.0315,3.0,-0.8445,4.0,0.1132,10.0,,,-0.2775,15.0,-0.6576,2.0,-0.6494,6.0,-0.3025,17.0
2025-12-01,Oil Spills,0.0082,1.0,,,,,-0.7019,3.0,,,,,,,,,,,,,-0.8054,1.0,,,-0.4406,2.0,,,,,,,-0.9029,2.0,0.0107,1.0,-0.8798,1.0,,,,,-0.5759,4.0,,,,,,,,,-0.7241,22.0,,,,,0.023,1.0,-0.9129,1.0
2025-12-01,Pandemic,-0.1148,189.0,0.0208,292.0,-0.0884,212.0,-0.0126,156.0,0.0261,30.0,-0.0669,40.0,-0.004,53.0,-0.1065,248.0,-0.0131,662.0,-0.1164,85.0,-0.0904,572.0,-0.1115,42.0,-0.0635,596.0,0.1214,149.0,-0.0113,340.0,-0.0159,198.0,-0.1309,119.0,0.0172,162.0,-0.0722,130.0,0.1449,77.0,-0.096,138.0,-0.0827,572.0,-0.0498,43.0,0.0731,37.0,-0.0316,105.0,-0.0622,747.0,-0.0982,195.0,-0.0113,332.0,-0.0404,105.0,-0.1279,349.0,-0.0509,815.0
2025-12-01,Politics,-0.0725,576.0,-0.0377,602.0,0.0152,477.0,-0.0394,326.0,0.0929,75.0,-0.0874,147.0,0.0982,89.0,-0.0261,516.0,0.0257,1217.0,-0.041,250.0,-0.0706,1566.0,-0.0529,318.0,0.0058,1157.0,-0.0152,268.0,-0.1188,879.0,-0.011,390.0,-0.0999,185.0,-0.0355,606.0,-0.0055,306.0,-0.0029,273.0,-0.0418,296.0,-0.0672,996.0,-0.1032,41.0,-0.082,57.0,-0.0518,167.0,-0.027,1339.0,0.0047,346.0,-0.0098,826.0,-0.0197,342.0,-0.1523,656.0,-0.0693,2274.0
2025-12-01,Politics-Election,0.0091,28.0,0.0966,23.0,0.0128,13.0,0.1606,5.0,,,0.314,3.0,0.0504,18.0,0.0058,23.0,-0.0117,27.0,0.1538,4.0,-0.0204,189.0,0.0037,2.0,0.0963,27.0,0.0104,12.0,-0.0712,29.0,0.0272,19.0,0.0223,5.0,0.0462,38.0,0.3217,3.0,-0.0082,1.0,0.0466,3.0,0.0493,9.0,-0.0476,8.0,-0.0327,5.0,0.0281,3.0,0.0635,33.0,0.0501,24.0,-0.0318,8.0,0.0082,4.0,0.1634,6.0,-0.0134,157.0
2025-12-01,Politics-Political Tension,-0.0975,66.0,-0.1871,42.0,-0.1088,50.0,-0.1209,20.0,-0.1752,7.0,-0.0701,6.0,-0.0082,2.0,-0.0181,36.0,-0.1303,89.0,-0.0426,13.0,-0.1491,357.0,-0.1027,121.0,-0.0433,104.0,-0.0823,13.0,-0.1193,123.0,-0.1018,28.0,-0.1836,27.0,-0.1644,53.0,-0.0678,43.0,-0.1291,31.0,-0.0884,41.0,-0.1008,95.0,0.007,1.0,-0.2567,7.0,-0.2082,10.0,-0.0266,171.0,0.0465,35.0,-0.1238,106.0,0.1507,90.0,-0.2536,68.0,-0.1355,289.0
2025-12-01,Terrorist Attacks,-0.6378,21.0,-0.2329,42.0,-0.532,50.0,-0.1615,36.0,,,-0.0678,1.0,-0.869,1.0,-0.4415,51.0,-0.2329,66.0,-0.3403,9.0,-0.3906,160.0,-0.4719,36.0,-0.5155,64.0,-0.4105,13.0,-0.5287,12.0,-0.4687,38.0,-0.4112,16.0,-0.3724,62.0,-0.4199,37.0,-0.1996,10.0,-0.2683,7.0,-0.4211,129.0,-0.7766,3.0,-0.5255,5.0,-0.4843,15.0,-0.3542,38.0,-0.3258,22.0,-0.4519,107.0,-0.4159,14.0,-0.3335,66.0,-0.3763,295.0
2025-12-01,Wars,0.0352,24.0,-0.0754,27.0,0.0345,31.0,0.1886,16.0,0.0205,9.0,-0.1315,5.0,-0.0761,25.0,-0.0286,25.0,0.0869,54.0,-0.0024,38.0,0.1014,64.0,-0.0191,57.0,-0.0333,80.0,0.1202,15.0,-0.069,50.0,0.1038,10.0,-0.0226,9.0,-0.0402,59.0,0.1637,17.0,0.0126,20.0,-0.0771,36.0,-0.0965,756.0,0.0262,12.0,-0.0496,10.0,0.0062,4.0,0.0365,59.0,0.1929,42.0,-0.0413,118.0,-0.0805,233.0,-0.0623,12.0,-0.0865,178.0
2025-11-30,Economic Data,0.0447,57.0,-0.0904,86.0,0.0502,29.0,-0.0278,13.0,0.1195,17.0,0.1089,10.0,-0.0146,23.0,0.0541,33.0,-0.1626,101.0,0.2375,12.0,0.0886,144.0,0.2106,20.0,0.1472,81.0,0.0663,38.0,0.1699,90.0,0.0157,29.0,0.1324,39.0,0.1588,36.0,0.0017,19.0,0.2647,26.0,-0.0051,29.0,-0.0415,84.0,0.5546,9.0,-0.1164,13.0,0.0488,8.0,0.1077,127.0,0.0695,51.0,0.1481,80.0,0.0355,21.0,0.1199,94.0,0.0838,292.0
2025-11-30,Economic Data-Consumer Spending,0.0079,1.0,-0.0573,17.0,0.0061,1.0,0.1109,10.0,,,0.0106,2.0,,,,,-0.2782,5.0,0.9466,1.0,0.4218,6.0,,,0.0006,1.0,-0.1134,1.0,0.0908,17.0,0.0759,5.0,,,0.075,2.0,,,0.3304,4.0,0.0085,1.0,0.0014,1.0,,,0.0917,1.0,0.0779,3.0,0.0123,9.0,-0.1739,2.0,0.0135,1.0,,,-0.0083,12.0,0.201,46.0
2025-11-30,Economic Data-Employment,0.0245,18.0,-0.1227,9.0,0.1967,19.0,0.3825,4.0,0.1423,7.0,0.0307,4.0,0.1592,2.0,-0.153,9.0,-0.1046,28.0,,,-0.0149,50.0,-0.631,2.0,0.1698,7.0,0.1153,6.0,0.0857,33.0,0.6604,7.0,-0.9018,2.0,0.2732,10.0,-0.1474,1.0,0.0113,7.0,-0.2399,3.0,0.1091,21.0,-0.0097,3.0,-0.137,5.0,0.0735,1.0,-0.0916,34.0,-0.0732,11.0,0.0943,10.0,0.6138,4.0,0.1169,8.0,0.0889,57.0
2025-11-30,Economic Data-GDP,,,0.4207,19.0,,,,,,,0.9506,2.0,0.9082,1.0,,,,,,,0.2275,5.0,,,,,,,,,,,0.9286,1.0,,,0.7112,3.0,,,,,0.9488,1.0,-0.7977,1.0,,,,,0.9499,2.0,0.9112,1.0,0.2431,7.0,,,,,0.2115,7.0
2025-11-30,Economic Data-Housing,0.2187,8.0,-0.0242,42.0,0.0237,1.0,-0.2529,12.0,0.3112,1.0,-0.1338,7.0,0.1877,8.0,0.0847,11.0,0.0946,19.0,0.3153,3.0,0.2096,41.0,0.0404,4.0,-0.0831,18.0,0.0949,15.0,0.194,67.0,0.2062,8.0,-0.0359,33.0,0.2288,5.0,0.3,3.0,-0.1481,5.0,-0.1236,8.0,0.1312,26.0,0.748,4.0,-0.0506,4.0,,,0.1583,59.0,0.2171,21.0,0.0147,25.0,0.0348,4.0,0.095,47.0,0.0731,67.0
2025-11-30,Economic Data-Inflation,-0.7513,2.0,,,,,-0.001,1.0,,,-0.3645,1.0,,,,,-0.1317,2.0,,,0.0079,3.0,,,-0.6765,3.0,-0.919,1.0,-0.3526,7.0,,,-0.2299,3.0,,,0.3867,1.0,0.5062,3.0,0.0022,1.0,0.4743,2.0,,,,,,,,,0.0078,1.0,-0.1678,5.0,-0.3019,3.0,,,-0.3528,4.0
2025-11-30,Economic Data-Interest Rates,0.2718,4.0,-0.3203,20.0,-0.2458,2.0,,,,,,,0.4253,2.0,0.4209,2.0,0.0364,3.0,,,0.1189,53.0,0.4644,3.0,0.1814,6.0,0.0462,2.0,0.1251,26.0,-0.6016,3.0,0.1028,22.0,0.2953,5.0,-0.5122,1.0,,,-0.0194,3.0,0.1938,19.0,0.0306,3.0,-0.4537,2.0,,,0.1766,9.0,-0.3397,5.0,-0.004,9.0,0.2351,3.0,0.1998,5.0,-0.113,25.0
2025-11-30,Economic Data-Manufacturing,-0.1982,1.0,,,0.0308,1.0,,,0.946,1.0,,,0.0076,2.0,0.8895,4.0,-0.0581,15.0,,,0.1875,6.0,,,,,,,-0.0006,1.0,0.2056,2.0,0.3939,2.0,0.2102,7.0,,,,,,,0.0587,2.0,0.0348,2.0,,,,,0.3541,5.0,0.4528,4.0,0.4689,3.0,0.6272,2.0,0.5106,3.0,0.1332,7.0
2025-11-30,Economic Data-Retail Sales,0.0042,3.0,-0.117,8.0,0.4481,3.0,0.2278,9.0,,,0.6329,3.0,,,0.1539,5.0,0.1009,36.0,0.4287,2.0,0.0948,7.0,0.2529,2.0,0.4922,4.0,0.3856,3.0,0.1158,13.0,,,,,,,0.0,1.0,0.0732,8.0,0.0096,2.0,-0.1659,7.0,,,,,,,-0.0152,10.0,0.9406,2.0,0.0672,7.0,,,0.1404,7.0,0.1346,75.0
2025-11-30,Extreme Weather,-0.2115,232.0,-0.0738,42.0,-0.1436,256.0,-0.0307,25.0,0.0123,5.0,-0.147,12.0,-0.118,8.0,0.0117,37.0,-0.125,292.0,-0.1112,26.0,-0.1682,243.0,-0.1492,12.0,-0.1685,77.0,0.033,39.0,0.0254,74.0,-0.0517,24.0,-0.3722,20.0,-0.2929,5.0,0.1185,22.0,-0.0463,12.0,-0.0509,50.0,-0.3112,155.0,0.1434,16.0,-0.4485,3.0,-0.2664,11.0,-0.0114,70.0,0.0193,34.0,-0.3138,138.0,-0.1507,59.0,-0.1948,64.0,-0.0849,258.0
2025-11-30,Extreme Weather-Cold,-0.0098,3.0,0.1032,7.0,,,-0.0073,23.0,0.0091,3.0,0.0029,8.0,-0.0286,6.0,0.1692,7.0,-0.0858,30.0,-0.0567,11.0,-0.2008,63.0,-0.2779,3.0,-0.1687,20.0,0.006,8.0,-0.1995,14.0,-0.0062,33.0,0.0024,2.0,,,-0.2581,5.0,,,-0.0877,27.0,-0.0815,78.0,0.2726,4.0,0.2364,2.0,0.0009,1.0,-0.1599,17.0,-0.0164,30.0,-0.1303,42.0,-0.0372,30.0,-0.1309,29.0,-0.1654,186.0
2025-11-30,Extreme Weather-Drought,-0.0792,8.0,-0.2502,5.0,-0.1576,59.0,,,0.0415,1.0,0.0143,1.0,-0.1166,3.0,0.0247,7.0,-0.2183,5.0,-0.0123,4.0,-0.2153,33.0,0.0221,6.0,0.1331,7.0,-0.0678,2.0,-0.2509,4.0,-0.1217,3.0,-0.2287,5.0,0.9446,1.0,0.0794,4.0,0.0239,5.0,-0.1976,4.0,-0.5527,4.0,-0.2673,2.0,-0.0552,2.0,-0.516,9.0,-0.114,18.0,0.1619,9.0,-0.2798,48.0,0.1467,7.0,-0.5461,26.0,-0.1232,39.0
2025-11-30,Extreme Weather-Heat,-0.01,10.0,0.1652,12.0,0.0344,5.0,0.014,1.0,,,,,,,0.4796,2.0,-0.0928,26.0,0.0529,1.0,-0.1232,21.0,0.3704,4.0,-0.1091,4.0,-0.4311,2.0,0.0075,8.0,0.0031,6.0,0.0032,2.0,,,,,,,0.4113,2.0,0.0509,16.0,,,0.0084,1.0,0.0236,1.0,0.3216,5.0,0.194,5.0,-0.4241,2.0,-0.1186,4.0,-0.3026,4.0,-0.0827,18.0
2025-11-30,Fiscal Policy,-0.1142,48.0,0.0475,44.0,-0.0789,26.0,-0.0808,17.0,0.0672,5.0,-0.2844,7.0,0.0933,6.0,0.0581,53.0,0.0106,71.0,-0.0193,17.0,-0.036,122.0,-0.1583,15.0,0.0459,72.0,0.1335,12.0,0.1174,57.0,0.2037,40.0,-0.1288,33.0,0.0434,56.0,0.1166,52.0,0.0165,65.0,-0.0653,15.0,0.1199,47.0,0.2188,4.0,0.1362,5.0,0.0971,7.0,-0.045,124.0,0.1539,41.0,0.1069,57.0,0.0922,23.0,-0.1163,81.0,-0.0122,255.0
2025-11-30,Fiscal Policy-Stimulus Package,-0.0294,27.0,0.4757,24.0,0.1423,11.0,-0.0197,8.0,0.0061,1.0,-0.336,5.0,0.2171,9.0,0.0064,26.0,-0.2075,47.0,-0.3412,10.0,-0.0438,48.0,-0.4301,3.0,0.0336,19.0,0.0713,2.0,0.2589,25.0,0.2648,25.0,0.3034,13.0,0.0604,21.0,-0.0942,14.0,0.2734,10.0,-0.0322,11.0,0.0154,15.0,0.3295,3.0,0.8521,1.0,-0.3889,5.0,0.1222,40.0,0.3622,16.0,0.1279,14.0,-0.2416,5.0,-0.0107,85.0,0.0156,128.0
2025-11-30,Monetary Policy,0.0989,5.0,0.7713,3.0,0.0085,1.0,,,,,0.9287,1.0,0.8652,1.0,0.0019,1.0,0.0274,1.0,,,0.0804,32.0,0.4644,3.0,0.4467,2.0,,,-0.02,8.0,-0.9169,1.0,0.1636,11.0,0.3148,3.0,,,,,-0.0643,2.0,0.1599,13.0,,,0.0051,1.0,,,-0.2791,3.0,-0.0192,1.0,0.4798,2.0,0.2573,4.0,0.0509,3.0,-0.1094,14.0
2025-11-30,Monetary Policy-Interest Rates,,,-0.263,4.0,,,,,,,,,,,,,0.047,2.0,0.9049,1.0,-0.1007,11.0,-0.0292,1.0,,,0.0157,2.0,-0.749,1.0,0.9297,1.0,0.0129,1.0,,,,,,,,,-0.0094,1.0,,,,,,,,,-0.3425,4.0,0.1769,3.0,,,,,-0.1856,5.0
2025-11-30,Monetary Policy-Quantitative Easing,0.168,1.0,,,0.9466,1.0,,,0.0021,1.0,,,-0.2701,3.0,0.0023,1.0,0.1341,14.0,,,-0.1813,5.0,,,,,,,0.662,13.0,0.6022,4.0,,,0.4757,2.0,0.0033,1.0,0.0287,1.0,,,0.0066,2.0,,,,,,,,,,,0.0527,3.0,,,-0.1057,1.0,0.4106,10.0
2025-11-30,Natural Disaster,-0.3063,3.0,-0.5598,8.0,-0.7367,3.0,,,,,-0.8582,1.0,,,-0.7704,2.0,-0.5619,9.0,-0.401,3.0,-0.4419,34.0,-0.2761,3.0,-0.1888,8.0,0.0107,4.0,,,,,-0.7711,4.0,,,0.0217,3.0,-0.0762,3.0,-0.8299,1.0,-0.4385,7.0,,,-0.4517,2.0,-0.8018,1.0,,,-0.6512,5.0,-0.3622,62.0,,,-0.5097,4.0,-0.328,31.0
2025-11-30,Oil Spills,,,,,,,,,,,,,0.0157,1.0,-0.5436,1.0,,,,,,,,,,,,,,,0.0063,1.0,0.0293,1.0,0.0057,1.0,,,,,,,,,,,-0.0934,1.0,,,-0.4463,1.0,-0.3618,10.0,-0.8804,2.0,,,,,-0.5206,1.0
2025-11-30,Pandemic,-0.1881,73.0,-0.0354,118.0,0.0447,68.0,-0.1978,48.0,-0.0822,10.0,-0.2748,25.0,-0.0641,60.0,-0.0867,134.0,-0.0766,259.0,-0.0976,47.0,-0.1817,352.0,-0.1617,42.0,-0.104,242.0,-0.074,33.0,0.0296,150.0,0.1129,113.0,-0.0551,74.0,0.041,98.0,-0.0238,68.0,0.0148,69.0,-0.1901,60.0,-0.1336,257.0,0.2318,25.0,-0.1173,18.0,0.0734,32.0,-0.0585,276.0,-0.0809,144.0,-0.2367,210.0,-0.1091,55.0,-0.136,185.0,-0.0561,549.0
2025-11-30,Politics,-0.0769,294.0,0.0193,368.0,-0.013,219.0,0.0647,96.0,0.0772,34.0,-0.0669,67.0,0.0439,84.0,-0.0209,293.0,-0.0573,513.0,-0.0677,132.0,-0.0962,880.0,-0.0876,302.0,-0.0294,612.0,-0.0483,79.0,-0.0431,465.0,0.1087,255.0,0.0082,149.0,-0.0168,374.0,-0.02,248.0,0.0071,230.0,-0.1246,141.0,-0.0314,476.0,0.0481,32.0,-0.0254,41.0,-0.0345,67.0,-0.0501,757.0,0.0386,257.0,-0.0298,583.0,0.0383,132.0,-0.1486,337.0,-0.0423,1782.0
2025-11-30,Politics-Election,0.0024,19.0,0.2159,40.0,0.0131,11.0,-0.0889,1.0,,,,,-0.1053,35.0,0.0699,18.0,0.0309,14.0,-0.1713,10.0,0.0027,157.0,,,-0.0602,25.0,-0.0226,1.0,-0.0397,14.0,0.0094,5.0,0.2973,3.0,0.0342,18.0,0.0048,2.0,,,0.0086,1.0,0.0357,11.0,,,-0.0332,1.0,0.0005,1.0,-0.0303,28.0,0.0457,33.0,0.102,38.0,-0.0007,3.0,0.1882,5.0,0.0267,87.0
2025-11-30,Politics-Political Tension,-0.066,43.0,-0.1232,90.0,-0.0498,20.0,-0.0435,8.0,0.1547,3.0,-0.418,2.0,0.2438,5.0,-0.2175,22.0,0.0075,66.0,0.043,21.0,-0.1359,169.0,-0.0457,127.0,-0.0676,78.0,0.0554,9.0,-0.1107,74.0,-0.0076,26.0,0.0015,11.0,-0.1775,42.0,-0.1209,39.0,0.0491,51.0,-0.1483,24.0,-0.1456,67.0,-0.019,5.0,0.3627,2.0,0.0793,14.0,-0.0579,87.0,-0.039,19.0,0.0619,48.0,0.0261,73.0,-0.3018,28.0,-0.1265,247.0
2025-11-30,Terrorist Attacks,-0.5721,26.0,-0.4657,76.0,-0.5442,29.0,-0.4303,14.0,,,-0.8189,5.0,-0.7137,4.0,-0.5592,28.0,-0.4454,35.0,-0.5979,21.0,-0.4803,122.0,-0.4922,34.0,-0.454,52.0,-0.8443,1.0,-0.4013,8.0,-0.5475,40.0,-0.4995,18.0,-0.4189,58.0,-0.5805,24.0,-0.4493,3.0,-0.4589,4.0,-0.5571,76.0,-0.136,4.0,-0.5174,4.0,-0.4599,8.0,-0.6784,30.0,-0.7853,12.0,-0.5764,62.0,-0.8256,7.0,-0.4755,108.0,-0.5527,310.0
2025-11-30,Wars,0.055,21.0,0.2209,20.0,0.0124,4.0,0.0445,8.0,-0.2613,8.0,0.0493,9.0,0.0145,17.0,0.0195,15.0,0.1386,31.0,0.0554,9.0,0.0247,50.0,-0.1731,55.0,-0.059,47.0,0.1044,23.0,0.0976,75.0,-0.2342,19.0,0.0888,3.0,-0.035,42.0,-0.1698,12.0,0.0484,12.0,-0.0197,23.0,-0.1649,396.0,0.0731,18.0,0.1656,2.0,0.0012,1.0,-0.0658,52.0,-0.0199,26.0,0.0816,104.0,-0.0796,124.0,-0.0047,23.0,0.0174,168.0
2025-11-29,Economic Data,0.1483,56.0,0.0246,41.0,0.3191,34.0,0.1921,25.0,0.3905,16.0,-0.4926,9.0,0.3214,15.0,0.0662,45.0,-0.028,122.0,-0.096,17.0,-0.013,142.0,-0.2911,5.0,0.1576,96.0,0.1533,34.0,0.2899,29.0,0.1944,39.0,-0.0885,11.0,0.0923,37.0,0.1929,25.0,0.1538,11.0,-0.1776,17.0,0.0776,81.0,0.2983,6.0,0.126,9.0,0.0623,15.0,0.2197,104.0,0.1905,51.0,0.0292,79.0,0.1566,24.0,0.0572,131.0,0.0843,305.0
2025-11-29,Economic Data-Consumer Spending,0.028,5.0,0.0221,1.0,,,0.1561,14.0,,,0.3255,4.0,,,-0.0658,4.0,0.0015,4.0,0.2846,1.0,0.1278,4.0,,,0.0061,1.0,,,0.9316,1.0,0.0282,2.0,0.9175,2.0,0.9407,1.0,0.3303,2.0,0.7641,2.0,,,0.0184,2.0,,,0.3722,2.0,,,0.1574,9.0,0.1718,1.0,-0.0107,2.0,-0.0007,1.0,0.506,19.0,0.1478,69.0
2025-11-29,Economic Data-Employment,-0.1306,8.0,0.0142,4.0,-0.193,41.0,-0.5897,3.0,0.3873,3.0,-0.9124,1.0,-0.0003,1.0,0.2333,8.0,-0.5507,27.0,-0.9047,1.0,-0.0005,59.0,,,0.11,6.0,0.4695,3.0,0.0879,6.0,-0.0767,15.0,0.0325,1.0,0.2957,11.0,-0.0173,2.0,0.0059,2.0,-0.0129,4.0,0.0606,17.0,0.0593,4.0,-0.2579,3.0,,,0.1577,22.0,0.0193,10.0,0.1438,27.0,-0.3353,8.0,-0.3308,7.0,-0.0192,49.0
2025-11-29,Economic Data-GDP,0.9446,1.0,,,0.4161,2.0,,,,,,,0.9421,1.0,,,,,,,0.6556,37.0,,,0.0089,3.0,,,,,-0.0033,1.0,0.5311,2.0,0.9147,3.0,-0.9046,1.0,,,0.8728,1.0,,,,,0.0816,1.0,0.0702,3.0,0.4569,1.0,0.3935,1.0,0.0185,2.0,,,,,0.0116,3.0
2025-11-29,Economic Data-Housing,0.043,7.0,-0.2033,23.0,0.1566,8.0,0.087,10.0,,,-0.2922,3.0,0.0567,5.0,0.0487,15.0,0.1168,35.0,0.0693,5.0,0.1706,49.0,,,0.2238,12.0,0.23,6.0,0.0547,10.0,-0.0502,7.0,-0.0522,8.0,0.0307,4.0,0.0169,2.0,0.6029,4.0,-0.0131,7.0,0.0143,24.0,0.2379,4.0,0.0064,3.0,0.0424,3.0,0.2119,48.0,0.0173,31.0,-0.0012,22.0,0.0037,7.0,0.0869,55.0,0.1203,123.0
2025-11-29,Economic Data-Inflation,0.4706,2.0,0.6812,5.0,0.6667,1.0,,,,,0.0964,1.0,0.4736,2.0,-0.0051,1.0,-0.2626,3.0,,,-0.3597,2.0,,,-0.8549,3.0,,,0.0152,5.0,,,,,,,0.0044,2.0,0.0742,2.0,,,0.9475,2.0,,,0.6517,1.0,,,-0.8147,1.0,0.6128,3.0,-0.1262,15.0,-0.4479,2.0,-0.6383,1.0,0.242,10.0
2025-11-29,Economic Data-Interest Rates,0.0068,4.0,-0.1521,12.0,0.2394,2.0,0.0449,1.0,,,0.0071,1.0,0.0078,3.0,0.2639,2.0,0.5393,8.0,0.4973,2.0,0.1342,39.0,,,0.606,9.0,0.3023,4.0,0.3146,9.0,-0.2284,4.0,0.3126,2.0,0.3919,10.0,-0.0055,1.0,0.5841,2.0,0.0016,1.0,0.0992,13.0,,,,,,,-0.3993,7.0,-0.5799,2.0,0.0573,6.0,-0.0032,2.0,0.275,18.0,0.1,32.0
2025-11-29,Economic Data-Manufacturing,-0.9031,2.0,,,-0.4064,2.0,,,0.2049,4.0,,,-0.9151,1.0,0.4797,3.0,0.3091,19.0,,,0.4977,5.0,,,0.0216,4.0,,,,,0.0329,1.0,,,0.1821,3.0,,,,,,,0.0054,5.0,0.9147,1.0,,,0.2485,1.0,0.8422,3.0,0.9306,1.0,0.2974,8.0,-0.001,2.0,0.1219,4.0,0.0455,8.0
2025-11-29,Economic Data-Retail Sales,-0.0255,4.0,0.0065,2.0,0.32,7.0,0.1488,10.0,,,-0.0347,2.0,,,0.2764,8.0,-0.0219,20.0,0.0801,1.0,0.2572,13.0,0.003,1.0,0.0101,3.0,0.074,6.0,-0.0081,3.0,0.0232,3.0,0.4421,3.0,0.2986,1.0,-0.0148,2.0,0.9332,3.0,-0.0063,1.0,0.2409,10.0,-0.0047,1.0,0.0176,2.0,-0.8465,1.0,0.631,8.0,-0.0022,2.0,,,,,0.2754,12.0,0.3745,68.0
2025-11-29,Extreme Weather,-0.1175,237.0,-0.1939,47.0,0.0544,214.0,-0.0339,28.0,0.08,8.0,0.1295,16.0,-0.0455,10.0,-0.0561,38.0,-0.0364,301.0,-0.0527,17.0,-0.1954,230.0,0.0312,8.0,-0.2051,70.0,-0.0241,49.0,0.1664,36.0,0.0293,38.0,-0.0126,8.0,0.0009,2.0,-0.1456,23.0,-0.108,14.0,-0.0474,62.0,-0.1497,153.0,0.2512,11.0,-0.3137,3.0,-0.1056,9.0,-0.141,114.0,-0.0117,49.0,-0.3002,98.0,-0.1012,55.0,-0.1436,80.0,-0.1356,292.0
2025-11-29,Extreme Weather-Cold,-0.2214,4.0,-0.0153,2.0,,,0.011,13.0,,,-0.3713,4.0,-0.2184,2.0,-0.0273,11.0,-0.0168,15.0,-0.0939,10.0,-0.1503,52.0,-0.2798,6.0,-0.1698,14.0,0.1159,5.0,-0.2566,16.0,0.0027,24.0,-0.0031,1.0,,,-0.2043,1.0,,,-0.1175,24.0,-0.0618,58.0,0.0472,2.0,,,,,-0.1375,16.0,0.0397,10.0,-0.0666,33.0,-0.1623,16.0,-0.0453,32.0,-0.2046,152.0
2025-11-29,Extreme Weather-Drought,-0.1068,17.0,0.2116,9.0,-0.1083,74.0,,,,,0.1962,3.0,-0.2616,7.0,-0.1782,7.0,-0.1588,13.0,-0.0792,7.0,-0.2819,39.0,-0.0015,5.0,0.0091,11.0,,,-0.4076,4.0,-0.2512,9.0,0.0537,1.0,0.6675,2.0,-0.4037,2.0,-0.0248,8.0,-0.9022,1.0,-0.0071,18.0,,,,,-0.643,2.0,0.0667,26.0,0.4648,5.0,-0.3266,57.0,-0.2746,5.0,-0.055,6.0,0.0071,56.0
2025-11-29,Extreme Weather-Heat,0.0036,22.0,-0.7361,19.0,0.1898,4.0,,,,,0.0197,1.0,,,0.0048,2.0,0.1341,25.0,-0.9179,1.0,-0.5737,12.0,0.0373,3.0,0.009,2.0,,,-0.1476,8.0,0.2375,2.0,0.042,8.0,,,-0.003,1.0,0.0094,1.0,0.0301,4.0,0.1689,11.0,,,0.0237,1.0,0.1086,4.0,-0.386,1.0,0.214,3.0,0.2327,6.0,0.206,3.0,0.4932,2.0,-0.0673,15.0
2025-11-29,Fiscal Policy,-0.0929,47.0,-0.1067,76.0,0.0324,29.0,0.0425,36.0,0.3584,10.0,-0.0278,7.0,0.2769,8.0,-0.1385,37.0,0.0335,108.0,0.0674,20.0,0.1578,134.0,-0.4406,2.0,0.0489,95.0,0.0734,15.0,0.0556,11.0,0.1753,62.0,-0.0457,9.0,0.2051,55.0,-0.054,21.0,0.1664,26.0,-0.1194,18.0,0.114,65.0,0.4918,2.0,0.1459,5.0,-0.1272,8.0,0.0993,112.0,0.0665,33.0,-0.0149,54.0,-0.0817,21.0,0.0346,86.0,0.0306,257.0
2025-11-29,Fiscal Policy-Stimulus Package,0.1923,19.0,-0.1428,14.0,-0.1743,20.0,0.4324,10.0,0.2903,4.0,0.1055,3.0,0.1752,1.0,-0.0375,29.0,-0.1608,31.0,0.1484,12.0,0.0664,48.0,,,0.0304,37.0,0.4982,7.0,0.5756,2.0,0.092,48.0,0.9363,3.0,0.1361,22.0,-0.2244,12.0,0.1644,8.0,0.0488,9.0,-0.0058,21.0,,,0.5235,2.0,-0.4275,2.0,0.2875,44.0,0.4094,9.0,0.0068,34.0,0.1206,11.0,-0.2501,78.0,0.082,156.0
2025-11-29,Monetary Policy,0.0012,4.0,-0.7394,4.0,0.0024,5.0,,,,,,,0.0077,2.0,0.1626,1.0,0.2389,6.0,0.6632,3.0,0.2119,18.0,,,0.4737,8.0,0.3023,4.0,0.041,6.0,-0.273,3.0,,,0.4394,7.0,,,,,,,0.0005,9.0,,,,,,,0.0207,2.0,0.9506,1.0,0.0241,6.0,0.9488,1.0,0.3312,4.0,0.0123,21.0
2025-11-29,Monetary Policy-Interest Rates,0.0197,1.0,0.9208,1.0,,,,,,,,,0.079,1.0,,,,,,,0.0875,6.0,,,,,,,-0.8392,1.0,,,,,,,,,,,,,,,,,0.8665,1.0,,,,,,,-0.0087,2.0,,,,,0.1427,6.0
2025-11-29,Monetary Policy-Quantitative Easing,0.2431,3.0,,,,,,,,,,,0.0055,1.0,,,-0.2533,10.0,,,-0.0251,3.0,,,0.0046,1.0,,,-0.0045,2.0,,,,,-0.2911,3.0,0.4563,2.0,,,,,-0.0733,9.0,,,,,,,0.0495,4.0,0.2418,5.0,-0.0615,1.0,,,,,0.2104,13.0
2025-11-29,Natural Disaster,-0.3543,5.0,-0.2833,4.0,,,,,,,-0.0648,3.0,,,-0.551,1.0,-0.2728,7.0,,,-0.2849,25.0,0.0,1.0,-0.5749,10.0,0.019,4.0,-0.7403,1.0,-0.527,5.0,-0.0224,1.0,,,-0.3217,4.0,-0.5547,4.0,-0.8952,1.0,-0.632,7.0,0.2565,4.0,-0.9027,1.0,-0.7353,1.0,-0.4011,2.0,-0.0929,2.0,-0.3704,18.0,,,-0.6257,4.0,-0.3417,43.0
2025-11-29,Oil Spills,-0.0375,1.0,,,,,-0.8917,1.0,,,,,-0.6583,2.0,,,-0.1485,3.0,,,,,,,,,-0.0737,1.0,,,-0.685,3.0,,,,,,,,,,,-0.9191,1.0,,,-0.4115,2.0,,,,,-0.0881,4.0,-0.2519,1.0,,,-0.8917,1.0,-0.8225,3.0
2025-11-29,Pandemic,-0.1694,108.0,-0.3441,136.0,-0.1516,94.0,-0.1728,81.0,0.0284,13.0,-0.0683,17.0,0.1104,31.0,-0.1279,115.0,-0.1036,258.0,-0.1712,43.0,-0.1449,454.0,-0.1539,22.0,-0.0671,329.0,-0.1807,54.0,-0.3141,92.0,0.0128,141.0,-0.2326,39.0,-0.1001,126.0,0.0103,56.0,0.0151,47.0,-0.0212,86.0,-0.1856,294.0,-0.1861,18.0,-0.4063,31.0,-0.0503,36.0,-0.0511,253.0,-0.2864,113.0,-0.1522,292.0,-0.1467,82.0,-0.154,250.0,-0.1694,694.0
2025-11-29,Politics,-0.0402,319.0,-0.1513,430.0,0.0141,255.0,-0.0072,138.0,0.3588,45.0,-0.0926,72.0,0.0428,66.0,-0.0392,263.0,-0.0875,597.0,0.0026,143.0,-0.0785,1136.0,-0.1601,118.0,-0.0269,746.0,-0.0007,105.0,-0.0069,134.0,0.0489,326.0,-0.0288,75.0,0.0138,383.0,-0.0646,175.0,0.0026,137.0,-0.05,178.0,-0.0582,501.0,0.1193,14.0,-0.0252,45.0,-0.0496,72.0,-0.0037,713.0,0.0888,163.0,0.0072,693.0,-0.0149,183.0,-0.1012,361.0,-0.0391,1858.0
2025-11-29,Politics-Election,-0.0019,13.0,-0.0497,33.0,0.0023,6.0,-0.0372,3.0,,,,,-0.0974,19.0,-0.0489,21.0,0.111,20.0,0.0084,12.0,-0.0659,91.0,-0.0065,3.0,0.0804,16.0,-0.0184,3.0,0.0063,7.0,-0.1188,4.0,0.009,3.0,0.3329,5.0,-0.614,3.0,,,0.1538,7.0,0.0099,6.0,0.0014,1.0,0.0118,2.0,-0.4536,2.0,0.009,13.0,0.0131,28.0,0.0811,27.0,0.0044,4.0,-0.2948,4.0,-0.0878,71.0
2025-11-29,Politics-Political Tension,-0.0732,42.0,-0.2246,62.0,-0.1569,23.0,-0.2184,24.0,0.2383,4.0,-0.4708,8.0,0.0075,6.0,-0.0644,13.0,-0.1105,64.0,-0.0579,12.0,-0.1229,219.0,-0.1807,20.0,-0.0369,60.0,0.242,10.0,-0.1396,28.0,-0.1364,35.0,-0.0867,10.0,0.0222,42.0,-0.1182,26.0,0.0032,12.0,-0.0535,11.0,-0.0316,99.0,,,-0.0091,2.0,-0.2044,8.0,-0.0747,102.0,-0.0866,26.0,-0.1436,58.0,-0.1585,54.0,-0.1146,37.0,-0.1274,247.0
2025-11-29,Terrorist Attacks,-0.5165,9.0,-0.4475,59.0,-0.5717,26.0,-0.4459,19.0,,,-0.3404,2.0,-0.8257,4.0,-0.6391,18.0,-0.4028,19.0,-0.169,3.0,-0.3997,128.0,-0.6853,24.0,-0.3618,40.0,-0.2882,4.0,-0.7147,1.0,-0.7126,42.0,-0.7109,8.0,-0.3508,24.0,-0.4861,16.0,-0.438,2.0,-0.2642,3.0,-0.585,64.0,-0.2118,1.0,-0.87,1.0,-0.4787,13.0,-0.3488,27.0,-0.831,8.0,-0.5292,63.0,-0.4778,29.0,-0.3799,73.0,-0.4207,144.0
2025-11-29,Wars,0.0724,20.0,-0.2178,8.0,0.05,11.0,-0.1655,11.0,0.0946,3.0,-0.192,5.0,0.0588,22.0,-0.0639,19.0,-0.1769,34.0,0.0004,15.0,-0.0474,67.0,-0.1073,40.0,-0.0143,57.0,0.0181,20.0,-0.0893,36.0,0.0007,22.0,,,0.0033,44.0,0.0465,15.0,-0.0293,8.0,0.0573,38.0,-0.169,339.0,0.0672,14.0,0.0858,7.0,0.0117,2.0,0.0016,46.0,0.0062,28.0,0.0963,131.0,-0.0796,155.0,-0.2364,13.0,-0.1945,155.0
2025-11-28,Economic Data,0.0021,124.0,0.1739,83.0,0.0221,67.0,0.2077,93.0,0.1887,63.0,0.0501,39.0,0.1761,18.0,0.0241,104.0,0.0795,414.0,0.1539,38.0,0.2612,269.0,-0.3549,8.0,0.0201,101.0,0.1125,178.0,0.1287,224.0,0.1649,82.0,0.0756,25.0,0.06,56.0,0.1603,47.0,0.2231,43.0,-0.0474,77.0,0.1277,232.0,-0.033,2.0,0.2079,30.0,0.0479,43.0,0.1459,265.0,0.2739,192.0,0.0351,183.0,-0.0509,77.0,-0.1496,321.0,0.0406,505.0
2025-11-28,Economic Data-Consumer Spending,0.0001,5.0,0.0269,14.0,0.1196,6.0,0.2122,8.0,,,0.3615,9.0,0.0041,1.0,0.2436,10.0,0.0065,2.0,-0.1472,5.0,-0.0936,5.0,0.5233,6.0,-0.3336,5.0,0.0571,5.0,-0.4107,3.0,0.1153,7.0,0.4755,2.0,,,,,0.3742,6.0,0.001,3.0,0.051,4.0,,,,,0.1692,15.0,-0.0802,23.0,0.0473,5.0,0.7769,4.0,0.037,5.0,0.2445,23.0,0.0664,67.0
2025-11-28,Economic Data-Employment,0.0151,19.0,0.0745,14.0,-0.1625,60.0,-0.0461,13.0,0.0929,5.0,-0.7077,6.0,0.04,2.0,-0.2085,22.0,-0.1406,211.0,-0.3778,13.0,-0.034,93.0,0.9448,1.0,0.0572,18.0,0.1539,78.0,0.1674,59.0,-0.0936,22.0,0.11,11.0,0.1274,11.0,-0.0127,5.0,0.2058,6.0,-0.3354,8.0,0.0614,49.0,-0.0265,3.0,-0.3536,21.0,0.1036,13.0,0.0786,49.0,0.1576,34.0,-0.1492,60.0,0.2138,13.0,0.0689,22.0,0.0359,75.0
2025-11-28,Economic Data-GDP,-0.2434,3.0,-0.8872,1.0,,,0.1604,37.0,0.908,2.0,0.63,13.0,0.9408,4.0,0.941,11.0,0.3928,3.0,0.1398,1.0,0.7227,120.0,,,-0.1206,8.0,,,0.0072,1.0,-0.0787,7.0,0.0116,1.0,0.9466,1.0,,,0.1997,3.0,,,,,,,,,0.0176,2.0,0.944,2.0,0.5808,23.0,0.0127,3.0,,,-0.4234,2.0,0.2111,8.0
2025-11-28,Economic Data-Housing,0.201,9.0,0.1201,42.0,0.2772,5.0,0.0933,61.0,0.171,13.0,0.2261,11.0,0.4228,4.0,-0.0235,45.0,0.0981,76.0,-0.0061,8.0,0.2085,88.0,0.1996,7.0,0.0597,19.0,0.2039,44.0,0.0111,97.0,0.0142,9.0,-0.0381,29.0,0.0657,9.0,-0.0822,5.0,0.068,7.0,-0.0092,18.0,0.1119,85.0,0.3015,2.0,-0.0037,18.0,-0.3624,2.0,0.0393,64.0,0.013,79.0,0.0527,13.0,0.009,5.0,0.0599,112.0,0.0486,111.0
2025-11-28,Economic Data-Inflation,0.1133,8.0,-0.1069,3.0,0.0041,1.0,0.509,1.0,,,0.2329,1.0,0.0016,1.0,0.3267,10.0,0.0617,104.0,-0.7937,1.0,-0.05,3.0,,,0.2672,7.0,0.4498,14.0,0.1529,9.0,,,-0.0579,4.0,-0.0025,1.0,0.4714,6.0,-0.2259,4.0,-0.0903,12.0,-0.4688,5.0,,,,,0.5491,2.0,0.3609,22.0,0.9311,1.0,-0.0669,24.0,0.0105,1.0,,,-0.1221,16.0
2025-11-28,Economic Data-Interest Rates,0.1091,20.0,0.0831,12.0,0.034,21.0,0.0744,26.0,0.3935,5.0,0.0088,15.0,0.0104,1.0,-0.2702,11.0,-0.1309,59.0,0.1471,9.0,0.1777,73.0,-0.103,1.0,0.3351,9.0,0.2507,17.0,0.0192,63.0,0.1434,7.0,-0.1775,11.0,0.351,9.0,0.2427,6.0,0.244,7.0,-0.0388,4.0,-0.0395,76.0,,,0.0652,2.0,0.3188,4.0,0.0734,25.0,0.0019,21.0,0.1191,30.0,0.091,5.0,-0.1039,24.0,-0.0663,41.0
2025-11-28,Economic Data-Manufacturing,-0.3813,7.0,0.9105,1.0,0.8893,3.0,0.4919,7.0,0.2824,12.0,0.0088,2.0,,,0.0717,6.0,0.1504,25.0,-0.0161,2.0,0.2699,9.0,,,0.1699,6.0,0.2993,15.0,0.2671,31.0,0.1963,6.0,0.0634,1.0,0.1377,1.0,-0.1333,1.0,0.0615,1.0,0.0231,1.0,0.0799,12.0,0.4745,1.0,,,0.0542,2.0,0.0539,13.0,0.5241,36.0,0.1372,7.0,0.0056,1.0,0.2326,4.0,0.0932,18.0
2025-11-28,Economic Data-Retail Sales,0.2148,17.0,0.2029,17.0,0.2535,19.0,0.1018,15.0,0.7125,4.0,0.5004,5.0,-0.0022,3.0,0.0315,18.0,-0.0657,49.0,0.0003,3.0,0.1712,26.0,,,0.3516,10.0,0.3758,30.0,0.5287,20.0,-0.147,10.0,-0.1604,6.0,0.4158,6.0,0.0232,5.0,0.4836,2.0,0.0658,7.0,0.105,11.0,,,0.4382,2.0,0.0295,10.0,0.1423,41.0,0.3967,16.0,-0.0232,12.0,0.0091,6.0,0.2008,99.0,0.1356,200.0
2025-11-28,Extreme Weather,-0.1286,230.0,-0.0876,45.0,-0.2014,209.0,-0.1783,58.0,0.1407,16.0,-0.0163,17.0,-0.0016,3.0,-0.0391,90.0,0.0351,348.0,-0.1397,28.0,-0.166,260.0,-0.0895,12.0,-0.2477,50.0,0.0809,101.0,0.0466,91.0,-0.0816,50.0,-0.4825,17.0,-0.221,4.0,-0.0212,23.0,-0.1174,27.0,-0.0269,83.0,-0.1825,230.0,-0.2433,8.0,-0.4495,7.0,-0.0195,13.0,-0.056,142.0,0.0205,88.0,-0.2373,88.0,-0.1143,88.0,-0.1869,88.0,-0.1198,310.0
2025-11-28,Extreme Weather-Cold,-0.1683,12.0,-0.39,6.0,-0.4229,1.0,-0.1049,32.0,0.0535,4.0,-0.2271,15.0,-0.1007,2.0,-0.0293,13.0,-0.0883,69.0,-0.0457,10.0,-0.2506,49.0,0.0334,2.0,0.0338,18.0,0.0872,14.0,0.0301,19.0,-0.2813,36.0,,,,,-0.286,3.0,,,-0.0927,25.0,-0.1838,93.0,-0.3201,3.0,-0.4571,2.0,,,-0.1408,22.0,0.2538,14.0,-0.1038,13.0,-0.0041,18.0,-0.0242,22.0,-0.1306,185.0
2025-11-28,Extreme Weather-Drought,-0.0264,16.0,-0.0968,28.0,-0.2256,73.0,,,,,-0.4179,2.0,,,-0.1126,13.0,0.048,36.0,0.0139,5.0,-0.0201,34.0,,,-0.013,7.0,,,0.4866,5.0,-0.2566,23.0,-0.0783,5.0,0.2402,4.0,-0.0006,1.0,0.1016,7.0,-0.1394,4.0,-0.2033,16.0,0.9013,1.0,,,-0.0071,8.0,-0.0298,31.0,-0.0087,6.0,-0.1927,57.0,-0.1833,5.0,-0.2345,29.0,-0.0984,27.0
2025-11-28,Extreme Weather-Heat,-0.0763,18.0,-0.072,21.0,0.1771,11.0,-0.0019,1.0,0.9411,1.0,-0.0564,1.0,,,0.0061,2.0,0.1458,32.0,-0.0333,1.0,-0.374,24.0,0.1676,4.0,-0.0491,2.0,0.3915,6.0,0.0051,4.0,-0.1089,7.0,0.0006,6.0,,,0.7165,1.0,0.0088,3.0,0.0002,3.0,0.0494,13.0,,,0.1318,1.0,-0.0092,6.0,-0.0863,10.0,0.2576,19.0,-0.2231,3.0,-0.1926,7.0,-0.2553,14.0,0.0445,7.0
2025-11-28,Fiscal Policy,0.1438,107.0,0.0795,86.0,0.0406,89.0,0.0404,95.0,0.0462,52.0,-0.1755,14.0,-0.4565,2.0,0.0097,100.0,0.0206,323.0,0.019,31.0,0.0232,184.0,-0.426,5.0,-0.0169,103.0,-0.0031,58.0,0.3426,132.0,0.097,90.0,0.0398,18.0,0.1191,88.0,0.0742,61.0,-0.0144,47.0,-0.006,51.0,0.2102,146.0,0.387,2.0,-0.002,9.0,-0.0453,27.0,0.0946,229.0,-0.0677,50.0,0.0548,100.0,0.0072,58.0,-0.1476,112.0,-0.0229,356.0
2025-11-28,Fiscal Policy-Stimulus Package,0.1722,51.0,0.3592,22.0,-0.0773,49.0,0.1919,55.0,0.3418,13.0,-0.4548,6.0,0.0222,6.0,0.0495,34.0,0.0713,158.0,0.0358,20.0,0.0637,77.0,-0.0004,10.0,0.0435,35.0,0.2719,52.0,0.1631,58.0,0.2549,49.0,0.1385,12.0,0.1824,62.0,0.0918,29.0,0.247,33.0,0.0497,16.0,0.108,61.0,,,0.1874,8.0,-0.2478,10.0,0.0734,100.0,0.0378,25.0,0.0406,44.0,0.0423,31.0,-0.1316,140.0,0.0693,166.0
2025-11-28,Monetary Policy,0.0518,14.0,0.2343,4.0,0.0449,11.0,-0.0555,9.0,0.4806,2.0,0.0044,5.0,,,-0.5385,8.0,-0.2008,39.0,-0.3097,4.0,0.1194,40.0,,,0.3759,6.0,0.343,11.0,0.2446,36.0,-0.4195,3.0,0.0091,4.0,0.4182,8.0,0.3203,3.0,0.3195,2.0,-0.9214,1.0,0.0104,33.0,,,0.1237,1.0,0.3201,3.0,0.1356,5.0,0.2083,12.0,0.1214,23.0,0.2775,3.0,-0.0373,5.0,-0.0827,20.0
2025-11-28,Monetary Policy-Interest Rates,-0.2659,1.0,-0.9125,1.0,0.7066,1.0,,,,,,,,,,,0.3811,7.0,,,0.3934,2.0,-0.103,1.0,,,0.5819,3.0,0.2607,6.0,0.0087,1.0,0.0002,1.0,0.0318,1.0,,,,,,,0.0013,1.0,,,0.9352,2.0,0.005,1.0,,,-0.0304,3.0,-0.0075,1.0,,,,,-0.166,14.0
2025-11-28,Monetary Policy-Quantitative Easing,-0.0466,9.0,0.6748,1.0,,,0.4503,5.0,,,0.0016,4.0,,,0.2253,5.0,0.1383,67.0,-0.3714,3.0,-0.2545,13.0,,,-0.1067,5.0,0.0102,6.0,0.0547,53.0,,,,,0.6193,3.0,0.4739,2.0,,,,,-0.1639,13.0,0.9516,1.0,0.098,2.0,0.0414,2.0,,,-0.0386,13.0,-0.0055,11.0,-0.0007,5.0,0.1642,6.0,0.1126,24.0
2025-11-28,Natural Disaster,-0.4012,8.0,-0.3123,3.0,-0.8332,1.0,-0.2884,6.0,,,-0.8846,1.0,,,-0.3169,7.0,-0.1097,13.0,,,-0.2405,22.0,-0.8502,1.0,-0.4495,9.0,-0.4071,6.0,,,-0.3183,11.0,-0.5406,9.0,,,-0.0059,2.0,-0.2864,5.0,-0.6435,8.0,-0.5913,11.0,,,-0.9028,2.0,,,-0.41,3.0,-0.0096,9.0,0.0908,15.0,-0.5769,2.0,-0.2922,6.0,-0.4181,48.0
2025-11-28,Oil Spills,0.0047,1.0,,,,,-0.2056,1.0,,,,,,,,,0.0266,1.0,,,0.0143,1.0,,,,,,,,,-0.7723,4.0,,,,,,,,,,,0.1554,1.0,,,,,,,,,-0.5476,7.0,-0.5151,5.0,,,-0.823,9.0,-0.01,1.0
2025-11-28,Pandemic,0.039,168.0,-0.0733,182.0,-0.0201,199.0,0.0369,167.0,0.2743,33.0,-0.0323,47.0,-0.1667,28.0,-0.1616,250.0,-0.06,487.0,-0.1283,68.0,-0.1429,500.0,-0.4496,23.0,-0.0141,231.0,-0.0102,141.0,-0.0875,318.0,-0.0645,194.0,-0.0925,62.0,0.0321,200.0,0.0254,77.0,0.0057,108.0,-0.1399,130.0,-0.0669,599.0,0.0027,22.0,-0.1994,30.0,-0.1047,63.0,-0.0467,465.0,-0.1179,153.0,-0.1416,461.0,-0.0464,127.0,-0.2204,325.0,-0.0552,702.0
2025-11-28,Politics,-0.007,647.0,0.0319,499.0,-0.0359,557.0,-0.007,338.0,0.1554,135.0,-0.0696,138.0,-0.017,51.0,0.0369,564.0,-0.0019,1363.0,-0.0382,196.0,-0.0499,1546.0,-0.0566,137.0,-0.0329,601.0,0.02,405.0,-0.0987,876.0,0.0182,561.0,-0.0121,123.0,0.0027,494.0,-0.0694,346.0,0.0123,288.0,-0.031,303.0,-0.0169,1131.0,0.1625,30.0,-0.0684,83.0,-0.1716,145.0,-0.0088,1309.0,-0.0388,366.0,-0.0466,876.0,-0.0426,320.0,-0.1154,522.0,-0.0534,2242.0
2025-11-28,Politics-Election,0.1112,32.0,0.0571,41.0,-0.3101,11.0,-0.0016,6.0,,,0.0049,1.0,-0.0007,2.0,0.0709,28.0,-0.0237,40.0,-0.0303,25.0,0.0004,131.0,,,-0.1229,12.0,0.2798,12.0,-0.0431,21.0,0.3964,10.0,-0.1456,6.0,0.2031,13.0,-0.1657,16.0,,,0.0783,4.0,0.0062,4.0,,,0.0579,5.0,-0.0939,4.0,-0.0732,30.0,0.0049,20.0,0.0942,8.0,0.021,5.0,-0.0079,7.0,0.0588,83.0
2025-11-28,Politics-Political Tension,-0.117,70.0,-0.0383,55.0,-0.0787,71.0,-0.0823,76.0,-0.1797,12.0,-0.1818,15.0,0.175,3.0,-0.0033,45.0,-0.0907,191.0,-0.1104,26.0,-0.1487,159.0,-0.1553,34.0,-0.092,45.0,-0.1021,25.0,-0.2864,91.0,-0.1191,69.0,-0.2359,13.0,-0.0538,37.0,-0.1074,56.0,-0.0941,15.0,-0.1532,44.0,-0.073,224.0,-0.1451,3.0,-0.2141,7.0,-0.1566,25.0,-0.0184,207.0,-0.1338,47.0,-0.0384,76.0,-0.0067,53.0,-0.2587,56.0,-0.1696,297.0
2025-11-28,Terrorist Attacks,-0.4838,24.0,-0.2915,99.0,-0.486,42.0,-0.2658,25.0,-0.5113,2.0,-0.5946,11.0,-0.0773,3.0,-0.1949,34.0,-0.3008,95.0,-0.457,14.0,-0.4151,161.0,-0.6896,15.0,-0.3834,24.0,-0.7497,6.0,-0.3285,13.0,-0.4565,49.0,-0.1944,22.0,-0.4314,58.0,-0.3456,35.0,-0.343,3.0,-0.1816,10.0,-0.493,104.0,,,-0.5349,7.0,-0.4194,7.0,-0.4729,45.0,-0.3054,3.0,-0.4764,77.0,-0.5279,11.0,-0.2151,91.0,-0.3389,319.0
2025-11-28,Wars,-0.1167,25.0,-0.0052,13.0,-0.0287,16.0,0.0126,4.0,0.0328,14.0,-0.0047,15.0,-0.0927,31.0,0.0517,30.0,0.1119,52.0,0.0514,22.0,0.1225,90.0,-0.0285,61.0,-0.0906,28.0,0.0823,11.0,-0.1702,82.0,-0.0029,33.0,-0.0944,4.0,0.0895,43.0,-0.043,27.0,0.0626,19.0,-0.0479,29.0,-0.1453,568.0,0.0198,17.0,0.0828,11.0,0.1217,5.0,0.057,98.0,0.0997,44.0,-0.0088,118.0,-0.0936,197.0,-0.1121,13.0,-0.0776,177.0
2025-11-27,Economic Data,-0.001,154.0,0.0569,89.0,0.1375,94.0,0.0138,92.0,0.1666,84.0,0.0652,48.0,0.2554,29.0,-0.0439,91.0,0.0783,457.0,0.066,65.0,0.1151,299.0,-0.0499,24.0,0.0475,296.0,0.1319,185.0,0.1191,303.0,0.2293,83.0,0.2649,40.0,0.1691,64.0,0.3341,42.0,0.3365,37.0,0.0091,74.0,0.1407,246.0,0.1295,15.0,-0.1559,42.0,0.1597,61.0,0.1174,279.0,0.2752,138.0,0.1537,234.0,0.0799,51.0,-0.0485,363.0,0.1344,353.0
2025-11-27,Economic Data-Consumer Spending,-0.0072,7.0,0.4766,3.0,0.078,2.0,0.1164,9.0,0.4953,4.0,0.2361,6.0,,,0.3001,4.0,-0.3564,15.0,0.0069,2.0,0.3172,3.0,,,0.4666,20.0,-0.0141,5.0,0.1675,34.0,0.0187,4.0,0.1475,1.0,,,,,0.3985,2.0,0.0054,1.0,-0.3026,3.0,,,0.4744,2.0,-0.0009,5.0,0.0017,12.0,-0.2715,7.0,0.4575,2.0,-0.6824,1.0,0.004,93.0,-0.0357,29.0
2025-11-27,Economic Data-Employment,-0.1825,20.0,0.1105,19.0,0.0571,67.0,-0.0391,8.0,0.3226,3.0,0.2766,8.0,0.0082,1.0,0.0888,9.0,-0.0027,40.0,0.2809,6.0,-0.0272,94.0,0.2878,1.0,0.177,60.0,-0.0487,83.0,0.0037,73.0,-0.1525,23.0,-0.1292,9.0,0.1563,9.0,0.7045,6.0,0.7352,3.0,0.1577,13.0,0.1748,54.0,0.1636,7.0,-0.3524,4.0,-0.0335,12.0,0.1075,81.0,0.0023,29.0,0.0702,29.0,0.1674,16.0,-0.1113,17.0,0.0079,66.0
2025-11-27,Economic Data-GDP,-0.6604,2.0,0.9119,1.0,-0.3282,2.0,0.0009,1.0,0.9467,3.0,0.4077,5.0,0.6299,4.0,0.0149,2.0,0.1206,13.0,-0.1303,4.0,0.6718,11.0,,,0.0302,11.0,,,0.6732,26.0,-0.0653,9.0,0.9356,1.0,0.1539,7.0,0.6571,3.0,0.8602,3.0,-0.0026,1.0,0.0101,1.0,,,,,0.4458,3.0,0.7573,5.0,0.5317,14.0,0.4861,16.0,0.0075,2.0,-0.7203,1.0,0.417,9.0
2025-11-27,Economic Data-Housing,0.1776,27.0,0.0373,75.0,0.0891,7.0,-0.1342,47.0,0.1212,7.0,0.2103,16.0,0.0056,7.0,0.0379,15.0,0.1119,82.0,-0.0761,15.0,0.239,65.0,0.3162,3.0,0.0311,47.0,0.2099,56.0,0.0317,116.0,0.1788,8.0,0.0454,38.0,0.2389,7.0,0.0077,2.0,0.3276,3.0,-0.1571,14.0,0.0632,70.0,0.0836,7.0,-0.0704,20.0,-0.2342,10.0,0.0312,238.0,0.01,64.0,0.0501,51.0,0.0037,4.0,0.1947,89.0,0.0262,102.0
2025-11-27,Economic Data-Inflation,-0.3112,6.0,-0.1277,21.0,-0.2882,4.0,-0.9101,1.0,0.0119,1.0,0.0009,2.0,,,0.5991,3.0,0.1433,21.0,,,-0.4357,2.0,0.9359,1.0,-0.0341,4.0,-0.006,10.0,-0.1,5.0,-0.9055,2.0,,,0.0245,1.0,0.002,2.0,0.4786,3.0,-0.1494,2.0,-0.3144,9.0,,,,,0.4569,3.0,-0.4611,2.0,0.0078,3.0,-0.269,26.0,0.9059,2.0,-0.1077,5.0,0.1054,11.0
2025-11-27,Economic Data-Interest Rates,-0.1217,25.0,-0.1659,36.0,0.0608,21.0,0.1494,4.0,0.0232,2.0,0.2974,10.0,0.4745,4.0,0.1991,6.0,-0.0573,52.0,-0.915,1.0,0.0828,55.0,0.0062,1.0,-0.2248,34.0,0.1048,6.0,0.0822,147.0,0.1501,9.0,0.0146,23.0,0.2492,16.0,0.2022,1.0,0.151,8.0,-0.1148,9.0,-0.0131,54.0,0.0127,1.0,0.0455,1.0,0.155,9.0,0.0133,39.0,0.2155,25.0,-0.0186,37.0,0.1863,6.0,0.2292,28.0,-0.0723,53.0
2025-11-27,Economic Data-Manufacturing,0.1442,14.0,0.3452,5.0,0.2825,3.0,0.2953,4.0,0.5181,13.0,0.0003,1.0,0.4852,2.0,0.2631,6.0,0.2767,37.0,0.6346,3.0,0.5916,13.0,,,0.0507,39.0,0.4984,5.0,-0.2014,47.0,0.9258,1.0,,,0.1931,4.0,0.5084,4.0,0.0657,1.0,0.0066,2.0,0.3232,12.0,0.9426,4.0,0.0323,4.0,0.6275,6.0,0.4992,9.0,0.6203,41.0,0.0208,5.0,0.9089,1.0,0.5566,5.0,0.4119,12.0
2025-11-27,Economic Data-Retail Sales,-0.3372,11.0,0.2625,14.0,0.1976,14.0,0.0021,7.0,0.2694,5.0,-0.0141,4.0,0.0255,1.0,0.2351,13.0,0.0284,63.0,0.0077,2.0,0.3264,11.0,0.0003,9.0,-0.071,43.0,0.2719,40.0,0.3369,30.0,0.1218,6.0,-0.0491,11.0,0.5301,6.0,,,0.1895,9.0,0.1566,8.0,0.0425,30.0,0.0239,1.0,-0.0011,4.0,0.3665,8.0,0.21,31.0,0.3315,20.0,0.1219,5.0,0.0987,9.0,0.2799,27.0,0.164,78.0
2025-11-27,Extreme Weather,-0.1269,219.0,-0.2546,85.0,-0.2402,230.0,0.0528,56.0,0.1475,14.0,-0.0303,33.0,-0.1105,11.0,-0.0145,56.0,-0.0636,519.0,-0.0248,31.0,-0.1604,238.0,0.1626,3.0,-0.1454,93.0,0.0241,79.0,0.0454,75.0,-0.2194,60.0,-0.1185,26.0,0.0414,12.0,-0.134,18.0,-0.2199,16.0,-0.0047,85.0,-0.1824,184.0,0.0118,7.0,-0.3159,14.0,0.0167,17.0,0.0701,166.0,0.0481,69.0,-0.148,101.0,-0.1002,89.0,0.0336,76.0,-0.1165,303.0
2025-11-27,Extreme Weather-Cold,-0.0252,9.0,-0.389,5.0,0.0044,2.0,-0.1206,36.0,-0.0021,3.0,-0.4054,12.0,0.9439,1.0,-0.1096,6.0,-0.1828,40.0,-0.0348,12.0,-0.2708,51.0,0.0318,3.0,-0.1661,43.0,0.0177,9.0,-0.2241,42.0,-0.0887,42.0,,,,,-0.4349,2.0,,,-0.2282,27.0,-0.1063,67.0,,,0.0215,2.0,,,-0.0279,35.0,0.3301,15.0,-0.2348,30.0,-0.0994,27.0,-0.1086,27.0,-0.0408,101.0
2025-11-27,Extreme Weather-Drought,-0.1546,16.0,-0.0239,48.0,0.0678,85.0,-0.3236,5.0,0.0002,4.0,,,-0.0009,1.0,0.0231,8.0,-0.0527,20.0,-0.4423,2.0,-0.1587,49.0,-0.2162,2.0,-0.0285,16.0,0.4759,2.0,-0.2634,3.0,-0.1383,20.0,-0.0024,5.0,,,-0.7545,3.0,-0.3129,10.0,0.4312,2.0,0.174,9.0,0.132,6.0,,,0.0586,10.0,0.0871,27.0,0.5925,8.0,-0.2244,49.0,-0.0488,16.0,-0.0192,6.0,0.0354,27.0
2025-11-27,Extreme Weather-Heat,-0.0756,31.0,0.1246,16.0,0.085,8.0,-0.0089,1.0,0.1141,2.0,-0.0961,4.0,-0.0022,1.0,-0.0141,2.0,-0.1694,38.0,0.0131,2.0,-0.2229,10.0,0.1254,4.0,-0.1309,9.0,0.5546,5.0,-0.2042,6.0,0.0973,7.0,0.2347,15.0,-0.8447,1.0,-0.0018,1.0,,,-0.0068,3.0,-0.0358,14.0,,,,,0.2374,4.0,0.0006,9.0,0.2977,7.0,-0.9108,1.0,0.0397,4.0,-0.1752,8.0,-0.1574,11.0
2025-11-27,Fiscal Policy,-0.0446,131.0,-0.062,153.0,0.102,129.0,0.0817,149.0,0.1642,28.0,-0.0059,17.0,0.2738,27.0,-0.0958,103.0,-0.0316,281.0,0.0166,46.0,-0.0125,181.0,-0.2882,16.0,0.0368,288.0,0.1662,74.0,0.1785,134.0,0.1449,107.0,-0.0967,36.0,0.1946,92.0,0.1551,66.0,-0.0531,78.0,-0.0829,57.0,0.0806,114.0,0.8428,1.0,-0.3434,8.0,-0.2285,30.0,0.076,376.0,-0.1211,83.0,-0.0158,146.0,-0.0197,63.0,-0.0509,190.0,-0.0677,286.0
2025-11-27,Fiscal Policy-Stimulus Package,0.1219,92.0,0.1156,31.0,0.1162,63.0,0.1015,44.0,0.1298,12.0,0.0078,14.0,0.3646,13.0,-0.0805,36.0,0.0888,79.0,0.0722,37.0,0.1196,50.0,0.0266,11.0,0.0612,91.0,0.1486,34.0,0.192,53.0,0.0343,41.0,-0.2968,17.0,0.1558,74.0,0.0364,15.0,0.0722,64.0,0.053,14.0,0.1176,84.0,0.0087,1.0,0.4737,2.0,0.1473,17.0,0.1108,193.0,0.0539,111.0,-0.0154,62.0,0.1379,26.0,-0.0253,247.0,0.0071,154.0
2025-11-27,Monetary Policy,0.1505,15.0,-0.2516,17.0,-0.1746,9.0,0.3077,4.0,0.0115,4.0,0.2903,5.0,0.3284,3.0,0.0306,4.0,0.0872,25.0,-0.908,1.0,0.1569,42.0,,,-0.0064,9.0,0.1048,6.0,0.1423,90.0,0.0088,5.0,0.0189,4.0,0.2337,15.0,0.4223,2.0,0.1966,5.0,0.1642,5.0,-0.0385,27.0,,,-0.2565,2.0,0.0512,5.0,0.1453,13.0,0.2837,19.0,-0.1839,15.0,0.306,8.0,0.2736,15.0,-0.0987,27.0
2025-11-27,Monetary Policy-Interest Rates,-0.0062,2.0,-0.6857,2.0,-0.0666,3.0,,,0.5949,2.0,,,,,,,-0.1319,7.0,0.3916,2.0,-0.1306,13.0,0.2684,2.0,,,-0.3686,8.0,-0.0237,48.0,,,,,0.3539,2.0,,,,,,,0.1795,4.0,,,-0.9009,1.0,0.0047,5.0,,,-0.61,2.0,0.0234,6.0,,,0.0222,2.0,0.0398,13.0
2025-11-27,Monetary Policy-Quantitative Easing,0.1061,6.0,0.0037,1.0,0.0084,4.0,0.0043,4.0,0.5319,1.0,-0.2365,4.0,0.286,4.0,-0.0197,5.0,-0.0111,49.0,0.9494,1.0,0.1426,15.0,,,0.1579,19.0,-0.6465,2.0,0.1732,65.0,0.0052,4.0,,,0.0751,3.0,0.4744,2.0,0.2947,1.0,,,-0.0824,25.0,0.4233,2.0,0.0325,1.0,-0.1638,6.0,0.2965,3.0,0.3379,12.0,0.0116,14.0,0.116,5.0,0.9505,1.0,-0.0455,15.0
2025-11-27,Natural Disaster,-0.3739,6.0,-0.3506,15.0,-0.5814,4.0,,,,,0.0808,2.0,-0.871,1.0,-0.539,6.0,-0.0542,14.0,-0.8755,2.0,-0.1377,16.0,,,-0.3043,9.0,-0.5534,5.0,-0.2868,4.0,-0.3634,10.0,-0.0364,4.0,-0.1516,1.0,,,-0.591,4.0,-0.5912,9.0,-0.6833,15.0,,,-0.8948,6.0,,,-0.2014,11.0,-0.3674,3.0,-0.1644,45.0,,,-0.6899,14.0,-0.2613,74.0
2025-11-27,Oil Spills,,,,,,,,,,,,,,,0.0075,1.0,,,,,,,,,,,,,,,,,-0.4754,1.0,0.089,1.0,,,,,,,-0.2409,3.0,,,,,,,,,-0.2698,2.0,0.0065,1.0,-0.2846,3.0,,,-0.288,3.0
2025-11-27,Pandemic,-0.0566,194.0,0.0127,204.0,-0.0735,182.0,-0.0835,169.0,0.3428,24.0,-0.2188,46.0,0.0529,52.0,-0.1066,208.0,-0.0908,535.0,-0.0795,80.0,-0.1799,492.0,-0.0836,69.0,-0.0152,727.0,0.1502,152.0,0.0786,365.0,-0.1471,213.0,-0.0955,94.0,-0.0294,204.0,0.0895,91.0,-0.0067,106.0,-0.0622,152.0,-0.1473,592.0,0.1094,30.0,-0.2299,23.0,-0.0409,69.0,-0.0698,554.0,0.0496,179.0,-0.2527,439.0,-0.1138,137.0,-0.1817,327.0,-0.0633,626.0
2025-11-27,Politics,-0.0535,742.0,-0.0192,656.0,0.0062,583.0,-0.0167,399.0,0.0904,91.0,-0.1196,142.0,0.1289,104.0,-0.0745,463.0,-0.0021,1148.0,-0.0336,231.0,-0.0765,1496.0,-0.1213,330.0,-0.0176,1487.0,0.0162,323.0,-0.041,954.0,-0.0219,549.0,-0.1117,189.0,0.0429,542.0,0.0103,243.0,-0.0227,312.0,-0.0529,329.0,-0.0557,1182.0,0.063,52.0,-0.0246,48.0,-0.1327,214.0,-0.01,2005.0,-0.0206,493.0,0.0005,971.0,0.0079,292.0,-0.0933,718.0,-0.082,1828.0
2025-11-27,Politics-Election,0.0061,14.0,0.0516,48.0,-0.0405,18.0,0.0407,17.0,,,-0.0379,5.0,-0.0817,6.0,0.0495,21.0,-0.0869,49.0,-0.0055,4.0,-0.0218,122.0,0.0038,1.0,0.084,47.0,0.1077,12.0,-0.0183,30.0,0.0061,3.0,-0.0634,9.0,0.157,9.0,0.0782,14.0,0.0641,3.0,-0.0388,7.0,0.0083,7.0,,,0.0206,4.0,-0.0133,5.0,0.0554,42.0,0.0067,27.0,0.1946,6.0,,,0.2254,10.0,0.034,58.0
2025-11-27,Politics-Political Tension,-0.0979,92.0,-0.1549,118.0,-0.0293,76.0,-0.0692,71.0,0.2185,3.0,-0.0839,26.0,0.0432,5.0,-0.127,41.0,-0.0794,185.0,0.2291,13.0,-0.1396,159.0,-0.1391,49.0,-0.091,137.0,-0.1707,37.0,-0.1798,124.0,-0.1107,75.0,-0.2135,24.0,-0.1211,45.0,0.018,38.0,0.0188,19.0,-0.0736,42.0,0.0366,87.0,0.1875,4.0,-0.2821,5.0,0.0103,20.0,-0.0576,217.0,-0.1846,54.0,-0.1254,88.0,-0.0092,55.0,-0.1506,35.0,-0.1081,229.0
2025-11-27,Terrorist Attacks,-0.4602,19.0,-0.3608,159.0,-0.4481,31.0,-0.3829,57.0,,,,,-0.4522,8.0,-0.5617,18.0,-0.4023,108.0,-0.3513,8.0,-0.413,202.0,-0.3586,23.0,-0.3511,48.0,-0.348,23.0,-0.5073,23.0,-0.5738,62.0,-0.42,20.0,-0.4389,82.0,-0.4115,38.0,-0.4722,11.0,-0.2931,11.0,-0.3709,160.0,0.0006,1.0,-0.4166,12.0,-0.7379,5.0,-0.3764,42.0,-0.3392,5.0,-0.4873,134.0,-0.3221,16.0,-0.4364,126.0,-0.4022,450.0
2025-11-27,Wars,-0.0806,34.0,-0.3289,16.0,0.0095,20.0,0.0835,6.0,0.0107,12.0,-0.2604,8.0,-0.0674,29.0,-0.0025,34.0,0.0719,53.0,-0.2126,13.0,0.0572,63.0,-0.1061,51.0,-0.0274,91.0,0.0607,17.0,-0.0779,57.0,-0.1127,24.0,0.2721,6.0,-0.0348,55.0,0.0587,22.0,0.0074,6.0,-0.0402,48.0,-0.123,822.0,0.1582,19.0,-0.4219,2.0,0.0946,5.0,0.0017,115.0,0.0124,53.0,-0.0233,120.0,-0.0566,275.0,-0.1913,6.0,-0.0577,157.0
2025-11-26,Economic Data,-0.0048,159.0,-0.0317,88.0,0.1795,121.0,0.0848,85.0,0.1193,68.0,0.0949,53.0,0.1983,22.0,-0.0421,87.0,0.0002,354.0,0.0143,38.0,0.0498,279.0,0.3097,15.0,0.0844,235.0,0.1973,171.0,0.1929,240.0,-0.0306,104.0,0.016,39.0,0.0552,54.0,0.1006,48.0,0.167,25.0,0.0197,78.0,0.0345,240.0,0.1909,17.0,-0.1224,26.0,0.1316,54.0,0.19,244.0,0.3169,222.0,0.034,150.0,0.2071,60.0,0.0531,239.0,0.0479,431.0
2025-11-26,Economic Data-Consumer Spending,-0.0087,6.0,0.1365,9.0,0.3295,6.0,0.1245,8.0,0.446,3.0,0.4723,2.0,,,-0.1816,2.0,-0.242,4.0,0.0345,5.0,0.2079,5.0,0.0122,2.0,0.6353,7.0,-0.0004,2.0,-0.0876,4.0,-0.0681,6.0,0.943,2.0,,,,,0.0053,1.0,0.0011,3.0,-0.0099,5.0,,,,,0.0216,4.0,-0.0655,8.0,-0.1326,4.0,0.4702,3.0,,,-0.0834,67.0,-0.1043,33.0
2025-11-26,Economic Data-Employment,-0.0936,29.0,-0.0641,25.0,0.0783,62.0,-0.1742,16.0,0.484,5.0,0.046,7.0,0.0715,6.0,0.01,27.0,-0.2061,86.0,0.015,8.0,0.0639,85.0,-0.0085,5.0,0.1702,47.0,0.2019,61.0,0.4006,34.0,0.1123,20.0,-0.0681,8.0,0.3765,10.0,0.0089,21.0,0.42,5.0,-0.0085,13.0,0.064,70.0,-0.0202,3.0,-0.2623,9.0,0.0136,8.0,0.1212,55.0,0.1353,38.0,-0.0515,25.0,0.154,10.0,0.0462,20.0,-0.1465,125.0
2025-11-26,Economic Data-GDP,0.0665,11.0,,,-0.9245,1.0,-0.01,2.0,,,0.9468,1.0,,,0.9441,1.0,0.1847,14.0,0.3218,2.0,0.8439,8.0,,,0.6062,5.0,0.0118,5.0,0.6662,7.0,-0.3913,9.0,0.9442,1.0,0.0208,1.0,0.4091,4.0,-0.8969,2.0,,,0.0182,1.0,,,,,,,0.8056,16.0,0.9434,6.0,,,,,-0.4523,5.0,-0.2926,5.0
2025-11-26,Economic Data-Housing,0.18,24.0,-0.2674,77.0,0.3074,17.0,0.2028,67.0,0.3608,11.0,-0.0821,11.0,0.0602,9.0,-0.0227,19.0,-0.0573,86.0,0.0301,20.0,0.4053,67.0,0.2007,4.0,0.0698,56.0,0.0189,33.0,0.1184,118.0,-0.0917,5.0,0.0077,19.0,0.2892,4.0,-0.145,4.0,0.0722,15.0,-0.062,15.0,0.1475,100.0,0.3145,9.0,0.2987,9.0,0.2734,9.0,0.0459,127.0,0.0258,54.0,0.3708,11.0,0.1609,10.0,0.1908,80.0,0.1164,199.0
2025-11-26,Economic Data-Inflation,-0.1891,6.0,-0.0072,14.0,0.3275,5.0,0.0164,1.0,0.9401,1.0,-0.4451,2.0,,,-0.4565,2.0,0.4679,13.0,0.421,3.0,0.0495,11.0,-0.007,1.0,0.0019,1.0,0.1994,14.0,-0.4605,6.0,0.0065,1.0,-0.7183,2.0,,,0.0089,2.0,0.2315,2.0,-0.4414,2.0,-0.4419,10.0,,,,,,,0.0145,3.0,0.0292,1.0,0.1838,20.0,0.3118,3.0,-0.1358,9.0,0.0298,38.0
2025-11-26,Economic Data-Interest Rates,-0.158,31.0,0.0253,80.0,0.1436,20.0,-0.1605,21.0,-0.1065,4.0,0.2748,13.0,0.1157,3.0,0.1721,13.0,0.0699,54.0,0.471,4.0,0.2362,55.0,0.5821,4.0,0.1928,32.0,0.3676,9.0,0.2947,52.0,0.2831,11.0,-0.1981,44.0,0.4299,15.0,0.4302,2.0,0.4477,5.0,-0.294,7.0,0.1444,85.0,0.0104,1.0,0.0181,1.0,-0.0123,10.0,-0.0262,34.0,0.2179,30.0,0.2472,20.0,-0.4461,6.0,0.0495,29.0,0.009,85.0
2025-11-26,Economic Data-Manufacturing,-0.0677,5.0,0.0119,6.0,-0.1461,6.0,0.2675,6.0,0.5482,5.0,,,0.0466,1.0,0.3447,14.0,0.133,58.0,0.2899,2.0,-0.3273,9.0,0.601,2.0,0.1643,20.0,0.316,11.0,0.3193,24.0,0.3724,5.0,0.4735,2.0,0.7607,6.0,0.0168,3.0,,,-0.9178,1.0,0.3346,16.0,,,0.4886,6.0,0.937,2.0,0.5393,14.0,0.511,54.0,0.0793,7.0,0.0188,3.0,0.4847,10.0,0.1113,25.0
2025-11-26,Economic Data-Retail Sales,-0.3587,13.0,0.1873,39.0,0.0155,14.0,0.2361,16.0,0.304,7.0,0.0303,5.0,,,0.1817,15.0,0.1332,34.0,0.0371,4.0,0.471,24.0,0.0021,5.0,0.1991,19.0,0.1658,27.0,0.6319,24.0,0.2155,6.0,0.128,11.0,0.8901,1.0,0.4495,2.0,0.5342,6.0,-0.0003,7.0,-0.0441,19.0,0.7317,1.0,0.0252,5.0,0.045,2.0,0.204,26.0,0.4698,19.0,0.1693,8.0,0.2218,11.0,0.2953,31.0,0.0422,101.0
2025-11-26,Extreme Weather,-0.0637,229.0,-0.1388,128.0,-0.0135,213.0,0.0207,64.0,0.3513,10.0,-0.0759,38.0,-0.3154,9.0,-0.0968,60.0,-0.0789,392.0,-0.2162,26.0,-0.0365,229.0,0.0847,13.0,-0.1615,120.0,0.0333,95.0,0.084,139.0,-0.1345,58.0,-0.0767,36.0,0.2181,5.0,-0.3525,13.0,-0.0844,22.0,-0.0531,87.0,-0.0775,205.0,0.0706,17.0,-0.1118,7.0,-0.0386,11.0,0.0189,187.0,0.0594,91.0,-0.0095,100.0,-0.0348,78.0,-0.0652,59.0,-0.1194,364.0
2025-11-26,Extreme Weather-Cold,-0.1194,8.0,0.4552,2.0,-0.1303,1.0,-0.1196,43.0,0.0023,1.0,-0.2988,24.0,,,-0.1127,16.0,-0.0695,54.0,-0.0305,7.0,-0.2266,76.0,-0.3903,3.0,-0.1441,37.0,-0.0402,13.0,0.0134,28.0,-0.1904,39.0,0.3377,2.0,,,0.1599,3.0,0.0025,2.0,-0.1823,38.0,-0.1252,92.0,,,-0.9206,1.0,,,-0.0513,35.0,-0.0039,19.0,-0.205,14.0,-0.0915,23.0,0.0932,52.0,-0.061,152.0
2025-11-26,Extreme Weather-Drought,0.1486,10.0,-0.0464,6.0,-0.376,86.0,0.0516,5.0,0.012,2.0,0.2625,3.0,0.0042,1.0,-0.0242,8.0,-0.2709,14.0,-0.1055,10.0,-0.2775,27.0,0.3521,4.0,-0.13,19.0,0.2313,5.0,-0.0199,4.0,-0.172,23.0,0.1862,3.0,0.122,3.0,-0.3459,5.0,0.1604,6.0,-0.2248,7.0,0.0222,17.0,-0.6894,1.0,0.0064,1.0,-0.4348,5.0,0.1599,15.0,0.4644,8.0,-0.1481,50.0,-0.0017,2.0,0.4607,4.0,0.0478,23.0
2025-11-26,Extreme Weather-Heat,0.0412,23.0,0.2153,19.0,0.093,7.0,0.2829,4.0,0.3657,1.0,0.0002,1.0,0.0018,1.0,-0.017,6.0,0.0946,35.0,,,-0.2468,11.0,0.001,1.0,0.0104,2.0,-0.1309,2.0,-0.2198,4.0,-0.0136,7.0,0.0821,12.0,,,-0.5948,2.0,,,,,0.1288,18.0,,,0.0055,1.0,-0.0963,10.0,0.1474,19.0,0.2509,6.0,-0.0089,2.0,-0.3067,3.0,-0.029,8.0,-0.1151,17.0
2025-11-26,Fiscal Policy,0.0748,114.0,-0.0525,145.0,0.047,98.0,0.0763,86.0,0.1165,18.0,-0.1164,28.0,0.2657,11.0,-0.1273,97.0,-0.0261,357.0,-0.1306,31.0,0.0957,205.0,-0.0138,23.0,0.0399,257.0,0.0601,41.0,0.1752,125.0,-0.0453,116.0,0.0579,57.0,0.1078,111.0,0.2364,53.0,0.0689,69.0,0.0238,40.0,0.0652,134.0,0.564,4.0,0.0884,7.0,-0.0167,20.0,0.0407,352.0,0.1275,94.0,0.0513,131.0,0.2139,89.0,-0.0316,258.0,-0.0187,479.0
2025-11-26,Fiscal Policy-Stimulus Package,0.1014,85.0,0.0231,57.0,0.2004,68.0,0.0661,56.0,0.1492,11.0,0.0464,27.0,0.0728,13.0,0.0778,56.0,-0.0295,114.0,-0.2689,34.0,0.0989,51.0,-0.066,11.0,-0.0364,86.0,0.2462,37.0,0.3735,39.0,0.1252,56.0,-0.1489,23.0,0.1329,73.0,-0.0679,17.0,-0.1083,39.0,-0.0434,14.0,0.3446,75.0,0.2579,6.0,-0.0271,11.0,-0.1472,12.0,0.0916,148.0,0.1225,102.0,-0.0356,35.0,0.169,48.0,-0.0352,477.0,0.046,277.0
2025-11-26,Monetary Policy,-0.255,24.0,-0.0916,65.0,0.3384,6.0,0.1006,8.0,0.003,1.0,0.2478,8.0,0.2498,3.0,0.316,8.0,0.4039,38.0,0.6291,3.0,0.2177,35.0,,,0.1592,20.0,0.1004,5.0,0.4227,23.0,0.0224,2.0,-0.1606,30.0,0.2325,11.0,0.9381,1.0,0.0644,2.0,-0.3594,5.0,0.1148,24.0,0.0104,1.0,0.0181,1.0,-0.0883,4.0,0.28,8.0,0.2135,19.0,0.1917,16.0,0.7686,2.0,0.2696,11.0,-0.0182,46.0
2025-11-26,Monetary Policy-Interest Rates,0.0014,1.0,-0.1209,6.0,0.8722,1.0,,,-0.268,2.0,,,,,0.5942,1.0,-0.0585,7.0,0.135,1.0,0.2057,10.0,,,0.0546,1.0,0.5946,6.0,-0.4495,12.0,,,-0.4022,8.0,0.1439,6.0,,,-0.9098,1.0,0.0449,1.0,,,,,,,0.0121,5.0,,,0.404,8.0,0.0305,4.0,,,-0.3701,3.0,-0.2606,10.0
2025-11-26,Monetary Policy-Quantitative Easing,-0.2502,8.0,0.5843,6.0,0.2352,3.0,0.671,10.0,-0.0922,1.0,0.0011,1.0,-0.0345,2.0,0.0389,1.0,0.1026,67.0,0.9359,1.0,0.042,11.0,,,0.0188,23.0,0.8783,3.0,0.1792,56.0,,,0.028,4.0,0.0058,4.0,-0.001,2.0,0.0725,4.0,0.3126,3.0,0.341,8.0,,,-0.9141,1.0,0.4697,2.0,-0.3579,2.0,0.27,20.0,-0.1166,10.0,0.4671,2.0,0.0116,2.0,-0.0074,17.0
2025-11-26,Natural Disaster,-0.2806,10.0,-0.7138,24.0,-0.4863,9.0,0.0213,3.0,,,,,-0.7894,1.0,-0.4226,4.0,-0.4602,9.0,-0.9079,3.0,-0.4215,11.0,-0.7619,1.0,-0.4648,5.0,-0.3288,19.0,-0.6659,3.0,-0.3285,11.0,-0.1235,7.0,-0.02,1.0,-0.417,2.0,-0.688,4.0,-0.868,3.0,-0.3157,30.0,,,,,0.0907,1.0,-0.3009,6.0,-0.679,14.0,-0.1189,43.0,-0.4696,1.0,-0.4426,2.0,-0.4729,55.0
2025-11-26,Oil Spills,-0.0006,2.0,,,-0.91,1.0,,,,,,,,,0.0072,1.0,,,,,,,,,-0.3499,1.0,,,-0.008,1.0,,,0.0551,1.0,,,,,,,,,-0.3427,6.0,,,,,,,,,,,,,,,,,-0.5304,4.0
2025-11-26,Pandemic,-0.0541,175.0,-0.0025,207.0,-0.02,211.0,0.0059,139.0,0.2009,24.0,-0.0998,44.0,0.0723,61.0,-0.1043,216.0,-0.002,638.0,-0.1231,84.0,-0.149,509.0,-0.0713,52.0,-0.0827,635.0,0.0342,118.0,-0.0039,362.0,-0.0589,214.0,-0.1051,94.0,-0.0044,207.0,0.0334,81.0,-0.0175,107.0,-0.1056,140.0,-0.1375,575.0,0.2902,28.0,-0.1204,41.0,-0.0582,62.0,0.0027,638.0,0.0422,165.0,-0.2406,442.0,-0.0818,130.0,-0.2003,309.0,-0.064,907.0
2025-11-26,Politics,0.0062,711.0,-0.0613,579.0,-0.018,646.0,-0.0166,442.0,0.0883,61.0,-0.0652,168.0,0.058,89.0,-0.0062,530.0,-0.0071,1317.0,-0.0342,283.0,-0.0845,1632.0,-0.1095,304.0,-0.0179,1382.0,0.0272,282.0,-0.0367,1004.0,-0.0072,665.0,-0.0793,237.0,-0.0025,558.0,0.0003,311.0,-0.0554,298.0,-0.0536,321.0,-0.0436,1147.0,0.1329,38.0,-0.1212,93.0,-0.1394,199.0,-0.0002,1812.0,-0.009,493.0,-0.0029,869.0,0.0151,486.0,-0.1089,1054.0,-0.0599,3084.0
2025-11-26,Politics-Election,0.0205,16.0,-0.0129,27.0,0.0745,13.0,-0.0734,7.0,,,-0.0616,2.0,0.0055,38.0,-0.0142,27.0,-0.032,31.0,0.0222,23.0,-0.0814,103.0,0.2125,10.0,-0.0181,70.0,-0.0006,15.0,0.1203,22.0,0.0034,10.0,0.1232,8.0,0.0721,14.0,-0.0389,12.0,-0.0189,1.0,0.005,2.0,-0.076,10.0,,,0.0194,3.0,0.0048,1.0,-0.1345,25.0,0.0592,18.0,0.0036,9.0,,,-0.2274,6.0,0.0248,108.0
2025-11-26,Politics-Political Tension,-0.1084,103.0,-0.1374,107.0,-0.1894,83.0,-0.106,59.0,-0.1126,11.0,-0.0631,16.0,,,-0.1032,36.0,-0.0507,135.0,0.0391,17.0,-0.1208,241.0,-0.0996,76.0,0.0197,126.0,0.0916,19.0,-0.1451,99.0,-0.1138,81.0,-0.0406,14.0,-0.1049,54.0,0.0478,41.0,0.009,28.0,-0.0972,38.0,-0.12,123.0,0.0051,2.0,0.0324,6.0,-0.2354,16.0,-0.0656,201.0,-0.2408,36.0,-0.0584,83.0,-0.0873,120.0,-0.1299,59.0,-0.1175,299.0
2025-11-26,Terrorist Attacks,-0.6172,33.0,-0.286,100.0,-0.5261,79.0,-0.5017,56.0,,,-0.6683,9.0,-0.2683,9.0,-0.4517,30.0,-0.3649,86.0,-0.2623,11.0,-0.2625,242.0,-0.4419,53.0,-0.4458,55.0,-0.3636,19.0,-0.5854,17.0,-0.4895,69.0,-0.5168,21.0,-0.3728,64.0,-0.476,40.0,-0.6717,8.0,-0.4992,16.0,-0.4567,127.0,-0.0893,7.0,-0.6226,11.0,-0.2315,8.0,-0.6446,72.0,-0.6455,10.0,-0.5502,190.0,-0.5121,45.0,-0.3877,114.0,-0.4219,592.0
2025-11-26,Wars,0.1422,35.0,0.0072,7.0,-0.0972,21.0,0.0167,6.0,-0.0954,15.0,0.0038,12.0,-0.0078,15.0,-0.0518,27.0,0.0684,69.0,-0.1211,31.0,0.0923,62.0,-0.0213,99.0,0.0249,72.0,0.1942,10.0,0.0212,65.0,0.0292,30.0,0.4676,2.0,-0.1251,50.0,0.2225,49.0,0.0998,18.0,0.0186,34.0,-0.1169,605.0,0.0708,10.0,0.3507,6.0,0.3315,8.0,0.0318,90.0,0.0931,40.0,0.0132,151.0,-0.0072,321.0,-0.2063,11.0,-0.0314,172.0
2025-11-25,Economic Data,0.064,119.0,0.1564,92.0,0.1588,113.0,0.0707,89.0,0.3715,52.0,-0.0839,48.0,0.4104,30.0,-0.0174,92.0,0.0632,464.0,-0.0267,33.0,0.1832,276.0,-0.033,13.0,0.0678,234.0,0.2727,151.0,0.2533,236.0,0.1447,78.0,-0.1064,44.0,-0.0301,53.0,0.1053,36.0,0.1518,76.0,0.0427,73.0,0.1139,240.0,0.2946,13.0,0.04,35.0,0.1411,44.0,0.1241,270.0,0.288,189.0,0.0764,131.0,0.0649,56.0,0.1773,251.0,0.067,494.0
2025-11-25,Economic Data-Consumer Spending,-0.0574,4.0,0.4565,6.0,0.3144,3.0,-0.1161,8.0,0.9461,1.0,0.2096,5.0,,,-0.6663,11.0,-0.013,8.0,-0.0118,4.0,0.124,11.0,,,0.2026,5.0,0.0722,1.0,0.2026,14.0,0.0081,1.0,-0.2217,1.0,,,,,,,0.1034,1.0,0.0002,5.0,,,-0.2276,3.0,0.0077,5.0,-0.081,12.0,,,-0.4399,2.0,-0.0013,1.0,-0.0935,14.0,-0.024,29.0
2025-11-25,Economic Data-Employment,-0.0809,20.0,-0.0221,24.0,0.1599,82.0,0.0539,24.0,0.0218,8.0,0.002,2.0,0.4642,3.0,0.0093,22.0,0.0509,66.0,-0.0116,8.0,0.1204,121.0,-0.0015,1.0,-0.1947,30.0,0.2828,55.0,0.1558,69.0,-0.0501,12.0,-0.1544,10.0,0.1943,9.0,0.2376,11.0,0.3563,6.0,-0.5278,8.0,0.0677,59.0,0.0646,7.0,-0.1744,15.0,-0.0105,11.0,0.0524,72.0,0.0426,32.0,0.0968,27.0,-0.1737,7.0,0.2507,20.0,0.0275,94.0
2025-11-25,Economic Data-GDP,0.6112,6.0,-0.8711,1.0,-0.6869,1.0,0.3456,8.0,,,-0.0015,2.0,,,,,-0.1987,36.0,,,0.8139,24.0,,,0.2676,1.0,,,0.6431,8.0,0.4497,7.0,0.1203,3.0,0.2916,4.0,0.3007,2.0,-0.5846,5.0,0.0052,3.0,0.3216,4.0,,,,,,,0.2838,7.0,-0.9197,2.0,,,,,-0.9209,1.0,0.3246,6.0
2025-11-25,Economic Data-Housing,-0.0015,22.0,0.1291,84.0,0.2745,12.0,-0.013,42.0,0.1673,8.0,-0.2394,18.0,0.1033,8.0,0.1232,23.0,-0.0122,147.0,-0.0973,19.0,0.1837,31.0,0.1619,7.0,0.1744,31.0,0.0406,47.0,0.0056,88.0,0.064,5.0,-0.1197,48.0,0.4268,6.0,,,0.7136,4.0,-0.096,16.0,0.1435,41.0,0.634,3.0,0.2551,9.0,-0.0634,7.0,-0.0635,100.0,0.2647,66.0,0.0074,33.0,0.214,5.0,0.1004,91.0,0.0376,154.0
2025-11-25,Economic Data-Inflation,0.3002,6.0,0.4248,5.0,0.0403,2.0,,,0.94,1.0,0.4676,3.0,-0.4104,3.0,0.2357,3.0,0.3179,11.0,0.0058,1.0,-0.0883,8.0,,,,,0.2013,5.0,-0.2654,8.0,0.3715,7.0,-0.4411,2.0,-0.0022,1.0,-0.1399,5.0,0.003,2.0,-0.255,3.0,0.1556,9.0,,,0.9383,1.0,0.0084,1.0,0.2717,4.0,0.4686,9.0,-0.1138,24.0,-0.0074,6.0,-0.1436,16.0,-0.0678,28.0
2025-11-25,Economic Data-Interest Rates,0.0413,17.0,0.0431,20.0,-0.0811,17.0,0.571,19.0,-0.0,1.0,-0.1974,7.0,0.2917,3.0,0.3628,12.0,0.2421,53.0,0.1487,2.0,0.209,60.0,-0.4665,5.0,0.3571,23.0,0.5089,5.0,-0.2676,53.0,0.2426,4.0,-0.0633,12.0,0.1659,27.0,0.2132,4.0,0.1048,11.0,0.2181,9.0,0.0878,64.0,0.025,1.0,0.0623,3.0,-0.0175,10.0,-0.0495,27.0,0.1205,25.0,-0.0888,6.0,0.2603,2.0,0.0589,43.0,0.3902,114.0
2025-11-25,Economic Data-Manufacturing,-0.3946,3.0,0.0759,4.0,0.5311,6.0,-0.8565,1.0,0.4622,12.0,0.0317,1.0,0.4599,4.0,0.1318,9.0,0.1585,69.0,0.4578,2.0,0.2142,10.0,,,0.3164,26.0,0.4732,12.0,0.548,53.0,0.0674,1.0,,,0.5458,4.0,-0.0009,1.0,0.7772,4.0,0.4688,2.0,-0.0961,10.0,0.002,2.0,0.2949,4.0,0.875,1.0,0.3992,16.0,0.5902,57.0,0.0059,3.0,0.0599,1.0,0.2828,14.0,0.268,31.0
2025-11-25,Economic Data-Retail Sales,0.3392,12.0,-0.0376,12.0,0.1949,11.0,0.229,39.0,0.019,7.0,0.7534,6.0,0.0041,1.0,0.2472,26.0,0.1223,46.0,0.0149,2.0,0.1371,16.0,,,0.2189,28.0,0.2271,37.0,0.6866,33.0,-0.4037,6.0,0.2492,9.0,0.0067,2.0,0.8698,3.0,0.4735,2.0,0.0602,7.0,0.047,25.0,0.4409,2.0,0.3207,6.0,0.3997,9.0,0.0744,19.0,0.3579,23.0,0.3282,5.0,0.0343,8.0,0.2145,37.0,0.0645,130.0
2025-11-25,Extreme Weather,-0.1246,199.0,-0.2333,91.0,-0.1705,250.0,0.1961,51.0,0.1468,11.0,-0.1411,25.0,-0.2971,12.0,-0.0783,65.0,-0.1064,454.0,-0.1258,20.0,-0.109,256.0,-0.4974,25.0,-0.1993,138.0,0.0227,109.0,0.0134,102.0,-0.04,51.0,-0.2298,18.0,0.4928,6.0,-0.2231,12.0,-0.1372,37.0,-0.0334,89.0,-0.0883,190.0,-0.1548,8.0,0.0682,9.0,-0.1401,36.0,-0.022,150.0,0.1312,66.0,-0.1327,128.0,-0.1104,96.0,-0.0697,97.0,-0.1934,390.0
2025-11-25,Extreme Weather-Cold,-0.1514,6.0,-0.0815,4.0,-0.0099,3.0,-0.1679,32.0,0.1608,6.0,-0.3788,23.0,,,-0.2725,13.0,-0.1137,56.0,-0.1249,14.0,-0.2497,62.0,-0.4272,2.0,-0.0935,28.0,0.046,14.0,-0.1908,26.0,-0.0524,27.0,0.0045,1.0,,,0.0004,2.0,,,-0.2605,41.0,-0.1424,97.0,-0.6293,1.0,,,,,-0.0748,33.0,0.0214,19.0,-0.0826,26.0,0.017,19.0,-0.0183,38.0,-0.107,96.0
2025-11-25,Extreme Weather-Drought,-0.0764,7.0,0.6867,3.0,-0.3587,122.0,-0.2828,1.0,0.1014,4.0,-0.9007,1.0,-0.4671,1.0,-0.1607,12.0,-0.1609,9.0,-0.2498,8.0,-0.1733,29.0,0.1671,1.0,0.0967,16.0,-0.109,7.0,-0.0204,6.0,0.1884,13.0,0.0051,2.0,-0.8381,2.0,0.4331,5.0,0.2396,7.0,-0.1664,7.0,-0.0569,16.0,0.2308,3.0,,,-0.1784,12.0,0.3439,39.0,0.2399,7.0,-0.2733,46.0,-0.0918,10.0,0.2731,4.0,-0.0116,38.0
2025-11-25,Extreme Weather-Heat,-0.1145,13.0,-0.2997,7.0,-0.3659,6.0,0.009,2.0,0.0073,3.0,-0.6893,1.0,0.01,1.0,0.0007,7.0,-0.0523,29.0,0.2269,2.0,0.0356,12.0,0.4103,3.0,0.0114,5.0,0.0034,1.0,0.0256,15.0,-0.0033,4.0,-0.0196,12.0,,,,,,,0.1197,7.0,0.0661,28.0,,,0.0189,1.0,0.0081,6.0,0.0316,10.0,0.105,19.0,-0.0758,2.0,0.4676,3.0,-0.01,6.0,-0.0404,16.0
2025-11-25,Fiscal Policy,0.0623,109.0,-0.0327,91.0,0.0749,99.0,0.0266,98.0,0.2266,18.0,-0.0426,25.0,0.3237,9.0,-0.0074,94.0,0.0052,295.0,-0.0589,43.0,0.0831,184.0,-0.0338,13.0,0.0897,236.0,0.02,54.0,0.166,121.0,0.0991,79.0,-0.0337,81.0,0.0249,106.0,0.1378,57.0,0.0174,52.0,0.1478,34.0,0.0489,185.0,0.1976,9.0,0.0804,9.0,0.0443,41.0,-0.0024,331.0,-0.0291,101.0,0.0295,83.0,0.0219,41.0,-0.0418,212.0,-0.0281,456.0
2025-11-25,Fiscal Policy-Stimulus Package,0.037,59.0,0.0755,66.0,0.0841,37.0,-0.0284,101.0,0.1157,14.0,-0.3267,15.0,0.5763,2.0,0.1118,56.0,-0.041,121.0,-0.1692,21.0,0.0904,80.0,0.0939,6.0,0.0191,93.0,0.0987,26.0,0.2814,64.0,0.1306,44.0,-0.1731,24.0,0.0332,74.0,0.0438,12.0,0.1517,35.0,-0.031,18.0,0.1216,86.0,0.0164,3.0,0.6555,3.0,0.0111,18.0,0.0855,129.0,0.1949,60.0,0.0813,30.0,-0.1029,19.0,-0.074,182.0,0.0189,237.0
2025-11-25,Monetary Policy,-0.0599,11.0,-0.158,17.0,0.4393,4.0,0.4346,7.0,,,-0.6287,2.0,0.6281,2.0,0.451,10.0,0.2617,37.0,-0.1657,3.0,0.1875,40.0,-0.4834,4.0,0.3186,11.0,0.2496,4.0,0.0326,28.0,0.0065,2.0,-0.1417,10.0,0.2073,20.0,0.4661,2.0,0.0922,5.0,0.5738,3.0,-0.0512,31.0,,,0.0493,1.0,0.1861,5.0,0.3557,16.0,0.378,20.0,0.0845,3.0,0.2603,2.0,-0.0295,16.0,0.346,52.0
2025-11-25,Monetary Policy-Interest Rates,,,,,-0.3008,3.0,0.6951,3.0,,,,,,,0.8722,1.0,0.2189,7.0,,,-0.1876,9.0,-0.3989,1.0,,,0.7757,4.0,-0.6914,10.0,,,,,-0.1695,5.0,,,0.003,2.0,0.2548,2.0,0.8812,2.0,,,-0.0025,1.0,-0.0131,9.0,-0.822,2.0,0.6286,9.0,,,0.13,1.0,0.2585,2.0,0.2325,33.0
2025-11-25,Monetary Policy-Quantitative Easing,0.2079,5.0,-0.1843,1.0,-0.0042,5.0,0.0061,4.0,0.9418,1.0,0.002,1.0,0.2439,2.0,0.0091,2.0,0.0356,48.0,-0.0023,1.0,0.1504,14.0,,,-0.0102,10.0,,,0.135,40.0,,,0.004,1.0,0.2543,7.0,0.0586,3.0,0.0139,1.0,0.1509,3.0,-0.2627,15.0,,,0.1618,1.0,0.2082,4.0,-0.0252,6.0,0.2093,16.0,-0.0351,4.0,0.0096,5.0,0.4817,2.0,-0.2094,24.0
2025-11-25,Natural Disaster,-0.2636,7.0,-0.5145,26.0,-0.0734,10.0,0.0225,1.0,,,-0.4316,1.0,-0.8856,1.0,-0.6456,4.0,-0.325,17.0,-0.9051,1.0,-0.5617,24.0,-0.5784,8.0,-0.2939,11.0,-0.1586,47.0,,,-0.0088,3.0,-0.3393,3.0,,,-0.7021,4.0,-0.3563,7.0,,,-0.0812,11.0,,,,,-0.2662,14.0,-0.4339,3.0,-0.2953,3.0,-0.1918,37.0,-0.0024,2.0,-0.6768,6.0,-0.5226,100.0
2025-11-25,Oil Spills,-0.3284,1.0,,,,,,,0.0189,1.0,,,,,0.1749,1.0,-0.0006,2.0,,,,,,,-0.7812,1.0,,,,,,,,,-0.7389,1.0,,,,,,,-0.909,1.0,,,,,,,,,,,,,,,,,-0.9036,6.0
2025-11-25,Pandemic,-0.0721,188.0,0.0023,192.0,-0.0294,198.0,-0.0338,148.0,0.0872,26.0,-0.131,49.0,0.0636,29.0,-0.0883,237.0,-0.0257,1139.0,-0.1171,66.0,-0.0823,434.0,-0.2006,45.0,-0.043,613.0,0.0514,97.0,0.0935,364.0,-0.0245,255.0,-0.1397,99.0,0.0137,232.0,0.0395,81.0,-0.0303,126.0,-0.1214,133.0,-0.1442,612.0,0.294,18.0,-0.1289,23.0,0.0158,84.0,-0.0378,637.0,-0.1096,205.0,-0.1614,386.0,-0.1443,106.0,-0.1,400.0,-0.0229,862.0
2025-11-25,Politics,0.0319,619.0,-0.0704,668.0,-0.0365,713.0,-0.0587,452.0,0.1056,81.0,-0.0813,128.0,-0.0089,120.0,-0.022,510.0,-0.0071,1343.0,-0.1007,218.0,-0.0461,1583.0,-0.1659,268.0,0.0039,1523.0,-0.0099,277.0,-0.029,899.0,-0.0178,575.0,-0.0496,259.0,-0.0196,557.0,-0.0198,320.0,0.042,302.0,-0.0297,300.0,-0.0485,1091.0,0.0897,53.0,0.0505,75.0,-0.017,204.0,-0.0022,1802.0,0.0086,413.0,-0.0019,933.0,-0.0158,274.0,-0.0757,746.0,-0.0546,2854.0
2025-11-25,Politics-Election,0.1105,19.0,-0.1343,35.0,0.021,6.0,-0.151,7.0,,,-0.1615,6.0,-0.0427,54.0,0.0014,44.0,-0.0412,35.0,-0.0075,26.0,-0.0474,97.0,0.1649,10.0,0.0793,182.0,0.0604,14.0,-0.0872,27.0,-0.195,7.0,0.3662,5.0,0.1383,20.0,-0.0697,10.0,0.0046,6.0,0.057,4.0,0.1882,5.0,,,-0.0341,3.0,-0.0018,3.0,0.0068,18.0,-0.0822,18.0,0.001,8.0,,,-0.1684,9.0,0.0282,134.0
2025-11-25,Politics-Political Tension,0.0009,69.0,-0.0565,68.0,-0.0988,49.0,-0.1707,45.0,0.2264,12.0,-0.1053,24.0,0.4655,2.0,-0.0703,28.0,-0.0586,140.0,-0.1891,25.0,-0.1593,140.0,-0.1219,73.0,-0.0451,124.0,-0.1155,32.0,-0.143,99.0,-0.0391,52.0,-0.2252,31.0,-0.1072,62.0,-0.1171,29.0,-0.0382,20.0,-0.0456,35.0,-0.0237,143.0,-0.0193,3.0,-0.1485,13.0,-0.2519,14.0,-0.0015,192.0,-0.1933,47.0,0.0028,56.0,-0.0553,84.0,-0.1664,69.0,-0.1111,289.0
2025-11-25,Terrorist Attacks,-0.3659,24.0,-0.3313,87.0,-0.5072,48.0,-0.3204,43.0,,,-0.38,2.0,-0.55,3.0,-0.3849,32.0,-0.2144,89.0,-0.2271,3.0,-0.406,96.0,-0.5372,26.0,-0.3734,51.0,-0.3617,8.0,-0.2884,3.0,-0.4909,46.0,-0.5099,17.0,-0.3381,93.0,-0.4104,41.0,-0.1776,5.0,-0.3452,10.0,-0.4784,153.0,-0.8956,1.0,-0.7799,1.0,-0.2605,14.0,-0.3306,25.0,-0.7639,3.0,-0.4181,124.0,-0.3563,34.0,-0.3231,105.0,-0.3434,249.0
2025-11-25,Wars,-0.0476,21.0,0.1068,30.0,0.0879,30.0,-0.0953,14.0,0.2041,19.0,-0.1109,13.0,0.0612,14.0,0.0235,27.0,0.2166,101.0,0.129,16.0,0.1185,76.0,-0.125,57.0,-0.0232,75.0,0.1447,11.0,-0.0017,86.0,-0.1758,33.0,-0.0181,7.0,-0.0429,65.0,0.2801,59.0,-0.0446,14.0,0.0523,33.0,-0.1425,675.0,-0.0206,18.0,0.2381,5.0,-0.1685,10.0,0.0752,121.0,0.3609,23.0,-0.0768,135.0,-0.0107,270.0,-0.06,13.0,-0.0461,197.0
2025-11-24,Economic Data,0.1387,97.0,0.0443,84.0,0.075,201.0,0.3308,72.0,0.146,57.0,0.0954,52.0,0.1079,15.0,0.0369,82.0,0.0761,328.0,-0.0157,33.0,0.0634,237.0,0.1584,31.0,0.1069,193.0,0.1022,32.0,0.002,264.0,0.047,84.0,-0.0507,36.0,0.0958,50.0,0.3631,55.0,0.0484,65.0,0.0571,67.0,0.1205,251.0,0.3008,10.0,0.3025,19.0,0.2837,51.0,0.1132,260.0,0.1869,220.0,0.0597,179.0,0.061,72.0,0.1041,225.0,0.0703,383.0
2025-11-24,Economic Data-Consumer Spending,0.4658,4.0,-0.547,3.0,0.0104,1.0,-0.2016,3.0,-0.0073,1.0,-0.0029,2.0,,,0.0036,3.0,-0.009,14.0,0.0199,1.0,0.093,12.0,,,0.3548,8.0,,,0.0031,1.0,0.1684,4.0,0.3174,6.0,0.3316,2.0,0.0089,1.0,0.9063,4.0,,,-0.0013,2.0,,,-0.3781,3.0,0.0027,1.0,0.1448,7.0,0.2899,7.0,-0.0871,2.0,0.0038,2.0,-0.0298,11.0,0.1587,47.0
2025-11-24,Economic Data-Employment,0.1777,23.0,-0.0475,14.0,0.1144,58.0,-0.3941,9.0,0.1533,7.0,-0.2729,4.0,0.0109,1.0,0.1418,30.0,-0.1073,44.0,-0.2202,7.0,0.0702,113.0,-0.0092,1.0,-0.2672,27.0,0.1037,5.0,0.1102,35.0,0.1293,14.0,0.7273,6.0,0.0112,11.0,0.303,3.0,0.1431,7.0,0.1358,11.0,0.1462,47.0,0.1474,12.0,-0.3914,7.0,0.241,4.0,0.067,52.0,-0.1489,30.0,0.0617,26.0,0.0663,15.0,0.0342,21.0,-0.0457,89.0
2025-11-24,Economic Data-GDP,0.5157,2.0,,,0.4817,2.0,-0.2291,4.0,,,,,,,,,-0.642,31.0,0.0046,2.0,0.793,6.0,,,0.1155,3.0,,,0.3589,21.0,-0.9,3.0,-0.9156,1.0,0.073,3.0,0.0193,1.0,0.1685,4.0,0.6048,2.0,0.0457,4.0,0.3657,1.0,,,0.9242,1.0,0.1719,2.0,-0.0104,1.0,0.1387,3.0,,,-0.4511,2.0,0.0688,9.0
2025-11-24,Economic Data-Housing,0.1348,16.0,-0.0896,103.0,0.241,13.0,0.14,45.0,0.5807,8.0,0.4822,9.0,0.4671,5.0,0.0685,13.0,0.1659,46.0,0.1086,17.0,0.1201,61.0,-0.4545,3.0,0.1081,29.0,-0.3039,3.0,0.1,125.0,0.0409,22.0,0.0132,15.0,0.0439,16.0,0.7096,3.0,0.0384,8.0,-0.0551,24.0,0.0384,72.0,0.0155,12.0,0.1552,7.0,0.1465,4.0,0.1224,96.0,0.2861,54.0,0.3392,25.0,0.0122,4.0,0.0705,106.0,-0.0028,125.0
2025-11-24,Economic Data-Inflation,0.2158,7.0,-0.2574,3.0,-0.667,2.0,,,0.0398,2.0,0.0503,1.0,-0.4042,2.0,0.0004,2.0,0.0116,15.0,0.0847,3.0,-0.3967,4.0,,,0.1041,3.0,,,0.0009,3.0,0.1704,8.0,,,-0.9203,1.0,0.4342,5.0,-0.6247,1.0,0.4852,6.0,0.0107,10.0,0.9305,1.0,0.9374,7.0,-0.1937,5.0,0.0324,4.0,-0.0981,9.0,-0.2078,9.0,-0.2782,6.0,0.0116,4.0,0.0802,20.0
2025-11-24,Economic Data-Interest Rates,0.1907,9.0,0.4347,12.0,-0.2729,19.0,0.3474,10.0,,,-0.1331,3.0,0.0145,3.0,0.288,12.0,-0.0237,45.0,-0.2515,6.0,0.2221,48.0,-0.1857,28.0,-0.1159,13.0,0.2389,3.0,-0.0981,45.0,0.1147,6.0,0.2087,6.0,0.0957,21.0,0.106,2.0,0.4727,12.0,-0.1226,8.0,-0.0441,42.0,,,0.1208,4.0,0.0159,7.0,0.227,22.0,0.2971,40.0,-0.2268,13.0,-0.4724,10.0,-0.0999,47.0,0.1632,73.0
2025-11-24,Economic Data-Manufacturing,0.2425,3.0,0.0201,3.0,-0.2084,5.0,-0.0148,10.0,0.4426,3.0,,,0.0744,2.0,0.353,6.0,0.2087,57.0,,,0.4637,11.0,,,-0.0625,6.0,,,0.3535,31.0,0.0001,2.0,-0.0142,2.0,0.022,3.0,0.9266,1.0,0.4557,2.0,0.0133,7.0,0.3539,9.0,0.4868,2.0,0.9362,2.0,0.947,1.0,0.2709,12.0,0.1419,20.0,0.3668,21.0,0.0068,1.0,0.3124,58.0,0.0924,27.0
2025-11-24,Economic Data-Retail Sales,0.0731,1.0,0.061,29.0,0.2282,7.0,-0.1189,14.0,0.0119,3.0,0.0762,13.0,-0.2369,2.0,0.2844,3.0,0.3554,43.0,0.0056,2.0,0.2662,18.0,0.9484,2.0,0.0585,15.0,0.34,5.0,0.3298,18.0,0.4395,2.0,-0.1829,10.0,0.4481,2.0,0.9471,1.0,0.0637,5.0,0.192,12.0,0.1464,22.0,0.6721,2.0,0.4738,6.0,0.5402,12.0,0.0276,15.0,0.2762,13.0,-0.0132,7.0,0.2695,4.0,0.2546,67.0,0.1429,45.0
2025-11-24,Extreme Weather,-0.0143,210.0,-0.0543,99.0,-0.2673,179.0,-0.053,46.0,0.2865,15.0,-0.1361,39.0,0.1544,11.0,0.0083,75.0,-0.121,521.0,-0.2538,28.0,-0.2564,199.0,-0.1078,25.0,-0.2051,149.0,-0.0491,23.0,0.0842,115.0,-0.0903,49.0,-0.0386,25.0,0.0425,10.0,-0.1411,25.0,-0.0669,26.0,-0.0021,91.0,-0.1141,285.0,0.204,9.0,-0.3003,4.0,-0.0619,24.0,-0.037,185.0,0.0739,68.0,-0.047,99.0,-0.0661,82.0,-0.0333,133.0,-0.142,266.0
2025-11-24,Extreme Weather-Cold,-0.0423,6.0,-0.0585,7.0,-0.5657,2.0,-0.1021,31.0,0.0067,3.0,-0.4705,30.0,-0.0009,1.0,-0.2235,16.0,-0.259,123.0,0.0196,18.0,-0.058,47.0,-0.1305,1.0,-0.1934,48.0,-0.0007,2.0,-0.2006,26.0,-0.0743,30.0,-0.0214,2.0,,,-0.1025,6.0,,,-0.2606,49.0,-0.1642,148.0,0.4163,2.0,,,,,-0.051,44.0,0.0016,25.0,-0.0614,24.0,-0.1022,27.0,-0.2258,64.0,-0.132,73.0
2025-11-24,Extreme Weather-Drought,-0.2017,4.0,0.1038,15.0,-0.0736,107.0,0.1646,7.0,0.3057,3.0,0.5365,2.0,-0.2846,3.0,-0.1347,17.0,-0.1129,12.0,-0.1667,7.0,-0.1501,55.0,0.0017,6.0,-0.2913,19.0,-0.5996,8.0,-0.0967,8.0,-0.2159,15.0,0.1019,4.0,,,-0.1477,17.0,-0.4305,8.0,-0.0098,1.0,-0.0545,34.0,0.0019,2.0,,,-0.2431,14.0,0.1156,21.0,-0.1057,5.0,-0.2576,54.0,0.0271,9.0,0.4599,3.0,-0.0699,30.0
2025-11-24,Extreme Weather-Heat,0.0647,12.0,0.1522,8.0,-0.2625,4.0,0.0394,7.0,0.4223,2.0,0.1068,2.0,-0.0279,1.0,-0.2232,1.0,0.0644,29.0,-0.1597,3.0,-0.131,15.0,0.3234,3.0,-0.2224,6.0,0.0065,1.0,0.2088,4.0,0.0071,6.0,0.0268,5.0,,,,,,,0.2314,2.0,-0.0519,30.0,,,-0.0035,1.0,-0.2587,5.0,0.0505,15.0,0.2739,13.0,0.0153,1.0,0.2159,4.0,0.1797,19.0,-0.0605,16.0
2025-11-24,Fiscal Policy,0.095,64.0,0.0182,134.0,0.053,62.0,0.1279,75.0,0.2116,18.0,-0.1891,20.0,-0.0416,10.0,-0.0721,76.0,-0.0979,215.0,-0.0268,20.0,-0.0247,158.0,-0.1504,28.0,0.0615,187.0,0.2291,16.0,0.175,136.0,0.0394,68.0,0.1355,42.0,0.0245,81.0,0.0894,54.0,0.0099,42.0,-0.031,40.0,0.0776,133.0,0.1313,9.0,-0.0659,14.0,0.0814,39.0,0.0247,203.0,0.0525,62.0,0.0535,120.0,-0.0246,46.0,-0.0823,145.0,0.0148,274.0
2025-11-24,Fiscal Policy-Stimulus Package,0.1336,29.0,-0.1655,46.0,0.1836,45.0,-0.1592,49.0,0.1234,9.0,-0.0311,20.0,,,0.0346,40.0,-0.0821,81.0,-0.0872,15.0,-0.0195,44.0,-0.006,13.0,-0.0979,60.0,0.0371,6.0,0.2422,70.0,0.1337,35.0,-0.0596,22.0,0.0496,42.0,0.0403,15.0,-0.069,19.0,0.0424,17.0,0.2494,37.0,0.3267,2.0,-0.2036,4.0,0.3034,11.0,0.1148,100.0,0.1391,36.0,-0.0168,41.0,0.0744,39.0,0.0434,194.0,-0.071,220.0
2025-11-24,Monetary Policy,0.3989,5.0,0.5343,8.0,-0.0367,9.0,0.3818,10.0,,,0.0037,2.0,0.0148,2.0,0.3651,8.0,-0.0752,33.0,-0.3287,5.0,0.1902,39.0,-0.3251,17.0,-0.2823,9.0,0.2898,3.0,0.0274,24.0,0.315,3.0,0.3071,2.0,0.0572,15.0,,,0.3577,7.0,-0.3398,3.0,0.0295,18.0,,,0.0966,4.0,0.1968,5.0,0.4776,14.0,0.3158,16.0,-0.0693,8.0,-0.2604,5.0,0.1462,15.0,0.2219,46.0
2025-11-24,Monetary Policy-Interest Rates,,,,,-0.7957,1.0,,,,,,,,,,,0.5221,4.0,,,0.08,8.0,-0.1127,15.0,,,-0.7384,1.0,-0.5136,11.0,0.0001,1.0,,,0.0548,5.0,,,0.8856,2.0,0.0071,3.0,,,,,0.9403,1.0,,,,,0.4748,8.0,-0.2072,7.0,,,,,0.2817,13.0
2025-11-24,Monetary Policy-Quantitative Easing,0.2846,6.0,0.0165,5.0,0.1335,8.0,0.3148,8.0,0.8911,1.0,0.0149,4.0,-0.0715,5.0,0.3913,8.0,0.2296,67.0,-0.2146,3.0,0.2527,11.0,,,-0.0425,9.0,0.019,2.0,0.04,72.0,0.0226,1.0,,,0.7128,5.0,0.0284,2.0,0.0217,5.0,0.0923,1.0,0.2535,22.0,0.0105,6.0,,,,,-0.9178,1.0,0.0367,15.0,-0.2488,7.0,0.1479,13.0,0.0212,5.0,0.072,15.0
2025-11-24,Natural Disaster,0.0332,2.0,-0.3141,8.0,-0.2839,5.0,-0.0152,1.0,0.8326,1.0,-0.453,1.0,,,-0.2751,5.0,-0.2181,6.0,-0.1418,4.0,-0.3922,15.0,,,-0.422,6.0,-0.0094,3.0,,,-0.4565,4.0,0.065,8.0,-0.2214,1.0,-0.8981,2.0,-0.2791,7.0,0.0467,2.0,-0.461,21.0,-0.0028,2.0,-0.1178,1.0,-0.7017,3.0,-0.0444,7.0,0.085,2.0,-0.1517,33.0,,,-0.2409,8.0,-0.4286,50.0
2025-11-24,Oil Spills,,,,,,,-0.908,2.0,,,,,,,,,,,,,,,,,,,,,-0.8593,2.0,,,-0.8799,5.0,,,,,,,,,-0.4183,8.0,,,,,,,,,,,,,,,,,,
2025-11-24,Pandemic,-0.0129,118.0,-0.0722,225.0,-0.0827,158.0,-0.0882,141.0,0.015,29.0,-0.0516,49.0,-0.0095,37.0,0.001,216.0,0.0032,998.0,-0.0999,77.0,-0.147,475.0,-0.1277,73.0,-0.0332,511.0,0.1729,28.0,0.0872,366.0,-0.0852,188.0,-0.0281,98.0,-0.029,186.0,-0.1027,83.0,-0.0739,134.0,-0.0491,155.0,-0.0678,571.0,0.2239,16.0,-0.0295,43.0,0.078,82.0,-0.0009,579.0,-0.0569,191.0,-0.1974,463.0,-0.1151,117.0,-0.072,419.0,-0.0323,729.0
2025-11-24,Politics,-0.0066,464.0,-0.0803,710.0,0.0063,538.0,-0.0634,332.0,0.1199,84.0,-0.1038,136.0,-0.0455,150.0,-0.0278,456.0,-0.0509,1058.0,-0.0703,202.0,-0.0497,1471.0,-0.1355,344.0,-0.0019,1304.0,0.0913,65.0,0.0193,894.0,-0.0496,475.0,-0.0183,201.0,-0.0305,497.0,0.0502,271.0,-0.0357,296.0,0.0034,248.0,-0.0087,858.0,0.005,31.0,0.0717,69.0,0.0376,151.0,-0.0305,1565.0,-0.0625,347.0,-0.0171,932.0,0.0025,362.0,-0.0686,644.0,-0.0562,2273.0
2025-11-24,Politics-Election,0.062,9.0,-0.1949,26.0,-0.0732,12.0,0.0091,7.0,,,0.0045,6.0,0.1445,127.0,0.0042,26.0,0.1013,31.0,-0.0509,13.0,0.0483,111.0,0.0113,7.0,-0.0513,231.0,0.0435,2.0,-0.1791,36.0,-0.0231,11.0,0.0042,6.0,0.2326,23.0,0.1922,54.0,0.337,2.0,0.0254,5.0,0.1161,11.0,-0.0076,2.0,0.0686,3.0,0.0078,1.0,0.0403,31.0,-0.0891,23.0,-0.0757,8.0,0.002,3.0,-0.1343,7.0,-0.0391,102.0
2025-11-24,Politics-Political Tension,-0.0809,68.0,-0.1792,72.0,-0.0565,56.0,-0.0151,69.0,-0.0812,14.0,0.0126,18.0,0.1777,5.0,-0.0327,32.0,-0.1191,156.0,-0.1479,21.0,-0.1996,119.0,-0.04,71.0,-0.0201,115.0,-0.1579,11.0,-0.0581,87.0,-0.0181,72.0,-0.1802,38.0,-0.2342,44.0,-0.06,20.0,-0.1308,24.0,0.0216,34.0,-0.0317,79.0,0.2762,11.0,-0.0548,9.0,-0.0288,24.0,-0.0798,219.0,-0.1697,31.0,-0.0324,90.0,0.005,112.0,-0.2359,76.0,-0.0984,281.0
2025-11-24,Terrorist Attacks,-0.5723,20.0,-0.3004,117.0,-0.5131,44.0,-0.4921,33.0,,,-0.3696,3.0,-0.1189,3.0,-0.3611,26.0,-0.4245,70.0,-0.597,3.0,-0.3829,90.0,-0.3433,26.0,-0.453,34.0,-0.5414,7.0,-0.6826,7.0,-0.587,39.0,-0.4185,17.0,-0.3263,57.0,-0.418,69.0,-0.3034,8.0,-0.6223,12.0,-0.5337,137.0,-0.056,3.0,-0.0374,1.0,-0.37,11.0,-0.3623,39.0,-0.3231,10.0,-0.4078,90.0,-0.4208,29.0,-0.4765,81.0,-0.3779,286.0
2025-11-24,Wars,-0.1189,24.0,0.1038,16.0,0.0687,22.0,-0.0131,12.0,0.2523,9.0,0.0483,17.0,0.0586,21.0,0.1364,20.0,-0.087,34.0,0.0965,18.0,-0.0785,90.0,0.0211,90.0,-0.0119,55.0,-0.0638,12.0,0.0245,115.0,-0.0038,38.0,-0.0341,4.0,-0.0303,59.0,0.1156,24.0,-0.0008,18.0,-0.1073,31.0,-0.1531,728.0,0.0417,14.0,0.2002,5.0,-0.0963,6.0,-0.0516,102.0,0.0553,36.0,-0.0255,122.0,0.0266,261.0,0.2321,12.0,-0.0809,153.0
2025-11-23,Economic Data,0.0148,58.0,0.0589,41.0,0.0575,77.0,0.2232,21.0,0.2583,24.0,-0.028,18.0,0.342,22.0,-0.0664,36.0,0.0614,85.0,0.0364,17.0,0.0449,162.0,0.0144,21.0,0.0488,53.0,0.0373,26.0,0.1815,119.0,0.0499,29.0,0.1007,40.0,0.2716,27.0,0.4133,22.0,0.1852,45.0,-0.0789,23.0,0.0525,89.0,0.1015,15.0,0.6447,11.0,0.5541,10.0,0.0295,94.0,0.0584,60.0,0.0143,74.0,-0.1007,24.0,0.082,121.0,-0.0096,178.0
2025-11-23,Economic Data-Consumer Spending,-0.0028,1.0,-0.2816,3.0,,,0.0042,8.0,,,,,,,,,,,,,0.197,6.0,,,-0.078,5.0,,,-0.0037,3.0,,,0.2137,5.0,,,,,0.0072,1.0,0.0095,1.0,0.9294,1.0,,,0.9371,1.0,,,-0.0032,4.0,-0.0075,3.0,0.2918,2.0,,,-0.3417,48.0,0.1122,12.0
2025-11-23,Economic Data-Employment,0.1031,7.0,0.2811,8.0,0.2001,32.0,-0.0431,2.0,,,-0.4065,3.0,,,-0.1508,7.0,-0.2975,6.0,-0.9154,1.0,0.1242,63.0,0.0136,6.0,-0.1522,12.0,0.4066,1.0,0.0663,24.0,-0.2312,7.0,-0.1972,4.0,0.2278,7.0,-0.0985,1.0,0.3577,4.0,-0.0591,3.0,-0.0087,11.0,0.2799,7.0,0.0365,5.0,-0.0314,1.0,-0.0371,29.0,0.0726,8.0,0.0658,26.0,0.0017,4.0,-0.0226,11.0,-0.1381,23.0
2025-11-23,Economic Data-GDP,0.945,1.0,,,,,,,0.9018,1.0,,,-0.8896,2.0,,,,,0.6359,1.0,0.5186,2.0,,,0.0181,1.0,0.0299,1.0,0.9489,3.0,,,,,-0.3412,2.0,0.8559,2.0,,,,,0.014,3.0,,,-0.0093,2.0,,,0.1178,3.0,0.0077,3.0,,,0.6748,2.0,,,-0.4461,10.0
2025-11-23,Economic Data-Housing,-0.05,8.0,0.0567,92.0,-0.9169,1.0,0.2208,11.0,,,0.1738,4.0,0.2517,14.0,-0.0422,17.0,0.1428,37.0,-0.0257,5.0,0.1544,23.0,-0.0398,9.0,-0.1215,10.0,-0.0007,4.0,0.394,90.0,0.2747,5.0,-0.0121,17.0,0.2151,1.0,0.0264,1.0,0.3704,6.0,0.1617,9.0,0.1197,23.0,0.2762,12.0,0.2531,8.0,0.2089,2.0,0.1415,46.0,0.1793,19.0,0.137,17.0,0.0104,7.0,0.1732,39.0,0.064,64.0
2025-11-23,Economic Data-Inflation,0.0024,2.0,,,,,,,,,0.9383,1.0,,,,,-0.0053,3.0,,,-0.7192,2.0,,,,,,,0.1688,7.0,-0.8984,1.0,-0.6881,2.0,,,-0.3316,2.0,,,0.0409,3.0,-0.2056,5.0,0.9305,1.0,,,,,,,0.0078,1.0,-0.0109,4.0,-0.9148,1.0,,,-0.4253,4.0
2025-11-23,Economic Data-Interest Rates,0.473,7.0,0.6137,11.0,0.2801,1.0,0.0289,8.0,0.0076,1.0,0.8555,1.0,0.265,2.0,-0.0542,3.0,0.127,7.0,0.0463,3.0,-0.0002,23.0,0.1682,10.0,0.0023,1.0,-0.0507,3.0,-0.1781,65.0,-0.5137,2.0,-0.0006,5.0,-0.193,3.0,0.0114,1.0,0.0156,7.0,-0.4754,1.0,0.0331,8.0,0.9423,2.0,-0.0027,5.0,0.0699,3.0,-0.2557,6.0,-0.0557,5.0,0.1161,12.0,,,0.2934,17.0,-0.1504,21.0
2025-11-23,Economic Data-Manufacturing,,,,,,,,,0.9129,2.0,,,,,0.2408,1.0,0.1261,18.0,0.0099,1.0,0.6646,3.0,,,0.0009,2.0,,,0.8746,8.0,0.0783,1.0,0.0004,3.0,,,,,0.8291,1.0,0.0053,1.0,0.2477,8.0,0.5383,2.0,0.0372,1.0,,,,,0.2884,12.0,0.2282,15.0,,,0.5345,3.0,0.3878,6.0
2025-11-23,Economic Data-Retail Sales,0.6183,5.0,-0.013,7.0,0.4769,3.0,0.0087,2.0,0.0123,1.0,,,0.4646,2.0,0.3079,3.0,0.0394,8.0,0.1739,2.0,0.2209,4.0,0.295,2.0,0.3183,10.0,-0.0475,2.0,0.9386,1.0,0.0198,2.0,-0.211,3.0,,,,,-0.7344,1.0,-0.3032,3.0,0.0479,9.0,0.0051,1.0,0.2166,1.0,-0.0133,1.0,0.0166,4.0,0.4923,4.0,0.003,7.0,,,0.5526,5.0,-0.1036,17.0
2025-11-23,Extreme Weather,-0.0292,203.0,-0.0516,68.0,-0.2401,215.0,0.0114,15.0,0.0963,2.0,-0.0172,11.0,0.0471,13.0,-0.052,58.0,-0.1735,306.0,-0.0807,21.0,-0.2534,146.0,-0.0659,16.0,-0.109,105.0,-0.0689,30.0,-0.1163,41.0,-0.3124,29.0,0.0392,15.0,-0.4074,2.0,-0.1151,12.0,-0.0782,11.0,-0.0108,68.0,-0.2274,169.0,0.076,11.0,-0.744,5.0,0.0706,6.0,-0.0151,118.0,-0.0548,46.0,-0.1848,67.0,-0.1653,39.0,-0.0462,107.0,-0.1812,183.0
2025-11-23,Extreme Weather-Cold,0.1142,4.0,-0.0002,4.0,,,0.0215,5.0,0.0817,3.0,-0.1498,21.0,-0.4121,2.0,-0.0227,29.0,-0.1502,78.0,-0.1877,23.0,-0.248,36.0,-0.0059,2.0,-0.1828,42.0,0.012,1.0,0.1,5.0,-0.1099,27.0,,,,,-0.303,6.0,,,-0.1408,34.0,-0.2008,98.0,,,0.0051,1.0,-0.3419,2.0,-0.0922,23.0,0.1399,17.0,-0.1422,10.0,0.0453,8.0,0.0571,28.0,-0.1889,42.0
2025-11-23,Extreme Weather-Drought,0.0397,1.0,-0.2828,1.0,-0.1858,103.0,-0.5814,12.0,,,0.3246,2.0,-0.3118,1.0,-0.0002,5.0,0.2265,8.0,-0.2772,6.0,-0.18,33.0,0.6084,5.0,-0.4147,13.0,,,-0.4974,10.0,-0.209,12.0,,,,,-0.4697,8.0,-0.1654,6.0,0.0097,2.0,0.1594,15.0,-0.0025,2.0,,,-0.2335,6.0,0.2667,15.0,0.5561,1.0,-0.5165,28.0,-0.0373,14.0,0.0007,1.0,-0.0782,21.0
2025-11-23,Extreme Weather-Heat,0.1802,8.0,-0.0505,1.0,0.0205,2.0,-0.703,1.0,0.0026,2.0,,,,,0.1347,3.0,0.0045,15.0,-0.1045,3.0,-0.4162,14.0,-0.0825,4.0,0.008,1.0,-0.013,1.0,-0.0742,7.0,0.0044,2.0,0.014,4.0,-0.1856,1.0,,,,,0.0048,1.0,0.1403,23.0,0.0104,1.0,,,-0.3405,1.0,0.1472,6.0,0.13,3.0,-0.0324,3.0,0.024,1.0,0.1156,8.0,0.0217,18.0
2025-11-23,Fiscal Policy,0.0226,64.0,0.031,99.0,0.1983,21.0,0.0206,23.0,0.3341,4.0,-0.0333,16.0,0.1769,16.0,-0.0247,40.0,-0.0295,140.0,-0.1688,6.0,-0.0324,153.0,-0.3501,9.0,-0.0085,67.0,0.0728,13.0,0.1916,52.0,0.0745,43.0,0.0602,32.0,0.0783,57.0,0.1131,20.0,0.047,28.0,-0.1644,10.0,-0.071,36.0,0.0058,1.0,0.1612,3.0,0.2986,16.0,0.0325,80.0,0.1693,23.0,0.0955,49.0,-0.0472,20.0,-0.2347,53.0,-0.0083,170.0
2025-11-23,Fiscal Policy-Stimulus Package,0.0872,18.0,0.1624,5.0,0.1842,5.0,-0.0004,2.0,0.2345,5.0,0.1107,8.0,0.1677,6.0,-0.0723,24.0,-0.0468,30.0,0.2722,8.0,-0.0273,28.0,-0.2416,4.0,-0.0818,16.0,0.33,3.0,0.1513,23.0,0.0701,8.0,0.1058,24.0,0.1248,13.0,0.2131,15.0,0.0042,19.0,0.2212,8.0,0.2079,17.0,0.4614,2.0,-0.0091,2.0,0.4686,5.0,0.2269,24.0,-0.0287,8.0,0.004,22.0,0.1523,12.0,-0.0557,104.0,0.0917,71.0
2025-11-23,Monetary Policy,0.1376,7.0,0.7414,7.0,0.2801,1.0,0.0289,8.0,0.0076,1.0,0.8555,1.0,0.265,2.0,,,0.3415,3.0,-0.0544,1.0,0.0295,13.0,0.2538,7.0,0.096,1.0,-0.0512,2.0,-0.4351,24.0,-0.2289,1.0,0.2388,2.0,-0.3697,4.0,,,-0.4006,4.0,-0.0043,1.0,0.4259,2.0,0.9423,2.0,-0.3902,2.0,0.2048,4.0,-0.203,3.0,-0.0803,4.0,-0.1957,6.0,,,0.069,7.0,-0.4077,6.0
2025-11-23,Monetary Policy-Interest Rates,,,,,,,,,,,0.0152,1.0,,,,,-0.9128,1.0,,,0.0013,3.0,0.3899,4.0,,,,,0.2349,13.0,,,-0.2749,1.0,,,,,0.8712,1.0,0.809,1.0,0.0144,2.0,,,-0.0041,1.0,,,,,-0.1981,1.0,-0.2182,4.0,,,,,0.1337,5.0
2025-11-23,Monetary Policy-Quantitative Easing,-0.5443,4.0,0.0001,1.0,0.9404,1.0,,,,,,,,,,,-0.0099,2.0,0.0019,1.0,-0.4314,2.0,,,,,0.0121,1.0,-0.136,10.0,,,0.001,1.0,0.6371,2.0,,,0.0038,1.0,-0.3115,1.0,0.064,4.0,,,,,,,,,-0.1378,14.0,0.0097,2.0,,,0.0082,1.0,0.0006,2.0
2025-11-23,Natural Disaster,-0.2789,3.0,-0.3398,6.0,-0.4388,2.0,,,,,,,,,-0.0107,1.0,-0.2901,8.0,,,-0.3179,6.0,,,-0.1721,24.0,-0.8375,2.0,,,-0.7201,4.0,,,,,0.7911,2.0,-0.2783,3.0,,,-0.5202,12.0,,,,,,,-0.048,7.0,-0.8881,1.0,-0.3032,27.0,,,-0.2221,5.0,-0.4153,28.0
2025-11-23,Oil Spills,,,,,,,,,,,,,,,,,,,,,-0.8679,1.0,,,,,,,,,,,,,,,,,,,,,,,,,,,,,,,,,-0.6442,1.0,,,,,-0.4312,2.0
2025-11-23,Pandemic,-0.0989,75.0,-0.1366,87.0,-0.1232,68.0,-0.0997,50.0,-0.0643,10.0,-0.2328,28.0,-0.0191,42.0,-0.0159,122.0,-0.0058,617.0,-0.0356,46.0,-0.1665,348.0,-0.2147,73.0,-0.0795,235.0,-0.0547,33.0,-0.0377,166.0,-0.1105,98.0,0.0497,27.0,-0.0298,127.0,-0.0482,39.0,-0.0176,80.0,-0.2099,72.0,-0.1617,262.0,0.0657,16.0,0.144,16.0,-0.2038,16.0,-0.045,239.0,-0.0973,101.0,-0.1997,287.0,-0.1467,48.0,-0.1413,236.0,-0.074,383.0
2025-11-23,Politics,-0.0323,324.0,-0.008,345.0,-0.028,323.0,-0.0613,104.0,0.0335,21.0,-0.1078,80.0,-0.0115,88.0,-0.0131,291.0,-0.0483,592.0,-0.0609,105.0,-0.0704,1050.0,-0.0774,377.0,-0.0254,625.0,0.0343,82.0,0.0357,467.0,-0.0939,241.0,-0.0012,155.0,-0.0205,341.0,0.0203,187.0,0.0334,217.0,-0.0563,120.0,-0.0428,422.0,0.0317,41.0,0.0344,42.0,0.1042,77.0,-0.0139,716.0,-0.0071,151.0,-0.0594,646.0,-0.0466,192.0,-0.0591,318.0,-0.0608,1267.0
2025-11-23,Politics-Election,0.1778,13.0,-0.1666,23.0,-0.0044,6.0,-0.0698,6.0,,,0.0117,4.0,0.0661,23.0,-0.0047,18.0,0.0152,28.0,0.1452,19.0,-0.1378,92.0,-0.003,2.0,-0.0716,102.0,-0.0597,3.0,0.1177,18.0,0.0184,6.0,0.3167,3.0,0.0193,13.0,-0.0031,47.0,-0.0923,1.0,0.0243,1.0,0.0984,17.0,,,0.0222,3.0,0.0667,1.0,-0.0371,10.0,0.0218,9.0,0.2024,13.0,-0.1221,8.0,-0.0004,7.0,0.0563,96.0
2025-11-23,Politics-Political Tension,-0.0987,62.0,0.0592,57.0,-0.0247,39.0,-0.0801,52.0,0.001,1.0,-0.025,14.0,0.0297,6.0,0.0732,14.0,-0.0674,89.0,-0.0825,13.0,-0.1486,144.0,-0.0056,66.0,-0.0521,56.0,-0.2031,20.0,-0.0748,59.0,-0.0322,22.0,-0.0708,26.0,-0.0982,37.0,0.0857,32.0,-0.0252,20.0,0.0119,27.0,-0.0649,85.0,0.0052,1.0,0.0341,4.0,0.2107,19.0,0.0215,105.0,0.0036,14.0,-0.0169,59.0,-0.0218,49.0,-0.1572,41.0,-0.1059,223.0
2025-11-23,Terrorist Attacks,-0.4264,15.0,-0.2398,32.0,-0.5398,13.0,-0.294,17.0,,,-0.7352,2.0,-0.2408,4.0,-0.003,1.0,-0.4594,19.0,-0.8076,1.0,-0.3522,125.0,-0.4776,35.0,-0.5128,28.0,-0.0385,3.0,-0.052,1.0,-0.5289,34.0,-0.2769,4.0,-0.2937,88.0,-0.5221,9.0,-0.4749,4.0,-0.4019,6.0,-0.3562,59.0,,,-0.3975,3.0,-0.5869,10.0,-0.4138,24.0,-0.3751,13.0,-0.5039,66.0,-0.4673,10.0,-0.2955,46.0,-0.4788,185.0
2025-11-23,Wars,-0.0075,27.0,-0.1696,12.0,0.1702,8.0,0.0078,3.0,0.2366,10.0,-0.0747,9.0,0.1786,31.0,0.0564,27.0,0.0907,19.0,-0.1387,11.0,0.078,66.0,-0.1038,102.0,-0.0062,35.0,-0.0905,16.0,0.2062,57.0,-0.1246,27.0,-0.2761,7.0,-0.0075,56.0,0.155,10.0,0.0501,18.0,0.0476,16.0,-0.1851,501.0,0.0785,22.0,0.2321,7.0,-0.3341,4.0,0.0085,63.0,-0.1121,19.0,-0.0982,100.0,-0.0613,163.0,0.1046,7.0,-0.0198,99.0
2025-11-22,Economic Data,0.1538,67.0,-0.0347,38.0,0.0621,98.0,0.0423,31.0,0.1686,12.0,-0.0047,9.0,0.2433,28.0,-0.0201,49.0,0.029,111.0,-0.1098,19.0,0.2076,211.0,-0.1109,8.0,0.1413,118.0,0.1384,52.0,0.1074,50.0,-0.1516,30.0,0.0091,18.0,0.1916,43.0,0.346,51.0,0.1224,45.0,-0.1087,22.0,0.0538,86.0,0.2815,7.0,0.0516,6.0,0.0877,28.0,0.0601,124.0,0.1995,62.0,-0.0074,104.0,0.1532,17.0,0.0494,71.0,0.0662,235.0
2025-11-22,Economic Data-Consumer Spending,0.5284,1.0,0.3196,3.0,0.006,2.0,0.0124,2.0,,,0.0066,1.0,,,-0.0007,1.0,0.0095,1.0,0.3116,2.0,0.0858,8.0,,,0.0684,3.0,0.0178,2.0,,,0.0005,3.0,-0.0063,1.0,0.0461,1.0,,,,,-0.0023,1.0,-0.021,4.0,,,0.334,1.0,-0.0037,3.0,-0.1507,5.0,0.0078,1.0,0.0029,1.0,-0.0013,1.0,0.0566,3.0,-0.0355,11.0
2025-11-22,Economic Data-Employment,0.0286,12.0,-0.4157,5.0,0.1937,24.0,0.505,4.0,0.0132,2.0,0.003,2.0,0.2436,4.0,0.2845,7.0,-0.013,14.0,0.2299,4.0,0.1545,109.0,,,0.0482,13.0,0.0391,13.0,-0.3312,12.0,-0.1132,11.0,0.2274,4.0,0.2631,3.0,0.1498,8.0,0.1087,4.0,-0.0725,4.0,-0.1557,32.0,0.2316,2.0,0.1392,3.0,0.0821,6.0,0.1039,21.0,-0.1099,7.0,0.1224,16.0,-0.0613,8.0,0.0928,6.0,0.1085,43.0
2025-11-22,Economic Data-GDP,,,,,,,0.0145,1.0,0.4774,2.0,,,0.9433,1.0,,,-0.0685,1.0,,,0.0993,3.0,,,,,,,,,-0.4061,9.0,0.9167,1.0,,,0.004,1.0,0.9438,3.0,,,0.9378,2.0,,,,,,,0.9228,1.0,0.9418,2.0,0.3868,6.0,,,0.0145,1.0,0.0875,4.0
2025-11-22,Economic Data-Housing,0.0362,10.0,0.0478,35.0,-0.5126,6.0,0.13,36.0,0.0112,2.0,0.7088,3.0,0.1542,5.0,0.0035,21.0,0.1828,14.0,0.4392,10.0,0.3315,24.0,,,0.0475,29.0,-0.0561,14.0,-0.2864,13.0,0.6907,4.0,-0.1238,6.0,-0.4637,6.0,0.1248,3.0,-0.0897,10.0,-0.029,9.0,0.2299,17.0,0.4446,5.0,0.2428,3.0,0.2315,3.0,-0.1379,51.0,-0.0867,9.0,-0.1061,30.0,0.4242,4.0,0.0907,65.0,0.0813,122.0
2025-11-22,Economic Data-Inflation,0.7203,1.0,,,,,,,,,,,0.0327,1.0,0.0136,2.0,-0.05,4.0,,,0.1939,4.0,,,,,0.8453,1.0,,,,,,,-0.8899,1.0,0.7441,3.0,,,-0.0094,2.0,0.3077,4.0,,,,,,,0.0031,1.0,-0.3501,1.0,0.3202,3.0,-0.0591,2.0,,,-0.1065,7.0
2025-11-22,Economic Data-Interest Rates,0.3525,7.0,-0.092,4.0,0.023,2.0,-0.234,4.0,0.9461,1.0,0.9402,1.0,0.2396,4.0,0.1704,5.0,0.0472,4.0,0.0449,2.0,0.0209,32.0,,,0.1715,7.0,0.005,1.0,0.1011,10.0,0.3152,3.0,0.0028,2.0,0.0667,4.0,0.0083,1.0,0.1354,4.0,0.0275,5.0,0.0126,17.0,,,,,0.3382,6.0,0.0671,10.0,-0.8167,6.0,-0.1611,11.0,,,-0.0443,15.0,-0.1256,39.0
2025-11-22,Economic Data-Manufacturing,0.0206,1.0,,,0.1042,2.0,,,0.9482,2.0,,,0.0087,1.0,,,-0.1061,20.0,,,-0.1969,5.0,,,-0.444,2.0,0.9416,2.0,0.3154,5.0,0.0114,1.0,,,0.8994,3.0,0.063,1.0,0.0147,2.0,,,0.0196,3.0,,,,,,,0.6216,5.0,0.243,9.0,,,,,0.3036,8.0,0.6238,3.0
2025-11-22,Economic Data-Retail Sales,0.0414,1.0,0.0008,6.0,,,,,0.0052,1.0,,,,,,,0.1147,11.0,0.0082,1.0,0.1873,9.0,,,-0.0427,17.0,0.0031,1.0,0.314,6.0,,,0.0301,1.0,0.0126,1.0,0.174,3.0,,,0.0004,1.0,-0.1073,12.0,,,-0.9031,1.0,,,-0.1627,7.0,0.0933,3.0,-0.0251,11.0,,,0.3735,16.0,0.3456,25.0
2025-11-22,Extreme Weather,-0.0605,206.0,-0.0979,56.0,-0.0806,157.0,0.0707,18.0,0.0127,5.0,0.4264,7.0,-0.1071,6.0,-0.1389,70.0,-0.0329,305.0,-0.091,33.0,-0.2056,146.0,-0.25,8.0,-0.2637,142.0,0.1664,35.0,0.1033,45.0,-0.2379,31.0,0.0413,4.0,0.0206,3.0,-0.0582,11.0,-0.0995,14.0,-0.1449,65.0,-0.1004,174.0,-0.0639,9.0,-0.4427,2.0,-0.004,8.0,-0.0226,128.0,-0.0194,38.0,-0.172,69.0,-0.0908,60.0,-0.0254,126.0,-0.0741,178.0
2025-11-22,Extreme Weather-Cold,0.002,4.0,-0.1499,5.0,,,-0.2152,11.0,0.0107,3.0,-0.1528,11.0,-0.008,1.0,-0.0286,44.0,-0.2061,70.0,-0.0883,37.0,-0.1515,44.0,,,-0.1291,61.0,0.0756,3.0,0.1996,9.0,-0.0656,19.0,,,,,-0.0229,2.0,,,-0.0389,25.0,-0.1617,65.0,,,,,,,-0.0268,37.0,-0.0022,18.0,-0.2041,24.0,-0.1134,20.0,-0.0648,60.0,-0.0502,45.0
2025-11-22,Extreme Weather-Drought,-0.3286,10.0,-0.0589,2.0,-0.1001,45.0,-0.4223,11.0,,,0.0344,2.0,-0.7934,2.0,0.1686,5.0,-0.0917,12.0,0.2146,2.0,-0.1998,37.0,,,-0.0669,19.0,-0.0117,1.0,-0.5187,9.0,-0.3497,8.0,0.0023,2.0,,,-0.2688,3.0,0.0366,6.0,,,-0.1106,11.0,,,,,-0.1899,3.0,0.0037,13.0,0.1235,1.0,-0.3296,20.0,0.0034,1.0,-0.1954,4.0,-0.1184,37.0
2025-11-22,Extreme Weather-Heat,0.0089,8.0,0.0059,1.0,0.0055,5.0,0.0072,1.0,,,-0.0089,3.0,0.0154,2.0,-0.1461,4.0,0.1427,24.0,,,0.0148,11.0,0.2139,12.0,,,0.0048,1.0,-0.0115,13.0,,,,,-0.7998,1.0,,,,,0.0405,4.0,-0.0795,22.0,0.0081,1.0,,,,,0.0519,17.0,-0.1298,8.0,-0.1262,9.0,0.0149,6.0,-0.0264,19.0,0.1598,12.0
2025-11-22,Fiscal Policy,-0.0182,64.0,-0.1503,56.0,0.0653,37.0,0.2091,39.0,0.0937,9.0,-0.0546,9.0,0.0751,6.0,0.033,54.0,0.0658,63.0,-0.2522,10.0,0.149,159.0,0.3178,5.0,0.0895,112.0,0.062,22.0,0.0766,33.0,0.1175,41.0,0.2925,11.0,0.0923,38.0,0.1316,65.0,0.1396,22.0,0.0584,13.0,0.1508,42.0,0.2203,6.0,0.2953,6.0,0.2208,18.0,-0.0247,84.0,0.1882,34.0,0.0778,92.0,0.0293,31.0,-0.0159,45.0,-0.0294,176.0
2025-11-22,Fiscal Policy-Stimulus Package,0.076,15.0,-0.3356,12.0,0.135,28.0,-0.1022,18.0,0.3971,3.0,,,0.3449,3.0,-0.0404,34.0,-0.0553,32.0,-0.0348,6.0,0.1536,36.0,0.0094,1.0,0.1261,40.0,0.112,6.0,0.4091,9.0,0.0476,23.0,0.2015,9.0,0.0175,7.0,0.3227,19.0,0.1647,14.0,0.2267,6.0,0.4367,12.0,,,-0.2944,2.0,-0.2467,3.0,0.0034,28.0,0.3824,20.0,0.0208,13.0,-0.2707,15.0,0.0734,109.0,-0.0502,75.0
2025-11-22,Monetary Policy,0.437,5.0,-0.1415,3.0,0.0045,1.0,-0.7048,1.0,0.9461,1.0,,,0.2989,3.0,0.0082,1.0,-0.1903,3.0,0.0449,2.0,0.0294,26.0,,,0.1549,6.0,0.005,1.0,-0.6326,7.0,0.313,3.0,,,0.0667,4.0,,,0.0158,2.0,0.0221,3.0,0.0122,4.0,,,,,-0.0763,4.0,0.2808,4.0,-0.3584,6.0,-0.3052,9.0,,,-0.0463,6.0,-0.3734,15.0
2025-11-22,Monetary Policy-Interest Rates,,,,,0.003,1.0,,,,,,,0.2865,2.0,,,,,,,-0.7494,1.0,,,,,0.0096,3.0,-0.0169,6.0,,,,,,,0.8173,1.0,0.4753,2.0,,,,,,,,,0.7804,1.0,0.3217,1.0,-0.8957,1.0,0.0623,5.0,,,,,0.0676,11.0
2025-11-22,Monetary Policy-Quantitative Easing,,,,,,,,,,,,,0.0058,3.0,,,-0.1573,7.0,0.0079,1.0,-0.0932,3.0,,,,,,,-0.1452,4.0,,,,,,,-0.2172,5.0,,,,,-0.0129,5.0,0.9483,1.0,,,,,0.0051,1.0,-0.407,8.0,0.0063,1.0,,,0.206,1.0,0.1595,6.0
2025-11-22,Natural Disaster,0.0615,3.0,-0.1221,4.0,-0.7885,1.0,0.0876,1.0,,,,,,,-0.4923,5.0,-0.2382,9.0,,,-0.1291,5.0,,,-0.1883,24.0,-0.2065,3.0,,,-0.6613,4.0,,,,,,,-0.1027,4.0,-0.601,3.0,-0.3368,13.0,-0.3196,2.0,,,,,-0.267,2.0,-0.1829,1.0,-0.3657,29.0,-0.8744,1.0,-0.467,2.0,-0.4404,16.0
2025-11-22,Oil Spills,,,-0.0856,2.0,,,,,,,,,,,-0.0399,2.0,,,,,-0.9081,1.0,,,,,,,,,-0.5436,1.0,,,,,,,,,,,,,,,0.9012,1.0,,,,,,,,,,,,,,
2025-11-22,Pandemic,-0.0979,99.0,-0.0238,141.0,-0.0228,127.0,-0.0939,77.0,-0.0982,13.0,-0.2115,33.0,0.0034,33.0,-0.0269,108.0,-0.0301,711.0,-0.2206,39.0,-0.0417,421.0,-0.1496,12.0,-0.034,353.0,-0.0202,62.0,-0.3578,96.0,-0.1733,99.0,0.005,27.0,-0.198,163.0,-0.1842,90.0,0.0314,51.0,-0.0964,92.0,-0.1678,239.0,-0.0542,13.0,0.0485,21.0,0.1474,31.0,-0.0157,246.0,-0.2528,96.0,-0.2247,381.0,-0.1139,81.0,-0.1794,201.0,-0.1789,500.0
2025-11-22,Politics,-0.0429,310.0,-0.0864,289.0,-0.0241,650.0,-0.0236,236.0,0.1624,28.0,-0.0118,77.0,0.002,53.0,-0.0378,322.0,0.0147,434.0,-0.0762,123.0,-0.0567,1196.0,-0.054,173.0,-0.0017,776.0,0.027,84.0,-0.0545,281.0,-0.0467,288.0,-0.0239,100.0,-0.0365,298.0,-0.0193,312.0,0.0613,163.0,-0.0321,136.0,-0.0209,444.0,0.03,27.0,0.0241,44.0,0.0381,109.0,0.0134,728.0,0.03,198.0,-0.0067,739.0,-0.0519,231.0,-0.0417,300.0,-0.0747,1626.0
2025-11-22,Politics-Election,0.0359,9.0,0.0324,7.0,0.0045,5.0,-0.14,2.0,,,,,0.0832,17.0,0.01,16.0,0.031,36.0,0.0004,4.0,0.1361,127.0,0.0058,1.0,-0.0727,53.0,,,0.4397,6.0,0.0085,5.0,0.0017,2.0,-0.1013,11.0,0.0828,23.0,0.1107,2.0,0.003,1.0,0.0026,4.0,,,-0.261,5.0,0.0065,2.0,0.0927,10.0,0.1072,9.0,-0.0156,2.0,,,-0.0659,8.0,-0.1001,72.0
2025-11-22,Politics-Political Tension,-0.1154,74.0,-0.1605,91.0,-0.0759,96.0,0.0199,40.0,-0.1906,2.0,-0.2013,15.0,-0.4393,2.0,-0.22,28.0,-0.1201,148.0,-0.029,32.0,-0.0298,178.0,-0.2091,40.0,-0.0807,71.0,0.0458,28.0,-0.0391,36.0,-0.0405,29.0,-0.1499,22.0,-0.0776,40.0,0.0254,73.0,-0.1663,14.0,-0.191,19.0,-0.0119,100.0,-0.3948,2.0,0.0384,15.0,-0.0885,31.0,-0.0646,129.0,-0.0634,31.0,-0.0418,135.0,-0.1086,73.0,-0.1282,60.0,-0.1216,313.0
2025-11-22,Terrorist Attacks,-0.5496,21.0,-0.3508,37.0,-0.6146,14.0,-0.4534,18.0,,,-0.071,1.0,-0.4307,4.0,-0.1757,17.0,-0.2295,28.0,-0.2964,3.0,-0.3046,184.0,-0.594,49.0,-0.5976,55.0,-0.2047,7.0,-0.8135,1.0,-0.5358,35.0,-0.5567,2.0,-0.1542,59.0,-0.3982,25.0,-0.8146,1.0,-0.1072,5.0,-0.4383,42.0,,,-0.4382,2.0,-0.4591,12.0,-0.3786,22.0,-0.8361,2.0,-0.5082,72.0,-0.6659,10.0,-0.3844,68.0,-0.4588,197.0
2025-11-22,Wars,0.0511,8.0,0.1062,7.0,0.0172,10.0,-0.0299,5.0,0.04,12.0,-0.2055,11.0,0.0001,19.0,-0.0536,16.0,0.2032,26.0,0.0155,8.0,0.0978,88.0,-0.0691,39.0,-0.0747,52.0,0.0664,13.0,0.1254,27.0,-0.0352,13.0,0.0042,2.0,0.0226,46.0,0.2152,20.0,0.1181,11.0,-0.0001,29.0,-0.1842,400.0,0.1011,20.0,0.0335,1.0,-0.0313,6.0,0.0251,58.0,0.0404,21.0,-0.1162,101.0,-0.0841,130.0,0.0717,5.0,0.1074,79.0
2025-11-21,Economic Data,0.1744,85.0,0.0604,120.0,0.0706,199.0,0.2107,69.0,0.1384,59.0,-0.1702,31.0,-0.066,15.0,0.0604,111.0,0.1072,359.0,0.0098,36.0,0.071,273.0,0.3129,5.0,0.039,216.0,0.1347,181.0,0.2659,150.0,0.1228,61.0,0.2476,31.0,0.1327,53.0,0.2004,41.0,0.1648,54.0,0.0714,57.0,0.0487,217.0,0.0244,2.0,0.0465,19.0,0.3603,34.0,0.1319,245.0,0.3006,174.0,0.0289,160.0,-0.2064,61.0,-0.0073,209.0,0.0777,413.0
2025-11-21,Economic Data-Consumer Spending,0.1957,5.0,-0.0135,2.0,0.1485,6.0,0.3671,6.0,,,,,,,-0.3036,3.0,-0.0723,3.0,0.3263,2.0,0.1368,9.0,,,-0.2415,13.0,0.2081,3.0,0.0029,2.0,0.0008,3.0,-0.0066,1.0,,,,,,,-0.0125,2.0,0.4951,2.0,,,0.1017,3.0,,,-0.0006,6.0,,,0.014,2.0,-0.0089,3.0,-0.2736,32.0,0.2555,15.0
2025-11-21,Economic Data-Employment,0.2119,17.0,-0.161,10.0,0.1976,37.0,0.1448,15.0,0.2404,9.0,0.15,4.0,0.0169,2.0,0.1632,16.0,-0.0384,41.0,0.2017,8.0,0.1443,104.0,,,-0.0533,49.0,0.0353,55.0,0.1983,28.0,0.1657,17.0,-0.3028,10.0,0.137,9.0,0.2686,6.0,-0.0667,5.0,-0.2086,7.0,0.0046,45.0,0.2895,3.0,-0.1133,9.0,0.1268,7.0,0.0968,57.0,0.2069,7.0,0.0613,43.0,0.24,18.0,-0.212,18.0,0.0277,98.0
2025-11-21,Economic Data-GDP,0.4882,5.0,0.5473,7.0,-0.6076,1.0,,,0.2432,1.0,0.9267,2.0,,,0.7003,8.0,-0.28,5.0,0.3896,2.0,-0.1934,7.0,,,-0.296,5.0,,,0.004,2.0,-0.1163,17.0,,,,,,,0.889,4.0,0.8815,1.0,-0.2142,4.0,,,0.3616,11.0,0.8807,3.0,0.369,10.0,0.9509,1.0,0.7712,1.0,0.0095,3.0,,,0.9439,3.0
2025-11-21,Economic Data-Housing,0.0035,9.0,0.1173,33.0,0.2125,9.0,0.0619,57.0,0.1538,9.0,-0.1222,10.0,0.2745,8.0,-0.0237,27.0,-0.0012,54.0,0.1274,7.0,0.3266,52.0,-0.9027,2.0,0.0115,51.0,0.0808,38.0,0.0649,94.0,0.3546,13.0,0.1972,20.0,-0.0238,10.0,0.4188,4.0,0.2973,6.0,0.1534,22.0,0.0104,53.0,0.4383,2.0,0.1474,14.0,-0.1048,6.0,0.0787,60.0,0.1913,58.0,0.0854,40.0,0.1232,7.0,0.0867,78.0,0.1025,134.0
2025-11-21,Economic Data-Inflation,0.2175,2.0,-0.5749,6.0,-0.4397,2.0,,,,,-0.9026,2.0,-0.0001,1.0,0.01,1.0,0.0919,12.0,0.1227,3.0,-0.2159,3.0,,,0.0454,4.0,0.347,12.0,0.2648,7.0,0.9079,1.0,,,,,0.4117,2.0,-0.0714,3.0,-0.4016,5.0,-0.1706,6.0,,,,,0.0038,1.0,-0.0205,1.0,-0.5623,3.0,0.0037,1.0,0.3885,4.0,0.0472,3.0,-0.0109,11.0
2025-11-21,Economic Data-Interest Rates,0.1159,17.0,0.2021,7.0,0.0436,8.0,0.0473,10.0,0.0083,2.0,-0.4476,4.0,0.3448,2.0,0.0948,10.0,-0.0517,53.0,-0.1113,5.0,0.2312,52.0,-0.8322,1.0,0.0269,55.0,0.1559,7.0,-0.4749,36.0,-0.1706,9.0,-0.232,2.0,0.3014,3.0,-0.9111,1.0,0.0447,7.0,-0.3018,4.0,-0.1136,37.0,,,-0.117,1.0,0.195,24.0,0.4489,25.0,0.2791,39.0,0.321,16.0,0.2147,4.0,-0.1838,48.0,0.0311,85.0
2025-11-21,Economic Data-Manufacturing,0.0675,6.0,0.487,2.0,-0.0112,7.0,0.3127,10.0,0.4099,8.0,0.9493,1.0,,,0.1153,8.0,0.4677,52.0,0.9364,1.0,0.7344,6.0,-0.0018,2.0,0.1771,15.0,0.3695,6.0,-0.0982,23.0,0.3878,6.0,0.0224,2.0,0.5,2.0,0.1983,6.0,0.9136,1.0,0.8691,1.0,0.075,13.0,,,0.7122,5.0,0.0477,3.0,0.4794,20.0,0.6674,35.0,0.0093,1.0,-0.9146,1.0,0.692,9.0,0.3622,27.0
2025-11-21,Economic Data-Retail Sales,0.2651,11.0,0.0065,10.0,0.1727,7.0,-0.2554,15.0,0.6123,6.0,-0.1425,5.0,,,0.1644,17.0,0.2394,34.0,0.0012,2.0,0.3,20.0,,,0.3334,17.0,0.1023,34.0,0.1762,9.0,0.132,4.0,0.0611,6.0,0.9433,1.0,0.434,3.0,0.9458,1.0,-0.0009,2.0,0.076,19.0,,,0.4421,6.0,0.277,6.0,0.4016,26.0,0.1012,14.0,0.1346,17.0,-0.0022,2.0,0.1128,44.0,0.2215,72.0
2025-11-21,Extreme Weather,-0.0527,230.0,0.1551,58.0,-0.1844,259.0,-0.0519,31.0,0.2913,10.0,0.0287,21.0,-0.052,3.0,-0.0599,95.0,-0.0361,392.0,-0.0505,28.0,-0.1634,229.0,-0.0431,6.0,-0.0927,143.0,0.0981,91.0,0.0764,86.0,-0.0717,66.0,0.1391,15.0,0.0942,11.0,-0.126,17.0,-0.1131,11.0,-0.0037,84.0,-0.1901,228.0,0.0087,7.0,0.0013,2.0,-0.1423,9.0,0.0055,182.0,0.0418,70.0,-0.0989,116.0,-0.1843,88.0,-0.1292,206.0,-0.0411,251.0
2025-11-21,Extreme Weather-Cold,0.1077,11.0,-0.4317,3.0,-0.2125,3.0,-0.1024,14.0,0.5415,2.0,-0.2573,19.0,0.0102,1.0,-0.0813,60.0,-0.0728,111.0,-0.1199,36.0,-0.1279,42.0,0.0277,1.0,-0.2075,104.0,0.0218,13.0,-0.0494,13.0,-0.1319,41.0,-0.4023,2.0,,,-0.0498,8.0,,,-0.1388,38.0,-0.1652,106.0,,,,,,,-0.1534,76.0,0.0007,21.0,-0.3336,30.0,-0.0511,23.0,-0.1834,113.0,-0.0435,85.0
2025-11-21,Extreme Weather-Drought,-0.2202,10.0,0.2703,3.0,-0.1295,95.0,0.1942,7.0,0.9427,1.0,,,0.4621,2.0,0.0734,8.0,-0.1256,17.0,-0.0169,2.0,-0.1366,41.0,0.0402,1.0,-0.106,18.0,0.4859,2.0,-0.4331,6.0,-0.2297,15.0,-0.0697,2.0,0.0198,3.0,0.1662,7.0,0.3784,5.0,0.4439,3.0,-0.091,25.0,,,,,-0.3149,2.0,0.2801,23.0,-0.3863,2.0,-0.2696,39.0,-0.0199,3.0,-0.0358,6.0,-0.1357,56.0
2025-11-21,Extreme Weather-Heat,-0.0959,8.0,0.0256,2.0,0.0512,5.0,-0.2513,4.0,,,-0.021,3.0,-0.0203,2.0,0.0021,3.0,0.0598,46.0,,,0.0517,18.0,0.158,10.0,-0.1609,5.0,0.1816,14.0,0.0074,11.0,0.0057,2.0,0.1044,4.0,,,-0.8546,1.0,,,0.0025,3.0,-0.0485,18.0,,,-0.8163,1.0,0.0357,2.0,0.0683,16.0,0.1574,15.0,0.3089,7.0,0.0162,14.0,0.1329,50.0,-0.0436,20.0
2025-11-21,Fiscal Policy,-0.0165,82.0,0.0213,74.0,0.1508,99.0,0.022,86.0,0.0933,20.0,-0.089,20.0,0.347,4.0,0.0763,81.0,0.0706,282.0,-0.0562,16.0,-0.0068,177.0,0.0971,10.0,0.0154,242.0,-0.0003,64.0,0.1007,97.0,-0.0217,72.0,-0.0298,19.0,0.0554,54.0,0.1038,49.0,0.1082,23.0,-0.0469,27.0,0.0688,108.0,-0.4457,2.0,-0.1089,6.0,-0.0239,31.0,0.0522,200.0,0.0595,52.0,0.0451,82.0,-0.1413,55.0,-0.0477,121.0,-0.0684,380.0
2025-11-21,Fiscal Policy-Stimulus Package,0.0378,53.0,-0.1277,41.0,0.0724,26.0,-0.03,52.0,0.1162,16.0,0.0666,6.0,0.9429,1.0,0.0775,31.0,-0.0812,113.0,0.0627,15.0,0.2331,50.0,,,0.1099,82.0,0.2748,61.0,0.0855,42.0,0.019,31.0,-0.1928,8.0,0.2287,25.0,0.0355,15.0,0.2024,28.0,-0.0171,31.0,0.0414,69.0,,,0.4279,3.0,0.0314,6.0,0.1713,83.0,-0.0698,49.0,0.0295,48.0,-0.0397,35.0,-0.0904,148.0,-0.1162,215.0
2025-11-21,Monetary Policy,-0.1807,11.0,0.5763,5.0,0.4251,5.0,-0.191,4.0,0.3205,3.0,-0.281,3.0,,,-0.264,7.0,-0.0044,31.0,0.7518,1.0,0.1452,29.0,,,0.2184,20.0,0.3011,6.0,-0.3487,9.0,0.0237,8.0,,,0.4997,8.0,,,,,0.0086,1.0,-0.2438,20.0,,,-0.505,2.0,0.3391,12.0,0.4149,14.0,0.2451,20.0,0.3179,10.0,0.9387,3.0,-0.0498,18.0,0.0626,53.0
2025-11-21,Monetary Policy-Interest Rates,,,,,,,,,-0.8449,3.0,,,0.3448,2.0,0.2783,6.0,-0.4983,15.0,-0.0728,1.0,0.0683,9.0,,,,,0.2314,6.0,-0.2065,3.0,0.027,1.0,,,,,,,0.2187,1.0,,,,,,,-0.9196,1.0,0.0914,9.0,0.9452,1.0,0.031,5.0,0.2677,3.0,,,,,0.3817,13.0
2025-11-21,Monetary Policy-Quantitative Easing,-0.2719,5.0,0.6166,4.0,0.4648,2.0,-0.2248,6.0,0.0037,2.0,0.0031,1.0,0.2344,4.0,0.0546,6.0,-0.0405,57.0,-0.2169,3.0,0.2085,13.0,,,-0.2929,27.0,0.0727,12.0,0.1327,54.0,,,,,-0.4505,3.0,0.563,7.0,,,0.4742,2.0,0.1203,17.0,0.9264,3.0,0.0022,1.0,-0.2098,4.0,0.0032,1.0,-0.121,13.0,-0.2565,6.0,,,0.016,2.0,0.0254,17.0
2025-11-21,Natural Disaster,-0.4293,8.0,0.2682,11.0,-0.3629,12.0,,,,,-0.426,2.0,-0.8942,1.0,-0.222,4.0,-0.1755,6.0,,,-0.5045,49.0,,,-0.5008,6.0,-0.0516,13.0,,,-0.132,18.0,,,,,-0.6315,6.0,-0.4198,2.0,,,-0.5153,19.0,,,,,-0.9081,2.0,0.0052,3.0,-0.0351,8.0,-0.2033,47.0,-0.8894,2.0,-0.3767,6.0,-0.2633,31.0
2025-11-21,Oil Spills,-0.0061,1.0,,,,,0.0222,3.0,,,,,,,,,0.9414,2.0,,,-0.8972,1.0,,,,,,,,,,,-0.1362,1.0,,,,,,,,,,,,,,,,,-0.7069,1.0,,,-0.184,1.0,,,,,-0.4064,2.0
2025-11-21,Pandemic,-0.0439,127.0,-0.0611,181.0,-0.0616,161.0,-0.0952,160.0,0.1426,28.0,-0.1132,63.0,-0.0603,21.0,-0.1526,207.0,-0.0045,925.0,-0.079,68.0,-0.1192,485.0,-0.1526,24.0,-0.0856,607.0,0.0676,138.0,-0.1534,260.0,-0.0554,161.0,-0.0793,72.0,-0.1564,194.0,-0.0232,82.0,0.0074,62.0,-0.0801,171.0,-0.0818,434.0,-0.0896,16.0,-0.1105,34.0,-0.1325,91.0,-0.029,614.0,-0.145,173.0,-0.2404,434.0,-0.158,124.0,-0.2214,351.0,-0.0709,810.0
2025-11-21,Politics,-0.0428,487.0,-0.0502,641.0,-0.0105,435.0,-0.0404,390.0,0.045,85.0,-0.0753,98.0,-0.0396,42.0,-0.1169,500.0,-0.0149,1146.0,-0.008,237.0,-0.0483,1433.0,-0.0623,208.0,-0.0168,1301.0,0.052,284.0,-0.0993,715.0,-0.0303,473.0,-0.059,147.0,-0.0543,443.0,-0.0462,300.0,0.0269,254.0,-0.0576,269.0,-0.0276,970.0,-0.0544,40.0,-0.0252,78.0,0.03,181.0,-0.0071,1549.0,-0.0952,414.0,-0.0164,795.0,-0.0433,450.0,-0.0974,572.0,-0.0825,2767.0
2025-11-21,Politics-Election,-0.0049,15.0,0.0011,19.0,0.0515,6.0,0.0104,11.0,0.0047,2.0,-0.0469,2.0,0.1306,12.0,0.0616,41.0,-0.0465,32.0,-0.0077,17.0,0.0246,143.0,0.3867,4.0,0.0088,59.0,-0.0207,3.0,0.2377,33.0,0.0402,13.0,0.0116,1.0,-0.3996,15.0,0.0901,10.0,,,-0.0082,9.0,0.0069,7.0,,,-0.4074,2.0,0.5259,1.0,0.051,32.0,-0.067,32.0,0.0032,25.0,0.0096,2.0,-0.2314,13.0,-0.0241,164.0
2025-11-21,Politics-Political Tension,0.0199,86.0,-0.0222,128.0,-0.0552,55.0,-0.0523,51.0,0.2569,11.0,-0.2159,19.0,0.1102,5.0,-0.0778,29.0,-0.0856,117.0,-0.1068,20.0,-0.0999,171.0,-0.104,34.0,-0.0419,125.0,-0.048,23.0,-0.0991,122.0,-0.0247,71.0,-0.2014,32.0,-0.151,26.0,-0.1125,46.0,0.0323,21.0,-0.0912,52.0,-0.0612,94.0,0.1825,10.0,0.0253,22.0,-0.1214,29.0,-0.1292,240.0,-0.1969,37.0,-0.1033,90.0,-0.0156,104.0,-0.107,100.0,-0.0647,487.0
2025-11-21,Terrorist Attacks,-0.5774,19.0,-0.3088,67.0,-0.4602,39.0,-0.2567,19.0,,,-0.6028,3.0,-0.4728,3.0,-0.3639,22.0,-0.1944,44.0,-0.2683,4.0,-0.2048,176.0,-0.4869,31.0,-0.4346,48.0,-0.3902,6.0,-0.3436,27.0,-0.4358,40.0,-0.1633,10.0,-0.3032,73.0,-0.6069,48.0,-0.2571,6.0,-0.3443,22.0,-0.363,95.0,,,0.0037,1.0,-0.4821,12.0,-0.486,16.0,-0.4861,3.0,-0.5347,131.0,-0.4228,19.0,-0.4657,87.0,-0.3946,265.0
2025-11-21,Wars,0.0928,20.0,0.1187,8.0,-0.0142,18.0,-0.0837,13.0,0.1736,18.0,0.1464,14.0,0.1167,17.0,-0.0664,37.0,-0.0686,48.0,0.0006,26.0,-0.1002,73.0,-0.0777,45.0,-0.04,85.0,0.0491,22.0,-0.0193,53.0,-0.0791,29.0,-0.0563,9.0,-0.0565,50.0,-0.0323,20.0,0.1187,12.0,-0.0057,61.0,-0.0948,655.0,0.1362,25.0,-0.2934,6.0,0.1852,9.0,0.0901,98.0,-0.1122,30.0,-0.0202,99.0,0.0248,280.0,-0.0278,9.0,-0.1212,143.0
2025-11-20,Economic Data,0.1364,103.0,0.1742,99.0,0.0454,103.0,0.1361,91.0,0.0453,69.0,-0.0156,41.0,0.1621,24.0,0.0609,89.0,0.0126,450.0,-0.01,43.0,0.0537,271.0,0.0724,22.0,0.0273,296.0,0.1589,168.0,0.1951,250.0,0.1251,98.0,0.1906,46.0,0.1823,56.0,0.379,33.0,0.0465,88.0,0.0365,64.0,0.2001,243.0,0.4776,20.0,0.1131,29.0,0.0681,35.0,0.1533,298.0,0.2174,198.0,0.0435,187.0,-0.0018,72.0,0.0601,289.0,0.0766,540.0
2025-11-20,Economic Data-Consumer Spending,0.4735,2.0,0.1715,2.0,,,-0.0077,7.0,,,0.621,4.0,,,-0.1687,6.0,0.1762,8.0,-0.016,8.0,0.3151,4.0,,,0.3237,9.0,,,0.9422,1.0,0.0002,5.0,0.0118,1.0,,,0.4102,2.0,0.0093,1.0,-0.0128,1.0,0.0072,5.0,,,-0.0037,2.0,0.2422,2.0,0.129,15.0,0.2558,10.0,0.0094,2.0,-0.0,1.0,-0.0537,12.0,-0.0104,23.0
2025-11-20,Economic Data-Employment,0.3281,23.0,-0.3703,35.0,0.2273,48.0,-0.1472,28.0,0.317,11.0,0.1343,8.0,0.0665,4.0,-0.0149,29.0,-0.1589,87.0,-0.1626,5.0,0.0226,94.0,-0.905,1.0,0.025,69.0,0.1563,60.0,0.1145,75.0,-0.1487,20.0,-0.3514,10.0,0.106,16.0,0.2291,6.0,-0.0352,9.0,0.144,4.0,0.0085,47.0,0.3023,8.0,-0.1413,9.0,-0.0871,14.0,0.1159,46.0,0.1299,23.0,0.161,34.0,0.0304,14.0,-0.1511,37.0,0.003,223.0
2025-11-20,Economic Data-GDP,0.942,1.0,0.4377,6.0,-0.3082,3.0,,,0.6216,3.0,0.9513,1.0,0.0304,2.0,,,-0.5397,5.0,-0.4422,2.0,-0.2744,3.0,,,0.3962,2.0,,,,,-0.5101,13.0,,,-0.3143,1.0,0.1663,3.0,0.7326,5.0,,,0.9485,1.0,,,-0.8899,3.0,-0.4205,2.0,-0.247,6.0,-0.0228,2.0,0.5975,7.0,,,0.0516,1.0,-0.2435,12.0
2025-11-20,Economic Data-Housing,0.0369,22.0,-0.0049,53.0,0.1224,9.0,0.1883,39.0,-0.0445,12.0,0.0089,14.0,0.1025,3.0,0.2558,38.0,0.1626,113.0,0.0243,21.0,0.209,56.0,0.0709,11.0,-0.0345,62.0,0.1387,33.0,0.174,78.0,0.1794,9.0,0.0611,17.0,0.1759,14.0,0.5809,3.0,0.0056,7.0,0.1212,18.0,0.1818,40.0,0.6533,11.0,0.161,18.0,0.0167,10.0,0.1252,102.0,-0.0798,65.0,-0.0321,24.0,0.0325,15.0,-0.0833,124.0,0.1359,191.0
2025-11-20,Economic Data-Inflation,0.1143,6.0,-0.6792,2.0,-0.91,2.0,0.0024,6.0,0.1048,1.0,-0.4603,3.0,,,-0.0134,1.0,-0.4579,12.0,-0.1398,2.0,-0.9205,1.0,,,-0.4661,2.0,0.0099,11.0,-0.2287,9.0,-0.1148,2.0,,,-0.0414,2.0,0.0053,3.0,-0.6911,2.0,-0.0307,5.0,0.3881,8.0,,,,,0.9271,1.0,-0.5692,4.0,0.9402,1.0,-0.0999,14.0,0.2094,6.0,0.1008,8.0,-0.3081,12.0
2025-11-20,Economic Data-Interest Rates,0.1573,37.0,0.0646,7.0,-0.1557,8.0,0.1998,31.0,-0.2869,2.0,0.1307,12.0,-0.0103,7.0,0.2191,4.0,0.0462,66.0,0.0467,6.0,0.1452,50.0,-0.8748,4.0,0.0627,33.0,0.2145,18.0,0.1824,24.0,-0.2267,5.0,0.0016,1.0,0.0167,30.0,0.8983,3.0,0.3686,12.0,0.031,3.0,0.1033,31.0,,,0.3302,7.0,-0.1445,40.0,-0.0758,23.0,-0.1069,37.0,0.248,18.0,-0.0128,10.0,-0.202,22.0,0.0034,107.0
2025-11-20,Economic Data-Manufacturing,0.0489,10.0,0.5958,8.0,0.3096,1.0,0.2387,8.0,0.3567,3.0,0.5156,4.0,,,0.1749,7.0,0.2598,42.0,0.0076,1.0,0.4072,18.0,,,0.5885,12.0,0.014,9.0,0.2445,20.0,0.4922,2.0,0.2864,2.0,0.286,2.0,0.5806,9.0,0.4755,2.0,0.9451,1.0,-0.2099,2.0,0.0458,1.0,,,0.0568,3.0,0.4426,13.0,0.6392,45.0,0.3032,6.0,,,0.3525,10.0,0.2419,28.0
2025-11-20,Economic Data-Retail Sales,-0.1154,12.0,0.151,17.0,0.0104,2.0,0.0056,27.0,-0.0203,4.0,0.2097,7.0,0.9449,2.0,0.2595,21.0,0.2084,71.0,0.3096,3.0,0.3834,16.0,0.003,1.0,-0.0517,18.0,0.0983,44.0,0.2178,25.0,0.0901,4.0,0.2448,9.0,0.2393,4.0,0.0641,2.0,0.474,5.0,0.2459,4.0,0.0416,18.0,0.0102,1.0,0.1093,3.0,0.1584,7.0,0.2808,26.0,0.6597,31.0,0.3082,36.0,0.0059,4.0,0.5704,33.0,0.1658,90.0
2025-11-20,Extreme Weather,-0.1031,230.0,-0.0408,50.0,0.128,208.0,0.0642,53.0,0.2302,7.0,0.0048,26.0,-0.1812,8.0,-0.1716,85.0,-0.114,582.0,-0.0683,30.0,-0.0518,212.0,-0.0379,9.0,-0.1193,133.0,0.0446,89.0,0.0459,96.0,-0.108,52.0,0.0738,16.0,0.2742,4.0,-0.4102,7.0,0.1151,11.0,-0.0081,89.0,-0.065,176.0,0.0892,10.0,0.0854,11.0,-0.1426,25.0,0.0979,152.0,0.1437,87.0,-0.2031,159.0,-0.057,97.0,-0.0837,182.0,-0.0422,274.0
2025-11-20,Extreme Weather-Cold,-0.1221,8.0,-0.2605,6.0,-0.1882,2.0,-0.2093,13.0,0.3092,3.0,-0.1892,17.0,-0.0654,1.0,-0.0222,47.0,-0.1699,112.0,-0.0151,27.0,-0.0973,59.0,0.0012,3.0,-0.1124,61.0,-0.079,14.0,-0.1495,22.0,-0.132,41.0,0.0057,2.0,,,0.0436,5.0,,,-0.1183,25.0,-0.1331,64.0,,,,,-0.3712,2.0,-0.1727,77.0,0.0021,16.0,-0.0998,34.0,-0.0024,31.0,-0.2328,188.0,-0.0724,69.0
2025-11-20,Extreme Weather-Drought,-0.0374,9.0,0.1419,18.0,0.0705,86.0,0.2338,3.0,0.0092,1.0,-0.3632,6.0,0.5531,1.0,-0.1608,7.0,-0.0054,17.0,0.2841,3.0,0.0944,36.0,-0.2272,1.0,-0.4282,11.0,-0.0004,3.0,0.1765,5.0,0.0362,20.0,0.0039,8.0,0.0066,1.0,0.1345,7.0,-0.1094,5.0,0.3102,4.0,-0.1195,16.0,0.9178,1.0,-0.0564,3.0,-0.2733,7.0,0.1219,26.0,0.1954,4.0,-0.1171,30.0,-0.1765,7.0,0.2559,6.0,-0.0132,43.0
2025-11-20,Extreme Weather-Heat,0.1355,10.0,-0.0004,2.0,-0.2553,4.0,0.632,3.0,0.6471,2.0,,,-0.3976,3.0,0.0044,1.0,0.1256,40.0,-0.2766,4.0,-0.1056,23.0,0.1551,12.0,-0.0691,6.0,0.232,4.0,0.1933,13.0,0.1627,12.0,0.0033,3.0,,,,,,,-0.0287,11.0,0.1656,30.0,-0.4008,5.0,,,-0.0561,1.0,0.2472,14.0,0.0197,10.0,0.4623,7.0,0.2241,3.0,-0.0814,16.0,0.2459,14.0
2025-11-20,Fiscal Policy,0.1194,125.0,0.0634,144.0,0.1567,64.0,0.0666,111.0,0.3076,18.0,0.0666,25.0,0.0958,7.0,0.0115,100.0,-0.0031,278.0,-0.0761,14.0,0.0824,219.0,0.0255,16.0,0.0158,272.0,0.2108,53.0,0.2253,118.0,0.0828,93.0,0.0219,51.0,0.2091,73.0,-0.0689,62.0,0.0056,50.0,0.0186,38.0,0.1709,147.0,-0.1374,3.0,0.029,18.0,-0.0204,42.0,0.014,221.0,-0.1361,86.0,0.0045,131.0,-0.0241,48.0,-0.1,142.0,-0.1105,508.0
2025-11-20,Fiscal Policy-Stimulus Package,-0.0023,66.0,0.2398,52.0,-0.086,12.0,0.0862,59.0,0.2359,6.0,-0.0504,13.0,0.3629,4.0,0.0004,42.0,0.1734,57.0,0.1973,11.0,0.0715,39.0,0.2192,6.0,-0.005,118.0,0.1375,35.0,0.2989,61.0,-0.099,45.0,0.2512,5.0,0.0802,28.0,0.3639,13.0,0.2656,26.0,-0.0964,19.0,0.0864,120.0,0.0183,1.0,0.1871,1.0,0.2362,8.0,0.0506,136.0,0.1324,114.0,0.0561,70.0,0.0555,37.0,-0.0193,83.0,-0.0499,240.0
2025-11-20,Monetary Policy,0.1073,18.0,-0.3781,6.0,-0.3976,4.0,0.1065,21.0,-0.4624,2.0,-0.0836,8.0,0.0052,4.0,0.1765,4.0,0.0302,42.0,0.2043,3.0,0.0659,33.0,,,0.3529,20.0,0.023,12.0,0.0955,13.0,-0.159,6.0,,,0.2087,26.0,0.8983,3.0,0.3747,5.0,,,0.3827,14.0,,,0.2382,5.0,-0.1951,30.0,0.3277,8.0,-0.0137,25.0,0.2182,10.0,-0.1315,11.0,-0.0862,15.0,-0.1213,64.0
2025-11-20,Monetary Policy-Interest Rates,0.7223,2.0,0.0105,1.0,,,-0.8644,1.0,0.9509,1.0,,,-0.1238,10.0,,,0.1456,3.0,,,-0.0098,4.0,,,-0.4518,2.0,0.3493,6.0,-0.3223,7.0,0.2593,4.0,,,,,,,,,,,0.0012,1.0,,,,,-0.2837,12.0,,,0.5045,2.0,-0.2993,3.0,0.0075,1.0,-0.9119,3.0,-0.1256,16.0
2025-11-20,Monetary Policy-Quantitative Easing,-0.1219,7.0,,,-0.4445,2.0,0.9384,1.0,-0.054,1.0,0.0022,1.0,-0.9094,1.0,0.4944,3.0,-0.1255,32.0,0.4787,2.0,0.0769,10.0,,,0.616,8.0,-0.457,3.0,0.0639,42.0,,,,,0.6065,6.0,0.9113,2.0,,,,,0.0553,9.0,,,0.0679,1.0,-0.8023,1.0,0.6135,4.0,0.4383,9.0,0.4784,14.0,-0.4503,3.0,,,-0.0739,22.0
2025-11-20,Natural Disaster,0.0195,9.0,-0.2096,7.0,-0.3615,3.0,-0.0143,1.0,,,-0.2266,2.0,,,-0.0069,2.0,-0.2538,10.0,-0.6018,3.0,-0.2246,10.0,,,-0.2625,13.0,0.0194,1.0,-0.5801,4.0,-0.4593,9.0,-0.0801,3.0,,,,,-0.8628,1.0,0.04,1.0,-0.4022,19.0,,,,,-0.5214,3.0,-0.0328,13.0,-0.419,7.0,-0.2706,99.0,,,-0.4703,12.0,-0.2917,21.0
2025-11-20,Oil Spills,-0.7612,3.0,-0.0964,1.0,-0.5941,8.0,,,,,,,,,,,-0.6951,2.0,,,-0.4836,1.0,,,,,,,,,,,-0.1362,1.0,-0.0176,1.0,,,,,-0.806,1.0,-0.0675,4.0,,,,,,,,,,,-0.8467,3.0,,,-0.0964,1.0,-0.5021,3.0
2025-11-20,Pandemic,-0.0765,186.0,-0.1224,235.0,-0.0573,173.0,-0.0908,152.0,0.027,23.0,-0.1686,72.0,0.0491,32.0,-0.1216,235.0,0.0044,1019.0,-0.0796,75.0,-0.0749,468.0,-0.0352,67.0,-0.0367,642.0,0.0919,129.0,0.0055,395.0,-0.0519,214.0,-0.1265,125.0,0.0381,173.0,-0.0062,88.0,0.0423,82.0,-0.0619,151.0,-0.1098,617.0,-0.0443,26.0,0.0111,43.0,-0.1264,80.0,0.0179,643.0,-0.158,296.0,-0.2646,538.0,-0.0454,139.0,-0.111,475.0,-0.0577,911.0
2025-11-20,Politics,-0.0425,718.0,-0.0436,768.0,-0.0043,445.0,0.001,424.0,0.1632,72.0,-0.1298,137.0,-0.0081,70.0,-0.0782,500.0,-0.029,1103.0,-0.0598,214.0,-0.0233,1820.0,-0.0515,302.0,-0.0088,1485.0,0.0469,250.0,-0.0241,899.0,-0.0244,589.0,-0.0386,224.0,-0.0248,522.0,-0.03,244.0,0.0392,310.0,-0.0558,315.0,0.0348,1293.0,0.0488,48.0,-0.0491,109.0,-0.0488,191.0,-0.0115,1913.0,-0.0869,488.0,-0.03,979.0,-0.0234,394.0,-0.102,729.0,-0.0798,3506.0
2025-11-20,Politics-Election,-0.104,19.0,-0.067,37.0,0.0081,5.0,0.012,3.0,,,-0.2027,2.0,-0.0305,19.0,0.0449,24.0,0.015,24.0,-0.0523,18.0,0.0048,160.0,0.0048,1.0,0.1404,38.0,-0.0881,10.0,0.1714,28.0,-0.0585,8.0,0.0138,8.0,-0.2141,10.0,0.0451,10.0,0.0068,1.0,-0.3126,2.0,0.0013,1.0,,,0.3155,3.0,0.0094,1.0,0.024,36.0,0.0774,14.0,0.0086,14.0,0.2394,2.0,-0.0857,5.0,0.0282,116.0
2025-11-20,Politics-Political Tension,-0.0655,100.0,-0.1068,138.0,-0.1578,49.0,-0.0408,52.0,0.283,14.0,-0.2286,27.0,-0.2614,4.0,-0.1727,32.0,-0.0455,104.0,-0.1488,15.0,-0.174,196.0,-0.1399,67.0,-0.0744,126.0,0.0095,30.0,-0.0849,132.0,-0.0864,71.0,-0.0303,28.0,-0.134,44.0,-0.18,53.0,-0.0219,39.0,-0.1141,40.0,-0.0649,84.0,0.0999,9.0,-0.0157,12.0,0.0507,28.0,-0.0083,214.0,-0.3063,54.0,-0.0541,97.0,0.0278,73.0,-0.1486,72.0,-0.099,443.0
2025-11-20,Terrorist Attacks,-0.3949,26.0,-0.2808,72.0,-0.3772,30.0,-0.3278,31.0,,,-0.7901,2.0,-0.2649,3.0,-0.2947,27.0,-0.1904,66.0,-0.8242,1.0,-0.3282,229.0,-0.4562,27.0,-0.4583,36.0,-0.3874,5.0,-0.6446,13.0,-0.472,65.0,-0.1199,17.0,-0.3835,104.0,-0.655,22.0,-0.1256,11.0,-0.4166,24.0,-0.4531,118.0,-0.5307,2.0,0.0628,5.0,-0.2724,9.0,-0.4505,17.0,-0.3071,18.0,-0.4853,105.0,-0.5787,13.0,-0.2002,55.0,-0.2757,262.0
2025-11-20,Wars,0.0035,22.0,-0.0912,37.0,-0.0043,17.0,-0.3185,12.0,0.1419,14.0,-0.11,17.0,0.0766,22.0,-0.0469,40.0,0.1074,81.0,-0.0397,21.0,0.1478,82.0,0.0067,83.0,-0.0281,79.0,0.1754,10.0,0.1362,96.0,-0.0137,36.0,0.0039,4.0,-0.0354,59.0,0.1341,34.0,0.0145,15.0,0.0675,39.0,-0.1002,873.0,0.1029,28.0,-0.0312,9.0,0.0061,3.0,-0.0068,128.0,0.083,35.0,0.0408,139.0,0.0299,300.0,-0.0275,12.0,-0.0069,190.0
2025-11-19,Economic Data,0.0976,148.0,0.1474,112.0,0.1016,170.0,-0.0018,95.0,0.2299,72.0,0.0176,31.0,0.023,17.0,-0.0107,118.0,0.0858,377.0,0.0508,41.0,0.1545,252.0,0.0973,20.0,0.1729,228.0,0.0785,134.0,0.2276,211.0,0.1951,89.0,0.1647,61.0,0.2816,48.0,0.2141,59.0,0.0851,64.0,0.0366,61.0,0.148,240.0,0.1627,9.0,0.2289,27.0,0.1746,42.0,0.2167,241.0,0.0551,181.0,0.0286,130.0,0.1261,52.0,0.0471,331.0,0.0682,501.0
2025-11-19,Economic Data-Consumer Spending,-0.0069,3.0,,,,,-0.3278,10.0,,,0.0921,1.0,,,0.3107,1.0,0.2968,8.0,,,0.0285,13.0,0.0021,3.0,0.0106,2.0,0.0046,1.0,-0.0351,1.0,-0.2445,4.0,0.0021,1.0,0.0259,1.0,,,0.0077,2.0,,,-0.0092,3.0,0.5976,1.0,-0.9006,2.0,0.314,5.0,0.0351,4.0,0.3056,5.0,0.0525,1.0,-0.0293,4.0,-0.2393,18.0,0.0728,29.0
2025-11-19,Economic Data-Employment,-0.1407,33.0,0.0732,52.0,0.1276,73.0,-0.0731,28.0,0.1974,8.0,0.0356,5.0,0.065,4.0,-0.044,32.0,0.1378,72.0,-0.1921,14.0,0.1295,83.0,0.1699,5.0,-0.2019,53.0,0.1566,72.0,0.1884,71.0,0.3566,13.0,-0.0924,13.0,-0.0468,7.0,0.1437,9.0,0.2976,6.0,0.1341,7.0,0.0324,54.0,0.0041,4.0,0.0249,8.0,0.1117,7.0,0.1478,78.0,0.0035,35.0,-0.1668,35.0,-0.0334,11.0,-0.0268,20.0,-0.0241,132.0
2025-11-19,Economic Data-GDP,0.7424,2.0,0.3949,1.0,,,-0.9144,2.0,0.9359,2.0,,,,,-0.1196,1.0,0.5459,9.0,,,0.5488,6.0,,,-0.0036,4.0,-0.6516,1.0,,,0.3835,6.0,0.2829,5.0,-0.0204,2.0,,,0.9246,1.0,0.3778,2.0,0.4307,4.0,,,-0.034,3.0,0.4725,2.0,-0.1506,7.0,0.2562,11.0,-0.8968,2.0,,,-0.119,1.0,0.0268,5.0
2025-11-19,Economic Data-Housing,0.248,25.0,-0.0657,89.0,0.2878,25.0,-0.0031,39.0,0.0705,10.0,0.2151,14.0,0.1843,6.0,-0.0092,33.0,0.1579,67.0,0.0841,26.0,0.0519,80.0,0.0251,29.0,0.0154,56.0,0.09,15.0,0.2727,88.0,0.0192,8.0,-0.1022,24.0,0.0873,7.0,0.087,3.0,0.2227,7.0,0.0315,13.0,-0.0488,51.0,0.7327,11.0,0.2133,8.0,-0.0714,9.0,0.176,148.0,0.0919,54.0,0.0739,18.0,0.006,7.0,0.0881,118.0,0.0032,242.0
2025-11-19,Economic Data-Inflation,0.089,5.0,0.0013,5.0,-0.004,1.0,-0.3723,4.0,,,,,,,0.0067,4.0,-0.3545,4.0,0.319,3.0,-0.2889,4.0,,,-0.079,6.0,0.229,5.0,-0.3236,4.0,0.2836,4.0,0.551,1.0,-0.1683,2.0,-0.0091,6.0,-0.1873,1.0,0.0989,4.0,0.3806,11.0,,,,,0.3104,11.0,-0.0489,5.0,0.0061,3.0,0.1958,6.0,0.4552,3.0,-0.2794,12.0,-0.0397,22.0
2025-11-19,Economic Data-Interest Rates,0.2059,22.0,0.0045,14.0,-0.1435,17.0,0.1321,24.0,0.1868,4.0,0.3243,7.0,-0.6165,1.0,-0.2324,5.0,0.0963,51.0,-0.0158,3.0,0.082,47.0,,,0.1292,19.0,0.2374,14.0,0.1757,46.0,0.0034,4.0,-0.0125,11.0,0.1125,11.0,0.3995,5.0,0.3913,8.0,-0.4376,3.0,0.0581,31.0,,,0.1605,4.0,0.0671,25.0,-0.1582,24.0,-0.0434,27.0,0.0036,20.0,-0.0081,10.0,-0.1263,45.0,-0.0452,88.0
2025-11-19,Economic Data-Manufacturing,0.3376,8.0,0.1189,4.0,0.942,2.0,0.0026,1.0,0.0067,1.0,,,0.0125,2.0,0.201,7.0,0.3583,95.0,-0.0419,2.0,0.4783,6.0,,,0.362,10.0,0.4987,16.0,0.4098,17.0,-0.7697,5.0,-0.0194,5.0,0.5244,6.0,0.4762,2.0,0.8888,2.0,,,-0.0559,18.0,0.5732,1.0,,,0.941,2.0,0.373,10.0,0.3367,35.0,0.0752,6.0,,,0.4019,15.0,0.3276,33.0
2025-11-19,Economic Data-Retail Sales,-0.2279,14.0,0.1877,11.0,0.4163,13.0,0.3775,19.0,0.2706,7.0,0.2087,4.0,,,0.0647,20.0,0.3943,57.0,-0.9176,1.0,0.4424,11.0,0.0044,2.0,0.1232,17.0,0.1297,38.0,0.4925,18.0,0.6486,4.0,0.5452,5.0,0.0501,5.0,,,0.1481,4.0,0.0126,3.0,-0.0162,17.0,0.019,1.0,0.0357,4.0,0.3261,6.0,0.121,14.0,0.5375,19.0,0.0066,7.0,0.4135,14.0,0.2008,37.0,0.214,90.0
2025-11-19,Extreme Weather,-0.1866,204.0,0.1656,73.0,-0.0987,182.0,0.0051,45.0,0.0664,9.0,0.0968,24.0,0.2688,6.0,-0.0172,66.0,-0.1162,387.0,-0.0984,31.0,0.0069,207.0,0.136,17.0,-0.0684,86.0,0.0114,63.0,0.0458,100.0,-0.0915,46.0,-0.028,23.0,-0.0054,10.0,-0.0317,15.0,0.0154,7.0,-0.0044,60.0,-0.013,202.0,-0.0564,8.0,0.2786,7.0,0.0241,8.0,-0.0429,128.0,0.0509,116.0,-0.0732,128.0,0.0183,111.0,0.0187,227.0,-0.0273,234.0
2025-11-19,Extreme Weather-Cold,-0.1823,13.0,-0.2859,7.0,-0.087,1.0,-0.1532,16.0,0.0174,5.0,-0.0995,12.0,0.1597,3.0,-0.1372,49.0,-0.2116,100.0,-0.0767,12.0,-0.232,65.0,0.0293,1.0,-0.1227,46.0,0.082,17.0,-0.104,28.0,-0.1395,30.0,-0.2984,2.0,,,0.6411,1.0,0.0051,1.0,-0.2498,26.0,-0.1134,89.0,0.2904,6.0,0.4296,2.0,-0.4666,1.0,-0.1281,77.0,-0.1654,40.0,-0.1044,22.0,-0.2074,26.0,-0.2472,269.0,-0.1039,89.0
2025-11-19,Extreme Weather-Drought,-0.2045,15.0,0.0262,8.0,0.0068,87.0,-0.2947,5.0,0.9453,2.0,,,-0.0058,1.0,0.0939,10.0,0.071,25.0,-0.2175,3.0,0.0532,38.0,-0.0001,1.0,-0.0185,12.0,-0.5206,2.0,0.6313,3.0,-0.0387,17.0,0.0098,8.0,0.4779,2.0,0.1679,11.0,0.1425,10.0,0.0288,5.0,-0.1381,19.0,0.0131,1.0,,,-0.8925,6.0,0.1036,29.0,-0.9175,1.0,-0.0353,52.0,0.01,5.0,0.041,3.0,-0.0151,41.0
2025-11-19,Extreme Weather-Heat,-0.063,12.0,0.1301,5.0,0.0291,10.0,0.9466,2.0,0.0434,7.0,0.0046,3.0,0.0032,4.0,,,0.0711,39.0,-0.9172,1.0,-0.1473,7.0,0.141,9.0,0.0266,4.0,0.0007,1.0,0.1031,6.0,0.0048,2.0,0.0122,2.0,,,,,,,-0.2542,8.0,0.012,34.0,,,,,-0.1963,5.0,0.3032,11.0,0.2636,10.0,0.1377,4.0,0.0071,4.0,0.3415,27.0,0.2467,25.0
2025-11-19,Fiscal Policy,0.0133,149.0,-0.0618,126.0,0.1156,110.0,0.1005,98.0,0.1038,33.0,-0.0738,28.0,0.013,8.0,0.0125,80.0,0.0434,291.0,-0.1191,27.0,0.1585,174.0,0.0393,19.0,0.0116,333.0,0.1675,50.0,0.0587,159.0,0.14,78.0,0.0655,47.0,0.0807,65.0,0.1403,62.0,0.1281,69.0,-0.0225,53.0,-0.0532,112.0,0.022,3.0,0.029,20.0,-0.0254,30.0,0.0727,379.0,0.0876,62.0,0.0111,97.0,0.0809,53.0,0.0305,128.0,0.021,552.0
2025-11-19,Fiscal Policy-Stimulus Package,0.1159,76.0,0.0387,59.0,0.0768,33.0,-0.0238,49.0,0.0394,5.0,-0.1369,20.0,0.0371,6.0,-0.0442,37.0,-0.0631,99.0,0.1068,24.0,0.1106,93.0,0.3353,11.0,0.018,87.0,0.3248,33.0,0.2533,58.0,0.2401,54.0,-0.0613,21.0,0.1586,38.0,0.0352,21.0,0.0444,23.0,0.0116,26.0,-0.0099,57.0,,,0.0305,8.0,-0.0679,15.0,0.1851,158.0,-0.0159,56.0,-0.0069,43.0,0.0977,29.0,-0.0719,125.0,-0.0159,211.0
2025-11-19,Monetary Policy,0.1325,10.0,0.1589,10.0,-0.1052,7.0,0.0033,12.0,0.5238,3.0,0.4842,5.0,,,0.0093,2.0,-0.0305,31.0,0.0031,2.0,0.1498,33.0,,,0.2072,8.0,0.3295,14.0,0.4838,17.0,-0.004,3.0,-0.2911,3.0,-0.1022,7.0,-0.2817,1.0,0.5746,4.0,-0.4289,3.0,-0.1056,17.0,,,0.0301,4.0,0.0012,11.0,-0.1689,13.0,-0.0562,16.0,0.0613,10.0,0.2264,6.0,-0.0933,27.0,-0.1484,62.0
2025-11-19,Monetary Policy-Interest Rates,,,0.0268,1.0,,,-0.5275,1.0,,,,,-0.6165,1.0,,,0.5251,3.0,,,0.1113,9.0,,,,,0.0111,1.0,0.0178,12.0,,,,,,,,,,,,,0.2765,2.0,,,,,0.2313,7.0,,,-0.354,8.0,-0.0044,3.0,,,-0.4303,8.0,0.0194,16.0
2025-11-19,Monetary Policy-Quantitative Easing,-0.223,12.0,-0.0047,1.0,-0.2579,7.0,0.5047,7.0,-0.0226,1.0,0.0059,4.0,-0.1213,2.0,0.2112,4.0,0.0927,53.0,-0.6384,2.0,0.4386,9.0,,,0.0081,18.0,-0.4661,1.0,0.0847,63.0,0.0006,1.0,,,0.5995,11.0,0.9196,1.0,,,0.124,6.0,-0.0393,10.0,0.0079,1.0,,,0.0176,2.0,0.2415,2.0,0.0818,22.0,-0.0086,6.0,0.9433,1.0,-0.013,3.0,0.2189,26.0
2025-11-19,Natural Disaster,0.0158,4.0,0.0425,6.0,-0.8874,2.0,-0.1944,4.0,,,0.2244,3.0,,,-0.3454,6.0,0.0081,1.0,-0.1986,2.0,-0.6889,8.0,0.2291,2.0,-0.4699,15.0,0.2131,6.0,,,0.1689,4.0,-0.0154,4.0,0.0007,1.0,,,-0.0146,1.0,-0.1713,3.0,-0.4089,14.0,,,,,,,-0.4867,3.0,-0.2566,20.0,-0.1593,49.0,-0.7371,1.0,-0.2001,6.0,-0.3613,28.0
2025-11-19,Oil Spills,-0.8295,2.0,,,0.0038,1.0,,,,,,,,,-0.8763,1.0,,,,,,,,,,,0.927,1.0,,,,,,,,,,,,,,,-0.7518,1.0,,,,,,,,,,,,,,,-0.6994,4.0,0.0095,1.0
2025-11-19,Pandemic,-0.0383,184.0,-0.0905,230.0,0.0013,231.0,-0.1019,170.0,0.2223,28.0,-0.0457,47.0,0.1104,33.0,-0.1172,206.0,0.0071,1045.0,-0.1229,61.0,-0.0959,535.0,-0.1855,59.0,-0.0421,595.0,0.0009,117.0,-0.0088,402.0,-0.0472,201.0,-0.0981,123.0,0.0658,139.0,0.0163,106.0,-0.0023,99.0,-0.0381,164.0,-0.1148,612.0,0.091,29.0,-0.102,32.0,-0.0496,95.0,-0.0183,696.0,-0.0499,231.0,-0.1841,443.0,-0.1436,175.0,-0.023,404.0,-0.002,991.0
2025-11-19,Politics,-0.0374,706.0,-0.0609,697.0,0.0543,553.0,0.0074,450.0,0.0356,96.0,-0.0681,142.0,0.1543,77.0,-0.0308,495.0,0.0092,1333.0,-0.0685,209.0,-0.0669,1544.0,-0.0708,370.0,0.0162,1411.0,0.0422,245.0,-0.013,891.0,0.0094,509.0,-0.0591,204.0,-0.052,520.0,0.0079,340.0,0.0369,341.0,-0.0974,330.0,-0.0313,1061.0,0.2236,61.0,-0.0223,110.0,-0.1336,205.0,-0.0121,1792.0,-0.0822,425.0,-0.0163,847.0,-0.0286,375.0,-0.066,641.0,-0.0366,3206.0
2025-11-19,Politics-Election,0.1607,16.0,-0.1005,34.0,-0.1,9.0,-0.1397,7.0,,,0.0012,4.0,-0.028,10.0,0.0037,25.0,0.0546,23.0,-0.0935,15.0,0.0015,195.0,0.0035,3.0,0.0015,39.0,-0.3215,6.0,0.0127,7.0,0.0017,9.0,0.0637,5.0,0.0794,14.0,-0.0436,16.0,0.0009,5.0,0.6428,3.0,0.0036,7.0,,,-0.338,3.0,0.0016,1.0,0.0905,47.0,0.1438,25.0,-0.1552,10.0,-0.0858,3.0,0.0414,14.0,-0.0291,120.0
2025-11-19,Politics-Political Tension,-0.107,85.0,-0.0134,45.0,-0.077,86.0,0.0201,39.0,0.3444,20.0,-0.0016,21.0,0.0096,3.0,-0.1853,22.0,-0.1046,125.0,-0.0715,17.0,-0.2165,157.0,-0.1211,89.0,-0.0341,158.0,0.0679,12.0,-0.031,100.0,-0.0456,44.0,0.0242,19.0,-0.2925,80.0,-0.0166,50.0,-0.0164,26.0,-0.1172,40.0,-0.1849,128.0,0.0021,7.0,-0.2828,16.0,-0.1685,36.0,-0.0289,200.0,-0.0949,72.0,-0.0803,99.0,-0.1492,95.0,-0.197,68.0,-0.1098,362.0
2025-11-19,Terrorist Attacks,-0.3852,22.0,-0.1583,75.0,-0.3767,55.0,-0.2355,49.0,,,-0.7204,4.0,-0.4416,2.0,-0.4107,24.0,-0.1126,43.0,-0.0292,4.0,-0.3551,246.0,-0.5217,33.0,-0.3451,61.0,-0.3508,5.0,-0.2374,5.0,-0.4845,71.0,-0.2851,30.0,-0.391,104.0,-0.2667,23.0,-0.5359,6.0,-0.2604,19.0,-0.397,108.0,,,-0.2644,2.0,-0.5459,29.0,-0.4474,23.0,-0.1785,9.0,-0.4362,126.0,-0.5147,35.0,-0.3233,112.0,-0.2923,269.0
2025-11-19,Wars,-0.0507,19.0,-0.0337,35.0,-0.0008,30.0,-0.0398,8.0,-0.0333,29.0,-0.1379,15.0,-0.0472,16.0,-0.053,27.0,0.0341,181.0,0.0717,19.0,-0.0267,75.0,-0.1022,83.0,0.0028,133.0,0.1323,13.0,0.0668,99.0,0.0085,24.0,0.0615,8.0,-0.0746,64.0,0.1274,23.0,0.0398,10.0,0.0445,79.0,-0.0929,845.0,0.2149,17.0,0.12,7.0,-0.0883,11.0,0.027,84.0,0.1316,38.0,-0.0145,118.0,-0.0405,244.0,-0.1302,23.0,0.0979,168.0
2025-11-18,Economic Data,0.0012,122.0,-0.0313,119.0,0.0774,75.0,0.2396,86.0,0.1163,74.0,-0.0898,49.0,0.0431,40.0,-0.0257,95.0,0.141,495.0,0.1548,57.0,0.1696,310.0,-0.0052,26.0,0.0611,264.0,0.1603,163.0,0.185,280.0,0.0933,60.0,0.0036,47.0,0.0029,76.0,0.1196,72.0,0.213,68.0,-0.0535,77.0,0.2145,204.0,0.137,26.0,-0.0083,18.0,0.1939,60.0,0.0701,244.0,0.116,147.0,0.1373,231.0,0.0665,75.0,0.036,394.0,0.0776,820.0
2025-11-18,Economic Data-Consumer Spending,0.1655,2.0,-0.0481,4.0,,,0.0847,5.0,-0.0037,2.0,-0.0026,1.0,,,,,0.2599,16.0,0.0297,2.0,0.049,1.0,,,0.2322,14.0,,,0.8921,3.0,-0.0003,1.0,,,,,0.0083,2.0,0.0077,1.0,0.0008,1.0,0.009,2.0,,,0.0098,5.0,-0.0032,1.0,0.096,9.0,,,,,0.0179,2.0,-0.113,9.0,0.1616,28.0
2025-11-18,Economic Data-Employment,0.0339,32.0,-0.1934,44.0,0.1049,65.0,0.2105,23.0,0.0145,3.0,-0.0695,7.0,0.018,1.0,0.0868,29.0,0.0063,68.0,-0.1086,13.0,0.0673,94.0,-0.4492,3.0,0.0391,47.0,0.0851,54.0,-0.0243,69.0,0.0834,13.0,-0.3447,19.0,0.0834,8.0,-0.0756,4.0,-0.3586,4.0,0.1966,12.0,0.2116,32.0,-0.2659,4.0,0.3354,1.0,0.3715,6.0,-0.05,69.0,-0.0953,19.0,0.0746,51.0,-0.0059,2.0,-0.1324,28.0,0.0203,79.0
2025-11-18,Economic Data-GDP,0.2537,3.0,,,0.3121,3.0,,,0.6366,3.0,,,,,,,,,,,0.4958,33.0,,,-0.1587,4.0,0.0567,3.0,0.9469,2.0,-0.0379,1.0,-0.1256,2.0,,,,,-0.4366,4.0,,,-0.3229,2.0,,,,,-0.1595,3.0,0.9308,10.0,0.4677,5.0,0.5562,6.0,0.0079,1.0,0.0572,1.0,-0.266,5.0
2025-11-18,Economic Data-Housing,0.0525,37.0,-0.0042,42.0,0.0354,20.0,-0.0832,72.0,0.2425,14.0,0.0388,19.0,0.1421,10.0,-0.008,32.0,0.0142,134.0,0.0659,20.0,0.2028,63.0,0.0015,7.0,-0.0464,46.0,0.114,27.0,0.0508,101.0,-0.1768,6.0,-0.1478,30.0,-0.1193,10.0,0.0124,1.0,0.2422,4.0,0.0648,8.0,-0.0437,54.0,0.4292,25.0,0.4685,5.0,0.0188,7.0,0.1171,161.0,0.1228,45.0,0.0905,50.0,0.1814,11.0,0.1522,106.0,0.05,167.0
2025-11-18,Economic Data-Inflation,0.1819,3.0,-0.266,9.0,-0.7202,4.0,-0.2873,2.0,,,-0.4508,4.0,0.1041,1.0,0.0556,1.0,-0.1212,11.0,-0.0832,2.0,-0.1479,6.0,-0.02,2.0,0.5861,6.0,-0.0043,3.0,-0.1467,12.0,-0.1104,4.0,-0.4248,2.0,-0.6015,4.0,0.3693,2.0,,,-0.001,1.0,0.0342,13.0,,,-0.868,2.0,,,0.1344,3.0,-0.672,8.0,0.0855,12.0,0.9429,2.0,-0.8813,1.0,-0.1255,17.0
2025-11-18,Economic Data-Interest Rates,0.0663,21.0,-0.0265,40.0,-0.1483,33.0,-0.033,14.0,-0.1377,2.0,-0.1408,11.0,,,0.0234,16.0,-0.0683,55.0,-0.2545,12.0,0.1566,66.0,,,-0.0606,24.0,0.157,14.0,0.1615,57.0,0.1797,7.0,0.2469,7.0,0.2087,14.0,0.2475,9.0,0.4965,8.0,0.0,6.0,0.0872,66.0,-0.0204,1.0,0.1353,4.0,0.0821,19.0,0.0867,19.0,-0.0361,44.0,0.2299,20.0,-0.0828,8.0,0.1348,36.0,-0.1199,78.0
2025-11-18,Economic Data-Manufacturing,0.0749,7.0,0.2529,3.0,0.9224,2.0,0.1809,7.0,0.5847,7.0,-0.909,3.0,0.241,3.0,-0.0888,14.0,0.1921,52.0,,,0.4411,23.0,,,0.1052,9.0,0.2941,11.0,0.2313,25.0,0.4757,7.0,0.014,4.0,0.035,3.0,0.0236,2.0,0.9319,1.0,,,0.237,10.0,0.713,3.0,-0.8955,1.0,0.5135,3.0,-0.0012,11.0,0.5802,26.0,0.4195,10.0,,,0.1707,17.0,0.4006,26.0
2025-11-18,Economic Data-Retail Sales,0.0036,2.0,0.1275,7.0,0.1796,11.0,0.7372,12.0,0.8695,2.0,-0.9192,2.0,,,0.0382,8.0,0.6362,55.0,-0.9146,1.0,0.1737,12.0,0.003,1.0,0.3218,13.0,0.1199,24.0,0.2866,22.0,0.7815,1.0,-0.0269,6.0,0.4579,4.0,,,0.4283,3.0,0.232,4.0,0.0262,16.0,0.2504,2.0,0.0123,3.0,-0.0518,4.0,0.3696,20.0,0.4887,16.0,0.6895,4.0,,,0.2637,24.0,0.2551,58.0
2025-11-18,Extreme Weather,-0.1319,255.0,-0.1092,53.0,-0.3209,243.0,-0.0454,57.0,0.0244,17.0,-0.0754,29.0,-0.038,12.0,-0.066,52.0,-0.0708,418.0,0.0292,22.0,-0.1244,222.0,0.0156,22.0,-0.3119,132.0,0.0671,73.0,-0.0565,104.0,-0.0944,41.0,0.1354,19.0,0.1703,5.0,-0.247,11.0,-0.0382,21.0,-0.0711,67.0,-0.0444,230.0,0.1598,8.0,-0.1238,6.0,0.0333,15.0,-0.1036,126.0,-0.0057,79.0,-0.1494,112.0,-0.0091,104.0,0.0381,148.0,-0.0179,227.0
2025-11-18,Extreme Weather-Cold,-0.0281,5.0,0.0046,6.0,-0.2907,2.0,-0.1255,23.0,0.2245,4.0,-0.2627,10.0,,,-0.0444,41.0,0.0197,90.0,0.0322,17.0,-0.1826,69.0,-0.0635,1.0,-0.1404,35.0,-0.0795,17.0,-0.0571,48.0,-0.1136,46.0,-0.008,2.0,,,0.2695,3.0,,,-0.1694,22.0,-0.2097,104.0,-0.0667,1.0,,,,,-0.2184,59.0,-0.0202,23.0,-0.238,39.0,-0.2206,52.0,-0.1823,300.0,-0.0624,85.0
2025-11-18,Extreme Weather-Drought,-0.1313,14.0,0.2082,22.0,-0.1744,47.0,0.3161,4.0,0.0148,1.0,-0.3826,3.0,0.3273,4.0,-0.0369,8.0,-0.1175,16.0,-0.7084,4.0,0.1429,53.0,-0.007,2.0,-0.1153,21.0,-0.0308,3.0,-0.301,14.0,-0.1324,24.0,-0.0499,9.0,0.0036,1.0,0.05,7.0,-0.2561,12.0,-0.1237,4.0,-0.2347,26.0,-0.1463,2.0,,,-0.1363,7.0,0.0761,33.0,0.1424,6.0,-0.2519,46.0,-0.3369,8.0,0.0873,5.0,0.0351,40.0
2025-11-18,Extreme Weather-Heat,-0.0775,20.0,-0.0827,7.0,-0.0077,4.0,0.4828,5.0,0.2057,3.0,-0.0011,2.0,,,0.0071,3.0,-0.0153,46.0,-0.2832,3.0,-0.5266,12.0,0.4086,1.0,-0.4998,12.0,-0.1767,6.0,0.2155,8.0,0.0005,6.0,-0.1712,3.0,,,,,,,-0.4119,2.0,0.2237,41.0,,,0.0219,1.0,0.3044,3.0,0.4392,8.0,0.0564,4.0,0.0152,4.0,,,0.346,84.0,0.0467,17.0
2025-11-18,Fiscal Policy,-0.0224,115.0,0.0179,105.0,0.0432,82.0,0.0668,94.0,0.1302,28.0,-0.1199,20.0,0.2498,15.0,-0.0184,106.0,-0.0364,229.0,-0.0129,28.0,0.0416,157.0,-0.2307,16.0,0.0317,236.0,0.1153,45.0,-0.092,146.0,0.1541,80.0,0.1135,51.0,0.0392,67.0,0.227,45.0,-0.0542,46.0,0.0766,42.0,0.0993,136.0,0.2985,10.0,0.2317,15.0,0.0292,39.0,0.0172,297.0,-0.0681,70.0,0.061,79.0,-0.1115,47.0,0.0027,126.0,0.0413,503.0
2025-11-18,Fiscal Policy-Stimulus Package,0.0555,69.0,-0.0218,45.0,0.0182,18.0,0.0727,51.0,0.0189,16.0,-0.0618,18.0,0.005,2.0,-0.0772,46.0,-0.0601,91.0,0.1339,20.0,0.0716,71.0,-0.3487,3.0,0.0539,86.0,0.1223,19.0,0.0789,73.0,0.1166,39.0,0.0511,13.0,0.1635,43.0,0.0444,35.0,0.2163,31.0,0.1571,18.0,0.0043,80.0,0.4202,6.0,0.0151,3.0,-0.0056,16.0,0.1398,232.0,-0.1044,51.0,-0.0227,43.0,-0.0468,24.0,-0.0939,120.0,0.0451,235.0
2025-11-18,Monetary Policy,0.0629,14.0,-0.2082,18.0,-0.2881,19.0,-0.1384,7.0,0.282,3.0,-0.4404,4.0,,,0.1884,11.0,0.0724,49.0,0.0002,2.0,0.2483,45.0,,,0.0069,17.0,0.1855,13.0,-0.0397,32.0,-0.4454,2.0,0.4762,2.0,0.0009,17.0,-0.7993,1.0,-0.2822,1.0,0.121,3.0,0.0802,45.0,,,0.1353,4.0,0.266,12.0,-0.0399,8.0,-0.0931,23.0,-0.0051,12.0,-0.1084,7.0,0.0407,13.0,-0.0211,38.0
2025-11-18,Monetary Policy-Interest Rates,,,-0.1042,26.0,-0.6799,4.0,,,,,,,0.0363,1.0,,,0.0294,7.0,0.0168,4.0,0.001,7.0,,,0.0012,1.0,0.1058,3.0,0.1864,6.0,,,,,-0.0464,1.0,,,0.0285,1.0,,,0.0013,1.0,,,,,0.1912,9.0,0.0023,1.0,0.0128,8.0,-0.1473,10.0,,,,,-0.2543,18.0
2025-11-18,Monetary Policy-Quantitative Easing,0.126,9.0,-0.5645,3.0,-0.0234,11.0,-0.2889,7.0,-0.916,1.0,0.3964,3.0,-0.491,2.0,-0.1438,5.0,0.0641,48.0,0.0028,3.0,-0.0932,13.0,,,-0.1478,10.0,0.3458,9.0,0.0759,17.0,0.0162,1.0,,,0.7133,16.0,0.0056,3.0,0.4712,3.0,,,0.0318,7.0,,,-0.2127,4.0,0.2084,7.0,0.0016,2.0,-0.2806,20.0,-0.1482,4.0,-0.2585,7.0,0.1094,9.0,-0.0669,22.0
2025-11-18,Natural Disaster,-0.4762,7.0,-0.0858,5.0,-0.4499,5.0,-0.0082,4.0,,,-0.9132,1.0,,,,,0.1515,8.0,,,-0.3048,9.0,0.0079,3.0,-0.3339,13.0,0.1182,9.0,,,-0.0034,1.0,-0.2536,2.0,,,-0.895,2.0,0.2179,3.0,-0.8001,1.0,-0.2207,21.0,,,-0.8984,1.0,,,-0.0184,5.0,-0.2351,14.0,0.0072,26.0,-0.1727,1.0,-0.3767,9.0,-0.3448,29.0
2025-11-18,Oil Spills,,,-0.2475,2.0,-0.0252,2.0,,,,,-0.8758,1.0,,,,,,,,,0.03,1.0,,,-0.6435,1.0,,,0.0077,1.0,,,-0.2133,2.0,,,,,,,,,0.3066,1.0,,,-0.0532,1.0,,,,,,,,,-0.0815,2.0,-0.3723,2.0,,
2025-11-18,Pandemic,-0.0576,175.0,-0.0734,239.0,-0.0587,211.0,-0.0045,182.0,-0.0838,34.0,-0.0268,52.0,0.1749,37.0,0.0008,210.0,0.0177,1174.0,-0.0386,80.0,-0.1387,552.0,-0.2241,79.0,-0.0178,674.0,-0.0099,142.0,-0.1337,396.0,-0.0743,173.0,0.0047,88.0,0.0175,143.0,-0.0118,79.0,0.0806,96.0,-0.0978,134.0,-0.1095,543.0,0.1966,23.0,-0.0774,34.0,-0.1146,70.0,-0.044,597.0,-0.0428,236.0,-0.1639,450.0,-0.1329,121.0,-0.1236,407.0,-0.04,921.0
2025-11-18,Politics,-0.0388,687.0,-0.0479,732.0,-0.016,559.0,-0.0313,396.0,-0.0043,92.0,-0.0424,134.0,0.0514,100.0,-0.0266,488.0,-0.0146,1288.0,-0.0943,237.0,-0.0741,1437.0,-0.002,333.0,-0.0069,1384.0,0.0579,240.0,-0.0328,1176.0,-0.0406,532.0,-0.0239,216.0,-0.0488,517.0,0.0162,316.0,-0.0042,294.0,-0.0293,362.0,-0.0441,1108.0,0.1508,78.0,0.0448,79.0,-0.0403,224.0,0.0054,1714.0,-0.1294,425.0,-0.0148,637.0,-0.043,271.0,-0.0949,634.0,-0.0415,2923.0
2025-11-18,Politics-Election,0.0159,13.0,0.1231,31.0,-0.1159,7.0,0.3624,10.0,-0.0039,1.0,0.0069,2.0,-0.1273,28.0,0.0493,20.0,-0.0807,26.0,-0.1129,22.0,0.0447,187.0,0.017,6.0,0.0724,55.0,-0.1207,7.0,-0.0391,22.0,0.0372,8.0,0.2403,8.0,-0.1089,17.0,0.0731,11.0,0.119,7.0,0.1811,9.0,0.0054,3.0,-0.2781,2.0,-0.1133,4.0,0.0179,6.0,-0.0465,29.0,-0.0324,19.0,-0.09,9.0,,,-0.0181,16.0,-0.0051,126.0
2025-11-18,Politics-Political Tension,0.0052,82.0,-0.1884,100.0,-0.054,87.0,-0.0683,41.0,0.045,17.0,-0.0705,26.0,0.0265,5.0,-0.0235,32.0,-0.1471,103.0,-0.0164,24.0,-0.1343,179.0,-0.0128,73.0,-0.056,168.0,-0.2291,32.0,-0.2099,109.0,0.0961,67.0,-0.2063,32.0,-0.1559,82.0,-0.0404,39.0,0.0007,36.0,-0.0445,54.0,-0.0285,162.0,-0.0148,12.0,-0.0993,19.0,-0.0857,18.0,-0.1009,218.0,-0.196,60.0,-0.0163,62.0,-0.0844,67.0,-0.2233,70.0,-0.0979,364.0
2025-11-18,Terrorist Attacks,-0.5002,26.0,-0.478,86.0,-0.4203,50.0,-0.3804,43.0,-0.0312,2.0,-0.617,9.0,-0.344,3.0,-0.3266,35.0,-0.3052,86.0,-0.1044,4.0,-0.1989,528.0,-0.4884,61.0,-0.3742,66.0,-0.0969,10.0,-0.4022,16.0,-0.4881,94.0,-0.278,24.0,-0.4129,78.0,-0.4427,38.0,-0.6641,16.0,-0.5878,9.0,-0.5177,107.0,,,-0.5936,2.0,-0.3519,11.0,-0.5096,29.0,-0.2805,9.0,-0.564,118.0,-0.4968,17.0,-0.3427,116.0,-0.3594,257.0
2025-11-18,Wars,0.0234,25.0,0.0204,29.0,-0.0945,21.0,0.3757,13.0,0.0457,17.0,-0.0331,12.0,-0.0175,25.0,0.0159,40.0,0.1359,104.0,-0.2824,17.0,0.0647,69.0,-0.0659,87.0,0.0387,71.0,0.1019,26.0,0.2953,149.0,-0.1181,30.0,0.0012,1.0,-0.1417,61.0,0.1744,18.0,-0.0367,14.0,-0.0139,53.0,-0.0841,870.0,0.2792,26.0,-0.1311,6.0,-0.023,12.0,0.1246,105.0,0.0932,30.0,-0.0121,159.0,-0.0659,248.0,0.3557,13.0,0.0031,149.0
2025-11-17,Economic Data,0.1095,107.0,-0.0017,89.0,0.0611,80.0,0.2927,99.0,0.2184,38.0,0.1081,21.0,0.1829,29.0,-0.0674,89.0,0.1373,394.0,-0.206,35.0,0.1871,325.0,-0.1364,21.0,0.0261,242.0,0.0438,139.0,0.1429,279.0,0.0381,45.0,0.1453,68.0,0.0457,87.0,0.0356,55.0,0.2244,78.0,0.0475,54.0,-0.0143,202.0,0.3187,17.0,0.6062,13.0,0.2388,35.0,0.2033,247.0,0.2231,126.0,0.1615,134.0,0.0694,64.0,0.0942,257.0,0.1564,453.0
2025-11-17,Economic Data-Consumer Spending,0.3414,6.0,-0.2486,10.0,0.0103,1.0,-0.2173,5.0,,,,,0.017,1.0,-0.4517,2.0,-0.2753,6.0,0.2703,1.0,0.4585,7.0,,,0.0111,5.0,-0.228,3.0,0.6317,4.0,-0.1738,4.0,0.1337,3.0,,,,,,,0.0031,1.0,0.0317,1.0,,,,,0.188,1.0,0.0375,5.0,,,0.132,1.0,-0.0005,1.0,-0.1553,16.0,-0.2078,11.0
2025-11-17,Economic Data-Employment,-0.1102,26.0,0.0735,41.0,0.1449,61.0,-0.0567,21.0,0.6015,5.0,0.0031,4.0,0.2643,3.0,-0.2982,21.0,0.0067,41.0,-0.6826,2.0,0.1159,137.0,-0.9155,2.0,-0.1015,40.0,0.3351,36.0,0.2016,23.0,-0.1572,11.0,-0.0169,14.0,0.2229,10.0,0.0056,4.0,0.2114,4.0,-0.4142,12.0,-0.126,43.0,0.5012,3.0,0.345,9.0,-0.024,9.0,0.0904,49.0,-0.0196,29.0,0.1277,32.0,0.08,12.0,0.1256,23.0,-0.2384,119.0
2025-11-17,Economic Data-GDP,0.4342,3.0,,,-0.4413,9.0,0.0747,2.0,0.0069,1.0,0.9424,4.0,,,-0.9186,2.0,-0.1006,25.0,-0.0671,2.0,0.4352,9.0,,,-0.1003,39.0,-0.7351,11.0,0.2817,6.0,,,0.6676,1.0,-0.1824,4.0,,,-0.4859,6.0,0.6456,6.0,0.1676,2.0,,,0.1945,1.0,0.5322,6.0,0.6574,31.0,-0.4171,5.0,0.826,16.0,,,0.8901,2.0,0.1582,12.0
2025-11-17,Economic Data-Housing,-0.0081,21.0,-0.0724,53.0,-0.0535,24.0,-0.353,39.0,-0.3259,5.0,0.047,8.0,0.4336,7.0,-0.0087,29.0,-0.0583,105.0,0.0016,7.0,0.0161,67.0,0.02,5.0,0.0733,35.0,0.205,29.0,0.15,92.0,-0.0018,10.0,0.0083,24.0,0.1693,15.0,0.0066,2.0,0.0719,5.0,-0.0392,20.0,-0.0582,59.0,0.2489,28.0,0.1256,18.0,0.2481,14.0,0.0255,100.0,-0.1297,34.0,0.0997,25.0,-0.2407,21.0,0.1051,102.0,0.0358,143.0
2025-11-17,Economic Data-Inflation,-0.203,8.0,,,-0.1376,5.0,-0.1003,20.0,,,,,-0.4955,2.0,,,-0.178,21.0,0.1544,5.0,-0.0087,9.0,0.0134,2.0,-0.4106,31.0,-0.0485,11.0,0.3901,8.0,,,-0.0028,4.0,-0.4087,20.0,0.0089,1.0,0.4468,2.0,0.1726,8.0,0.352,5.0,,,-0.5892,1.0,,,-0.1771,14.0,0.0332,16.0,0.2492,10.0,-0.1641,4.0,,,-0.2967,27.0
2025-11-17,Economic Data-Interest Rates,-0.0926,27.0,-0.1437,27.0,0.1786,16.0,-0.1735,15.0,0.4598,2.0,-0.0032,1.0,0.0019,3.0,-0.4179,7.0,-0.025,47.0,0.1987,1.0,0.0154,75.0,,,-0.0843,30.0,-0.1146,12.0,0.0067,57.0,-0.1923,8.0,-0.192,3.0,0.1649,16.0,0.3222,3.0,0.1725,4.0,-0.0329,10.0,0.0424,48.0,,,0.312,3.0,0.1977,18.0,0.1774,31.0,0.2245,31.0,0.2828,16.0,0.1439,9.0,-0.3024,72.0,-0.0496,66.0
2025-11-17,Economic Data-Manufacturing,-0.1158,6.0,0.1951,4.0,-0.0655,3.0,-0.0588,2.0,0.0268,5.0,0.0081,1.0,0.6249,3.0,0.2739,6.0,0.4306,63.0,,,0.5691,27.0,0.9523,1.0,0.1161,15.0,0.3638,2.0,0.462,23.0,0.3066,2.0,0.1377,7.0,0.2305,5.0,0.9373,2.0,0.3065,3.0,,,0.1976,11.0,0.0079,1.0,,,0.4855,2.0,0.2152,10.0,0.4245,21.0,0.4161,7.0,,,0.4215,10.0,0.4082,21.0
2025-11-17,Economic Data-Retail Sales,0.0173,14.0,0.1,15.0,0.3599,10.0,0.4395,14.0,0.5455,5.0,0.2839,3.0,0.7501,2.0,-0.1303,5.0,0.307,39.0,0.0051,1.0,0.4544,21.0,0.0211,6.0,0.4191,4.0,0.1599,14.0,0.2834,21.0,0.281,2.0,-0.9178,3.0,0.8787,3.0,-0.8667,1.0,0.0141,1.0,0.3132,2.0,0.0089,25.0,0.0212,1.0,0.9247,3.0,0.563,4.0,0.1843,13.0,0.5995,12.0,0.318,3.0,0.0072,3.0,0.2378,35.0,0.1585,36.0
2025-11-17,Extreme Weather,-0.2417,277.0,-0.0047,62.0,-0.0455,222.0,-0.0193,45.0,-0.0524,19.0,0.0579,16.0,0.1243,9.0,-0.1388,58.0,-0.0998,614.0,-0.1544,35.0,-0.1424,195.0,-0.0738,11.0,-0.3581,175.0,-0.036,53.0,0.0229,87.0,-0.1921,46.0,-0.2345,23.0,0.0726,14.0,-0.0324,17.0,0.0388,26.0,-0.0622,60.0,-0.1754,231.0,-0.0036,4.0,-0.0712,8.0,-0.0949,23.0,-0.0118,185.0,-0.0026,60.0,-0.1643,127.0,-0.0366,69.0,0.0326,189.0,-0.0925,238.0
2025-11-17,Extreme Weather-Cold,-0.1078,4.0,0.0068,2.0,0.0021,2.0,-0.0641,15.0,-0.1109,7.0,-0.1424,23.0,0.3547,2.0,-0.0593,37.0,-0.0683,70.0,-0.1202,16.0,-0.1807,80.0,-0.0052,4.0,-0.2232,38.0,0.0081,16.0,-0.1391,46.0,-0.0734,31.0,-0.4388,2.0,,,-0.0169,5.0,,,-0.1069,39.0,-0.1036,82.0,-0.873,1.0,-0.0,1.0,-0.4735,1.0,-0.0954,70.0,-0.0936,23.0,-0.2792,34.0,-0.2425,52.0,-0.1991,221.0,-0.1493,86.0
2025-11-17,Extreme Weather-Drought,-0.0956,7.0,0.1899,9.0,-0.3048,80.0,0.1562,6.0,0.3025,2.0,-0.0026,1.0,0.9491,1.0,0.3714,12.0,-0.0121,21.0,0.217,4.0,-0.0455,55.0,0.0063,2.0,-0.113,29.0,0.006,1.0,-0.2321,4.0,0.0777,13.0,-0.2538,9.0,0.1547,2.0,0.0004,1.0,-0.053,10.0,-0.1309,8.0,-0.0123,29.0,0.0014,1.0,,,-0.1427,7.0,-0.1481,24.0,-0.1667,20.0,-0.0963,36.0,0.0199,11.0,-0.1781,2.0,-0.0186,38.0
2025-11-17,Extreme Weather-Heat,-0.1343,10.0,-0.4574,2.0,-0.1978,17.0,,,0.0111,2.0,,,-0.0009,1.0,0.0115,2.0,-0.1752,21.0,-0.0065,3.0,-0.4366,16.0,,,-0.1892,5.0,0.0052,7.0,-0.6626,5.0,0.1314,3.0,-0.1408,10.0,0.0192,1.0,,,,,0.0003,3.0,0.0224,43.0,-0.0009,4.0,,,-0.1627,3.0,-0.1364,8.0,-0.4483,2.0,-0.4049,5.0,0.1544,12.0,0.0117,7.0,-0.0107,18.0
2025-11-17,Fiscal Policy,0.0449,91.0,-0.0017,99.0,-0.0082,95.0,0.1671,93.0,0.0793,18.0,0.0474,11.0,0.0642,5.0,-0.0137,78.0,0.0193,302.0,0.0993,46.0,-0.0053,157.0,-0.0448,32.0,-0.0176,199.0,-0.0043,50.0,-0.0279,146.0,-0.0708,61.0,-0.026,34.0,0.1015,84.0,-0.0888,53.0,0.0909,58.0,-0.0478,33.0,0.0368,120.0,0.1985,8.0,0.3385,8.0,0.0735,27.0,0.0067,345.0,0.0452,73.0,0.0217,71.0,-0.0542,76.0,-0.0756,127.0,0.0078,391.0
2025-11-17,Fiscal Policy-Stimulus Package,0.0716,76.0,-0.0981,42.0,0.0157,29.0,-0.1341,40.0,0.2396,18.0,0.2211,4.0,0.0869,8.0,-0.1882,40.0,0.0379,89.0,0.2069,24.0,0.1315,80.0,-0.1746,8.0,-0.0732,89.0,0.099,19.0,0.0299,73.0,0.2074,33.0,-0.1985,4.0,-0.0705,47.0,0.1471,15.0,0.2711,20.0,0.0141,25.0,0.1461,59.0,,,0.089,4.0,-0.0756,9.0,0.0205,253.0,0.0082,51.0,0.0434,64.0,0.0106,39.0,-0.0308,186.0,-0.0128,212.0
2025-11-17,Monetary Policy,-0.0962,16.0,-0.1607,23.0,0.3155,4.0,-0.0256,10.0,0.4598,2.0,,,0.2788,4.0,0.4068,3.0,0.0021,33.0,0.4654,2.0,-0.0339,44.0,,,-0.0425,12.0,-0.0031,12.0,0.2449,23.0,-0.1948,5.0,0.0046,1.0,0.0103,11.0,-0.095,2.0,0.0952,2.0,0.173,4.0,-0.166,22.0,,,0.8525,1.0,0.0163,9.0,0.0709,11.0,0.0444,24.0,0.3172,8.0,0.2613,7.0,-0.4084,55.0,-0.0845,27.0
2025-11-17,Monetary Policy-Interest Rates,,,,,,,,,,,,,0.0135,5.0,,,,,,,-0.0014,13.0,,,,,-0.2531,1.0,0.1536,9.0,,,0.0087,1.0,0.9283,1.0,,,,,,,0.0192,1.0,0.0273,1.0,,,0.1205,5.0,,,-0.007,5.0,0.0042,1.0,,,,,-0.2074,6.0
2025-11-17,Monetary Policy-Quantitative Easing,-0.0302,11.0,,,0.8152,1.0,0.7971,1.0,,,,,-0.4181,2.0,0.0421,8.0,0.036,43.0,0.8827,1.0,-0.0846,13.0,,,-0.0142,15.0,-0.0109,2.0,-0.007,10.0,,,,,0.3463,6.0,-0.4142,2.0,-0.4028,2.0,-0.0005,1.0,0.1078,18.0,,,0.325,3.0,0.0103,3.0,0.4657,3.0,-0.0746,32.0,0.0063,4.0,-0.2854,4.0,0.0036,9.0,0.1294,20.0
2025-11-17,Natural Disaster,-0.3675,9.0,-0.1649,31.0,-0.725,6.0,-0.4553,2.0,,,0.0124,1.0,,,-0.4438,2.0,0.0063,15.0,-0.5891,3.0,-0.3355,5.0,,,-0.4151,47.0,-0.1992,11.0,-0.2056,2.0,-0.5131,7.0,-0.2783,6.0,,,-0.4906,3.0,-0.2451,7.0,,,-0.4352,20.0,,,-0.5728,2.0,,,-0.2518,11.0,-0.3026,10.0,-0.1214,77.0,,,-0.384,13.0,-0.3539,25.0
2025-11-17,Oil Spills,,,,,,,,,,,,,,,,,,,,,,,,,-0.1229,1.0,,,-0.7846,3.0,,,,,,,,,,,,,,,,,,,,,-0.0165,1.0,-0.8967,1.0,,,,,,,0.0031,1.0
2025-11-17,Pandemic,-0.013,144.0,-0.0912,250.0,-0.1139,248.0,-0.095,145.0,0.0166,34.0,-0.1155,40.0,0.0735,51.0,-0.118,167.0,-0.0028,1136.0,-0.0674,88.0,-0.1379,494.0,-0.2294,85.0,-0.0088,606.0,-0.121,117.0,-0.0379,376.0,-0.0437,140.0,-0.2352,92.0,0.0079,119.0,0.0447,48.0,0.0745,111.0,-0.073,136.0,-0.0477,543.0,-0.0212,25.0,-0.1008,44.0,-0.1019,73.0,0.0097,621.0,0.0379,219.0,-0.1828,386.0,-0.0673,135.0,-0.0714,374.0,-0.0177,946.0
2025-11-17,Politics,-0.0073,525.0,-0.0793,748.0,-0.0063,471.0,-0.0638,363.0,-0.0172,112.0,0.0064,157.0,-0.0165,99.0,-0.0534,441.0,-0.004,1189.0,-0.011,258.0,-0.0869,1511.0,-0.075,370.0,-0.0092,1258.0,-0.0365,286.0,-0.0673,1071.0,-0.0211,385.0,-0.0729,186.0,-0.021,535.0,-0.0287,297.0,0.002,330.0,-0.0575,339.0,-0.0321,1083.0,0.0441,52.0,-0.0115,94.0,-0.0219,197.0,-0.0105,1715.0,-0.0578,408.0,-0.0411,665.0,-0.119,331.0,-0.0706,659.0,-0.0588,2767.0
2025-11-17,Politics-Election,0.0025,15.0,0.0791,72.0,0.012,9.0,0.0931,20.0,,,0.0032,2.0,-0.0027,24.0,-0.0067,36.0,0.0105,31.0,0.0379,29.0,-0.0234,237.0,0.4484,5.0,-0.0512,23.0,0.0393,16.0,-0.0123,15.0,0.0032,6.0,-0.0569,8.0,-0.0327,27.0,-0.0196,24.0,0.004,1.0,0.001,4.0,0.002,7.0,,,0.0023,1.0,0.0256,5.0,0.0344,33.0,0.2537,13.0,0.0403,8.0,,,-0.0297,9.0,0.013,89.0
2025-11-17,Politics-Political Tension,-0.0898,63.0,-0.1867,131.0,0.0543,78.0,0.1434,32.0,0.0096,10.0,-0.0909,29.0,-0.0034,5.0,-0.0255,34.0,-0.0549,108.0,-0.1869,12.0,-0.1318,123.0,-0.0827,89.0,-0.0475,114.0,-0.0642,24.0,-0.0017,106.0,0.0202,46.0,-0.1982,20.0,-0.1017,83.0,-0.1177,35.0,0.0452,43.0,0.0398,21.0,-0.126,120.0,-0.0807,1.0,-0.1153,10.0,-0.0103,27.0,-0.1269,179.0,-0.1433,24.0,-0.0136,91.0,-0.0621,50.0,-0.2589,86.0,-0.1331,314.0
2025-11-17,Terrorist Attacks,-0.6185,16.0,-0.2687,72.0,-0.4102,65.0,-0.3025,35.0,,,,,-0.6158,2.0,-0.4151,24.0,-0.2992,124.0,-0.7576,5.0,-0.1988,334.0,-0.3415,22.0,-0.4837,47.0,-0.7369,2.0,-0.1816,8.0,-0.5752,62.0,-0.336,20.0,-0.3708,90.0,-0.4105,26.0,-0.6708,9.0,-0.4634,16.0,-0.4884,120.0,-0.473,2.0,-0.6653,6.0,-0.3266,17.0,-0.3454,35.0,-0.5329,5.0,-0.5279,103.0,-0.7058,8.0,-0.4022,97.0,-0.4515,324.0
2025-11-17,Wars,-0.0131,18.0,0.0596,12.0,-0.0741,24.0,-0.0456,5.0,0.091,11.0,-0.1766,7.0,0.0018,9.0,0.1734,34.0,0.0597,62.0,-0.1599,19.0,-0.1225,67.0,-0.0366,82.0,0.0197,84.0,-0.0586,23.0,0.0817,110.0,-0.0942,49.0,-0.0657,8.0,0.1031,57.0,0.072,11.0,0.1473,16.0,-0.0776,41.0,-0.088,705.0,0.1076,8.0,0.1014,5.0,-0.1642,14.0,0.0473,67.0,-0.1269,35.0,0.0035,123.0,-0.1214,230.0,0.121,21.0,0.0125,183.0
2025-11-16,Economic Data,0.0044,65.0,-0.1749,33.0,0.2366,30.0,0.0103,11.0,0.193,16.0,0.1561,13.0,0.2024,20.0,0.0226,37.0,0.0255,114.0,0.0813,21.0,0.0021,125.0,-0.0187,29.0,0.0817,71.0,0.0771,25.0,0.1025,123.0,0.0567,23.0,-0.0408,29.0,0.229,41.0,0.0087,30.0,0.1767,25.0,-0.1148,27.0,0.1142,93.0,0.1549,16.0,-0.0252,8.0,0.1003,6.0,0.026,92.0,0.1246,50.0,0.0103,80.0,0.1293,20.0,-0.073,94.0,0.0246,253.0
2025-11-16,Economic Data-Consumer Spending,0.3174,5.0,,,,,0.2854,1.0,,,,,,,0.0261,2.0,,,,,0.015,4.0,0.4689,1.0,0.0094,3.0,,,-0.0,2.0,,,0.0069,2.0,,,,,,,,,0.0037,1.0,,,,,,,0.075,1.0,-0.0095,3.0,,,-0.0177,1.0,-0.4593,5.0,-0.0635,10.0
2025-11-16,Economic Data-Employment,-0.322,12.0,0.1672,15.0,0.083,38.0,-0.0677,1.0,0.7589,1.0,,,0.27,6.0,-0.0663,9.0,-0.113,20.0,0.0048,3.0,0.0811,56.0,0.1884,3.0,0.0096,18.0,0.2046,10.0,-0.2064,30.0,-0.0539,6.0,-0.3595,4.0,-0.0133,8.0,-0.0313,7.0,0.0159,1.0,0.0055,1.0,0.2076,4.0,-0.0055,2.0,0.0196,3.0,0.3445,3.0,0.0274,22.0,0.1641,8.0,0.1195,19.0,0.2286,6.0,-0.5521,8.0,0.1053,41.0
2025-11-16,Economic Data-GDP,0.0039,3.0,,,,,,,,,,,,,,,-0.7547,1.0,,,0.3534,4.0,0.8909,1.0,0.0118,1.0,0.105,1.0,,,,,,,0.3382,1.0,,,,,0.9402,1.0,,,,,,,,,-0.0652,4.0,0.4795,3.0,0.9435,4.0,,,,,-0.6191,3.0
2025-11-16,Economic Data-Housing,0.3599,6.0,0.1923,24.0,0.1699,5.0,0.01,8.0,0.0125,4.0,-0.0586,7.0,0.2484,11.0,0.0275,19.0,-0.1874,28.0,0.0032,5.0,0.0948,27.0,0.0978,10.0,0.0782,20.0,0.0137,15.0,0.0868,51.0,0.6243,3.0,-0.0972,11.0,0.0402,3.0,0.0032,2.0,0.0053,4.0,0.1236,10.0,0.4328,14.0,0.0268,4.0,0.3857,5.0,,,0.0447,49.0,0.0375,25.0,0.2107,17.0,0.0016,1.0,-0.0188,41.0,0.0871,96.0
2025-11-16,Economic Data-Inflation,-0.003,2.0,,,0.0079,2.0,,,,,,,0.6045,1.0,0.0492,1.0,0.271,5.0,-0.8678,1.0,0.0648,6.0,0.8973,1.0,,,,,0.003,1.0,0.7727,1.0,0.0063,3.0,-0.9224,1.0,-0.0241,1.0,0.9076,1.0,,,0.0119,3.0,,,,,,,0.3113,8.0,0.0669,6.0,0.0053,1.0,-0.1942,4.0,-0.4378,1.0,-0.2696,7.0
2025-11-16,Economic Data-Interest Rates,-0.2133,7.0,-0.0257,30.0,-0.9199,2.0,,,,,0.0102,1.0,0.0021,4.0,-0.0008,3.0,-0.292,11.0,-0.0574,5.0,-0.0179,30.0,0.5047,2.0,-0.0011,4.0,,,0.2232,48.0,-0.9142,1.0,0.0045,8.0,0.2713,3.0,0.3922,2.0,0.3568,5.0,0.0284,1.0,-0.0383,13.0,-0.9252,1.0,-0.0079,1.0,0.4799,3.0,0.3213,3.0,-0.7938,5.0,-0.0524,15.0,-0.171,3.0,0.1606,5.0,0.1287,31.0
2025-11-16,Economic Data-Manufacturing,0.6455,4.0,0.0171,2.0,,,-0.4444,2.0,0.3104,4.0,,,0.0051,1.0,0.2828,3.0,0.0429,21.0,-0.0384,1.0,0.0067,5.0,0.3716,3.0,,,0.355,2.0,0.5078,14.0,0.0486,3.0,,,0.0241,2.0,,,,,0.9434,1.0,,,,,,,,,0.0073,2.0,0.9131,4.0,0.7895,4.0,,,0.1746,46.0,0.2249,9.0
2025-11-16,Economic Data-Retail Sales,0.0195,1.0,0.0072,2.0,0.0129,2.0,0.9315,1.0,0.7892,1.0,-0.0029,1.0,0.0042,1.0,0.0177,1.0,0.2485,8.0,0.8589,1.0,-0.035,7.0,,,0.2212,2.0,0.5813,1.0,0.369,9.0,0.3496,2.0,-0.0161,2.0,,,0.0002,1.0,0.8083,1.0,,,-0.0152,7.0,,,,,,,0.3817,1.0,-0.0001,3.0,0.0168,3.0,,,-0.0131,9.0,0.1388,16.0
2025-11-16,Extreme Weather,-0.1403,218.0,-0.0085,60.0,-0.2803,172.0,0.0273,26.0,-0.2804,7.0,0.0685,15.0,0.0494,12.0,0.0048,44.0,-0.0321,351.0,-0.194,32.0,-0.0672,141.0,-0.2184,18.0,-0.2723,106.0,-0.0728,23.0,-0.0286,31.0,-0.0839,35.0,0.1433,20.0,0.0106,9.0,0.0117,10.0,-0.3648,6.0,-0.1563,43.0,-0.2275,147.0,0.1694,7.0,0.1342,4.0,-0.1553,12.0,-0.2625,141.0,-0.1125,20.0,-0.2482,90.0,-0.0317,65.0,-0.3109,97.0,-0.1088,193.0
2025-11-16,Extreme Weather-Cold,-0.0825,6.0,-0.4041,3.0,-0.0096,2.0,-0.0123,19.0,0.4025,2.0,-0.2033,11.0,-0.0183,2.0,-0.2622,19.0,-0.0189,43.0,0.0537,15.0,-0.245,56.0,-0.1656,6.0,-0.0355,18.0,-0.2633,4.0,-0.1393,23.0,-0.1087,21.0,,,,,0.1426,2.0,,,-0.156,21.0,-0.2776,104.0,-0.298,3.0,0.0161,1.0,,,-0.1382,23.0,-0.2418,31.0,-0.3112,61.0,-0.0177,24.0,-0.0383,56.0,-0.0533,35.0
2025-11-16,Extreme Weather-Drought,0.0562,10.0,0.0168,9.0,-0.3252,62.0,,,,,0.629,3.0,-0.4594,2.0,-0.2652,6.0,-0.0052,8.0,-0.0044,3.0,-0.1232,33.0,-0.0022,4.0,-0.343,13.0,0.0083,1.0,-0.0145,2.0,-0.3252,11.0,-0.0652,3.0,0.0029,1.0,-0.2932,9.0,-0.1878,5.0,-0.2969,3.0,-0.3749,8.0,0.2511,2.0,-0.0028,1.0,-0.2213,3.0,-0.1146,18.0,0.131,5.0,-0.2767,24.0,0.0064,4.0,0.2029,7.0,-0.0412,28.0
2025-11-16,Extreme Weather-Heat,0.2747,7.0,-0.2353,16.0,0.0882,7.0,-0.0033,1.0,0.1152,5.0,0.0069,1.0,,,0.0893,3.0,0.2135,20.0,-0.0161,1.0,-0.6002,16.0,-0.0016,2.0,-0.3374,11.0,-0.0016,1.0,,,-0.01,1.0,0.0,2.0,0.3731,1.0,,,,,0.0096,1.0,0.549,17.0,,,-0.161,1.0,,,-0.1312,11.0,-0.5737,3.0,0.0689,4.0,0.0593,5.0,0.1735,4.0,0.0252,10.0
2025-11-16,Fiscal Policy,0.1047,56.0,0.0258,81.0,0.1969,24.0,0.084,29.0,0.0226,15.0,-0.1101,5.0,0.3283,12.0,0.0533,51.0,0.0356,169.0,0.0929,13.0,0.0802,125.0,-0.059,25.0,0.0172,103.0,0.1889,26.0,0.089,110.0,0.0506,24.0,-0.0501,25.0,-0.009,53.0,0.0729,27.0,0.0011,45.0,0.0916,19.0,-0.0532,66.0,0.1174,3.0,-0.0104,3.0,0.0285,12.0,0.0479,127.0,-0.0384,34.0,0.121,37.0,0.0694,18.0,-0.088,79.0,0.0076,254.0
2025-11-16,Fiscal Policy-Stimulus Package,0.1029,29.0,0.0148,60.0,-0.0263,8.0,0.2535,8.0,-0.0268,5.0,-0.2507,11.0,0.4911,1.0,-0.1962,20.0,-0.0786,49.0,-0.9202,1.0,0.0238,25.0,0.0017,8.0,-0.0902,36.0,-0.1547,18.0,0.258,37.0,0.0091,4.0,0.2959,5.0,0.1611,23.0,0.2249,18.0,0.0784,12.0,0.0039,3.0,0.1501,36.0,0.1328,1.0,0.0074,1.0,0.1646,6.0,0.0735,53.0,-0.0321,14.0,0.019,15.0,0.0126,14.0,-0.097,95.0,-0.0294,133.0
2025-11-16,Monetary Policy,-0.2019,8.0,-0.049,26.0,-0.9199,2.0,,,0.5626,1.0,0.002,2.0,0.0031,2.0,0.0036,2.0,-0.184,7.0,0.0145,2.0,0.0812,19.0,0.0751,1.0,0.0001,1.0,,,0.0107,13.0,,,,,0.5681,1.0,0.0355,1.0,0.9464,1.0,-0.001,1.0,0.036,7.0,,,,,0.4799,3.0,,,-0.4619,5.0,-0.0591,13.0,0.5045,4.0,0.7743,2.0,0.1821,13.0
2025-11-16,Monetary Policy-Interest Rates,-0.0432,1.0,,,,,,,,,,,,,,,0.0008,1.0,0.1515,1.0,0.0133,4.0,,,,,,,0.2167,10.0,,,,,0.2416,1.0,,,,,-0.443,2.0,0.0072,3.0,,,-0.702,1.0,,,,,0.0736,2.0,-0.0026,1.0,,,,,-0.8777,2.0
2025-11-16,Monetary Policy-Quantitative Easing,-0.6356,1.0,,,,,-0.9099,1.0,,,-0.0041,1.0,0.0376,2.0,,,0.0263,5.0,,,-0.4987,13.0,,,-0.0198,1.0,,,0.0025,4.0,,,,,0.628,3.0,0.0165,2.0,0.0058,1.0,,,-0.2264,3.0,,,-0.5017,1.0,,,0.0179,1.0,0.625,11.0,,,,,-0.4494,2.0,-0.2384,7.0
2025-11-16,Natural Disaster,-0.3682,9.0,-0.3921,9.0,,,,,-0.8536,1.0,,,,,-0.4929,1.0,-0.2165,8.0,,,-0.8315,5.0,-0.823,3.0,-0.3628,12.0,-0.4334,4.0,,,-0.7068,2.0,0.5647,2.0,,,-0.0132,1.0,-0.6655,4.0,-0.4007,4.0,-0.4891,19.0,-0.2376,1.0,,,,,-0.35,9.0,-0.0293,2.0,-0.3817,18.0,,,-0.6343,11.0,-0.4828,19.0
2025-11-16,Oil Spills,,,0.1287,1.0,,,,,,,,,,,,,,,,,-0.544,1.0,,,,,,,,,,,,,,,,,,,,,-0.1382,5.0,,,,,,,,,,,,,,,,,,
2025-11-16,Pandemic,-0.1245,70.0,-0.0768,123.0,-0.0363,92.0,-0.0374,48.0,0.0069,6.0,-0.1243,23.0,0.0579,48.0,-0.0775,134.0,-0.0875,753.0,-0.158,33.0,-0.1738,323.0,-0.2336,79.0,-0.0831,270.0,-0.1058,50.0,-0.0196,169.0,-0.1226,93.0,-0.1287,66.0,-0.008,65.0,-0.1384,49.0,0.1007,66.0,-0.0888,90.0,-0.2673,214.0,0.0157,18.0,-0.1101,18.0,-0.1604,25.0,-0.0798,255.0,-0.174,133.0,-0.2624,230.0,-0.1702,36.0,-0.183,194.0,-0.0762,546.0
2025-11-16,Politics,-0.0018,283.0,-0.0175,429.0,0.0835,196.0,0.0248,166.0,0.0125,43.0,-0.0556,93.0,0.0051,93.0,-0.0177,268.0,-0.0453,782.0,-0.0571,135.0,-0.0848,1178.0,-0.1039,327.0,-0.0076,693.0,0.053,170.0,-0.0108,691.0,-0.085,268.0,-0.0431,125.0,-0.0349,387.0,0.0042,231.0,-0.0094,206.0,-0.0598,156.0,-0.0887,402.0,0.033,39.0,0.0543,41.0,0.0104,61.0,-0.006,741.0,-0.083,220.0,-0.0543,444.0,-0.0418,115.0,-0.0833,356.0,-0.035,1744.0
2025-11-16,Politics-Election,0.0022,15.0,-0.0083,18.0,-0.1346,6.0,0.0176,4.0,,,,,0.0873,6.0,-0.0393,9.0,-0.0042,31.0,0.0018,4.0,-0.019,190.0,0.0084,11.0,0.0715,17.0,-0.0477,15.0,0.0039,10.0,-0.1578,6.0,0.0196,3.0,0.0977,18.0,0.1003,7.0,,,-0.4264,2.0,0.3685,1.0,,,0.0058,3.0,0.0029,1.0,0.0634,29.0,0.1044,12.0,0.1225,15.0,,,-0.0527,3.0,-0.0469,72.0
2025-11-16,Politics-Political Tension,-0.0044,51.0,-0.0366,48.0,-0.064,14.0,-0.129,12.0,0.0353,5.0,-0.1048,16.0,0.0055,5.0,-0.2265,29.0,-0.018,79.0,-0.2815,17.0,-0.1536,104.0,-0.1174,63.0,-0.0594,68.0,0.0715,7.0,-0.0168,76.0,0.0594,20.0,-0.1648,21.0,-0.1388,71.0,-0.0421,28.0,-0.1245,23.0,-0.0949,21.0,-0.0528,55.0,-0.0351,5.0,-0.0216,4.0,-0.1292,10.0,-0.1031,79.0,-0.1433,21.0,-0.016,37.0,-0.0137,9.0,-0.3035,33.0,-0.1184,245.0
2025-11-16,Terrorist Attacks,-0.4782,10.0,-0.0977,27.0,-0.4261,25.0,-0.4028,23.0,,,-0.4111,3.0,-0.7185,6.0,-0.6403,23.0,-0.2626,43.0,-0.7154,3.0,-0.2915,324.0,-0.6032,32.0,-0.4739,37.0,-0.4378,8.0,-0.2759,6.0,-0.5884,46.0,-0.2464,5.0,-0.5121,13.0,-0.5548,23.0,-0.3799,4.0,-0.6393,4.0,-0.511,23.0,-0.8549,1.0,,,-0.3087,7.0,-0.7158,14.0,-0.4312,6.0,-0.4528,50.0,-0.5623,14.0,-0.47,28.0,-0.4781,218.0
2025-11-16,Wars,-0.1398,12.0,0.194,12.0,0.0712,9.0,-0.1011,5.0,0.0001,6.0,0.1034,8.0,0.2117,15.0,0.0854,23.0,-0.0763,44.0,0.049,12.0,-0.0166,44.0,-0.0723,60.0,0.0077,88.0,-0.3021,13.0,0.0066,74.0,-0.0842,21.0,,,0.0703,48.0,0.139,24.0,-0.191,4.0,0.1043,18.0,-0.198,367.0,0.292,11.0,0.4333,3.0,0.1101,4.0,-0.122,57.0,-0.3568,36.0,0.0539,92.0,-0.0276,182.0,-0.2782,12.0,-0.0246,128.0
2025-11-15,Economic Data,-0.0941,49.0,-0.2306,34.0,0.122,46.0,0.0192,27.0,0.193,20.0,0.3645,17.0,0.0122,10.0,0.0521,38.0,0.1477,116.0,0.0544,16.0,0.0115,215.0,-0.2478,7.0,-0.0029,93.0,0.1535,29.0,-0.0317,41.0,0.1181,31.0,0.1282,9.0,0.2604,38.0,0.3375,40.0,0.15,16.0,0.3358,22.0,0.0648,106.0,0.2068,9.0,0.3531,8.0,0.2,11.0,0.1397,105.0,0.0825,53.0,0.0378,80.0,-0.0376,12.0,-0.0565,125.0,0.0572,256.0
2025-11-15,Economic Data-Consumer Spending,0.0032,1.0,0.0123,1.0,0.0065,1.0,-0.4815,3.0,,,0.0815,1.0,,,,,0.0332,1.0,,,0.0018,6.0,,,0.4513,2.0,,,,,0.0078,1.0,0.014,5.0,,,,,0.4373,2.0,-0.0086,1.0,-0.0302,1.0,,,0.0041,1.0,,,0.5164,2.0,,,,,,,0.0397,13.0,0.1186,13.0
2025-11-15,Economic Data-Employment,-0.055,14.0,-0.822,1.0,0.3488,19.0,-0.0163,5.0,0.2844,3.0,,,0.1175,5.0,0.2197,11.0,-0.0947,14.0,-0.064,5.0,0.0524,72.0,0.0055,2.0,0.048,20.0,0.1506,9.0,-0.3109,11.0,0.1182,7.0,-0.2642,3.0,-0.2073,9.0,0.0125,3.0,,,-0.0428,3.0,0.1323,16.0,0.0053,2.0,-0.8655,1.0,0.1859,1.0,0.0254,23.0,0.054,14.0,0.0019,10.0,-0.2597,4.0,-0.3015,9.0,-0.0181,44.0
2025-11-15,Economic Data-GDP,0.9072,1.0,-0.8878,1.0,0.9151,2.0,,,0.9379,1.0,,,,,,,-0.7507,1.0,0.0141,1.0,0.467,3.0,,,-0.8092,1.0,,,,,-0.3597,4.0,,,0.7472,3.0,,,,,,,,,,,,,0.9472,1.0,0.3684,2.0,,,,,,,-0.1975,1.0,-0.0195,5.0
2025-11-15,Economic Data-Housing,0.1604,7.0,0.175,29.0,0.0167,6.0,0.0859,25.0,0.0094,2.0,0.3906,3.0,0.2362,12.0,0.0387,14.0,-0.2291,27.0,0.0163,2.0,0.1349,26.0,-0.0154,3.0,0.111,30.0,-0.2095,6.0,0.4611,6.0,0.3212,5.0,-0.0679,4.0,0.1284,4.0,0.0081,1.0,-0.0018,1.0,0.0585,6.0,0.0454,18.0,0.079,6.0,-0.0066,1.0,0.0349,2.0,0.1396,69.0,0.102,17.0,0.0979,30.0,-0.4238,3.0,0.1932,42.0,0.0804,135.0
2025-11-15,Economic Data-Inflation,-0.0066,3.0,,,0.2896,1.0,,,,,0.1393,1.0,-0.0193,1.0,,,0.0823,4.0,,,-0.4301,2.0,,,,,,,,,-0.1479,2.0,,,0.0032,1.0,0.8151,9.0,,,,,-0.0021,1.0,0.0062,1.0,,,,,0.3236,2.0,,,,,,,-0.0032,1.0,0.014,9.0
2025-11-15,Economic Data-Interest Rates,-0.0417,7.0,0.0074,3.0,0.0553,2.0,0.0729,3.0,0.9469,1.0,0.0075,1.0,0.7088,3.0,0.0109,1.0,0.1789,12.0,0.7398,2.0,0.172,25.0,0.0009,1.0,-0.0787,14.0,0.9505,1.0,0.241,8.0,0.3204,6.0,,,0.5473,4.0,0.3431,9.0,0.0227,6.0,0.0397,1.0,0.0838,135.0,,,,,0.4913,4.0,0.2307,3.0,-0.4721,3.0,0.0035,5.0,-0.458,2.0,-0.165,14.0,-0.1131,20.0
2025-11-15,Economic Data-Manufacturing,,,0.0046,2.0,,,0.1357,1.0,0.4625,3.0,0.2713,1.0,,,0.493,2.0,-0.0403,26.0,0.4737,2.0,0.5637,24.0,,,0.2901,2.0,0.3173,3.0,,,,,,,,,,,0.0167,1.0,,,0.2516,4.0,,,0.0049,1.0,,,0.6292,3.0,0.1652,5.0,0.4069,1.0,,,-0.3415,4.0,0.2896,11.0
2025-11-15,Economic Data-Retail Sales,0.0304,8.0,0.0133,5.0,0.4426,5.0,0.0293,3.0,0.5115,3.0,0.0256,1.0,,,-0.1295,2.0,0.1736,11.0,0.2588,3.0,0.7046,6.0,-0.0004,2.0,-0.1945,11.0,0.007,4.0,0.3156,4.0,0.0134,4.0,,,0.0067,1.0,,,0.1514,4.0,0.0278,5.0,0.0038,5.0,,,,,0.2374,3.0,0.7618,1.0,0.4778,2.0,0.0036,4.0,,,0.2022,10.0,0.0713,30.0
2025-11-15,Extreme Weather,-0.0368,242.0,-0.1388,84.0,-0.2485,227.0,-0.1022,35.0,0.1472,6.0,0.021,7.0,0.1254,10.0,-0.0931,34.0,-0.0461,303.0,-0.2675,21.0,-0.165,111.0,-0.4942,7.0,-0.2919,124.0,0.0331,25.0,-0.0133,43.0,-0.0825,25.0,-0.2944,16.0,-0.0283,9.0,-0.284,14.0,-0.1417,10.0,-0.0522,40.0,-0.2115,228.0,-0.411,4.0,0.2758,3.0,-0.1649,12.0,-0.1165,147.0,0.0249,39.0,-0.1373,246.0,-0.0737,80.0,-0.2649,135.0,-0.1465,250.0
2025-11-15,Extreme Weather-Cold,0.1019,4.0,-0.1878,9.0,-0.3997,1.0,-0.0382,16.0,0.0066,1.0,-0.0512,6.0,-0.1107,3.0,-0.2136,19.0,0.0382,41.0,-0.1979,7.0,-0.2177,37.0,-0.0282,2.0,-0.1328,19.0,0.0105,5.0,-0.0721,15.0,-0.0962,22.0,-0.8945,1.0,,,,,,,-0.1661,16.0,-0.1986,96.0,,,,,0.003,1.0,-0.0474,7.0,-0.093,16.0,-0.2065,68.0,-0.0622,17.0,-0.2491,64.0,-0.0794,45.0
2025-11-15,Extreme Weather-Drought,-0.0606,10.0,-0.4573,5.0,-0.1175,66.0,-0.9174,2.0,0.0039,1.0,,,-0.15,5.0,0.0702,8.0,0.0028,19.0,0.0037,1.0,-0.0528,36.0,-0.01,7.0,-0.0028,19.0,0.0162,2.0,-0.232,3.0,0.0355,10.0,0.0386,1.0,-0.165,5.0,0.4747,2.0,0.0071,6.0,0.0093,3.0,-0.1828,17.0,-0.0528,8.0,,,-0.2073,5.0,-0.0998,20.0,0.0243,1.0,-0.3437,49.0,,,-0.369,4.0,-0.0334,32.0
2025-11-15,Extreme Weather-Heat,0.2711,13.0,-0.8701,1.0,0.2651,5.0,,,-0.7303,1.0,,,,,-0.001,1.0,-0.1017,26.0,0.0025,2.0,-0.0716,8.0,-0.0011,2.0,-0.3476,9.0,-0.4276,2.0,0.0037,2.0,-0.0578,6.0,,,,,-0.0035,1.0,,,0.0022,3.0,0.0401,7.0,,,,,0.0117,1.0,0.3204,4.0,,,0.0905,3.0,,,0.2365,11.0,0.1509,12.0
2025-11-15,Fiscal Policy,0.1519,49.0,-0.0478,63.0,0.2603,61.0,0.0976,43.0,0.0942,8.0,-0.2587,6.0,0.0776,14.0,0.0118,37.0,-0.0745,176.0,0.2217,18.0,0.0831,168.0,-0.1043,8.0,-0.014,132.0,0.1717,18.0,0.0114,24.0,0.0478,70.0,0.0035,10.0,0.1426,46.0,0.1036,55.0,0.1806,24.0,0.0165,17.0,0.0644,57.0,0.3808,5.0,0.1828,6.0,0.0142,12.0,0.0394,100.0,-0.0002,53.0,0.0898,45.0,0.0492,34.0,-0.1519,67.0,0.0179,355.0
2025-11-15,Fiscal Policy-Stimulus Package,0.0533,31.0,-0.1083,21.0,0.2732,6.0,-0.0931,21.0,0.0022,11.0,0.0023,1.0,0.3309,4.0,-0.0505,18.0,0.1122,31.0,-0.0358,4.0,0.1271,38.0,,,-0.0064,65.0,-0.1596,12.0,0.2558,10.0,0.0285,13.0,,,0.1369,24.0,0.1847,10.0,0.0528,13.0,-0.2222,8.0,-0.1081,12.0,,,0.8774,1.0,0.28,9.0,0.213,50.0,0.0029,15.0,0.0738,28.0,0.1998,13.0,-0.0448,87.0,-0.1457,143.0
2025-11-15,Monetary Policy,-0.2479,3.0,,,,,0.2979,1.0,0.9469,1.0,,,0.7647,5.0,0.0153,2.0,0.2349,7.0,,,0.1436,18.0,0.0009,1.0,-0.2389,9.0,0.0008,1.0,-0.0157,3.0,0.0051,3.0,,,0.5473,4.0,0.4055,4.0,0.0702,3.0,,,0.0643,121.0,,,,,0.8991,3.0,,,0.0051,1.0,0.0149,2.0,-0.7668,6.0,-0.2545,9.0,-0.1372,7.0
2025-11-15,Monetary Policy-Interest Rates,,,0.0097,1.0,,,-0.0144,1.0,,,0.0075,1.0,0.1205,2.0,,,0.0017,1.0,,,-0.2097,4.0,,,,,0.9505,1.0,,,,,,,,,,,,,,,0.1173,33.0,,,,,,,,,-0.6778,5.0,,,,,,,-0.2764,3.0
2025-11-15,Monetary Policy-Quantitative Easing,0.2784,2.0,-0.0014,1.0,,,0.0012,1.0,,,-0.5078,1.0,0.0017,1.0,,,0.0353,2.0,,,-0.0022,5.0,,,-0.0034,1.0,,,,,0.0078,1.0,,,0.7035,3.0,0.319,3.0,,,,,0.0033,8.0,,,-0.3416,2.0,0.02,1.0,,,0.1828,9.0,,,-0.0032,1.0,0.9143,1.0,-0.0454,12.0
2025-11-15,Natural Disaster,-0.0463,7.0,-0.0153,8.0,-0.8969,1.0,,,,,,,,,-0.2353,2.0,-0.5372,4.0,-0.8535,1.0,-0.6598,4.0,-0.657,4.0,-0.2137,11.0,-0.4989,2.0,0.0266,1.0,0.9386,1.0,-0.876,1.0,,,-0.6287,5.0,-0.4022,2.0,-0.4498,3.0,-0.4866,26.0,-0.7438,1.0,,,,,-0.247,12.0,0.0076,4.0,-0.201,112.0,,,-0.6987,51.0,-0.6407,28.0
2025-11-15,Oil Spills,,,,,,,,,,,,,,,,,,,,,-0.0001,1.0,,,,,,,,,,,,,,,,,,,,,,,,,,,,,-0.8652,1.0,,,,,,,,,,
2025-11-15,Pandemic,-0.0918,116.0,-0.1649,80.0,0.008,77.0,-0.1164,71.0,-0.0021,6.0,-0.1164,32.0,0.0168,40.0,-0.0726,111.0,-0.0873,856.0,-0.0019,38.0,-0.1056,340.0,-0.1391,22.0,-0.112,334.0,-0.1731,34.0,-0.1543,102.0,-0.0316,131.0,-0.1144,28.0,-0.0722,106.0,-0.0196,59.0,0.0789,64.0,-0.1429,83.0,-0.2481,222.0,-0.0932,10.0,0.0121,17.0,0.0469,25.0,-0.0343,291.0,-0.1949,122.0,-0.1636,311.0,-0.0769,87.0,-0.1631,181.0,-0.0954,536.0
2025-11-15,Politics,-0.0328,321.0,-0.1488,365.0,0.0037,286.0,-0.0887,197.0,0.024,51.0,-0.0668,99.0,-0.0623,75.0,-0.0658,295.0,-0.0242,802.0,0.0075,189.0,-0.073,1381.0,-0.0962,139.0,-0.0171,920.0,-0.0898,149.0,-0.0683,379.0,-0.0379,372.0,-0.0427,58.0,-0.0469,454.0,-0.024,276.0,0.0392,150.0,-0.035,197.0,-0.0558,516.0,0.0079,36.0,-0.1615,52.0,0.0262,87.0,-0.0138,701.0,-0.048,266.0,-0.0282,571.0,-0.0523,159.0,-0.1156,387.0,-0.0729,2023.0
2025-11-15,Politics-Election,-0.0544,11.0,-0.0351,9.0,0.0008,8.0,-0.0188,7.0,,,0.3324,2.0,0.0412,2.0,0.0207,18.0,0.0739,51.0,-0.261,3.0,0.0332,537.0,-0.0077,1.0,0.0131,15.0,0.0049,3.0,0.0253,5.0,,,0.394,1.0,0.0538,20.0,0.1961,6.0,0.0022,3.0,0.003,7.0,0.0026,2.0,-0.4427,1.0,-0.4527,2.0,-0.0787,1.0,0.2051,25.0,-0.0687,9.0,0.0242,4.0,0.0591,2.0,0.0058,4.0,-0.124,105.0
2025-11-15,Politics-Political Tension,0.0374,46.0,-0.1466,27.0,-0.0665,32.0,-0.1489,10.0,0.48,3.0,-0.1549,8.0,-0.1214,4.0,-0.167,23.0,-0.141,57.0,-0.0805,24.0,-0.114,92.0,-0.063,30.0,-0.0683,91.0,-0.247,10.0,-0.09,25.0,-0.1033,23.0,-0.3202,15.0,-0.1764,74.0,-0.0556,40.0,-0.009,15.0,-0.133,13.0,-0.0942,53.0,0.1135,8.0,-0.3813,12.0,-0.3364,8.0,-0.0962,81.0,-0.0876,23.0,-0.0504,39.0,-0.3094,30.0,-0.2357,63.0,-0.1257,257.0
2025-11-15,Terrorist Attacks,-0.3853,12.0,-0.3098,38.0,-0.5089,28.0,-0.1988,12.0,,,-0.7794,1.0,-0.1494,4.0,-0.4713,26.0,-0.477,25.0,,,-0.4361,401.0,-0.5096,11.0,-0.5533,36.0,-0.645,9.0,-0.5697,5.0,-0.6182,30.0,-0.5101,7.0,-0.4502,48.0,-0.4563,42.0,-0.3003,3.0,-0.53,11.0,-0.4851,57.0,-0.0957,1.0,-0.625,6.0,-0.3537,8.0,-0.5898,18.0,-0.5914,12.0,-0.5527,67.0,0.3922,4.0,-0.453,64.0,-0.4721,216.0
2025-11-15,Wars,0.1276,17.0,-0.0469,25.0,-0.001,13.0,0.105,3.0,0.0071,2.0,-0.0263,7.0,0.3128,7.0,0.2236,40.0,0.0457,29.0,0.0638,15.0,-0.1462,38.0,0.0015,31.0,0.0039,55.0,-0.0103,15.0,0.067,49.0,-0.0995,21.0,0.0033,2.0,-0.079,45.0,0.0909,25.0,0.0765,11.0,-0.0043,31.0,-0.2137,382.0,-0.0143,4.0,-0.2066,5.0,-0.0325,5.0,0.1253,58.0,0.0765,27.0,-0.078,120.0,-0.123,152.0,-0.036,12.0,0.0155,115.0
2025-11-14,Economic Data,0.1183,99.0,-0.0062,44.0,0.2077,100.0,0.1689,85.0,0.2557,43.0,0.1734,24.0,0.0701,19.0,-0.02,108.0,0.0555,494.0,0.0857,35.0,0.0004,275.0,-0.0586,13.0,0.067,264.0,0.0971,156.0,0.2125,327.0,0.2916,75.0,0.0703,33.0,0.1336,50.0,0.1695,38.0,0.1415,50.0,0.0019,63.0,0.0293,159.0,0.5324,11.0,0.3302,27.0,0.1127,38.0,0.1249,269.0,0.0402,192.0,0.1713,116.0,-0.198,52.0,0.1369,166.0,0.1109,504.0
2025-11-14,Economic Data-Consumer Spending,0.4755,2.0,,,0.0059,1.0,0.0483,9.0,0.9497,1.0,,,,,,,0.1066,4.0,0.0057,2.0,0.9337,1.0,,,0.3569,8.0,0.0084,1.0,,,0.0201,9.0,-0.0012,1.0,,,0.9346,1.0,0.052,3.0,,,0.0011,2.0,,,,,0.002,1.0,0.2756,14.0,-0.1006,4.0,,,-0.0094,2.0,0.2511,19.0,-0.0131,26.0
2025-11-14,Economic Data-Employment,-0.0225,24.0,-0.1553,16.0,0.0829,74.0,0.1141,9.0,0.2102,7.0,-0.4538,2.0,0.522,1.0,0.0927,20.0,0.0229,47.0,-0.1639,9.0,0.0742,55.0,0.0222,1.0,0.083,52.0,0.1147,58.0,-0.2084,20.0,0.0225,18.0,0.163,7.0,0.0038,19.0,0.3773,4.0,0.0129,1.0,0.1575,5.0,0.0436,28.0,0.0978,4.0,0.0914,4.0,0.0115,7.0,0.1207,69.0,-0.0752,22.0,0.1463,24.0,-0.238,11.0,0.241,13.0,0.0227,88.0
2025-11-14,Economic Data-GDP,0.1822,3.0,-0.7892,1.0,0.5648,11.0,0.108,2.0,0.9347,1.0,0.8443,1.0,,,0.752,12.0,0.3509,10.0,,,0.3747,8.0,,,0.4502,19.0,-0.9218,1.0,0.146,12.0,-0.096,3.0,0.9478,1.0,0.5155,2.0,0.9469,2.0,-0.4203,2.0,0.1544,2.0,0.9203,10.0,,,0.001,1.0,-0.1485,5.0,0.5724,8.0,0.9486,3.0,0.9444,1.0,,,-0.2783,2.0,0.1021,12.0
2025-11-14,Economic Data-Housing,0.0613,23.0,0.0056,40.0,0.1836,8.0,-0.0474,36.0,-0.46,6.0,0.2746,15.0,0.5028,4.0,0.0013,24.0,0.1473,63.0,0.117,19.0,0.2586,45.0,0.0158,7.0,-0.0578,38.0,0.1661,27.0,0.204,100.0,0.3342,9.0,0.2804,19.0,0.3434,8.0,-0.0338,2.0,0.3277,6.0,0.0411,5.0,0.134,44.0,0.0161,1.0,0.099,15.0,0.1177,11.0,0.1922,101.0,0.0076,42.0,0.2258,75.0,0.0275,9.0,0.144,118.0,0.14,152.0
2025-11-14,Economic Data-Inflation,0.0591,5.0,,,0.0529,1.0,-0.6367,8.0,,,,,,,-0.0044,7.0,-0.1628,14.0,-0.0244,2.0,-0.5826,21.0,0.0203,1.0,-0.0062,2.0,-0.2093,15.0,0.2027,10.0,-0.0054,1.0,,,-0.0021,1.0,0.6923,3.0,0.0558,1.0,-0.0907,8.0,0.4721,8.0,,,,,-0.9124,1.0,0.5241,40.0,-0.0264,11.0,0.239,15.0,0.1877,4.0,-0.9113,1.0,-0.0423,18.0
2025-11-14,Economic Data-Interest Rates,-0.0394,24.0,0.0055,17.0,0.1378,9.0,0.1445,16.0,-0.3027,3.0,-0.0988,3.0,,,0.1436,4.0,-0.0711,104.0,-0.1178,6.0,0.0998,58.0,-0.1186,4.0,0.1494,20.0,0.2131,15.0,0.3928,23.0,0.1196,13.0,0.0072,4.0,-0.0489,14.0,0.2385,7.0,0.0035,1.0,0.0038,1.0,0.058,48.0,,,0.0287,1.0,0.2173,9.0,0.056,11.0,0.0493,29.0,0.0554,14.0,0.1678,9.0,-0.0857,24.0,-0.207,76.0
2025-11-14,Economic Data-Manufacturing,0.1066,3.0,0.0098,1.0,,,0.6073,15.0,0.7256,12.0,0.9487,1.0,,,0.1006,9.0,-0.0418,63.0,-0.3396,2.0,0.186,25.0,,,-0.183,20.0,0.127,6.0,0.5117,33.0,0.0044,1.0,0.9468,2.0,0.9468,1.0,,,0.0081,2.0,,,0.1009,8.0,,,,,0.4949,2.0,0.3388,9.0,0.5368,25.0,0.7813,5.0,,,0.4091,8.0,0.0716,15.0
2025-11-14,Economic Data-Retail Sales,0.0224,2.0,0.178,7.0,0.3123,3.0,0.0514,5.0,0.9449,2.0,0.6528,5.0,-0.1023,3.0,-0.1493,4.0,0.0161,16.0,0.18,6.0,0.4161,13.0,,,0.0644,10.0,0.1658,29.0,0.1227,14.0,0.013,5.0,0.4718,2.0,0.4821,6.0,0.0066,2.0,0.2126,1.0,0.2691,7.0,0.1119,15.0,,,-0.1974,4.0,0.0731,3.0,0.2957,6.0,0.1642,13.0,0.3208,7.0,0.053,3.0,0.406,11.0,0.2205,40.0
2025-11-14,Extreme Weather,-0.0071,211.0,-0.0879,80.0,-0.1111,217.0,0.03,52.0,-0.0551,14.0,0.1084,34.0,-0.1351,10.0,-0.1484,92.0,0.0037,472.0,-0.0655,33.0,-0.12,141.0,-0.3324,27.0,-0.0566,96.0,0.0002,55.0,0.0009,73.0,-0.1021,41.0,-0.0946,17.0,0.1585,21.0,-0.1437,12.0,-0.0878,30.0,0.0603,44.0,-0.1221,273.0,-0.0736,6.0,-0.2397,7.0,-0.1044,19.0,-0.1927,236.0,0.079,77.0,-0.2127,226.0,-0.1325,87.0,-0.2072,161.0,-0.0666,242.0
2025-11-14,Extreme Weather-Cold,-0.2124,4.0,0.0608,8.0,-0.0019,1.0,-0.0323,19.0,0.011,7.0,0.0119,8.0,0.0053,1.0,-0.0778,24.0,-0.0768,40.0,-0.0107,6.0,-0.1871,49.0,-0.1745,10.0,-0.109,18.0,-0.0287,17.0,-0.0636,12.0,-0.0673,21.0,-0.3291,2.0,,,,,,,-0.1921,15.0,-0.1376,96.0,,,,,0.0003,1.0,-0.0249,15.0,-0.0139,36.0,-0.2989,57.0,-0.1632,30.0,-0.1409,34.0,-0.0397,72.0
2025-11-14,Extreme Weather-Drought,-0.0417,10.0,0.0225,9.0,-0.1358,60.0,-0.001,13.0,,,-0.2209,5.0,0.0138,4.0,-0.0723,6.0,0.0065,36.0,-0.61,3.0,-0.1851,22.0,-0.0194,4.0,-0.3251,16.0,-0.0476,1.0,0.0036,5.0,-0.0389,15.0,0.6958,3.0,0.0395,2.0,-0.1732,2.0,-0.1586,6.0,,,0.0273,10.0,0.0587,5.0,,,0.1534,8.0,-0.1722,37.0,0.0613,7.0,-0.3133,30.0,-0.0602,16.0,-0.3533,33.0,-0.1438,42.0
2025-11-14,Extreme Weather-Heat,-0.021,20.0,-0.0048,3.0,0.0032,4.0,-0.451,3.0,0.1879,2.0,0.302,4.0,,,-0.1104,9.0,0.0225,29.0,,,-0.2909,13.0,-0.0005,1.0,-0.1502,5.0,0.2015,4.0,0.2774,1.0,-0.1742,11.0,-0.0354,2.0,,,-0.2243,1.0,0.0098,2.0,0.1764,9.0,0.2476,16.0,,,-0.9126,2.0,-0.2265,6.0,-0.0647,16.0,0.7282,6.0,0.0669,1.0,-0.4432,6.0,0.0302,5.0,-0.0757,21.0
2025-11-14,Fiscal Policy,0.1173,109.0,0.0333,138.0,0.034,99.0,0.0149,86.0,0.0878,18.0,0.1267,18.0,0.0315,5.0,-0.0732,95.0,-0.0132,482.0,-0.0723,42.0,0.1082,163.0,-0.2426,12.0,-0.013,256.0,0.0945,69.0,0.055,184.0,-0.0012,102.0,0.0283,24.0,0.0331,75.0,0.229,54.0,-0.0962,70.0,0.0583,51.0,0.153,110.0,0.0235,2.0,0.642,11.0,-0.008,31.0,0.071,262.0,0.1115,81.0,-0.0215,58.0,-0.0057,66.0,-0.0642,144.0,0.0177,479.0
2025-11-14,Fiscal Policy-Stimulus Package,0.0943,71.0,0.0503,36.0,0.1242,36.0,0.0564,90.0,0.1205,9.0,-0.2715,3.0,0.0973,3.0,-0.0825,69.0,0.1159,150.0,-0.0038,22.0,0.144,38.0,0.0079,2.0,-0.0648,116.0,-0.0348,24.0,0.0998,44.0,0.0656,47.0,-0.1255,17.0,0.2167,34.0,-0.1178,17.0,0.0804,25.0,0.2872,24.0,0.2324,33.0,0.0074,1.0,-0.2506,4.0,0.0664,19.0,0.1625,114.0,-0.1339,39.0,0.0095,44.0,0.0481,28.0,-0.1953,203.0,0.0556,295.0
2025-11-14,Monetary Policy,0.0223,15.0,-0.0404,6.0,0.5726,2.0,0.318,6.0,-0.4561,2.0,-0.4383,3.0,,,0.3858,2.0,-0.1705,45.0,0.008,5.0,0.086,37.0,-0.0235,3.0,0.2001,8.0,0.4707,2.0,0.1208,11.0,0.3115,7.0,,,0.0079,2.0,0.2397,7.0,,,,,0.0709,32.0,,,0.0287,1.0,0.3364,6.0,0.2092,5.0,-0.0937,17.0,0.0384,7.0,0.2945,2.0,-0.1111,11.0,-0.1554,34.0
2025-11-14,Monetary Policy-Interest Rates,-0.2084,3.0,-0.9155,1.0,-0.4588,2.0,,,,,0.0032,1.0,,,,,-0.298,8.0,,,-0.0752,6.0,-0.1044,5.0,-0.0109,2.0,0.946,3.0,0.2006,4.0,0.9491,2.0,0.0046,1.0,-0.8987,1.0,,,,,,,0.1041,6.0,,,,,0.0015,2.0,,,-0.301,15.0,,,,,,,-0.3008,6.0
2025-11-14,Monetary Policy-Quantitative Easing,-0.064,9.0,0.0045,4.0,-0.1843,2.0,-0.0034,6.0,0.0113,1.0,0.011,2.0,,,0.2144,4.0,0.1807,44.0,,,-0.3696,11.0,,,0.2085,15.0,0.241,5.0,-0.0131,15.0,,,,,0.3491,8.0,0.0132,2.0,0.0653,2.0,0.4195,2.0,-0.0597,15.0,,,-0.0006,1.0,,,0.007,4.0,-0.0027,26.0,-0.0583,8.0,-0.8614,1.0,0.2195,10.0,0.1787,15.0
2025-11-14,Natural Disaster,-0.3107,2.0,-0.3192,5.0,-0.3045,16.0,-0.8784,1.0,,,,,-0.9076,1.0,-0.5562,10.0,-0.0128,7.0,-0.8881,1.0,-0.2736,3.0,-0.6271,6.0,-0.2004,10.0,0.0005,1.0,-0.3058,4.0,-0.6033,3.0,-0.5843,1.0,-0.1058,2.0,-0.8879,1.0,-0.7853,4.0,,,-0.3265,23.0,-0.0576,2.0,-0.571,3.0,,,-0.4493,17.0,0.1027,7.0,-0.2687,66.0,,,-0.2769,38.0,-0.3675,45.0
2025-11-14,Oil Spills,-0.7641,1.0,,,-0.3362,1.0,-0.2914,7.0,,,,,,,0.0008,1.0,-0.5264,5.0,,,-0.0015,1.0,,,0.0017,1.0,,,,,-0.8544,1.0,,,0.0277,1.0,,,,,,,-0.0396,2.0,,,,,,,-0.4398,1.0,,,,,-0.9172,1.0,,,-0.5338,11.0
2025-11-14,Pandemic,-0.0913,148.0,-0.1167,164.0,-0.0753,234.0,-0.0638,125.0,0.0504,36.0,-0.1794,37.0,0.0462,32.0,-0.0369,205.0,-0.0051,1595.0,-0.1595,68.0,-0.0674,363.0,-0.1281,33.0,-0.0769,578.0,0.0286,104.0,-0.0396,250.0,-0.0132,172.0,-0.1709,46.0,-0.0417,156.0,0.0072,83.0,-0.0573,102.0,-0.0719,139.0,-0.1646,392.0,0.0658,14.0,0.0343,37.0,-0.0061,73.0,0.0318,596.0,0.0161,193.0,-0.1791,424.0,-0.0776,173.0,-0.1301,392.0,-0.0681,951.0
2025-11-14,Politics,-0.0208,531.0,-0.007,570.0,0.0004,561.0,-0.0706,432.0,0.2163,84.0,-0.0706,110.0,0.0611,59.0,-0.0571,514.0,-0.0121,2358.0,-0.0271,211.0,0.0112,2360.0,-0.0538,125.0,-0.0111,1384.0,0.0019,397.0,-0.0462,1056.0,-0.0452,512.0,-0.0505,133.0,-0.0275,585.0,-0.0115,366.0,0.0033,280.0,-0.0006,375.0,-0.0131,863.0,0.0357,29.0,-0.0214,79.0,-0.0954,176.0,0.0308,1241.0,-0.0411,506.0,-0.0452,642.0,-0.038,315.0,-0.1187,710.0,-0.0327,2859.0
2025-11-14,Politics-Election,0.155,14.0,0.0559,40.0,-0.1487,5.0,-0.0081,15.0,0.011,1.0,0.2109,9.0,0.0085,2.0,0.0452,40.0,-0.0982,35.0,0.0225,16.0,0.1001,3248.0,,,0.0744,21.0,0.0051,6.0,0.0027,12.0,-0.0022,9.0,-0.0158,2.0,0.121,14.0,0.2455,21.0,-0.0188,2.0,0.005,3.0,0.0052,6.0,0.3197,1.0,-0.2718,4.0,-0.0598,10.0,0.0906,21.0,-0.0013,19.0,0.0475,24.0,0.0163,2.0,0.0426,3.0,0.0155,268.0
2025-11-14,Politics-Political Tension,-0.0316,74.0,-0.013,54.0,-0.1315,43.0,-0.0444,30.0,-0.1507,8.0,-0.1453,34.0,0.315,4.0,-0.3073,33.0,-0.0949,119.0,-0.1352,22.0,-0.2284,87.0,-0.1562,24.0,-0.1139,141.0,-0.0065,44.0,-0.1226,119.0,-0.051,57.0,-0.2652,13.0,-0.121,71.0,-0.0418,46.0,0.0067,24.0,-0.0813,33.0,-0.1477,62.0,-0.1242,5.0,-0.1064,9.0,-0.0493,13.0,-0.0289,152.0,-0.1499,31.0,-0.0301,59.0,-0.1639,42.0,-0.2886,89.0,-0.0975,309.0
2025-11-14,Terrorist Attacks,-0.3506,18.0,-0.2984,78.0,-0.4565,75.0,-0.4021,34.0,-0.0045,1.0,-0.2312,3.0,-0.0007,1.0,-0.3102,53.0,-0.3337,72.0,-0.6069,4.0,-0.4263,230.0,-0.5754,23.0,-0.4808,40.0,-0.2232,10.0,-0.0966,3.0,-0.3667,59.0,-0.2759,9.0,-0.4329,35.0,-0.3497,36.0,-0.2121,6.0,-0.4624,7.0,-0.3625,120.0,-0.8553,1.0,-0.5812,11.0,-0.4407,20.0,-0.4075,34.0,-0.5337,2.0,-0.5292,82.0,-0.3628,22.0,-0.3621,97.0,-0.3791,248.0
2025-11-14,Wars,-0.1408,22.0,-0.0172,23.0,-0.0033,21.0,-0.0858,6.0,0.0256,7.0,-0.0021,11.0,0.1197,9.0,0.0401,41.0,0.0038,62.0,-0.2032,15.0,0.0705,46.0,-0.0621,59.0,-0.0457,73.0,0.0506,17.0,0.0326,122.0,0.1524,26.0,0.1097,9.0,-0.009,71.0,0.2346,29.0,0.0832,26.0,-0.075,34.0,-0.1482,650.0,0.2169,7.0,0.0047,5.0,0.0111,8.0,-0.108,83.0,0.0344,49.0,-0.0241,195.0,-0.1159,192.0,0.0468,15.0,-0.0379,143.0
2025-11-13,Economic Data,0.0443,168.0,0.0937,108.0,0.1909,88.0,-0.0054,84.0,0.1352,45.0,0.1419,37.0,0.184,20.0,0.043,82.0,0.1214,743.0,0.0347,38.0,0.1462,298.0,-0.1165,15.0,0.0892,276.0,0.1212,128.0,0.1201,330.0,0.2138,72.0,0.2534,46.0,0.3317,47.0,0.3421,38.0,0.2717,71.0,-0.0164,61.0,0.2467,192.0,0.3975,20.0,0.4218,29.0,0.0781,32.0,0.0607,221.0,0.0615,189.0,0.0887,111.0,-0.0546,52.0,-0.0484,270.0,0.0739,415.0
2025-11-13,Economic Data-Consumer Spending,-0.0005,5.0,0.9304,2.0,-0.2867,2.0,0.0031,5.0,0.0647,2.0,,,,,-0.4689,2.0,0.0421,11.0,-0.0082,1.0,0.0057,9.0,,,0.0038,3.0,,,0.224,5.0,-0.158,5.0,0.0116,3.0,,,,,-0.1362,1.0,0.0237,2.0,0.2444,5.0,,,,,0.0014,1.0,0.2049,7.0,-0.8762,2.0,,,0.7114,1.0,0.0157,5.0,0.0797,19.0
2025-11-13,Economic Data-Employment,0.0788,36.0,-0.2368,58.0,0.1555,93.0,0.0942,15.0,0.1088,9.0,-0.0552,3.0,0.5432,4.0,0.1269,46.0,0.178,49.0,0.1331,6.0,0.131,90.0,,,-0.1445,45.0,0.0901,57.0,-0.064,54.0,-0.2883,9.0,0.039,5.0,0.0584,15.0,0.0744,6.0,0.1802,4.0,-0.4259,2.0,0.1376,55.0,0.0069,4.0,0.2223,6.0,-0.0303,11.0,0.0267,46.0,0.0471,17.0,-0.1015,12.0,-0.0984,8.0,0.0976,27.0,0.1243,94.0
2025-11-13,Economic Data-GDP,,,,,-0.2743,4.0,-0.8979,5.0,0.6212,3.0,,,0.9457,1.0,0.9343,3.0,-0.1304,8.0,,,0.7565,22.0,0.891,3.0,0.3183,4.0,,,-0.0662,4.0,0.2151,6.0,,,0.7385,3.0,0.9356,1.0,0.4961,3.0,0.5113,5.0,0.0051,4.0,,,,,-0.8771,2.0,0.5867,8.0,0.9322,5.0,,,,,-0.602,16.0,0.0639,6.0
2025-11-13,Economic Data-Housing,-0.0489,27.0,-0.0006,86.0,0.0891,14.0,0.0541,75.0,0.2795,7.0,0.0121,9.0,0.1683,13.0,0.0342,27.0,0.1731,138.0,0.2771,11.0,0.2788,59.0,0.2309,9.0,0.0646,43.0,0.1977,35.0,0.0116,110.0,0.0709,11.0,0.0295,19.0,0.2957,8.0,0.048,4.0,0.5246,15.0,0.1492,11.0,0.1333,36.0,0.1654,7.0,0.3455,18.0,0.3316,7.0,0.1359,113.0,0.0075,49.0,0.1218,66.0,0.0133,12.0,0.2024,153.0,0.0485,156.0
2025-11-13,Economic Data-Inflation,0.137,12.0,0.2618,6.0,0.4416,1.0,,,-0.4585,2.0,0.0007,1.0,0.0032,1.0,,,-0.1264,31.0,0.4705,2.0,0.0382,13.0,,,0.3144,3.0,0.3814,7.0,0.3194,13.0,0.2004,5.0,0.9224,1.0,0.2201,4.0,-0.0847,2.0,-0.3086,1.0,-0.3207,4.0,0.0136,2.0,-0.8664,1.0,,,0.0019,1.0,0.4658,4.0,-0.091,8.0,-0.0023,5.0,0.1,4.0,0.0119,3.0,-0.0586,14.0
2025-11-13,Economic Data-Interest Rates,-0.1948,33.0,-0.3497,42.0,-0.3229,17.0,-0.0134,15.0,0.944,1.0,-0.1298,3.0,0.0099,4.0,0.0228,5.0,-0.109,111.0,0.0733,8.0,0.0328,77.0,0.1838,6.0,0.194,23.0,0.0555,9.0,-0.1072,55.0,0.1393,13.0,0.1749,8.0,0.0877,23.0,0.1077,6.0,0.2501,5.0,0.2442,9.0,0.2108,88.0,0.9439,2.0,-0.2113,6.0,0.1441,25.0,0.093,36.0,0.1658,46.0,-0.2519,30.0,-0.0164,8.0,-0.0044,45.0,-0.0271,90.0
2025-11-13,Economic Data-Manufacturing,-0.313,14.0,0.9488,2.0,0.6237,8.0,0.3828,12.0,0.2313,10.0,,,0.7918,4.0,0.4197,18.0,0.0775,167.0,0.422,7.0,0.4575,32.0,,,0.1537,23.0,-0.0496,9.0,0.702,10.0,0.6385,2.0,-0.2546,4.0,0.426,4.0,0.242,6.0,0.9486,1.0,0.8372,1.0,0.1443,11.0,0.7887,4.0,0.0099,2.0,-0.0347,1.0,0.6528,12.0,0.525,25.0,-0.4455,5.0,,,0.3414,9.0,0.4722,26.0
2025-11-13,Economic Data-Retail Sales,-0.0316,6.0,0.1876,14.0,-0.1225,14.0,0.215,13.0,0.0273,5.0,0.0032,3.0,0.4835,3.0,0.3329,20.0,0.2786,78.0,-0.1992,2.0,0.0379,14.0,-0.0087,2.0,0.4596,18.0,0.152,18.0,0.4769,19.0,0.2021,8.0,0.5047,2.0,0.0161,3.0,0.3447,3.0,0.4717,5.0,,,0.1318,26.0,,,0.4729,4.0,0.0543,6.0,0.1947,13.0,0.5625,17.0,0.0144,3.0,0.001,2.0,0.3429,41.0,0.103,52.0
2025-11-13,Extreme Weather,0.0252,215.0,0.0943,70.0,-0.1601,223.0,0.0223,47.0,0.0805,14.0,0.1317,19.0,-0.1104,15.0,-0.0767,76.0,0.0236,626.0,-0.1173,22.0,-0.1524,184.0,-0.2161,20.0,-0.0912,110.0,-0.021,71.0,0.1212,70.0,-0.114,63.0,-0.0011,21.0,-0.168,17.0,-0.2172,13.0,-0.1399,38.0,-0.0696,55.0,-0.1341,162.0,0.0668,8.0,0.2132,9.0,0.022,10.0,-0.1855,272.0,-0.1775,82.0,-0.2272,189.0,-0.074,60.0,-0.0087,176.0,-0.0224,272.0
2025-11-13,Extreme Weather-Cold,-0.0191,8.0,-0.2394,4.0,,,-0.1575,17.0,-0.1039,3.0,-0.0331,13.0,-0.2287,4.0,-0.0535,8.0,-0.0321,47.0,-0.2848,3.0,-0.1316,56.0,0.0098,8.0,-0.0399,15.0,0.0519,10.0,0.1418,20.0,-0.0847,29.0,-0.0172,2.0,,,0.0105,2.0,,,0.0308,15.0,-0.1208,67.0,,,0.0118,1.0,,,-0.0937,4.0,-0.0435,38.0,-0.0816,27.0,-0.1399,28.0,-0.2749,20.0,-0.1826,50.0
2025-11-13,Extreme Weather-Drought,-0.2277,10.0,-0.0419,13.0,0.0594,87.0,-0.3339,7.0,,,0.0046,1.0,-0.0831,5.0,-0.099,5.0,0.0076,9.0,-0.5437,5.0,-0.09,33.0,-0.0695,9.0,-0.041,27.0,-0.0638,7.0,-0.3677,6.0,0.024,19.0,0.0076,3.0,,,-0.2616,3.0,-0.1292,6.0,0.1371,8.0,-0.1326,21.0,0.0547,3.0,0.2592,1.0,0.1659,10.0,0.1886,28.0,-0.1751,15.0,-0.1937,35.0,-0.3656,8.0,0.1284,27.0,-0.042,36.0
2025-11-13,Extreme Weather-Heat,0.0237,12.0,0.1473,5.0,0.011,8.0,0.0008,5.0,-0.4264,2.0,0.9044,1.0,,,0.0786,7.0,-0.0104,38.0,0.3308,2.0,-0.1596,8.0,-0.209,4.0,-0.0449,8.0,0.4561,7.0,-0.0073,8.0,0.0018,3.0,,,0.0523,1.0,-0.4608,1.0,,,0.0632,2.0,0.1986,25.0,0.0072,2.0,0.015,3.0,0.0012,1.0,0.2016,17.0,-0.0636,15.0,-0.4463,1.0,0.1606,14.0,-0.2371,8.0,0.033,22.0
2025-11-13,Fiscal Policy,-0.0437,144.0,-0.0401,163.0,-0.0445,105.0,0.0321,104.0,0.1505,23.0,-0.1089,29.0,0.0309,11.0,-0.0312,108.0,-0.0022,436.0,0.0448,42.0,0.0038,142.0,-0.077,19.0,0.047,254.0,-0.0817,54.0,0.0341,182.0,0.1345,102.0,0.1162,54.0,0.0376,114.0,0.0464,61.0,0.0564,58.0,0.0421,48.0,-0.0599,122.0,0.4009,4.0,-0.1372,11.0,0.1057,35.0,-0.0003,283.0,-0.0623,92.0,-0.0122,71.0,0.0551,92.0,-0.106,155.0,-0.0557,638.0
2025-11-13,Fiscal Policy-Stimulus Package,0.0657,71.0,0.0176,79.0,0.2974,34.0,0.0841,85.0,-0.1641,11.0,0.2349,20.0,-0.2826,3.0,-0.0281,80.0,0.0478,151.0,0.1335,20.0,0.1493,77.0,-0.0384,15.0,0.0517,105.0,0.0139,48.0,0.2902,110.0,0.0274,55.0,0.0497,12.0,0.079,52.0,-0.1193,27.0,0.0024,43.0,0.0195,20.0,0.0944,62.0,0.3427,2.0,-0.0394,9.0,0.1943,33.0,0.2198,147.0,0.118,63.0,0.0764,41.0,0.1019,53.0,0.0839,115.0,-0.0242,696.0
2025-11-13,Monetary Policy,-0.1973,19.0,-0.7343,28.0,-0.4218,9.0,-0.241,7.0,0.944,1.0,0.3863,3.0,-0.2192,5.0,0.3876,2.0,0.0966,43.0,0.0091,2.0,0.0406,57.0,0.8839,1.0,0.1664,17.0,-0.2482,3.0,-0.1342,23.0,0.1638,4.0,0.5576,4.0,0.1895,10.0,0.0036,1.0,0.2501,5.0,0.4442,5.0,0.2588,64.0,,,-0.2726,6.0,0.2141,11.0,0.1064,12.0,0.2288,28.0,-0.3407,18.0,0.1037,4.0,0.2346,16.0,-0.1022,34.0
2025-11-13,Monetary Policy-Interest Rates,-0.4312,5.0,-0.2235,3.0,-0.1146,3.0,,,,,,,,,,,-0.505,3.0,0.9325,1.0,0.0049,4.0,,,,,0.4991,2.0,-0.8513,2.0,,,,,,,,,,,,,0.5939,30.0,,,,,0.0043,3.0,-0.2874,3.0,0.0081,9.0,0.004,5.0,,,-0.1745,3.0,-0.2907,10.0
2025-11-13,Monetary Policy-Quantitative Easing,0.1314,18.0,0.323,4.0,-0.9249,1.0,0.2396,7.0,-0.0014,1.0,0.0078,4.0,0.9381,4.0,0.2206,3.0,0.1796,51.0,0.0003,1.0,0.13,8.0,,,0.2588,7.0,0.0043,2.0,0.0543,26.0,-0.9148,1.0,0.0112,1.0,0.0038,3.0,0.497,11.0,-0.1905,3.0,,,0.0613,16.0,0.9396,2.0,0.0883,14.0,0.2361,3.0,0.0243,3.0,0.0759,35.0,0.2631,14.0,0.0285,1.0,0.2726,6.0,0.0372,12.0
2025-11-13,Natural Disaster,-0.1436,4.0,-0.154,4.0,-0.4593,6.0,-0.0031,1.0,,,,,,,-0.3047,3.0,-0.2349,10.0,-0.8991,1.0,-0.6766,7.0,-0.5032,7.0,-0.1451,9.0,-0.0003,5.0,-0.0094,6.0,-0.1916,3.0,-0.0091,1.0,,,,,0.043,12.0,,,-0.3793,11.0,,,,,,,-0.3357,30.0,-0.4981,10.0,-0.3397,125.0,-0.8854,1.0,-0.3993,3.0,-0.5517,20.0
2025-11-13,Oil Spills,,,,,-0.2126,1.0,,,-0.0209,1.0,,,,,,,-0.4531,2.0,,,,,,,,,,,,,,,,,0.0248,4.0,,,,,,,-0.4467,4.0,,,,,,,,,0.0057,1.0,-0.8883,1.0,,,-0.8838,1.0,-0.6531,18.0
2025-11-13,Pandemic,-0.1258,201.0,-0.0201,238.0,-0.002,249.0,-0.0676,159.0,0.064,23.0,-0.0888,51.0,0.0103,47.0,-0.1085,237.0,0.0541,1311.0,-0.1568,98.0,-0.1113,459.0,-0.2434,64.0,-0.0939,670.0,0.0133,110.0,-0.0221,372.0,-0.076,232.0,-0.0416,105.0,0.0461,181.0,-0.071,73.0,0.0682,122.0,-0.1286,137.0,-0.1277,438.0,0.1118,41.0,0.0017,40.0,-0.1018,77.0,0.0028,699.0,-0.0783,254.0,-0.1338,354.0,-0.0705,149.0,-0.0753,482.0,-0.0656,1022.0
2025-11-13,Politics,-0.03,706.0,-0.0527,758.0,-0.0283,560.0,-0.0298,443.0,0.0359,97.0,-0.0153,154.0,0.0868,74.0,-0.065,542.0,0.0061,1938.0,-0.0333,237.0,-0.0746,1165.0,-0.003,328.0,0.0099,1399.0,-0.028,367.0,-0.0339,1211.0,-0.0293,660.0,-0.0403,219.0,-0.0291,619.0,-0.0732,392.0,-0.0117,320.0,-0.0053,402.0,-0.0249,872.0,0.0539,49.0,-0.0069,91.0,-0.0044,208.0,0.0086,1607.0,-0.0416,524.0,-0.046,722.0,-0.0391,470.0,-0.0992,747.0,-0.0555,3420.0
2025-11-13,Politics-Election,0.0103,19.0,0.0222,24.0,0.0252,30.0,0.0705,15.0,,,0.0102,6.0,0.1036,3.0,0.0024,27.0,0.0639,24.0,0.0183,9.0,0.0448,652.0,,,0.008,14.0,-0.0946,14.0,0.0785,16.0,0.0728,10.0,0.0069,3.0,0.1987,18.0,0.007,10.0,0.5847,2.0,0.0067,5.0,0.0006,1.0,,,-0.0014,2.0,0.0046,4.0,0.0383,7.0,0.1684,9.0,0.0096,3.0,,,0.1471,6.0,0.077,151.0
2025-11-13,Politics-Political Tension,-0.0465,89.0,-0.1659,144.0,-0.1084,47.0,-0.0347,38.0,-0.1234,7.0,-0.2497,22.0,-0.1501,8.0,-0.0461,22.0,-0.0866,181.0,0.1228,13.0,-0.2313,64.0,-0.0573,68.0,-0.0597,116.0,-0.0296,30.0,-0.0256,109.0,-0.1145,48.0,-0.1406,31.0,-0.1469,73.0,-0.0205,63.0,-0.0132,20.0,-0.1382,33.0,-0.0652,72.0,0.3428,2.0,-0.0217,14.0,-0.1774,25.0,-0.1374,229.0,0.0047,41.0,-0.0411,46.0,-0.1317,59.0,-0.1673,89.0,-0.125,364.0
2025-11-13,Terrorist Attacks,-0.455,18.0,-0.2944,122.0,-0.3207,60.0,-0.346,46.0,-0.7685,1.0,-0.5896,4.0,-0.3473,4.0,-0.1358,140.0,-0.2071,82.0,-0.4293,2.0,-0.1838,899.0,-0.4146,34.0,-0.4467,50.0,-0.7616,1.0,-0.3936,19.0,-0.4709,56.0,-0.1926,22.0,-0.3475,41.0,-0.2925,53.0,-0.5861,14.0,-0.4957,5.0,-0.4868,81.0,,,-0.3452,2.0,-0.2343,24.0,-0.4459,39.0,-0.5821,7.0,-0.5532,85.0,-0.8436,8.0,-0.2027,96.0,-0.2699,197.0
2025-11-13,Wars,-0.0965,15.0,0.0598,18.0,0.0391,27.0,0.1469,8.0,-0.0734,15.0,-0.0179,9.0,-0.0078,8.0,0.0246,59.0,-0.0294,131.0,0.0355,17.0,0.1582,74.0,-0.0396,71.0,-0.0131,73.0,0.0903,13.0,-0.0448,90.0,-0.0519,50.0,-0.0849,6.0,-0.1056,107.0,0.1043,21.0,0.0105,6.0,-0.0352,47.0,-0.1629,640.0,0.0317,15.0,0.2182,5.0,0.2462,3.0,0.0372,68.0,0.1188,52.0,-0.0235,142.0,-0.0678,266.0,0.0986,18.0,-0.0169,126.0
2025-11-12,Economic Data,0.0342,164.0,-0.0853,101.0,0.2306,79.0,0.1327,81.0,0.0457,58.0,-0.0243,29.0,0.185,26.0,0.0165,97.0,0.1877,691.0,0.0241,37.0,0.139,306.0,0.1339,20.0,0.13,236.0,0.1293,136.0,0.1157,306.0,0.0831,85.0,-0.1735,30.0,0.2484,52.0,0.1682,41.0,-0.0031,54.0,-0.0291,56.0,0.1159,204.0,0.1783,9.0,0.2195,22.0,0.3119,41.0,0.1603,241.0,0.2757,232.0,0.1385,126.0,0.1321,55.0,-0.0092,328.0,0.0585,407.0
2025-11-12,Economic Data-Consumer Spending,0.3151,7.0,0.1211,4.0,0.3029,2.0,0.2835,3.0,0.3013,2.0,0.0045,2.0,,,-0.8827,1.0,-0.0819,5.0,-0.0088,1.0,0.642,10.0,,,0.3738,3.0,,,0.2707,4.0,0.0024,2.0,-0.0622,5.0,-0.0199,2.0,,,,,,,-0.0002,2.0,-0.9229,1.0,,,0.1164,4.0,0.003,7.0,-0.0009,2.0,,,,,-0.1713,8.0,0.0707,22.0
2025-11-12,Economic Data-Employment,0.1005,26.0,-0.0399,37.0,0.0992,62.0,0.1201,18.0,-0.3207,4.0,0.1455,9.0,0.1,4.0,0.0279,11.0,0.1302,57.0,-0.0995,9.0,0.1663,93.0,-0.4355,2.0,0.0685,43.0,0.0856,44.0,0.1414,91.0,0.1474,21.0,0.065,13.0,0.221,18.0,0.2093,9.0,0.0364,4.0,0.0277,8.0,0.175,51.0,0.112,2.0,0.2544,12.0,-0.0781,18.0,0.0287,88.0,-0.0138,27.0,0.0071,15.0,-0.1217,8.0,0.022,63.0,-0.0486,90.0
2025-11-12,Economic Data-GDP,0.3183,2.0,,,-0.7996,3.0,,,,,,,0.9492,1.0,0.4416,9.0,0.0913,29.0,0.0112,1.0,0.5254,9.0,,,0.1676,13.0,,,0.5103,2.0,0.0114,2.0,-0.9035,1.0,0.0263,4.0,-0.0164,3.0,0.9496,1.0,-0.4307,2.0,0.9451,1.0,,,,,-0.0405,3.0,0.9413,2.0,,,0.9483,1.0,,,-0.8137,5.0,0.195,9.0
2025-11-12,Economic Data-Housing,0.0916,27.0,0.1137,84.0,0.3798,16.0,0.1679,66.0,0.0275,8.0,0.0951,13.0,0.2923,15.0,-0.1639,16.0,0.0906,122.0,-0.1129,18.0,0.1474,59.0,-0.2272,10.0,0.0771,58.0,0.1388,19.0,0.0073,65.0,0.0058,6.0,0.0439,21.0,-0.0737,10.0,0.618,7.0,0.325,7.0,0.0353,10.0,0.0833,44.0,0.3045,6.0,0.4114,5.0,-0.0431,7.0,0.1574,130.0,-0.1448,44.0,0.1271,31.0,0.3165,16.0,0.1581,93.0,0.043,150.0
2025-11-12,Economic Data-Inflation,0.1268,42.0,-0.2556,4.0,-0.8742,3.0,-0.3599,3.0,,,0.125,1.0,-0.3123,3.0,0.0062,1.0,-0.0299,33.0,,,-0.6425,12.0,,,0.3018,5.0,-0.093,7.0,0.5879,11.0,0.7776,1.0,,,-0.3549,2.0,0.1583,2.0,-0.35,2.0,-0.2848,3.0,0.1923,6.0,,,,,0.4176,7.0,-0.2102,2.0,-0.325,14.0,-0.2253,5.0,-0.2749,4.0,,,-0.1607,18.0
2025-11-12,Economic Data-Interest Rates,0.0313,20.0,0.2757,37.0,-0.0202,15.0,0.0039,23.0,,,-0.0022,3.0,-0.0003,1.0,,,0.0415,57.0,-0.1646,7.0,0.0172,59.0,,,-0.0402,23.0,0.3056,7.0,0.0377,46.0,-0.0883,15.0,0.032,9.0,0.1048,11.0,0.0105,2.0,-0.9179,1.0,0.1261,4.0,0.034,55.0,,,0.0144,1.0,0.2033,11.0,0.2019,30.0,0.0838,62.0,-0.1634,11.0,0.0024,11.0,0.2333,74.0,0.1984,55.0
2025-11-12,Economic Data-Manufacturing,0.0798,7.0,0.578,6.0,0.562,8.0,0.3965,10.0,0.1921,9.0,,,0.3176,3.0,0.9296,8.0,0.3256,111.0,0.5742,2.0,0.5555,24.0,,,0.2037,48.0,0.1607,11.0,0.307,21.0,0.0159,1.0,0.9368,1.0,0.6155,5.0,0.21,1.0,0.0134,7.0,,,0.3675,15.0,0.5919,2.0,-0.122,6.0,0.9368,1.0,0.2389,10.0,0.4676,28.0,0.1661,2.0,-0.0011,1.0,0.5989,18.0,0.612,42.0
2025-11-12,Economic Data-Retail Sales,0.1286,5.0,0.1902,14.0,-0.1403,9.0,0.3692,18.0,0.1675,4.0,0.4819,1.0,,,-0.1281,7.0,0.2208,54.0,0.2941,2.0,0.3771,9.0,-0.7047,1.0,0.3122,6.0,0.0866,25.0,0.4752,33.0,0.0896,5.0,0.3591,4.0,0.0075,1.0,,,,,0.3123,3.0,-0.0158,9.0,,,0.0575,4.0,0.2739,3.0,0.0266,4.0,0.3586,15.0,0.0068,3.0,-0.0015,2.0,0.5169,24.0,0.3903,55.0
2025-11-12,Extreme Weather,-0.1251,245.0,0.0565,73.0,-0.0207,249.0,-0.0885,86.0,0.0641,12.0,-0.062,35.0,-0.1548,6.0,-0.0149,87.0,0.0519,465.0,-0.2384,27.0,-0.0783,209.0,-0.2331,31.0,-0.0364,130.0,-0.0102,72.0,-0.1295,67.0,-0.1728,96.0,-0.1112,48.0,0.2979,10.0,-0.0697,23.0,-0.3141,62.0,0.0326,58.0,-0.2318,194.0,-0.1902,7.0,-0.0135,11.0,-0.0099,10.0,-0.0949,234.0,-0.2559,132.0,-0.055,153.0,-0.029,86.0,-0.0614,169.0,-0.0457,402.0
2025-11-12,Extreme Weather-Cold,-0.1803,9.0,-0.131,10.0,-0.0492,2.0,-0.0253,22.0,-0.0005,2.0,0.0025,3.0,-0.0098,1.0,-0.0016,4.0,-0.1196,38.0,0.3852,4.0,-0.2626,76.0,-0.1372,8.0,-0.0835,8.0,-0.0942,14.0,-0.1673,10.0,-0.0914,40.0,0.3079,1.0,,,-0.2357,4.0,,,-0.0076,6.0,-0.1874,50.0,0.0021,2.0,0.0099,2.0,,,0.01,6.0,-0.2051,20.0,-0.1514,15.0,-0.1665,21.0,-0.1845,17.0,-0.0669,69.0
2025-11-12,Extreme Weather-Drought,-0.0464,11.0,-0.0731,9.0,-0.0246,113.0,-0.3666,11.0,0.239,2.0,0.002,2.0,-0.0014,2.0,-0.0688,9.0,-0.0318,15.0,0.0624,2.0,0.0364,37.0,-0.0,5.0,-0.0949,30.0,-0.2873,6.0,-0.0588,4.0,-0.328,8.0,-0.0505,17.0,-0.3491,4.0,0.0393,4.0,-0.0421,5.0,-0.1791,6.0,-0.2453,14.0,0.2595,2.0,,,-0.3144,4.0,0.1784,28.0,-0.0638,24.0,-0.2074,38.0,-0.0543,10.0,-0.2018,26.0,-0.0257,34.0
2025-11-12,Extreme Weather-Heat,0.3737,10.0,0.1078,18.0,-0.0041,7.0,-0.3814,2.0,0.0042,2.0,-0.1195,2.0,,,0.1474,9.0,-0.0247,37.0,,,-0.13,10.0,0.0041,2.0,-0.0726,7.0,-0.0576,3.0,0.238,7.0,0.0065,2.0,-0.451,2.0,,,,,0.5828,2.0,0.1041,6.0,0.2121,17.0,,,0.7366,3.0,-0.2626,10.0,0.3366,23.0,-0.005,2.0,,,0.0072,5.0,0.1921,4.0,0.0805,26.0
2025-11-12,Fiscal Policy,0.0486,142.0,-0.0368,166.0,0.1074,107.0,0.0157,103.0,0.0372,17.0,-0.0467,28.0,-0.0044,15.0,0.0225,141.0,0.0054,375.0,0.1855,53.0,0.061,169.0,0.0367,27.0,0.0303,267.0,0.1238,72.0,0.0864,209.0,0.0338,95.0,-0.0577,48.0,0.1062,112.0,0.1267,61.0,0.1228,63.0,0.0268,27.0,-0.0818,101.0,-0.1325,8.0,0.0545,15.0,0.0616,46.0,-0.0025,285.0,0.0316,75.0,0.0487,62.0,0.0058,74.0,-0.037,165.0,-0.1062,692.0
2025-11-12,Fiscal Policy-Stimulus Package,0.0545,74.0,0.02,42.0,0.1844,53.0,-0.0187,69.0,0.2596,13.0,0.0909,14.0,0.2521,9.0,0.0501,78.0,0.0351,89.0,0.1943,17.0,0.2456,71.0,0.147,11.0,0.0581,118.0,0.1699,41.0,0.2443,104.0,0.0259,43.0,0.2332,11.0,0.0959,70.0,0.1366,11.0,0.1107,39.0,-0.2153,13.0,0.1976,34.0,0.6717,2.0,-0.0287,9.0,0.1758,65.0,0.0701,145.0,0.2024,24.0,-0.1218,45.0,0.1134,15.0,0.0717,89.0,-0.0858,459.0
2025-11-12,Monetary Policy,0.0484,13.0,-0.2246,7.0,0.0928,6.0,0.0245,19.0,0.0013,1.0,0.0041,1.0,0.0042,2.0,0.0119,1.0,0.1678,37.0,0.2115,5.0,0.3062,40.0,,,0.0601,14.0,-0.0021,1.0,-0.3247,21.0,0.0149,7.0,0.1037,3.0,-0.0424,7.0,0.0046,3.0,-0.4543,2.0,-0.4996,2.0,-0.0317,38.0,,,0.0105,3.0,0.3314,5.0,0.2055,11.0,0.0399,33.0,-0.0769,7.0,0.0042,2.0,0.332,17.0,0.1458,35.0
2025-11-12,Monetary Policy-Interest Rates,0.8761,2.0,0.5361,1.0,0.1936,5.0,-0.2047,5.0,0.037,1.0,-0.0056,1.0,,,,,-0.309,8.0,-0.3303,2.0,0.003,7.0,,,,,,,-0.0154,1.0,,,,,,,,,,,,,-0.0114,4.0,,,,,,,,,-0.1783,15.0,-0.001,4.0,,,-0.9085,1.0,-0.0457,13.0
2025-11-12,Monetary Policy-Quantitative Easing,0.0227,10.0,0.2848,2.0,-0.7522,3.0,0.1948,4.0,0.3197,3.0,0.0144,2.0,,,0.051,11.0,0.121,43.0,,,0.3332,13.0,,,0.0081,1.0,0.9502,6.0,0.4789,23.0,0.4878,2.0,-0.1916,2.0,0.792,4.0,,,0.9161,1.0,,,0.0077,17.0,,,0.0161,5.0,0.2826,5.0,0.2253,5.0,0.0874,18.0,0.0262,7.0,0.3231,7.0,0.0783,6.0,0.0317,15.0
2025-11-12,Natural Disaster,-0.177,8.0,-0.2266,6.0,-0.3737,14.0,-0.3919,1.0,0.0284,1.0,0.0373,1.0,-0.6528,1.0,-0.8755,1.0,-0.0468,5.0,-0.46,1.0,-0.3161,3.0,-0.4906,9.0,-0.4312,14.0,0.0342,2.0,-0.7456,4.0,-0.6584,2.0,-0.3215,1.0,-0.9168,1.0,-0.3091,5.0,-0.4691,29.0,-0.3036,3.0,-0.5477,25.0,-0.1914,1.0,-0.8819,1.0,-0.1214,1.0,-0.8911,5.0,-0.615,37.0,-0.1503,100.0,-0.4154,2.0,-0.4155,9.0,-0.2871,34.0
2025-11-12,Oil Spills,,,,,-0.2412,2.0,,,-0.0209,1.0,,,,,,,-0.735,1.0,-0.3762,4.0,-0.5737,4.0,,,-0.5972,4.0,,,-0.8665,1.0,,,,,,,,,,,,,0.0172,6.0,,,,,,,-0.9077,1.0,,,-0.0603,1.0,,,,,-0.4663,2.0
2025-11-12,Pandemic,-0.069,166.0,-0.0803,260.0,-0.0459,257.0,-0.0882,136.0,0.075,26.0,-0.1401,41.0,0.0365,41.0,-0.0284,215.0,0.0436,1181.0,-0.1347,87.0,-0.0749,659.0,-0.1999,68.0,-0.0603,679.0,-0.0108,132.0,0.0183,403.0,-0.1262,198.0,-0.0356,94.0,0.0228,158.0,-0.1665,93.0,0.0968,151.0,-0.1411,129.0,-0.142,493.0,0.0747,33.0,0.0209,36.0,0.0278,74.0,0.0033,565.0,-0.0507,212.0,-0.0755,328.0,-0.1773,126.0,-0.1208,414.0,-0.0932,991.0
2025-11-12,Politics,-0.0464,621.0,-0.0717,762.0,-0.0433,669.0,-0.0874,416.0,-0.0363,85.0,-0.0495,151.0,0.0155,118.0,-0.0028,590.0,-0.0168,1666.0,-0.0269,257.0,-0.0489,1225.0,-0.0603,371.0,-0.0151,1505.0,0.0042,386.0,-0.0233,1341.0,-0.0349,574.0,-0.0491,241.0,-0.0168,646.0,0.0164,351.0,0.0331,268.0,-0.0602,402.0,-0.0176,855.0,-0.0245,42.0,-0.0378,85.0,0.0111,212.0,-0.0443,1532.0,0.0058,399.0,-0.0377,781.0,-0.0865,423.0,-0.1014,761.0,-0.0491,3095.0
2025-11-12,Politics-Election,0.041,23.0,0.1114,22.0,-0.0477,18.0,-0.0787,13.0,0.0139,1.0,0.0036,1.0,0.074,46.0,-0.0082,29.0,-0.0482,41.0,-0.1204,6.0,0.055,477.0,-0.0089,1.0,0.0307,30.0,-0.0282,15.0,-0.0214,14.0,-0.0473,20.0,0.2641,8.0,0.1995,21.0,0.103,10.0,0.0209,4.0,0.2197,9.0,0.0073,1.0,0.001,1.0,-0.0448,4.0,,,-0.0167,24.0,0.1731,16.0,0.004,13.0,,,-0.1106,9.0,-0.0006,182.0
2025-11-12,Politics-Political Tension,-0.1038,103.0,-0.1468,116.0,-0.1005,74.0,-0.2272,38.0,0.058,8.0,-0.1288,30.0,0.0726,3.0,-0.0801,31.0,-0.0874,143.0,-0.117,23.0,-0.0857,69.0,-0.1172,74.0,-0.1053,134.0,-0.0518,32.0,-0.06,121.0,-0.0084,46.0,-0.1627,23.0,-0.1403,80.0,0.0025,91.0,-0.0595,33.0,-0.0703,41.0,-0.0723,84.0,-0.2093,5.0,-0.0217,14.0,-0.165,14.0,-0.1277,215.0,-0.007,70.0,-0.0624,70.0,-0.2134,67.0,-0.0866,83.0,-0.1794,316.0
2025-11-12,Terrorist Attacks,-0.4732,17.0,-0.2522,30.0,-0.4138,64.0,-0.3397,57.0,,,-0.7218,2.0,-0.2948,3.0,-0.2469,63.0,-0.2845,55.0,-0.4592,11.0,-0.1929,1017.0,-0.5428,26.0,-0.378,37.0,-0.5843,6.0,-0.3882,2.0,-0.5019,53.0,-0.3719,12.0,-0.3978,24.0,-0.2486,62.0,-0.5889,11.0,-0.4671,8.0,-0.3036,138.0,,,,,-0.3033,19.0,-0.3871,29.0,-0.7302,4.0,-0.548,154.0,-0.2286,23.0,-0.2403,86.0,-0.3377,222.0
2025-11-12,Wars,0.0514,22.0,0.1055,10.0,-0.0707,32.0,0.2884,8.0,0.0021,20.0,0.0565,13.0,0.2536,6.0,0.0597,79.0,-0.0666,92.0,-0.0005,16.0,0.2203,58.0,-0.1178,89.0,0.0036,95.0,-0.002,22.0,0.0474,96.0,-0.0513,43.0,0.0069,1.0,-0.0717,151.0,-0.1681,27.0,0.0125,15.0,-0.1114,34.0,-0.1016,579.0,0.1303,5.0,0.1255,6.0,-0.0001,9.0,0.0244,83.0,0.0779,35.0,0.0069,153.0,-0.0515,241.0,-0.2002,21.0,-0.0777,118.0
2025-11-11,Economic Data,0.0907,154.0,0.0877,69.0,0.1174,95.0,0.1543,67.0,0.0555,46.0,-0.0439,32.0,0.1215,21.0,0.0929,48.0,-0.002,551.0,-0.0896,42.0,0.1321,285.0,-0.0033,23.0,0.075,229.0,0.0898,140.0,0.0855,302.0,0.1576,82.0,-0.0916,43.0,0.0819,70.0,0.0738,38.0,0.2011,54.0,0.03,35.0,0.0934,155.0,0.2166,14.0,0.2177,34.0,0.1864,33.0,0.2536,273.0,0.2209,177.0,0.0805,131.0,0.0426,60.0,0.1641,215.0,0.0632,377.0
2025-11-11,Economic Data-Consumer Spending,0.4993,4.0,-0.0315,5.0,0.0136,6.0,-0.4392,11.0,,,,,,,,,-0.3569,5.0,0.0052,1.0,0.2725,6.0,-0.0094,3.0,0.1385,4.0,,,0.6325,4.0,-0.4475,2.0,-0.8542,1.0,,,,,-0.3478,2.0,,,0.0166,6.0,,,,,0.004,1.0,0.4747,4.0,0.0146,5.0,-0.5895,1.0,-0.0261,1.0,-0.1947,54.0,0.0893,23.0
2025-11-11,Economic Data-Employment,-0.0767,32.0,-0.0484,20.0,0.0622,78.0,-0.1744,7.0,0.2648,9.0,0.6032,4.0,0.0076,2.0,-0.0614,17.0,0.0719,44.0,-0.0121,5.0,0.2084,103.0,0.3172,3.0,0.0769,54.0,0.1011,57.0,-0.1043,59.0,-0.0246,27.0,-0.2008,8.0,0.0888,13.0,0.476,2.0,0.4333,4.0,0.2305,3.0,0.0521,29.0,0.0914,10.0,-0.1124,6.0,-0.274,26.0,0.0919,71.0,0.2357,11.0,-0.0561,14.0,0.0861,9.0,-0.0327,55.0,-0.0248,101.0
2025-11-11,Economic Data-GDP,0.9144,3.0,-0.8909,1.0,0.433,2.0,,,,,,,,,0.9183,2.0,-0.1285,21.0,,,0.642,5.0,,,-0.6679,1.0,0.944,1.0,0.4376,25.0,0.3,3.0,,,-0.6512,4.0,0.4169,2.0,0.592,12.0,,,0.9482,1.0,,,,,0.7415,1.0,0.5726,6.0,0.2546,10.0,0.9492,1.0,0.0046,4.0,,,-0.3149,8.0
2025-11-11,Economic Data-Housing,0.0469,18.0,-0.1,48.0,-0.1178,20.0,0.032,33.0,0.1079,14.0,0.1251,5.0,0.1634,15.0,0.1469,19.0,0.1748,120.0,-0.0014,23.0,0.2572,40.0,0.0083,6.0,0.0631,55.0,-0.0945,37.0,-0.0131,97.0,0.0994,14.0,-0.08,29.0,0.0573,10.0,-0.2348,6.0,0.8959,3.0,-0.221,4.0,0.1091,49.0,0.4462,7.0,-0.0199,14.0,0.1721,10.0,0.149,101.0,-0.0544,54.0,0.1376,58.0,0.016,12.0,0.1878,117.0,0.0245,113.0
2025-11-11,Economic Data-Inflation,0.2723,6.0,0.0396,2.0,-0.0325,23.0,-0.0207,1.0,-0.1874,3.0,0.642,9.0,0.0042,1.0,,,0.4293,22.0,-0.111,20.0,0.2798,7.0,-0.4623,1.0,-0.0682,5.0,0.3093,6.0,0.063,7.0,0.9339,1.0,0.007,1.0,-0.8658,1.0,0.0089,1.0,-0.0046,1.0,-0.4425,2.0,0.0975,2.0,,,,,0.3019,1.0,-0.5769,3.0,0.0074,4.0,-0.0979,7.0,0.2594,10.0,-0.1849,5.0,0.0061,33.0
2025-11-11,Economic Data-Interest Rates,0.0394,12.0,0.0099,6.0,-0.0552,19.0,-0.044,12.0,-0.3095,3.0,0.4647,7.0,0.1992,4.0,0.0533,2.0,0.211,57.0,-0.1193,11.0,0.2292,49.0,0.0023,3.0,0.2504,30.0,-0.0436,5.0,0.2733,45.0,0.2369,15.0,0.1046,6.0,0.4752,5.0,0.5,6.0,-0.1528,4.0,,,0.1192,76.0,,,-0.0074,2.0,0.3056,7.0,0.2073,28.0,0.1094,31.0,0.1038,11.0,0.2011,7.0,0.0008,43.0,-0.0962,52.0
2025-11-11,Economic Data-Manufacturing,-0.4427,2.0,0.6768,4.0,-0.0022,12.0,0.1527,5.0,0.2099,5.0,0.2639,6.0,0.4902,2.0,0.2482,5.0,-0.0888,89.0,,,0.4601,15.0,0.4703,2.0,0.075,14.0,0.0545,10.0,0.1203,28.0,-0.1359,7.0,,,0.4462,5.0,,,0.0018,2.0,,,0.1808,6.0,0.9407,1.0,,,0.0401,3.0,0.5849,10.0,0.3976,37.0,0.4341,11.0,,,0.3292,18.0,0.2168,30.0
2025-11-11,Economic Data-Retail Sales,0.143,9.0,0.335,32.0,0.163,8.0,-0.0365,6.0,0.9505,1.0,,,,,0.3827,6.0,0.3613,44.0,0.1659,3.0,0.3227,12.0,0.2398,5.0,0.3321,18.0,0.1899,23.0,0.2978,31.0,-0.0214,9.0,0.2501,5.0,0.0276,1.0,,,0.3226,3.0,,,0.0835,16.0,0.0167,1.0,-0.0634,8.0,0.3102,5.0,0.3091,13.0,0.2775,11.0,0.5439,18.0,0.0012,1.0,0.0728,23.0,0.3482,41.0
2025-11-11,Extreme Weather,-0.0888,239.0,0.1029,64.0,-0.0284,283.0,-0.1685,50.0,-0.0134,14.0,0.0539,28.0,0.0057,11.0,0.0098,45.0,-0.052,371.0,-0.1053,32.0,-0.1269,191.0,-0.2785,16.0,-0.0951,98.0,0.0976,51.0,0.0961,101.0,-0.1916,78.0,0.0113,19.0,0.0147,3.0,-0.1363,12.0,-0.226,57.0,-0.0633,47.0,-0.1878,251.0,0.3168,3.0,-0.1227,8.0,-0.1953,13.0,0.0126,177.0,-0.2559,188.0,-0.2317,184.0,-0.0634,103.0,0.0368,168.0,-0.0955,263.0
2025-11-11,Extreme Weather-Cold,-0.0512,11.0,-0.1913,13.0,-0.086,3.0,-0.2414,39.0,0.0044,2.0,-0.1082,5.0,-0.4537,2.0,-0.1708,2.0,-0.0788,35.0,-0.0104,5.0,-0.2242,45.0,-0.0034,4.0,0.1055,5.0,0.036,9.0,-0.0931,18.0,-0.2413,87.0,-0.0089,1.0,0.0031,1.0,-0.5253,3.0,,,0.0008,5.0,-0.2745,74.0,,,0.0049,1.0,,,-0.1268,11.0,-0.3516,12.0,-0.1986,20.0,0.0256,26.0,-0.2982,27.0,-0.0806,166.0
2025-11-11,Extreme Weather-Drought,0.1364,15.0,-0.2909,17.0,-0.2577,73.0,0.4225,3.0,,,,,-0.0061,1.0,-0.0177,4.0,-0.0767,20.0,0.0874,4.0,0.1301,47.0,0.0253,3.0,-0.1825,14.0,0.0011,4.0,0.0052,5.0,-0.0297,8.0,-0.3378,8.0,0.0439,3.0,0.2457,5.0,0.1311,4.0,-0.4795,1.0,-0.0098,18.0,0.0436,1.0,,,-0.1252,4.0,0.0829,31.0,0.1365,21.0,-0.2741,54.0,-0.0722,19.0,-0.3638,9.0,-0.0125,24.0
2025-11-11,Extreme Weather-Heat,0.1404,7.0,-0.0127,6.0,0.1018,11.0,-0.0082,1.0,0.0058,4.0,,,,,0.2124,5.0,0.027,34.0,,,-0.3887,18.0,,,0.0109,12.0,0.007,3.0,0.4694,11.0,-0.0171,7.0,0.2861,3.0,0.0038,1.0,,,,,0.1179,7.0,-0.066,15.0,,,0.472,2.0,-0.2195,8.0,0.1353,17.0,0.2406,4.0,-0.001,1.0,0.1202,8.0,-0.0446,16.0,0.1533,13.0
2025-11-11,Fiscal Policy,0.0797,157.0,-0.0044,149.0,0.0879,100.0,-0.1693,77.0,0.2108,21.0,-0.075,25.0,0.1154,10.0,0.0359,67.0,-0.0256,290.0,0.1046,32.0,0.0133,142.0,-0.0677,17.0,-0.015,284.0,-0.0183,75.0,-0.0431,172.0,-0.0665,116.0,-0.0931,46.0,0.0622,94.0,0.1035,62.0,0.1355,47.0,0.1382,16.0,0.0363,100.0,0.1335,17.0,-0.1356,25.0,0.0399,21.0,0.083,292.0,0.0725,92.0,-0.0163,50.0,-0.0642,54.0,-0.0117,122.0,-0.104,738.0
2025-11-11,Fiscal Policy-Stimulus Package,0.015,63.0,-0.0001,58.0,0.2242,38.0,-0.0739,47.0,0.1534,8.0,-0.3483,19.0,0.3083,5.0,-0.1926,13.0,0.0086,77.0,0.3075,20.0,0.3447,74.0,0.1954,8.0,-0.0451,113.0,-0.0797,53.0,0.0681,106.0,-0.0211,42.0,-0.1142,16.0,-0.0829,43.0,0.0042,16.0,0.1442,26.0,0.2485,9.0,0.1742,72.0,0.0153,3.0,-0.1401,12.0,-0.0591,15.0,0.0827,154.0,0.0947,43.0,0.0363,48.0,0.3079,31.0,-0.0435,228.0,-0.1373,527.0
2025-11-11,Monetary Policy,0.1129,8.0,0.3249,3.0,-0.0786,11.0,0.1815,5.0,-0.4664,2.0,0.6326,4.0,0.229,4.0,0.9481,1.0,0.2087,57.0,0.2338,5.0,0.1611,38.0,0.0033,2.0,0.3718,26.0,,,-0.012,23.0,0.5326,7.0,0.4988,3.0,0.0036,3.0,0.3204,2.0,0.0104,1.0,,,0.1624,36.0,,,0.9473,1.0,0.0106,5.0,0.2382,4.0,0.0789,19.0,0.5341,12.0,0.0222,5.0,0.0068,22.0,-0.0357,23.0
2025-11-11,Monetary Policy-Interest Rates,,,-0.7591,1.0,0.3288,7.0,0.8428,2.0,,,,,,,,,,,,,0.209,3.0,,,,,,,-0.2293,4.0,0.0249,1.0,0.6421,1.0,0.9465,1.0,,,,,,,-0.011,2.0,,,,,0.0049,3.0,,,0.3938,5.0,,,,,-0.9169,1.0,-0.2612,5.0
2025-11-11,Monetary Policy-Quantitative Easing,0.3053,24.0,0.0269,1.0,0.0108,4.0,0.0099,2.0,,,0.0017,1.0,0.6345,3.0,0.1254,3.0,0.0587,47.0,0.2613,2.0,0.3598,4.0,,,0.6668,7.0,,,0.1709,5.0,,,-0.0044,1.0,0.0698,8.0,,,0.0096,1.0,,,0.0442,17.0,,,,,,,0.4677,3.0,0.336,15.0,,,0.1345,10.0,0.058,14.0,0.0881,14.0
2025-11-11,Natural Disaster,-0.1927,7.0,-0.1436,1.0,-0.1184,28.0,-0.8725,1.0,-0.9108,1.0,-0.4081,1.0,,,,,-0.1391,4.0,-0.4119,2.0,-0.164,3.0,-0.9195,2.0,-0.4917,14.0,0.0088,1.0,0.0927,11.0,-0.4542,12.0,-0.8981,1.0,,,-0.7714,2.0,-0.3102,17.0,,,-0.3681,41.0,,,,,-0.8724,2.0,0.0434,6.0,-0.4057,52.0,-0.0973,90.0,-0.7363,3.0,-0.7169,4.0,-0.3072,34.0
2025-11-11,Oil Spills,,,-0.0013,1.0,,,,,,,,,,,,,-0.2779,5.0,,,,,,,,,0.0681,2.0,,,,,,,,,,,-0.1734,1.0,,,0.8723,1.0,,,,,,,,,,,-0.4476,2.0,,,,,,
2025-11-11,Pandemic,-0.0362,155.0,-0.0346,183.0,-0.0617,206.0,-0.0191,123.0,-0.049,30.0,-0.1428,47.0,0.0182,26.0,-0.0761,174.0,0.0393,1148.0,-0.2745,64.0,-0.0955,614.0,-0.1655,67.0,-0.0459,635.0,0.0709,120.0,-0.0214,325.0,-0.0218,196.0,-0.0487,104.0,0.0454,150.0,-0.0938,85.0,-0.0107,151.0,-0.1132,86.0,-0.137,475.0,0.1329,42.0,-0.2258,27.0,-0.0795,67.0,-0.083,680.0,-0.1842,272.0,-0.1675,321.0,-0.1191,156.0,-0.069,565.0,-0.1,985.0
2025-11-11,Politics,-0.0252,681.0,-0.0325,659.0,-0.0131,535.0,-0.0244,327.0,0.0317,100.0,-0.0055,123.0,0.066,107.0,-0.0869,392.0,-0.0544,1442.0,0.0061,241.0,-0.0759,1210.0,-0.0123,329.0,-0.0011,1446.0,-0.0512,424.0,-0.027,1251.0,-0.0415,539.0,-0.0908,254.0,-0.0676,684.0,-0.028,343.0,0.0069,253.0,0.0233,359.0,-0.0203,976.0,0.0689,64.0,-0.0695,83.0,-0.1032,163.0,-0.0008,1579.0,0.0004,482.0,-0.044,849.0,-0.106,413.0,-0.1186,838.0,-0.0637,3166.0
2025-11-11,Politics-Election,0.0338,19.0,0.0733,66.0,0.1326,10.0,0.0138,6.0,,,0.0455,4.0,0.0367,55.0,-0.0161,23.0,0.0151,26.0,0.194,6.0,0.0218,915.0,-0.4146,4.0,0.0462,29.0,0.0711,14.0,0.1256,24.0,-0.1442,12.0,0.3164,4.0,-0.1839,26.0,0.0252,13.0,-0.0348,7.0,0.0055,3.0,0.1202,6.0,,,-0.03,4.0,0.0032,1.0,-0.0177,60.0,0.0153,23.0,-0.072,22.0,0.109,3.0,0.0138,8.0,0.0136,203.0
2025-11-11,Politics-Political Tension,-0.1228,86.0,-0.156,160.0,-0.0445,78.0,-0.1748,60.0,-0.0234,12.0,-0.169,19.0,0.2019,10.0,-0.0121,20.0,-0.1308,100.0,-0.1664,29.0,-0.0997,86.0,-0.0556,56.0,-0.062,143.0,-0.0833,46.0,-0.1557,127.0,-0.0592,38.0,-0.0489,42.0,-0.1747,98.0,-0.0912,63.0,-0.05,24.0,-0.1777,25.0,0.0464,83.0,-0.026,8.0,-0.3155,25.0,-0.154,14.0,-0.0016,201.0,0.0738,52.0,-0.023,64.0,0.0508,35.0,-0.2462,94.0,-0.2179,400.0
2025-11-11,Terrorist Attacks,-0.5443,26.0,-0.3136,65.0,-0.5654,50.0,-0.234,29.0,0.0137,1.0,-0.7054,4.0,-0.0016,2.0,-0.1747,35.0,-0.1275,62.0,-0.5102,7.0,-0.1737,1447.0,-0.4535,13.0,-0.4362,58.0,-0.4121,10.0,-0.202,9.0,-0.5491,49.0,-0.3922,28.0,-0.3921,43.0,-0.3614,124.0,-0.6071,10.0,-0.3812,7.0,-0.4536,83.0,-0.0881,1.0,-0.5733,2.0,-0.3915,18.0,-0.3399,25.0,-0.2999,7.0,-0.5458,138.0,-0.6196,7.0,-0.3423,105.0,-0.3911,211.0
2025-11-11,Wars,0.0759,13.0,-0.0984,30.0,-0.0261,24.0,0.0717,59.0,0.1428,21.0,0.0064,11.0,0.0683,10.0,0.0217,82.0,-0.003,103.0,-0.0351,21.0,-0.0238,77.0,-0.0156,113.0,-0.0305,99.0,0.0617,14.0,0.0121,80.0,0.1912,41.0,-0.1219,10.0,-0.2268,113.0,-0.2563,24.0,0.0552,16.0,-0.072,39.0,-0.189,605.0,0.346,5.0,0.001,1.0,-0.0566,11.0,-0.0262,74.0,-0.173,28.0,-0.033,112.0,-0.049,226.0,0.0483,21.0,-0.013,148.0
2025-11-10,Economic Data,0.0683,130.0,0.2102,102.0,0.1184,80.0,0.2708,60.0,0.0553,47.0,0.0498,34.0,0.212,31.0,-0.0506,86.0,0.1499,445.0,0.2792,28.0,0.1932,298.0,0.0044,20.0,0.0156,228.0,0.0351,120.0,0.0745,294.0,-0.1268,63.0,0.2395,34.0,0.0709,58.0,0.2527,30.0,0.0674,60.0,-0.0266,37.0,0.1401,184.0,0.3308,13.0,0.0344,20.0,0.1899,36.0,0.097,165.0,0.2802,185.0,0.0717,101.0,0.1643,58.0,0.1798,142.0,0.0944,384.0
2025-11-10,Economic Data-Consumer Spending,0.3358,4.0,-0.0329,2.0,0.4126,4.0,0.0117,1.0,0.0033,2.0,0.005,3.0,,,-0.3058,2.0,-0.0587,1.0,,,0.0138,10.0,,,0.0056,3.0,-0.184,1.0,-0.004,5.0,-0.0077,2.0,,,,,,,0.3186,2.0,-0.3341,2.0,-0.0018,5.0,0.8433,1.0,,,0.008,1.0,0.7357,4.0,-0.4576,6.0,0.0027,2.0,-0.0061,3.0,0.0532,12.0,-0.0838,25.0
2025-11-10,Economic Data-Employment,0.0874,21.0,0.0091,9.0,0.0805,89.0,0.1448,12.0,-0.049,10.0,-0.1588,19.0,0.1002,2.0,-0.0117,19.0,-0.057,45.0,0.0778,9.0,-0.0503,72.0,0.3778,3.0,-0.0133,34.0,0.0305,24.0,-0.1171,54.0,0.1196,15.0,0.158,4.0,0.06,12.0,-0.1626,7.0,0.0336,3.0,0.2915,5.0,0.1626,49.0,0.0377,9.0,0.1873,4.0,0.2038,7.0,0.1629,40.0,0.1671,31.0,0.2235,13.0,0.0008,6.0,-0.0539,26.0,-0.0457,75.0
2025-11-10,Economic Data-GDP,0.5072,7.0,-0.2683,1.0,0.0278,5.0,-0.2428,2.0,,,,,0.006,1.0,,,-0.5656,6.0,-0.163,2.0,,,,,-0.4399,5.0,0.4776,4.0,0.8765,3.0,,,,,0.6551,4.0,,,-0.1956,6.0,-0.5701,1.0,,,,,,,,,0.9341,1.0,-0.0145,5.0,,,-0.9074,1.0,0.007,1.0,0.3463,3.0
2025-11-10,Economic Data-Housing,0.1719,22.0,0.1268,43.0,-0.0375,13.0,0.0523,63.0,0.215,7.0,0.0095,17.0,0.2855,11.0,0.0566,20.0,-0.0201,108.0,-0.1747,5.0,0.2805,59.0,0.2256,15.0,0.1775,40.0,0.0497,19.0,0.229,97.0,0.2442,12.0,-0.0447,32.0,0.363,13.0,-0.3844,2.0,0.2091,7.0,-0.0434,7.0,0.0667,39.0,0.4852,2.0,0.3169,11.0,-0.1026,8.0,-0.0181,94.0,0.1152,39.0,0.0715,73.0,-0.0401,10.0,0.0059,94.0,0.1898,116.0
2025-11-10,Economic Data-Inflation,0.0073,8.0,,,,,,,0.6241,3.0,,,0.0079,2.0,0.0107,1.0,0.1742,27.0,0.1788,1.0,0.0921,8.0,,,,,0.005,4.0,0.3465,6.0,-0.323,2.0,,,,,0.2269,6.0,-0.4319,3.0,-0.0066,2.0,0.4787,5.0,,,,,,,0.1984,3.0,-0.4767,7.0,-0.2529,7.0,-0.5953,10.0,0.1843,6.0,0.0034,11.0
2025-11-10,Economic Data-Interest Rates,-0.2717,26.0,-0.0137,41.0,0.0301,12.0,0.0521,14.0,,,-0.3073,5.0,0.7413,1.0,0.2075,13.0,0.2251,49.0,0.1211,12.0,0.1264,59.0,-0.0111,1.0,0.2146,28.0,0.4138,5.0,-0.0012,43.0,-0.16,18.0,0.1974,8.0,0.2485,16.0,0.8509,3.0,0.2201,14.0,0.1543,1.0,0.0801,60.0,0.9307,1.0,0.2962,1.0,0.0991,3.0,0.1579,22.0,0.1531,24.0,0.0772,9.0,-0.1377,8.0,-0.0112,30.0,0.1003,50.0
2025-11-10,Economic Data-Manufacturing,0.1708,8.0,0.7853,4.0,0.944,1.0,0.2425,5.0,0.307,5.0,,,0.2417,4.0,0.4779,6.0,0.247,66.0,,,0.4129,31.0,,,0.1695,8.0,0.1945,11.0,0.3104,37.0,0.2934,5.0,-0.2073,2.0,0.2252,4.0,0.039,1.0,0.3673,3.0,0.0847,2.0,0.0149,10.0,0.9459,3.0,0.2027,1.0,,,0.1136,11.0,0.5657,28.0,0.1107,19.0,,,0.6054,19.0,0.4457,25.0
2025-11-10,Economic Data-Retail Sales,-0.2884,9.0,-0.0342,16.0,0.4852,2.0,0.1691,9.0,0.4629,2.0,0.3702,2.0,-0.0422,1.0,0.0953,10.0,0.4376,42.0,0.0988,6.0,0.3656,16.0,0.2861,4.0,0.2211,9.0,0.1495,14.0,0.4794,14.0,0.006,2.0,0.0191,5.0,0.1836,3.0,-0.0002,1.0,0.2683,2.0,0.0016,4.0,-0.0831,18.0,0.0076,1.0,0.1279,6.0,0.0067,3.0,0.3916,10.0,0.2145,16.0,0.2984,11.0,0.3098,4.0,0.3389,35.0,0.214,55.0
2025-11-10,Extreme Weather,-0.0278,205.0,-0.1014,31.0,-0.1233,246.0,0.1638,65.0,-0.0334,10.0,-0.1867,29.0,-0.0848,7.0,-0.0176,58.0,-0.015,665.0,-0.1783,28.0,-0.1534,211.0,0.0043,15.0,0.0114,89.0,-0.1254,60.0,-0.0142,121.0,-0.2108,62.0,-0.0529,27.0,-0.0436,12.0,0.0455,17.0,-0.326,101.0,-0.0128,55.0,-0.1335,288.0,0.0445,6.0,0.1385,7.0,0.1272,10.0,0.0251,186.0,-0.0789,205.0,-0.1699,206.0,-0.1311,102.0,-0.0984,84.0,-0.166,277.0
2025-11-10,Extreme Weather-Cold,-0.1332,7.0,0.0692,6.0,,,-0.0633,17.0,-0.6824,4.0,0.0076,5.0,0.0873,2.0,-0.1869,4.0,-0.0181,15.0,-0.0034,5.0,-0.148,74.0,0.1528,5.0,0.0052,2.0,0.0498,8.0,-0.2622,17.0,-0.236,64.0,,,,,0.3879,2.0,,,-0.0656,13.0,-0.0929,69.0,-0.5505,2.0,-0.809,3.0,,,0.0099,9.0,0.0081,3.0,-0.2413,7.0,0.0007,23.0,-0.0168,20.0,-0.0851,194.0
2025-11-10,Extreme Weather-Drought,0.0532,15.0,0.129,16.0,-0.016,62.0,-0.1385,8.0,0.0036,3.0,-0.319,1.0,0.0006,2.0,0.0685,16.0,-0.0934,15.0,-0.0311,7.0,0.0015,33.0,-0.0937,3.0,-0.162,25.0,0.0053,3.0,-0.5322,3.0,-0.2577,13.0,0.2407,9.0,0.0073,2.0,0.2039,6.0,0.0137,4.0,-0.9126,1.0,-0.2382,15.0,0.3379,2.0,,,-0.0768,11.0,-0.0411,30.0,0.1107,20.0,-0.3182,30.0,0.4529,8.0,-0.5546,8.0,-0.1265,24.0
2025-11-10,Extreme Weather-Heat,0.0383,14.0,-0.0977,6.0,0.0269,13.0,0.1749,2.0,-0.2995,2.0,0.0944,2.0,0.0009,2.0,-0.145,7.0,0.0657,58.0,-0.0251,1.0,-0.2277,20.0,0.2424,3.0,0.1441,10.0,0.0119,3.0,-0.0002,14.0,-0.0903,5.0,0.0049,3.0,,,,,,,0.0398,5.0,0.0955,14.0,,,0.0505,1.0,0.0947,1.0,0.1093,16.0,0.3826,6.0,-0.1461,4.0,-0.091,10.0,0.1351,12.0,0.0671,19.0
2025-11-10,Fiscal Policy,0.1289,121.0,0.0478,169.0,0.1836,77.0,0.0804,86.0,0.0959,29.0,-0.0147,17.0,0.2164,12.0,0.026,81.0,0.0429,306.0,0.0238,31.0,0.0072,164.0,-0.0197,22.0,0.0609,267.0,0.0188,51.0,-0.0335,187.0,0.0957,71.0,-0.0699,36.0,0.2534,86.0,0.1179,51.0,0.0382,27.0,0.112,28.0,0.0754,107.0,0.303,8.0,0.0192,26.0,0.0694,53.0,0.1686,222.0,-0.0034,79.0,-0.0924,57.0,0.0108,47.0,-0.1274,144.0,0.015,821.0
2025-11-10,Fiscal Policy-Stimulus Package,-0.061,54.0,-0.161,27.0,0.0294,49.0,-0.1322,86.0,0.1894,16.0,-0.1136,16.0,0.5422,6.0,0.0418,50.0,0.0363,83.0,-0.0547,12.0,0.1129,77.0,0.2992,13.0,0.0375,93.0,0.0739,35.0,0.0024,68.0,0.1834,31.0,0.1964,15.0,0.2812,34.0,0.1731,21.0,0.2361,32.0,0.0222,9.0,0.1337,50.0,0.0059,3.0,-0.2131,7.0,0.0846,26.0,0.0975,120.0,0.0108,43.0,0.1679,25.0,0.1153,24.0,-0.1081,169.0,-0.1092,565.0
2025-11-10,Monetary Policy,-0.0256,12.0,-0.1164,16.0,0.0315,7.0,-0.9093,1.0,0.0047,1.0,0.1202,7.0,,,0.02,3.0,0.2954,44.0,0.2347,9.0,0.2241,46.0,,,0.3459,19.0,0.585,4.0,-0.1757,22.0,0.2253,6.0,0.1666,3.0,0.084,13.0,0.3311,6.0,0.1366,6.0,,,0.1841,35.0,0.9307,1.0,0.2962,1.0,0.1478,2.0,-0.1147,4.0,0.1784,16.0,-0.1903,7.0,-0.1726,5.0,0.0226,16.0,-0.0473,25.0
2025-11-10,Monetary Policy-Interest Rates,0.0166,6.0,-0.217,2.0,0.013,2.0,,,,,0.7542,1.0,0.7413,1.0,-0.2346,2.0,-0.9082,1.0,,,-0.4106,8.0,,,,,0.0237,2.0,0.0004,4.0,0.0266,1.0,,,,,,,-0.7924,2.0,,,-0.0114,5.0,,,0.8858,1.0,0.0129,2.0,0.9481,1.0,-0.0203,1.0,0.0041,1.0,,,0.626,3.0,0.1313,6.0
2025-11-10,Monetary Policy-Quantitative Easing,-0.2766,9.0,,,-0.2151,4.0,0.3896,5.0,,,0.5753,4.0,-0.9217,1.0,0.226,5.0,0.0692,56.0,0.3191,4.0,0.0628,14.0,0.7149,1.0,0.0132,3.0,0.0239,7.0,-0.0344,7.0,,,,,0.3341,1.0,-0.8152,1.0,,,0.4793,1.0,0.0528,17.0,,,0.0207,1.0,-0.0051,1.0,0.4561,3.0,0.3263,10.0,0.196,9.0,0.3204,4.0,-0.0644,14.0,0.1122,19.0
2025-11-10,Natural Disaster,0.0779,7.0,0.0026,1.0,-0.1907,46.0,-0.9107,1.0,,,-0.8089,2.0,,,-0.2763,4.0,-0.184,14.0,-0.6842,6.0,-0.6131,14.0,,,0.0434,4.0,-0.0738,23.0,-0.1395,4.0,0.0955,1.0,-0.4745,3.0,-0.4091,2.0,,,-0.5245,33.0,-0.2976,4.0,-0.1932,34.0,0.0287,2.0,-0.0104,1.0,-0.0903,4.0,-0.2931,10.0,-0.2761,80.0,-0.1314,155.0,-0.5841,6.0,-0.4581,3.0,-0.4489,45.0
2025-11-10,Oil Spills,,,-0.8796,1.0,,,,,,,,,,,,,,,,,0.0184,1.0,,,-0.9092,1.0,,,,,,,,,-0.001,1.0,,,-0.623,1.0,,,-0.4381,3.0,,,,,,,,,,,,,,,,,-0.592,2.0
2025-11-10,Pandemic,-0.0649,151.0,-0.0403,262.0,-0.1271,222.0,-0.0207,123.0,0.0711,37.0,-0.1323,43.0,-0.0076,32.0,-0.0872,220.0,0.0473,1075.0,-0.1736,87.0,-0.1038,585.0,-0.2394,62.0,-0.0384,588.0,0.0329,102.0,-0.0066,380.0,-0.0461,185.0,-0.104,94.0,0.0188,181.0,-0.1901,101.0,-0.0547,175.0,-0.0746,106.0,-0.1335,436.0,0.1663,34.0,-0.3216,34.0,-0.139,76.0,0.0044,528.0,-0.0603,289.0,-0.2783,261.0,-0.0839,127.0,-0.0642,419.0,-0.1302,953.0
2025-11-10,Politics,0.007,552.0,-0.0383,763.0,0.0427,527.0,-0.0818,407.0,0.0371,111.0,-0.0146,154.0,0.0838,141.0,-0.05,541.0,-0.0298,1841.0,-0.055,210.0,-0.0954,1533.0,-0.0707,366.0,-0.0286,1493.0,-0.0533,352.0,-0.0611,1132.0,0.0003,378.0,-0.105,235.0,0.0326,591.0,-0.0478,462.0,0.0053,156.0,-0.0871,334.0,-0.0347,906.0,0.0056,58.0,-0.104,95.0,-0.0508,206.0,-0.0016,1210.0,-0.0611,439.0,-0.0255,1365.0,-0.0476,326.0,-0.113,789.0,-0.0498,3378.0
2025-11-10,Politics-Election,0.1014,25.0,-0.0077,21.0,-0.0002,10.0,0.0059,9.0,,,,,0.0767,120.0,0.0061,17.0,0.0049,15.0,-0.1909,9.0,0.014,405.0,0.0513,4.0,0.0347,24.0,0.0703,19.0,0.1312,27.0,-0.0276,15.0,-0.0662,15.0,0.0504,61.0,0.0377,7.0,,,-0.0002,1.0,0.0027,6.0,,,-0.0869,8.0,0.2639,6.0,0.0604,43.0,0.1491,20.0,-0.0694,17.0,0.0185,1.0,-0.0663,4.0,0.1413,106.0
2025-11-10,Politics-Political Tension,-0.0561,72.0,-0.2337,173.0,-0.0652,87.0,-0.2282,38.0,-0.0963,9.0,-0.1743,29.0,-0.0312,8.0,-0.0665,45.0,-0.098,140.0,-0.0377,37.0,-0.2392,160.0,-0.1289,87.0,-0.0606,148.0,-0.1009,34.0,-0.081,92.0,-0.0782,45.0,-0.2674,56.0,-0.1849,50.0,-0.0732,77.0,-0.1892,16.0,-0.1488,26.0,-0.0974,71.0,0.0493,5.0,-0.0838,27.0,-0.1607,12.0,-0.1076,132.0,-0.0723,49.0,-0.0475,84.0,0.1141,19.0,-0.3037,113.0,-0.1921,593.0
2025-11-10,Terrorist Attacks,-0.5127,21.0,-0.1971,67.0,-0.5196,47.0,-0.2511,38.0,,,-0.076,3.0,-0.8711,1.0,-0.4222,73.0,-0.2968,74.0,-0.1807,6.0,-0.2814,1072.0,-0.5557,23.0,-0.5096,52.0,-0.5956,5.0,-0.1271,23.0,-0.5466,30.0,-0.5358,25.0,-0.3954,37.0,-0.4832,61.0,0.1919,3.0,-0.4335,9.0,-0.5133,76.0,,,-0.8025,1.0,-0.2683,16.0,-0.5222,19.0,-0.8774,5.0,-0.458,85.0,-0.6178,24.0,-0.3711,118.0,-0.3472,241.0
2025-11-10,Wars,-0.0272,17.0,-0.0161,32.0,-0.0392,29.0,0.0758,17.0,0.0486,19.0,0.139,7.0,0.1651,13.0,-0.1131,43.0,-0.001,71.0,-0.1151,20.0,0.1218,55.0,0.0042,75.0,-0.0253,85.0,0.3656,12.0,-0.0807,89.0,-0.0329,34.0,0.0187,12.0,-0.0772,60.0,0.0109,17.0,-0.0283,21.0,0.0185,44.0,-0.0942,543.0,0.0965,3.0,-0.3076,6.0,-0.0021,5.0,0.0412,46.0,-0.0866,20.0,-0.0374,118.0,-0.1602,220.0,0.0356,22.0,-0.0148,119.0
2025-11-09,Economic Data,0.1603,62.0,0.2086,30.0,0.1924,23.0,0.0813,13.0,0.3252,8.0,-0.1286,15.0,0.0478,24.0,0.1502,31.0,0.1748,229.0,0.0233,12.0,0.1185,93.0,-0.1986,16.0,-0.0218,63.0,0.0103,25.0,0.0524,121.0,0.1765,19.0,0.2139,18.0,0.1087,33.0,0.2611,22.0,0.2513,37.0,0.103,26.0,0.1432,51.0,0.3895,15.0,-0.1177,9.0,0.1727,13.0,0.0973,87.0,0.0725,48.0,0.0523,62.0,-0.0544,16.0,0.0741,88.0,0.0072,174.0
2025-11-09,Economic Data-Consumer Spending,,,0.0028,4.0,,,,,,,,,,,,,,,,,0.391,10.0,,,,,-0.0009,1.0,0.2484,5.0,0.0622,1.0,-0.0047,1.0,,,,,,,,,-0.0653,2.0,,,-0.0336,1.0,,,0.0064,2.0,0.9459,1.0,-0.907,1.0,,,0.2013,5.0,0.1638,6.0
2025-11-09,Economic Data-Employment,0.1431,11.0,-0.3311,8.0,0.1166,22.0,-0.8939,1.0,,,-0.2184,3.0,0.0026,1.0,0.0119,9.0,-0.0203,10.0,0.0079,1.0,-0.0034,50.0,-0.5092,9.0,-0.0283,9.0,0.3133,3.0,-0.1455,23.0,0.098,12.0,-0.2225,4.0,0.141,8.0,0.5613,5.0,0.4991,4.0,-0.0636,1.0,0.1129,9.0,0.3545,4.0,0.1282,3.0,0.0325,1.0,0.1609,26.0,-0.0883,7.0,0.4879,26.0,0.3201,3.0,-0.2881,7.0,0.0064,48.0
2025-11-09,Economic Data-GDP,,,0.0123,3.0,,,0.9149,1.0,,,,,0.9435,1.0,,,,,-0.9154,1.0,-0.0894,1.0,,,-0.0255,1.0,,,-0.2509,7.0,,,0.8699,1.0,,,0.9492,1.0,0.0072,5.0,,,-0.012,1.0,,,,,,,,,0.8424,2.0,,,,,,,-0.0114,2.0
2025-11-09,Economic Data-Housing,0.0578,5.0,-0.0316,35.0,0.3142,6.0,0.22,11.0,,,0.0279,7.0,0.0573,4.0,-0.0268,13.0,0.0506,59.0,0.0029,3.0,0.1034,37.0,0.1783,8.0,0.0856,14.0,0.0009,4.0,0.2252,70.0,-0.0642,7.0,-0.1194,11.0,0.0172,4.0,,,0.2624,7.0,0.3823,3.0,-0.0452,12.0,0.1163,10.0,0.0771,4.0,,,-0.0085,50.0,0.2797,30.0,0.04,21.0,-0.0297,6.0,-0.0029,46.0,-0.0125,54.0
2025-11-09,Economic Data-Inflation,0.312,3.0,-0.6003,1.0,,,0.9332,1.0,,,,,,,,,0.5861,52.0,,,0.9332,1.0,-0.0217,2.0,-0.038,1.0,,,-0.8979,1.0,,,,,-0.0026,1.0,-0.1661,1.0,-0.1366,3.0,0.0025,1.0,0.0069,2.0,0.783,1.0,,,,,,,0.9252,3.0,-0.2609,4.0,,,0.5138,3.0,-0.0743,5.0
2025-11-09,Economic Data-Interest Rates,0.1457,6.0,-0.2956,15.0,0.9471,1.0,0.943,1.0,,,,,0.351,3.0,-0.0407,1.0,-0.2756,5.0,0.0236,1.0,0.081,19.0,0.4404,3.0,0.1479,10.0,-0.0032,1.0,-0.0123,25.0,0.0545,3.0,0.2592,5.0,0.8045,2.0,0.0092,1.0,-0.1281,14.0,0.4763,2.0,-0.0571,14.0,,,-0.39,2.0,,,-0.103,11.0,0.24,7.0,0.1671,7.0,0.0008,1.0,0.1815,8.0,-0.085,17.0
2025-11-09,Economic Data-Manufacturing,0.2384,5.0,0.0413,2.0,0.9241,1.0,,,0.2175,3.0,,,0.7311,3.0,-0.2691,3.0,0.5916,29.0,,,0.4298,14.0,,,0.016,3.0,,,0.1349,7.0,,,0.9241,1.0,0.175,1.0,0.1132,1.0,0.9263,1.0,-0.9198,1.0,-0.1807,4.0,0.9422,1.0,,,0.9241,1.0,0.1695,6.0,-0.6921,3.0,,,,,0.0018,1.0,0.1986,5.0
2025-11-09,Economic Data-Retail Sales,-0.1745,5.0,0.0001,3.0,,,,,0.9442,1.0,,,,,0.3016,4.0,-0.1963,9.0,0.0024,2.0,,,,,0.0013,2.0,0.0001,1.0,0.2796,13.0,,,,,0.0278,2.0,,,0.0639,1.0,,,0.0761,9.0,0.2952,1.0,,,,,0.0109,3.0,0.3409,6.0,0.0069,2.0,,,0.3399,3.0,0.0799,7.0
2025-11-09,Extreme Weather,-0.0278,192.0,-0.0759,13.0,-0.2003,203.0,-0.0511,27.0,0.0067,3.0,-0.2104,16.0,0.0724,2.0,0.0348,48.0,-0.1476,290.0,-0.172,30.0,-0.1964,179.0,-0.1255,10.0,-0.2333,78.0,-0.07,58.0,0.0506,39.0,-0.2195,44.0,-0.1761,24.0,0.2765,8.0,-0.3451,10.0,-0.2405,99.0,-0.1226,70.0,-0.197,131.0,-0.4214,6.0,0.0892,6.0,0.0019,4.0,-0.0277,122.0,-0.0946,102.0,-0.0816,95.0,-0.0485,52.0,-0.0992,60.0,-0.2565,218.0
2025-11-09,Extreme Weather-Cold,-0.0616,6.0,-0.059,4.0,-0.6293,1.0,-0.2114,8.0,0.0216,1.0,0.0269,7.0,0.1443,4.0,-0.0367,3.0,-0.0615,11.0,-0.1196,6.0,-0.1803,60.0,0.0004,5.0,-0.0057,1.0,-0.0029,1.0,-0.0212,27.0,-0.3717,22.0,,,,,0.0057,1.0,,,0.0025,8.0,-0.1581,32.0,0.0606,2.0,,,,,0.0166,16.0,0.0116,2.0,0.2794,3.0,-0.2405,13.0,-0.275,15.0,-0.0818,83.0
2025-11-09,Extreme Weather-Drought,0.0165,8.0,-0.5296,5.0,0.1474,76.0,,,,,0.006,1.0,0.0121,1.0,0.1933,7.0,0.0028,16.0,0.1431,4.0,-0.1049,26.0,,,-0.0767,10.0,0.0068,2.0,0.4746,2.0,-0.4991,7.0,0.0141,3.0,,,0.0013,5.0,0.1189,5.0,0.0608,1.0,0.0247,4.0,0.0032,2.0,,,-0.9109,1.0,0.2532,12.0,-0.0292,11.0,-0.2676,16.0,-0.2934,10.0,-0.2957,4.0,0.052,19.0
2025-11-09,Extreme Weather-Heat,0.002,8.0,,,-0.8982,1.0,-0.0599,3.0,,,0.0472,2.0,-0.0044,3.0,0.0088,1.0,-0.1855,49.0,-0.0086,2.0,-0.5577,18.0,0.0295,3.0,-0.0052,4.0,,,0.0077,4.0,0.0044,4.0,,,-0.0001,1.0,-0.0088,1.0,,,0.02,4.0,-0.2207,10.0,-0.0858,1.0,,,0.0017,1.0,0.0313,10.0,0.0527,7.0,-0.0106,3.0,-0.2553,4.0,-0.0133,1.0,-0.0516,5.0
2025-11-09,Fiscal Policy,0.0525,66.0,-0.0411,65.0,0.0493,23.0,-0.1408,39.0,0.4219,7.0,-0.2808,14.0,-0.0078,8.0,-0.0192,59.0,0.0463,136.0,0.0941,12.0,0.0346,122.0,0.0419,19.0,-0.0893,67.0,0.011,13.0,0.0683,107.0,0.0861,67.0,0.0686,23.0,0.1405,46.0,0.1756,47.0,-0.2442,29.0,-0.1368,10.0,0.101,36.0,0.1641,5.0,0.1866,19.0,-0.0466,10.0,-0.0054,88.0,0.0519,18.0,0.0374,37.0,-0.098,12.0,-0.1436,66.0,-0.162,363.0
2025-11-09,Fiscal Policy-Stimulus Package,0.1128,34.0,-0.0808,25.0,0.1988,11.0,-0.0513,19.0,,,-0.3432,10.0,0.1377,3.0,-0.0703,26.0,-0.1528,51.0,-0.2741,3.0,0.048,50.0,0.3003,16.0,-0.0157,40.0,-0.1689,10.0,-0.0779,51.0,0.207,34.0,-0.1436,6.0,0.166,13.0,-0.2099,8.0,0.1184,12.0,0.4738,2.0,0.0722,18.0,,,-0.0526,5.0,0.4577,7.0,0.0708,43.0,-0.0162,12.0,0.1994,15.0,0.132,19.0,-0.0124,127.0,-0.2133,348.0
2025-11-09,Monetary Policy,0.505,3.0,0.0227,13.0,0.9471,1.0,0.943,1.0,,,,,0.2174,1.0,,,,,0.0236,1.0,0.1887,16.0,0.0602,3.0,0.2519,4.0,-0.0032,1.0,0.1413,4.0,0.0023,1.0,,,0.5663,1.0,,,-0.1404,6.0,0.945,1.0,-0.1121,9.0,,,0.0636,1.0,,,0.0594,5.0,0.7136,4.0,0.0657,7.0,,,0.541,3.0,-0.0639,6.0
2025-11-09,Monetary Policy-Interest Rates,-0.0252,1.0,,,-0.0859,3.0,,,,,-0.9125,1.0,,,,,,,,,-0.5929,3.0,,,,,,,,,,,-0.0077,3.0,,,,,,,,,,,,,,,,,,,0.006,2.0,-0.0489,1.0,,,,,0.0005,4.0
2025-11-09,Monetary Policy-Quantitative Easing,0.0027,3.0,,,,,,,,,,,0.4839,4.0,,,0.6236,1.0,,,-0.839,3.0,,,,,,,0.0063,5.0,,,,,-0.1172,3.0,,,0.9474,1.0,0.0012,1.0,0.2234,4.0,,,,,,,,,0.5081,6.0,,,,,-0.8808,1.0,0.0998,8.0
2025-11-09,Natural Disaster,,,-0.4709,2.0,-0.3053,50.0,-0.8849,2.0,,,-0.5556,2.0,,,-0.0736,2.0,-0.5499,25.0,-0.7482,6.0,-0.5052,34.0,-0.4775,2.0,-0.2111,11.0,-0.016,40.0,-0.1595,8.0,-0.0543,2.0,-0.1912,5.0,,,-0.5559,3.0,-0.6241,22.0,-0.4926,4.0,-0.4846,28.0,-0.8364,1.0,-0.2173,2.0,,,-0.5814,3.0,-0.038,25.0,-0.2569,63.0,,,-0.6536,13.0,-0.5418,65.0
2025-11-09,Oil Spills,,,,,,,-0.0256,1.0,,,,,,,,,,,,,-0.9087,3.0,,,-0.0563,1.0,,,,,-0.8969,1.0,,,-0.0991,5.0,,,,,,,,,,,,,,,,,,,,,,,,,,
2025-11-09,Pandemic,-0.1025,81.0,-0.1986,142.0,-0.0431,108.0,-0.1411,33.0,0.0357,4.0,-0.1154,25.0,-0.0518,34.0,-0.0189,139.0,-0.1252,508.0,-0.1422,41.0,-0.1378,327.0,-0.1606,79.0,-0.1266,235.0,-0.01,32.0,-0.1082,220.0,-0.0619,107.0,-0.1466,58.0,0.0029,87.0,-0.0729,53.0,-0.1976,128.0,-0.0359,107.0,-0.1539,216.0,0.0425,23.0,-0.1079,18.0,-0.1517,22.0,-0.0433,301.0,-0.0442,133.0,-0.3282,251.0,-0.1389,53.0,-0.246,199.0,-0.226,655.0
2025-11-09,Politics,0.0044,302.0,-0.1187,412.0,0.004,217.0,-0.0314,143.0,0.0856,23.0,-0.1271,89.0,0.0823,101.0,-0.0402,335.0,-0.0161,851.0,-0.0366,135.0,-0.0791,1286.0,-0.0849,304.0,-0.0412,630.0,-0.1522,144.0,-0.0324,709.0,-0.0155,306.0,-0.0721,139.0,0.0405,405.0,0.0065,305.0,-0.0996,125.0,-0.115,171.0,-0.0633,374.0,-0.0096,45.0,0.0326,73.0,0.0493,70.0,-0.029,709.0,-0.0292,209.0,-0.0313,688.0,-0.0475,119.0,-0.0607,485.0,-0.1046,1883.0
2025-11-09,Politics-Election,-0.0603,11.0,0.0573,19.0,0.0033,3.0,0.3099,7.0,,,0.0037,1.0,0.0872,38.0,0.0063,15.0,0.0162,22.0,0.0292,5.0,-0.0279,308.0,-0.0014,1.0,0.0511,27.0,-0.0194,20.0,-0.0017,9.0,-0.0265,4.0,0.6649,1.0,0.1612,109.0,-0.0016,2.0,,,0.0049,1.0,0.0211,2.0,0.0102,1.0,-0.2671,5.0,0.0144,2.0,0.0801,26.0,0.0108,14.0,0.0024,6.0,,,-0.3008,3.0,0.0997,88.0
2025-11-09,Politics-Political Tension,-0.0316,60.0,-0.1918,77.0,-0.1674,33.0,-0.0687,21.0,0.1877,3.0,-0.087,12.0,-0.2296,3.0,0.1019,25.0,-0.0051,115.0,0.0266,21.0,-0.1917,155.0,-0.1022,51.0,-0.131,58.0,-0.217,6.0,-0.1581,52.0,-0.1268,37.0,-0.1583,24.0,-0.0213,35.0,-0.13,58.0,-0.0861,4.0,-0.0881,13.0,-0.1681,37.0,0.0092,3.0,-0.0668,21.0,-0.1527,15.0,-0.1045,77.0,-0.0933,18.0,-0.1381,29.0,-0.1727,27.0,-0.1962,38.0,-0.1007,351.0
2025-11-09,Terrorist Attacks,-0.3714,15.0,-0.2599,17.0,-0.3974,13.0,-0.3791,13.0,,,,,-0.4017,3.0,-0.1711,29.0,-0.303,25.0,,,-0.4343,173.0,-0.2426,13.0,-0.3422,36.0,-0.4558,2.0,-0.4713,18.0,-0.4067,32.0,-0.4582,3.0,-0.4286,14.0,-0.7172,9.0,,,-0.4408,13.0,-0.4906,38.0,,,-0.71,2.0,-0.4799,7.0,-0.5316,16.0,-0.2879,5.0,-0.5061,69.0,0.1407,5.0,-0.25,29.0,-0.3754,160.0
2025-11-09,Wars,0.0092,15.0,0.0101,18.0,-0.1644,18.0,-0.0757,6.0,0.0489,6.0,-0.182,6.0,0.1409,23.0,0.073,31.0,0.0132,30.0,0.042,16.0,-0.0571,58.0,-0.0084,78.0,-0.03,55.0,-0.0473,6.0,-0.0104,41.0,0.1283,26.0,-0.2084,4.0,0.0134,47.0,0.1173,26.0,0.0969,15.0,-0.1195,28.0,-0.151,405.0,-0.0047,4.0,-0.4612,4.0,-0.03,7.0,0.0902,54.0,-0.0881,22.0,0.0026,114.0,-0.0964,176.0,-0.0949,32.0,0.0018,107.0
2025-11-08,Economic Data,-0.008,58.0,0.1107,33.0,0.1354,40.0,0.1457,16.0,0.212,18.0,-0.1435,8.0,0.1626,9.0,0.0502,45.0,0.2055,187.0,0.3004,16.0,0.1091,168.0,-0.0047,3.0,0.133,86.0,0.1052,23.0,-0.1023,41.0,-0.012,41.0,0.6281,6.0,0.0824,33.0,-0.1349,27.0,0.1909,41.0,-0.0525,35.0,-0.0019,62.0,0.3878,10.0,0.1384,12.0,-0.2532,9.0,-0.0451,94.0,0.1634,60.0,0.036,67.0,-0.01,26.0,0.0351,102.0,0.0646,220.0
2025-11-08,Economic Data-Consumer Spending,0.4409,3.0,0.1295,4.0,0.6504,1.0,0.1524,3.0,,,,,,,,,,,-0.0002,1.0,0.0073,3.0,,,0.0035,3.0,,,-0.1183,3.0,,,0.6504,1.0,,,0.0143,1.0,,,-0.004,2.0,,,,,0.5677,1.0,0.6504,1.0,-0.0079,4.0,-0.897,2.0,,,0.0063,2.0,-0.2169,6.0,-0.0652,5.0
2025-11-08,Economic Data-Employment,-0.1088,12.0,0.106,6.0,0.2317,24.0,0.3979,8.0,0.0032,1.0,-0.8258,1.0,0.001,3.0,0.2195,8.0,-0.026,8.0,-0.0176,2.0,0.1462,62.0,,,-0.1383,10.0,-0.0008,16.0,-0.3558,6.0,-0.1378,7.0,0.0815,4.0,-0.0007,8.0,0.24,4.0,0.0186,1.0,-0.331,3.0,0.0986,9.0,0.1783,4.0,0.0017,1.0,0.629,1.0,0.0626,28.0,0.0565,12.0,0.2068,13.0,-0.34,5.0,-0.2605,14.0,-0.0845,48.0
2025-11-08,Economic Data-GDP,-0.0208,1.0,,,,,,,,,0.0023,1.0,,,,,0.9329,1.0,,,0.7295,5.0,,,,,,,0.9312,4.0,,,0.7025,1.0,,,0.0076,1.0,-0.8481,3.0,0.7002,1.0,,,,,,,,,,,-0.9071,2.0,,,,,-0.883,1.0,0.0068,1.0
2025-11-08,Economic Data-Housing,-0.0627,6.0,-0.0447,12.0,-0.0991,8.0,0.1549,13.0,,,-0.067,6.0,0.0891,11.0,0.0027,16.0,-0.0483,69.0,-0.3047,3.0,0.0965,32.0,,,0.026,19.0,-0.0718,4.0,-0.0306,24.0,-0.1468,5.0,-0.3037,3.0,0.0479,7.0,0.0019,1.0,0.2434,7.0,0.0249,4.0,0.1513,21.0,0.0427,4.0,0.4553,1.0,0.0022,2.0,0.0767,42.0,0.3466,14.0,0.1945,42.0,0.9365,2.0,0.31,41.0,0.0895,102.0
2025-11-08,Economic Data-Inflation,0.0024,2.0,,,,,,,0.0259,1.0,,,0.006,1.0,0.006,1.0,0.6139,49.0,,,-0.0638,7.0,,,0.023,1.0,-0.013,1.0,,,-0.4456,9.0,,,,,0.0716,7.0,-0.2867,4.0,,,0.0141,1.0,,,,,,,,,0.5867,4.0,-0.1091,12.0,-0.6513,3.0,-0.0234,4.0,-0.0896,10.0
2025-11-08,Economic Data-Interest Rates,0.0664,4.0,-0.5355,2.0,0.2136,4.0,0.3868,3.0,,,0.4035,2.0,0.651,3.0,0.002,1.0,0.0095,6.0,,,-0.0911,28.0,0.4677,2.0,-0.1414,16.0,,,-0.1178,8.0,-0.9186,1.0,0.471,1.0,0.082,3.0,0.0716,5.0,0.0321,3.0,-0.1428,2.0,-0.0955,20.0,,,,,0.0069,1.0,-0.101,9.0,-0.0021,4.0,0.1946,8.0,,,0.1938,13.0,-0.0051,23.0
2025-11-08,Economic Data-Manufacturing,-0.3146,5.0,0.0075,2.0,0.1473,2.0,,,0.9478,1.0,,,,,,,0.4424,23.0,,,0.5103,17.0,,,0.0274,4.0,,,0.0036,1.0,0.8475,1.0,,,0.588,1.0,0.3253,2.0,0.9449,3.0,,,0.1414,2.0,0.0052,1.0,,,,,0.2112,4.0,0.3538,6.0,0.0393,7.0,,,0.3521,8.0,0.3703,10.0
2025-11-08,Economic Data-Retail Sales,0.6033,4.0,0.1746,2.0,,,0.9292,1.0,,,0.1797,1.0,,,0.1939,5.0,0.3819,10.0,0.006,2.0,0.5183,6.0,,,0.9448,2.0,0.0096,1.0,0.7513,8.0,0.5643,2.0,,,0.9338,2.0,0.0097,2.0,0.8875,2.0,0.8625,1.0,0.0016,3.0,0.7843,1.0,,,,,0.0047,2.0,0.9508,1.0,0.2457,3.0,,,0.1517,61.0,0.1138,24.0
2025-11-08,Extreme Weather,-0.1529,220.0,-0.0549,34.0,-0.2857,330.0,0.0406,35.0,0.0003,2.0,-0.1161,17.0,-0.0296,3.0,-0.0397,58.0,-0.0945,296.0,-0.0278,22.0,-0.1995,142.0,0.0084,6.0,-0.1647,90.0,0.1064,29.0,-0.0479,35.0,-0.1977,29.0,-0.2785,8.0,0.3984,4.0,-0.3317,9.0,-0.0734,58.0,-0.0651,36.0,-0.2295,99.0,-0.2883,3.0,-0.0119,3.0,-0.0144,6.0,-0.0351,117.0,-0.0415,75.0,-0.24,76.0,-0.138,73.0,-0.0043,111.0,-0.1457,212.0
2025-11-08,Extreme Weather-Cold,0.0268,6.0,-0.046,5.0,-0.6084,4.0,-0.0098,15.0,-0.0147,1.0,-0.1479,2.0,-0.056,2.0,-0.5158,1.0,0.1942,18.0,-0.0535,4.0,-0.1946,52.0,0.0031,1.0,0.4698,4.0,0.0214,7.0,-0.0812,10.0,-0.307,28.0,,,,,,,,,-0.0178,15.0,-0.1607,31.0,,,,,,,-0.1748,11.0,,,-0.3742,6.0,0.0274,19.0,-0.0703,29.0,-0.0745,53.0
2025-11-08,Extreme Weather-Drought,0.3047,12.0,0.0094,6.0,0.0955,87.0,-0.361,1.0,0.0091,1.0,,,0.0051,3.0,0.2047,7.0,0.1036,5.0,-0.3328,14.0,-0.1348,32.0,0.0416,1.0,-0.0234,16.0,,,0.007,4.0,-0.3554,5.0,,,,,0.0226,9.0,0.6998,1.0,0.2662,7.0,0.2823,9.0,0.0321,1.0,,,,,0.137,17.0,0.155,11.0,-0.226,13.0,-0.7271,5.0,-0.4112,5.0,0.0493,15.0
2025-11-08,Extreme Weather-Heat,0.0603,4.0,0.2985,6.0,0.0755,3.0,-0.0599,2.0,0.0058,1.0,0.9308,1.0,0.0486,1.0,0.0575,1.0,0.2527,21.0,,,-0.4417,18.0,0.9096,1.0,0.0174,4.0,-0.7532,6.0,0.0283,2.0,-0.002,6.0,,,,,,,-0.4465,2.0,,,0.0441,10.0,,,-0.0009,1.0,0.0107,3.0,0.1598,10.0,0.0008,2.0,0.0105,4.0,0.0437,5.0,,,0.1199,10.0
2025-11-08,Fiscal Policy,0.1106,55.0,-0.0838,48.0,0.0996,30.0,-0.0494,32.0,0.4528,14.0,0.2562,14.0,0.021,11.0,0.0355,44.0,-0.0255,136.0,0.0592,11.0,-0.0157,165.0,-0.3656,8.0,-0.0254,129.0,-0.0667,23.0,-0.0182,26.0,0.1721,53.0,0.1271,13.0,0.0353,37.0,0.0452,51.0,0.0817,20.0,0.0886,10.0,-0.0025,19.0,0.1078,6.0,-0.6714,5.0,-0.0604,14.0,0.1211,122.0,0.1736,29.0,0.0469,72.0,-0.0499,11.0,-0.2029,68.0,-0.104,339.0
2025-11-08,Fiscal Policy-Stimulus Package,-0.0157,27.0,-0.2569,43.0,0.0028,16.0,0.1428,67.0,-0.4581,2.0,-0.0777,10.0,0.0316,4.0,-0.0307,36.0,0.1329,31.0,-0.0483,7.0,-0.1441,62.0,-0.2206,4.0,-0.007,57.0,-0.1582,8.0,-0.0766,8.0,0.1144,22.0,-0.0012,9.0,0.3908,9.0,0.1071,20.0,0.1012,7.0,0.1542,6.0,0.307,9.0,-0.0308,2.0,-0.2065,7.0,-0.152,5.0,0.1186,49.0,0.1779,41.0,0.2031,30.0,0.0379,7.0,-0.2661,109.0,-0.2074,456.0
2025-11-08,Monetary Policy,0.0786,2.0,-0.2444,2.0,0.0012,1.0,0.5101,2.0,,,,,0.3604,2.0,,,0.0147,5.0,,,-0.0161,18.0,0.468,2.0,-0.1331,8.0,,,0.1917,3.0,-0.9186,1.0,0.2284,2.0,-0.0667,2.0,,,0.095,2.0,-0.2456,1.0,0.0088,11.0,,,,,,,-0.4672,2.0,-0.0083,3.0,0.0993,8.0,,,0.0057,8.0,0.1189,10.0
2025-11-08,Monetary Policy-Interest Rates,,,,,-0.0139,2.0,,,,,0.9126,1.0,,,,,,,,,-0.1258,7.0,,,,,,,-0.4771,2.0,,,,,,,,,,,,,,,,,0.0104,1.0,,,-0.0074,1.0,,,0.9257,2.0,,,,,-0.0484,1.0
2025-11-08,Monetary Policy-Quantitative Easing,0.0369,11.0,,,,,-0.0107,1.0,,,,,0.9281,1.0,,,0.1408,10.0,,,0.0629,1.0,,,-0.0122,1.0,,,,,,,0.3033,1.0,0.0726,1.0,0.0435,2.0,,,,,-0.0365,7.0,,,,,,,,,0.4767,2.0,0.226,5.0,,,,,0.3045,11.0
2025-11-08,Natural Disaster,-0.3356,8.0,-0.1976,6.0,-0.4952,120.0,-0.5816,2.0,,,,,,,-0.5895,4.0,-0.2926,9.0,-0.8299,1.0,-0.601,4.0,,,-0.8852,2.0,0.1213,4.0,0.4333,2.0,-0.24,3.0,-0.4174,5.0,,,-0.5567,5.0,-0.3137,10.0,-0.7934,2.0,-0.6162,13.0,,,,,-0.0386,4.0,-0.3059,8.0,-0.1972,12.0,-0.2783,33.0,,,-0.3071,4.0,-0.5183,43.0
2025-11-08,Oil Spills,,,-0.0256,1.0,,,-0.0256,2.0,,,,,-0.0515,1.0,,,,,,,-0.0548,4.0,,,,,,,,,,,,,-0.0025,2.0,,,-0.8741,1.0,,,-0.448,2.0,,,,,,,,,,,,,,,,,-0.4312,5.0
2025-11-08,Pandemic,-0.0069,90.0,-0.3142,88.0,-0.0275,138.0,-0.2144,57.0,0.4275,5.0,-0.1016,21.0,0.0293,37.0,-0.0516,119.0,-0.036,535.0,-0.2902,38.0,-0.1443,422.0,-0.0803,11.0,-0.1067,438.0,-0.1073,33.0,-0.1414,133.0,-0.1212,122.0,-0.035,31.0,-0.1117,105.0,0.0351,61.0,-0.038,96.0,-0.0763,88.0,-0.1058,189.0,-0.1076,11.0,-0.1931,13.0,-0.1004,28.0,-0.091,281.0,0.0471,112.0,-0.1216,347.0,-0.2117,80.0,-0.1418,186.0,-0.2046,669.0
2025-11-08,Politics,-0.0457,282.0,-0.085,402.0,-0.0011,217.0,0.0604,201.0,0.0743,43.0,0.0015,85.0,0.0343,81.0,-0.0346,316.0,0.0108,1019.0,-0.0219,119.0,-0.0956,1510.0,-0.0524,126.0,-0.0169,778.0,-0.0292,124.0,-0.0315,336.0,-0.0127,266.0,-0.0384,73.0,-0.1186,467.0,-0.0061,301.0,-0.0532,133.0,-0.0237,198.0,-0.0042,377.0,-0.0877,40.0,-0.0956,41.0,-0.0851,82.0,-0.0147,725.0,0.0134,267.0,0.0071,649.0,-0.099,70.0,-0.1245,416.0,-0.103,2029.0
2025-11-08,Politics-Election,-0.0584,11.0,-0.0248,15.0,0.3126,5.0,0.0362,22.0,0.5126,1.0,0.0034,4.0,0.2544,31.0,-0.0133,10.0,0.0387,36.0,-0.0067,2.0,0.055,283.0,,,0.0052,18.0,-0.1946,7.0,0.0571,6.0,-0.0069,11.0,0.9357,1.0,0.0554,132.0,-0.1839,12.0,0.0298,2.0,-0.0017,3.0,,,0.0269,1.0,0.4481,4.0,0.3148,3.0,0.0483,22.0,-0.0688,7.0,0.0069,19.0,,,-0.172,7.0,0.0345,131.0
2025-11-08,Politics-Political Tension,0.0005,44.0,-0.1356,72.0,0.0757,20.0,-0.1406,15.0,0.0857,7.0,-0.2301,7.0,0.2329,5.0,-0.0038,16.0,-0.1467,73.0,0.1087,27.0,-0.1786,121.0,-0.119,24.0,-0.1077,96.0,0.0253,19.0,-0.0938,38.0,0.1615,20.0,-0.0957,9.0,-0.0505,33.0,-0.0584,57.0,0.0015,3.0,-0.1224,27.0,-0.1572,41.0,-0.2211,3.0,-0.1316,16.0,-0.0255,12.0,-0.0884,111.0,-0.0576,17.0,-0.0319,50.0,-0.0511,8.0,-0.1179,35.0,-0.1723,254.0
2025-11-08,Terrorist Attacks,-0.3756,16.0,-0.408,28.0,-0.2811,20.0,-0.2154,21.0,,,-0.2413,5.0,-0.2937,2.0,-0.317,34.0,-0.4038,30.0,-0.6867,4.0,-0.5569,92.0,-0.4854,51.0,-0.5768,34.0,-0.573,3.0,-0.6369,8.0,-0.3489,37.0,-0.8007,17.0,-0.3722,26.0,-0.354,13.0,-0.6246,2.0,-0.1616,2.0,-0.5208,68.0,,,-0.719,1.0,-0.6284,18.0,-0.5273,47.0,-0.0999,6.0,-0.4596,43.0,-0.4635,17.0,-0.3396,56.0,-0.3924,250.0
2025-11-08,Wars,0.0578,18.0,-0.1366,22.0,-0.0467,11.0,-0.048,23.0,0.1821,9.0,0.018,11.0,-0.1095,11.0,0.0259,24.0,-0.029,38.0,-0.0874,12.0,0.0144,58.0,0.0604,27.0,0.0539,47.0,-0.0907,10.0,0.1041,52.0,0.1713,17.0,0.2351,4.0,-0.0692,58.0,0.0713,16.0,0.0097,12.0,-0.1311,31.0,-0.144,388.0,0.3092,3.0,0.2753,4.0,-0.1012,4.0,0.005,38.0,0.0202,18.0,0.0475,139.0,-0.1101,178.0,0.1031,22.0,-0.0398,93.0
2025-11-07,Economic Data,0.0679,126.0,-0.0463,76.0,0.139,73.0,0.0003,72.0,0.2667,49.0,-0.0676,30.0,0.2407,10.0,-0.0119,141.0,0.1297,726.0,0.2257,25.0,0.1097,303.0,-0.0081,2.0,0.0803,190.0,0.0498,139.0,0.147,329.0,0.1329,73.0,-0.0325,19.0,0.1657,40.0,0.0755,31.0,-0.1174,67.0,0.0691,60.0,0.0981,172.0,0.153,10.0,0.1277,24.0,0.1778,26.0,0.1588,220.0,0.1979,247.0,-0.0498,132.0,0.0173,51.0,0.0982,202.0,0.04,349.0
2025-11-07,Economic Data-Consumer Spending,-0.1815,8.0,0.0091,2.0,0.2923,3.0,0.4301,6.0,,,-0.2922,3.0,,,,,0.0035,4.0,,,0.2471,12.0,,,0.0037,1.0,0.465,2.0,-0.0218,1.0,0.1372,9.0,0.0111,1.0,,,,,,,,,-0.0004,1.0,,,,,0.6136,3.0,0.0193,2.0,0.8613,1.0,0.0059,1.0,-0.0068,7.0,-0.1046,4.0,0.2122,13.0
2025-11-07,Economic Data-Employment,0.0626,25.0,-0.1719,22.0,0.2451,64.0,-0.0884,72.0,0.5671,7.0,-0.0083,1.0,,,-0.2289,17.0,0.0539,37.0,0.0024,1.0,0.1903,71.0,-0.3129,3.0,0.1076,51.0,0.1193,47.0,-0.0704,29.0,0.0587,11.0,-0.2279,3.0,0.3293,5.0,-0.0703,7.0,-0.0962,4.0,-0.3313,9.0,-0.0968,44.0,0.3266,4.0,-0.1337,2.0,0.0032,1.0,-0.1091,47.0,0.2242,24.0,0.13,21.0,-0.0085,10.0,0.1829,28.0,-0.2041,96.0
2025-11-07,Economic Data-GDP,0.0506,8.0,0.4802,2.0,0.9114,2.0,-0.0148,1.0,,,,,,,0.2327,7.0,0.549,8.0,0.006,1.0,0.6618,13.0,,,0.8782,2.0,,,0.9431,4.0,0.2099,2.0,,,0.9116,3.0,,,-0.7234,16.0,0.9454,4.0,0.4595,1.0,0.9462,1.0,,,,,0.8382,2.0,-0.2932,6.0,0.385,4.0,-0.395,2.0,,,-0.3333,9.0
2025-11-07,Economic Data-Housing,0.2271,29.0,0.1518,72.0,-0.0581,16.0,0.1388,53.0,0.4057,10.0,-0.1037,5.0,0.0219,3.0,0.1473,23.0,0.0288,180.0,-0.0201,13.0,0.2078,61.0,,,0.0569,52.0,0.128,29.0,-0.0401,59.0,0.0383,6.0,0.062,23.0,0.0828,5.0,-0.231,1.0,0.3183,5.0,0.2968,16.0,-0.0267,37.0,0.36,5.0,0.0617,9.0,-0.1814,5.0,0.1708,81.0,0.2239,58.0,0.0684,31.0,-0.0042,21.0,0.239,123.0,0.1133,138.0
2025-11-07,Economic Data-Inflation,0.155,12.0,0.1428,1.0,0.3201,3.0,0.0382,1.0,,,,,,,0.0041,1.0,0.5482,100.0,-0.5509,3.0,-0.9226,2.0,,,-0.27,4.0,0.3231,6.0,0.0857,5.0,-0.1074,14.0,,,,,-0.4517,4.0,-0.6004,11.0,0.3569,8.0,0.8219,2.0,,,,,,,0.0491,2.0,0.2357,10.0,0.0311,41.0,0.005,4.0,0.1347,6.0,-0.2896,21.0
2025-11-07,Economic Data-Interest Rates,-0.1375,15.0,-0.1254,11.0,-0.2566,12.0,0.2808,19.0,0.0039,1.0,-0.0349,6.0,,,-0.3306,4.0,-0.0356,45.0,-0.3224,5.0,0.157,45.0,0.7374,6.0,0.2389,21.0,-0.1672,6.0,0.2536,18.0,-0.2423,12.0,0.039,2.0,0.5007,6.0,0.1949,8.0,0.3786,13.0,-0.2107,3.0,-0.0098,101.0,0.763,1.0,-0.0276,6.0,-0.0059,4.0,0.3506,35.0,0.3225,29.0,0.1183,11.0,0.203,4.0,0.0049,75.0,0.1056,57.0
2025-11-07,Economic Data-Manufacturing,-0.4888,7.0,0.3726,4.0,0.5338,3.0,0.2337,6.0,0.3441,7.0,0.7863,2.0,0.3581,4.0,0.2476,9.0,0.3579,86.0,-0.8999,1.0,0.6461,44.0,,,0.13,17.0,0.1235,7.0,0.2991,22.0,-0.3083,3.0,,,0.1724,2.0,0.2833,9.0,0.0811,1.0,-0.0003,1.0,0.2106,7.0,0.1489,2.0,0.4086,5.0,0.5764,5.0,0.5456,3.0,0.392,19.0,0.4504,4.0,,,0.2163,11.0,0.1517,20.0
2025-11-07,Economic Data-Retail Sales,0.2341,4.0,0.3157,3.0,0.2416,5.0,0.2983,13.0,0.7017,4.0,-0.0788,13.0,,,0.1309,6.0,0.4344,30.0,0.4877,2.0,0.4054,25.0,,,0.2565,9.0,0.0009,29.0,0.5213,32.0,0.0835,8.0,0.6854,1.0,0.8953,6.0,0.003,2.0,,,0.3183,3.0,-0.0373,31.0,0.006,1.0,-0.2458,3.0,0.2392,5.0,0.5639,10.0,0.4156,10.0,0.0311,12.0,,,0.1139,57.0,0.1235,53.0
2025-11-07,Extreme Weather,-0.1353,234.0,-0.0186,54.0,-0.1066,218.0,0.0102,47.0,0.1222,13.0,-0.0608,28.0,-0.235,7.0,-0.1509,69.0,-0.0059,396.0,-0.0868,26.0,-0.0834,152.0,0.0576,5.0,-0.0102,104.0,-0.0155,64.0,0.028,76.0,-0.1994,58.0,-0.1399,25.0,0.5928,6.0,-0.0323,23.0,-0.0218,89.0,-0.0774,53.0,-0.0918,162.0,0.3358,7.0,0.1248,10.0,-0.0019,15.0,-0.028,161.0,0.0136,81.0,-0.1415,155.0,-0.0496,108.0,0.0474,110.0,-0.1236,232.0
2025-11-07,Extreme Weather-Cold,-0.2859,7.0,-0.2429,6.0,,,-0.1062,27.0,0.2564,3.0,0.0369,8.0,-0.0071,1.0,-0.3595,5.0,-0.0822,32.0,-0.2641,6.0,-0.2208,48.0,-0.8287,4.0,-0.1208,3.0,0.0973,11.0,-0.0551,13.0,-0.2476,20.0,0.1662,1.0,,,-0.2727,2.0,0.0042,1.0,0.0585,15.0,-0.1919,55.0,-0.1041,1.0,,,,,-0.0975,18.0,-0.005,7.0,0.047,11.0,-0.0321,18.0,-0.1379,33.0,-0.1546,97.0
2025-11-07,Extreme Weather-Drought,-0.2354,17.0,0.0234,5.0,-0.0768,65.0,0.0074,7.0,-0.4339,3.0,,,0.0335,1.0,0.1472,10.0,-0.2056,19.0,0.0256,8.0,-0.0209,26.0,,,-0.0364,17.0,0.1456,4.0,-0.0251,8.0,-0.1496,14.0,-0.0008,3.0,0.7066,1.0,0.446,5.0,0.11,9.0,0.0082,8.0,-0.0471,10.0,-0.3105,2.0,,,-0.0506,1.0,0.0504,43.0,0.0982,4.0,-0.0637,36.0,-0.1486,9.0,-0.2264,5.0,-0.0305,39.0
2025-11-07,Extreme Weather-Heat,0.0759,11.0,0.277,14.0,0.0703,10.0,,,0.001,3.0,0.568,2.0,-0.0023,1.0,-0.121,5.0,-0.0313,52.0,-0.0071,1.0,-0.1839,15.0,,,-0.0142,12.0,0.0064,2.0,0.049,6.0,-0.1519,8.0,-0.0029,3.0,0.055,1.0,0.4603,5.0,0.1593,1.0,0.0045,4.0,0.0238,31.0,-0.0379,1.0,0.0993,4.0,-0.0497,10.0,0.3453,10.0,0.0676,7.0,0.2285,6.0,0.0022,10.0,-0.0033,3.0,0.0539,23.0
2025-11-07,Fiscal Policy,-0.0148,101.0,-0.0557,100.0,0.076,61.0,-0.2168,93.0,-0.0107,17.0,-0.1707,19.0,0.3669,9.0,0.011,68.0,0.0402,320.0,-0.0172,18.0,-0.0442,167.0,-0.2006,4.0,0.0215,244.0,0.1125,56.0,0.0407,133.0,0.1055,80.0,0.0791,25.0,0.1775,72.0,0.2275,60.0,0.0028,36.0,0.0413,54.0,-0.071,92.0,0.0057,1.0,0.0884,13.0,0.0259,16.0,-0.0172,237.0,-0.0114,77.0,0.0349,85.0,-0.0341,36.0,-0.0564,111.0,-0.0535,446.0
2025-11-07,Fiscal Policy-Stimulus Package,-0.0351,57.0,-0.0145,67.0,0.1744,38.0,0.0498,129.0,0.0071,10.0,-0.1325,25.0,0.0203,4.0,-0.032,41.0,-0.0214,77.0,0.1058,12.0,0.1732,54.0,0.294,3.0,0.081,99.0,0.0303,33.0,0.1118,65.0,0.0304,42.0,0.2537,11.0,0.3699,31.0,0.5542,10.0,0.0879,23.0,0.1859,20.0,0.1157,40.0,,,-0.0479,15.0,0.186,13.0,0.1032,138.0,-0.1704,41.0,-0.0543,37.0,0.0922,34.0,-0.1272,174.0,-0.0247,563.0
2025-11-07,Monetary Policy,-0.1526,9.0,0.0926,6.0,-0.4258,5.0,0.5284,6.0,0.0072,1.0,-0.0281,2.0,,,0.9446,1.0,-0.0889,27.0,0.4701,2.0,0.2888,33.0,,,0.318,12.0,0.0074,3.0,0.3201,11.0,-0.1401,6.0,0.0699,2.0,0.554,5.0,0.2502,6.0,0.5253,7.0,-0.3095,2.0,0.0558,71.0,,,-0.0488,6.0,-0.003,3.0,0.4252,8.0,0.1662,12.0,0.3225,8.0,0.1047,6.0,0.2292,19.0,0.1499,29.0
2025-11-07,Monetary Policy-Interest Rates,-0.8905,1.0,-0.5608,3.0,0.5999,3.0,-0.4444,3.0,,,,,,,,,0.0093,1.0,,,-0.1824,9.0,,,,,-0.9002,1.0,-0.7353,1.0,-0.3841,3.0,,,,,,,0.9453,1.0,-0.0128,1.0,0.0278,9.0,0.763,1.0,0.0564,2.0,,,,,0.4097,3.0,0.3255,2.0,,,,,0.2792,6.0
2025-11-07,Monetary Policy-Quantitative Easing,0.0942,8.0,,,0.1113,2.0,,,0.0244,1.0,0.0032,2.0,,,0.3262,4.0,0.1036,45.0,,,-0.0182,23.0,,,0.2754,8.0,0.1756,7.0,0.0791,7.0,0.4698,3.0,0.1219,1.0,0.7118,4.0,-0.3,3.0,,,0.0012,1.0,0.122,11.0,,,-0.3071,3.0,0.9403,1.0,-0.4001,4.0,0.1523,24.0,0.1962,15.0,-0.6484,2.0,0.0257,5.0,0.0943,19.0
2025-11-07,Natural Disaster,-0.289,9.0,-0.0105,5.0,-0.3661,3.0,0.0011,1.0,,,-0.828,1.0,,,-0.0045,4.0,-0.1922,5.0,-0.3635,6.0,-0.9018,1.0,,,0.0933,7.0,-0.1999,4.0,0.2088,5.0,-0.3522,16.0,-0.2767,2.0,0.0675,1.0,-0.7931,3.0,-0.1663,29.0,-0.3626,2.0,-0.0699,24.0,,,,,-0.6204,2.0,0.0022,4.0,-0.1764,11.0,-0.2366,91.0,-0.9015,2.0,-0.1249,5.0,-0.3966,28.0
2025-11-07,Oil Spills,,,,,,,-0.1601,3.0,,,,,,,,,0.0022,1.0,,,-0.902,1.0,,,-0.1993,6.0,,,,,-0.7406,2.0,,,0.9442,1.0,,,,,,,-0.191,4.0,,,,,,,0.4722,2.0,0.0571,1.0,,,,,,,-0.3046,3.0
2025-11-07,Pandemic,-0.0832,185.0,-0.1994,203.0,-0.0763,177.0,-0.2035,135.0,0.0517,25.0,-0.0813,43.0,-0.06,33.0,-0.045,237.0,0.0062,1125.0,-0.1804,90.0,-0.1289,456.0,-0.0034,30.0,-0.0454,594.0,-0.0209,175.0,0.0081,319.0,-0.0591,191.0,-0.1005,70.0,-0.0397,114.0,-0.1548,68.0,-0.0403,158.0,-0.1186,187.0,-0.1215,415.0,0.0928,14.0,-0.0615,41.0,-0.0584,61.0,0.0146,612.0,-0.077,208.0,-0.1461,413.0,-0.0335,118.0,-0.1467,322.0,-0.2098,982.0
2025-11-07,Politics,-0.0468,552.0,-0.0858,475.0,0.0171,509.0,-0.0698,515.0,0.0373,116.0,-0.0776,143.0,0.0869,61.0,-0.0975,456.0,-0.0004,1915.0,0.0184,200.0,-0.0666,1799.0,-0.0275,137.0,-0.0179,1409.0,-0.0029,326.0,-0.0275,1008.0,-0.0023,412.0,0.0051,149.0,0.0617,539.0,0.0106,310.0,-0.0133,218.0,-0.0463,377.0,-0.0378,822.0,0.0132,48.0,-0.0364,79.0,-0.0343,122.0,-0.0257,1370.0,-0.0516,465.0,0.0149,755.0,-0.0148,235.0,-0.0778,737.0,-0.0396,2867.0
2025-11-07,Politics-Election,-0.0117,25.0,-0.1379,16.0,0.0049,12.0,-0.1389,25.0,-0.2053,3.0,0.0029,6.0,0.0211,7.0,-0.0443,35.0,0.0396,38.0,0.0039,4.0,0.1323,313.0,0.0403,5.0,0.0294,23.0,0.0533,8.0,0.01,16.0,-0.0862,10.0,0.0084,5.0,0.0829,31.0,0.0021,2.0,0.0074,3.0,-0.0287,9.0,0.2333,3.0,,,0.0029,6.0,0.0034,1.0,0.065,45.0,0.0783,31.0,0.0019,9.0,-0.2305,5.0,0.0199,18.0,0.1046,208.0
2025-11-07,Politics-Political Tension,-0.1361,65.0,-0.0978,107.0,-0.0894,46.0,-0.393,17.0,0.1243,6.0,-0.1143,16.0,-0.016,4.0,0.0149,38.0,-0.1105,106.0,0.0806,60.0,-0.1552,143.0,-0.176,30.0,-0.0363,131.0,-0.0301,28.0,0.0121,77.0,0.0961,32.0,-0.3195,19.0,-0.0284,46.0,0.0032,62.0,-0.3486,5.0,-0.113,30.0,0.0518,87.0,-0.1929,12.0,-0.0002,12.0,-0.0697,17.0,-0.1358,122.0,-0.1252,49.0,-0.0382,68.0,-0.0893,25.0,-0.2976,61.0,-0.0904,258.0
2025-11-07,Terrorist Attacks,-0.3433,22.0,-0.2784,65.0,-0.352,43.0,-0.2752,24.0,,,0.9301,1.0,,,-0.2602,46.0,-0.3964,46.0,-0.3341,14.0,-0.4872,92.0,-0.5132,30.0,-0.4152,66.0,-0.5751,6.0,-0.1805,10.0,-0.5171,54.0,-0.4552,23.0,-0.2653,11.0,-0.5905,11.0,-0.2944,3.0,-0.597,7.0,-0.513,54.0,-0.4872,2.0,-0.6273,3.0,-0.2964,20.0,-0.337,32.0,-0.3636,7.0,-0.3741,65.0,-0.655,18.0,-0.3061,71.0,-0.437,272.0
2025-11-07,Wars,-0.0273,21.0,0.2288,30.0,-0.0046,18.0,-0.0946,17.0,0.271,25.0,-0.0052,15.0,0.0062,5.0,-0.0571,47.0,0.039,105.0,-0.0726,18.0,0.0252,76.0,0.0116,36.0,-0.0049,91.0,-0.0124,39.0,-0.0267,135.0,0.039,31.0,-0.0183,8.0,0.0441,69.0,0.0075,18.0,0.0521,22.0,0.0312,53.0,-0.0861,698.0,0.2295,7.0,-0.8367,1.0,0.0912,4.0,0.09,77.0,0.0549,31.0,0.0547,162.0,-0.0011,272.0,-0.0589,21.0,-0.06,109.0
2025-11-06,Economic Data,0.0521,116.0,0.0296,107.0,0.0548,74.0,0.0327,92.0,0.0393,8.0,0.2778,16.0,0.1207,14.0,0.1123,87.0,0.0894,645.0,0.0804,18.0,0.0745,208.0,-0.1256,17.0,0.0882,197.0,-0.0341,48.0,0.3152,62.0,0.1571,34.0,-0.1017,23.0,0.2891,34.0,0.1504,21.0,0.1435,21.0,0.1379,46.0,0.0641,115.0,0.5609,10.0,-0.0045,15.0,0.2557,19.0,0.1151,176.0,-0.0037,79.0,0.1223,76.0,0.0535,26.0,-0.099,183.0,0.0421,297.0
2025-11-06,Economic Data-Consumer Spending,0.0784,3.0,,,0.0237,2.0,0.2179,5.0,,,,,,,0.1787,4.0,0.5598,4.0,,,-0.0215,1.0,,,0.0194,2.0,0.4341,5.0,,,-0.81,1.0,-0.8563,2.0,,,,,,,,,0.0056,1.0,,,,,,,0.0289,5.0,0.8321,1.0,,,0.0029,2.0,0.1653,27.0,0.4262,16.0
2025-11-06,Economic Data-Employment,0.4566,24.0,0.1965,39.0,0.2628,41.0,-0.1815,31.0,-0.0168,1.0,0.0176,2.0,,,-0.195,28.0,-0.099,59.0,0.3178,3.0,-0.0853,45.0,-0.6403,1.0,-0.0871,23.0,0.1368,8.0,-0.1287,18.0,0.2335,8.0,0.0667,9.0,0.0105,11.0,0.0155,1.0,-0.0062,9.0,-0.023,11.0,0.0864,16.0,0.2377,9.0,0.0127,6.0,0.2303,8.0,0.0916,50.0,0.0888,9.0,0.1066,9.0,,,0.0868,21.0,-0.2509,88.0
2025-11-06,Economic Data-GDP,0.8791,1.0,,,0.9478,3.0,0.0819,3.0,,,-0.4278,2.0,,,0.2295,3.0,-0.2977,3.0,,,0.1204,2.0,,,-0.2509,7.0,,,,,0.7998,2.0,,,0.1814,3.0,,,0.9311,1.0,,,,,,,,,,,0.0953,4.0,0.9333,1.0,-0.0014,1.0,,,,,0.2221,4.0
2025-11-06,Economic Data-Housing,-0.0261,30.0,0.1414,39.0,0.3247,5.0,0.0842,67.0,,,-0.4815,5.0,-0.0131,2.0,-0.1149,17.0,0.0531,185.0,-0.0747,6.0,0.2336,51.0,0.1554,7.0,0.0456,20.0,0.3336,6.0,0.0674,25.0,-0.0529,7.0,0.044,10.0,0.2617,3.0,0.0152,2.0,0.0754,11.0,-0.1724,11.0,0.0307,23.0,0.2475,7.0,0.1267,10.0,0.0123,5.0,0.0974,83.0,-0.0064,22.0,0.0656,12.0,,,0.1634,87.0,0.2123,88.0
2025-11-06,Economic Data-Inflation,0.1894,6.0,0.0231,6.0,0.0151,1.0,,,,,0.6221,3.0,0.9093,1.0,-0.3568,1.0,0.4992,82.0,-0.0654,2.0,0.3378,2.0,,,,,-0.5381,1.0,0.6889,1.0,,,-0.7098,1.0,,,,,,,0.4616,2.0,-0.0723,2.0,,,,,,,,,0.3238,4.0,0.0094,1.0,0.4978,5.0,,,-0.2593,8.0
2025-11-06,Economic Data-Interest Rates,0.013,24.0,-0.1828,12.0,-0.033,8.0,0.2279,16.0,,,-0.0801,18.0,0.0183,1.0,-0.2176,4.0,0.2106,81.0,0.1179,7.0,0.1632,26.0,-0.2426,1.0,0.2591,16.0,0.2373,4.0,-0.0737,10.0,0.0427,15.0,,,0.261,5.0,0.049,1.0,0.1266,10.0,-0.0705,12.0,0.1011,32.0,,,-0.2038,4.0,0.0042,1.0,0.1467,22.0,0.1524,21.0,0.1928,7.0,-0.0498,10.0,0.133,100.0,0.1776,64.0
2025-11-06,Economic Data-Manufacturing,-0.1587,10.0,0.2833,3.0,0.0115,1.0,0.8209,10.0,,,0.8937,3.0,0.0123,1.0,0.2283,14.0,0.3792,86.0,,,0.3213,14.0,0.0222,1.0,0.1866,22.0,0.0249,2.0,0.5025,5.0,0.1842,1.0,,,,,0.0059,1.0,,,,,-0.0083,2.0,0.0148,1.0,0.0504,1.0,0.94,3.0,0.5379,10.0,0.5678,12.0,0.3755,2.0,,,0.3847,15.0,0.1869,28.0
2025-11-06,Economic Data-Retail Sales,-0.042,6.0,0.2572,12.0,0.4001,12.0,0.6569,21.0,,,,,-0.9183,2.0,0.5523,5.0,0.2194,48.0,0.0071,3.0,0.4201,6.0,0.9406,1.0,0.4923,14.0,0.2535,6.0,0.8441,11.0,,,,,,,0.0037,1.0,,,0.0125,2.0,-0.0484,14.0,0.9507,1.0,-0.14,2.0,,,-0.5842,3.0,0.0051,3.0,0.1189,6.0,,,0.2874,18.0,0.4295,36.0
2025-11-06,Extreme Weather,-0.1508,109.0,-0.1287,48.0,-0.1572,78.0,-0.1018,44.0,0.0501,2.0,0.0314,15.0,-0.4788,5.0,-0.0458,59.0,0.0279,243.0,-0.2292,13.0,-0.0933,116.0,-0.0052,9.0,-0.1633,55.0,0.063,14.0,-0.1508,21.0,-0.3335,34.0,0.0322,24.0,0.1993,6.0,0.4759,4.0,-0.1948,29.0,0.0598,39.0,-0.2192,76.0,0.2024,6.0,-0.3311,6.0,-0.0129,11.0,-0.0782,118.0,0.0506,38.0,-0.2548,59.0,-0.0705,52.0,-0.0735,59.0,-0.0661,163.0
2025-11-06,Extreme Weather-Cold,-0.0715,9.0,0.5729,3.0,,,-0.0538,19.0,-0.1065,3.0,,,,,0.0165,5.0,-0.0249,19.0,0.0006,2.0,-0.1259,36.0,,,-0.2906,4.0,,,,,-0.1088,11.0,0.0037,1.0,,,-0.8928,1.0,,,-0.05,8.0,-0.0115,23.0,-0.1093,1.0,,,,,-0.0845,12.0,-0.005,1.0,-0.1878,3.0,-0.01,14.0,-0.0055,4.0,-0.0434,54.0
2025-11-06,Extreme Weather-Drought,-0.0629,21.0,0.0982,10.0,0.0637,8.0,-0.0622,7.0,,,,,,,-0.1207,7.0,-0.0012,5.0,0.0694,1.0,-0.1829,19.0,,,-0.1736,23.0,0.0384,1.0,-0.4042,6.0,-0.0973,11.0,-0.2114,3.0,0.9515,1.0,0.0525,5.0,0.2865,3.0,0.0704,5.0,0.1399,6.0,,,,,,,0.0306,29.0,0.0142,1.0,-0.2589,17.0,-0.0147,4.0,0.0019,3.0,-0.2301,10.0
2025-11-06,Extreme Weather-Heat,-0.1696,9.0,-0.0107,1.0,-0.0173,13.0,-0.5443,4.0,,,,,,,0.036,4.0,-0.1571,26.0,,,0.1713,14.0,0.6409,3.0,-0.1728,21.0,,,-0.3848,3.0,,,0.0107,3.0,-0.6283,1.0,-0.8892,1.0,,,0.0207,6.0,0.1043,14.0,-0.9047,1.0,0.5324,2.0,-0.8791,1.0,-0.0034,19.0,-0.8662,1.0,0.3662,2.0,0.0545,9.0,0.5213,5.0,0.162,19.0
2025-11-06,Fiscal Policy,-0.0197,107.0,-0.0185,85.0,0.0997,86.0,-0.0956,106.0,-0.129,4.0,0.1814,9.0,0.2486,5.0,0.0366,72.0,0.0196,385.0,0.113,12.0,-0.0096,120.0,-0.1476,14.0,0.0325,224.0,-0.0089,26.0,0.0843,27.0,-0.0327,77.0,-0.0527,25.0,0.1204,74.0,0.1046,28.0,-0.0579,19.0,0.0326,46.0,0.0336,49.0,0.4939,5.0,-0.081,19.0,0.1374,22.0,-0.0168,269.0,0.0569,63.0,0.0229,42.0,0.3075,38.0,-0.0718,103.0,-0.151,361.0
2025-11-06,Fiscal Policy-Stimulus Package,0.0247,58.0,0.0272,73.0,0.0861,48.0,0.1439,110.0,0.0577,1.0,-0.0408,8.0,0.019,2.0,-0.0892,44.0,-0.0635,81.0,-0.1318,4.0,0.1941,43.0,0.2788,4.0,0.0833,96.0,-0.105,15.0,0.1173,10.0,0.0426,47.0,-0.0257,9.0,0.1588,39.0,0.4062,15.0,0.0571,13.0,0.1227,15.0,0.1392,44.0,0.2219,3.0,-0.081,7.0,0.0786,12.0,0.1293,101.0,0.043,35.0,0.096,29.0,0.0751,28.0,-0.069,116.0,-0.0245,388.0
2025-11-06,Monetary Policy,0.0011,18.0,-0.6709,3.0,0.282,6.0,-0.133,12.0,-0.0042,1.0,0.0141,13.0,,,-0.0313,3.0,0.1033,48.0,-0.3127,4.0,0.0565,17.0,,,0.4174,8.0,,,0.451,4.0,-0.0872,10.0,,,-0.1732,4.0,0.049,1.0,-0.9154,1.0,0.0152,4.0,-0.0004,13.0,,,0.0038,2.0,,,-0.013,17.0,0.1484,14.0,0.0364,5.0,-0.0855,6.0,0.1673,27.0,0.2781,24.0
2025-11-06,Monetary Policy-Interest Rates,,,0.1407,15.0,-0.2692,7.0,0.946,6.0,,,0.0141,1.0,,,,,0.4112,10.0,,,0.0701,4.0,,,,,,,,,-0.3965,3.0,,,,,,,0.02,2.0,0.338,7.0,-0.0203,6.0,,,0.0744,1.0,0.0061,1.0,,,0.4748,4.0,-0.0009,1.0,,,0.0573,68.0,-0.074,8.0
2025-11-06,Monetary Policy-Quantitative Easing,-0.0965,11.0,0.4636,2.0,-0.0234,3.0,0.3196,3.0,,,,,0.1174,1.0,0.3253,4.0,-0.0597,29.0,0.5526,2.0,0.2618,8.0,,,0.9357,1.0,0.6326,3.0,-0.7957,3.0,-0.0013,1.0,,,0.4351,2.0,-0.4535,2.0,0.9484,1.0,,,-0.0027,5.0,,,0.9458,1.0,0.0449,1.0,0.002,1.0,0.14,8.0,-0.4703,8.0,,,-0.3485,2.0,0.2661,7.0
2025-11-06,Natural Disaster,-0.3399,7.0,-0.4057,1.0,-0.8646,4.0,,,,,,,-0.8643,1.0,-0.3132,3.0,-0.0992,3.0,-0.7035,3.0,-0.7972,2.0,,,-0.2904,4.0,-0.0059,2.0,-0.8634,1.0,-0.1079,7.0,-0.207,5.0,,,,,-0.4762,11.0,-0.0145,1.0,-0.4158,9.0,,,,,-0.793,1.0,-0.3195,7.0,0.0034,1.0,-0.397,44.0,,,-0.8535,2.0,-0.4486,14.0
2025-11-06,Oil Spills,,,,,-0.909,1.0,-0.1515,2.0,,,,,,,-0.8449,1.0,-0.0486,1.0,,,-0.8124,3.0,,,,,,,,,,,,,,,,,,,,,-0.6178,2.0,,,,,,,-0.0043,1.0,,,,,,,,,-0.8426,9.0
2025-11-06,Pandemic,-0.0898,151.0,-0.1016,160.0,-0.0702,176.0,-0.0465,159.0,-0.3346,5.0,-0.0082,20.0,0.0596,15.0,-0.1142,172.0,-0.0035,955.0,-0.3324,41.0,-0.1783,334.0,-0.2421,48.0,-0.0452,459.0,0.0589,36.0,-0.0551,98.0,-0.1158,112.0,-0.0743,61.0,0.1563,116.0,0.0003,58.0,-0.0096,68.0,-0.0286,104.0,-0.0461,260.0,0.3764,24.0,0.1534,23.0,-0.2268,60.0,0.0427,451.0,-0.0505,118.0,-0.1139,152.0,-0.124,73.0,-0.1583,237.0,-0.1536,730.0
2025-11-06,Politics,-0.0355,658.0,-0.0518,525.0,-0.0111,483.0,-0.0589,527.0,0.0837,17.0,-0.0202,97.0,0.0442,47.0,-0.0691,427.0,-0.0004,1874.0,-0.0548,123.0,-0.0839,1239.0,-0.0052,249.0,-0.0049,1036.0,0.0007,160.0,-0.0522,285.0,0.0396,365.0,-0.0533,139.0,-0.0034,444.0,0.0731,224.0,0.0183,117.0,-0.0208,269.0,-0.0573,563.0,0.1508,52.0,0.0229,80.0,0.1081,121.0,-0.0356,1212.0,-0.1007,230.0,-0.0407,517.0,-0.0611,225.0,-0.1649,803.0,-0.0646,2287.0
2025-11-06,Politics-Election,0.0139,28.0,0.1419,18.0,0.0194,8.0,0.0386,12.0,,,-0.1852,4.0,0.1798,11.0,0.0034,28.0,-0.0247,30.0,-0.0662,3.0,0.1242,430.0,0.0011,5.0,-0.0481,16.0,-0.0891,10.0,-0.1224,5.0,-0.0477,2.0,-0.087,3.0,0.1287,26.0,0.1081,3.0,0.9141,1.0,0.0004,4.0,0.0187,4.0,,,-0.0345,2.0,0.4524,4.0,0.003,29.0,0.0097,9.0,0.0038,8.0,0.9152,1.0,0.1152,14.0,0.0639,222.0
2025-11-06,Politics-Political Tension,-0.0811,85.0,-0.1758,80.0,-0.039,38.0,-0.1896,33.0,0.3562,2.0,-0.0788,9.0,-0.2733,3.0,0.0993,21.0,-0.1015,99.0,0.2219,13.0,-0.1994,91.0,-0.2055,26.0,-0.1202,94.0,-0.0914,11.0,-0.0727,41.0,-0.0679,25.0,-0.0734,14.0,-0.0987,43.0,-0.0759,35.0,-0.2272,4.0,-0.225,24.0,-0.0405,45.0,-0.0178,2.0,-0.1679,22.0,-0.1922,17.0,-0.1676,186.0,-0.2011,23.0,-0.0466,46.0,0.1913,10.0,-0.1071,51.0,-0.0716,257.0
2025-11-06,Terrorist Attacks,-0.4635,27.0,-0.2268,63.0,-0.5058,29.0,-0.2881,41.0,-0.9054,1.0,-0.514,1.0,-0.4186,5.0,-0.2697,38.0,-0.3481,57.0,-0.7645,1.0,-0.3642,70.0,-0.5218,11.0,-0.3965,39.0,-0.4047,3.0,-0.0674,5.0,-0.4564,30.0,-0.1954,9.0,-0.5035,11.0,-0.3708,11.0,,,-0.1212,7.0,-0.5387,26.0,,,,,-0.3802,15.0,-0.2629,20.0,-0.8453,2.0,-0.4716,39.0,-0.4837,12.0,-0.387,112.0,-0.3065,158.0
2025-11-06,Wars,-0.0717,30.0,-0.2032,12.0,0.0323,26.0,-0.2402,7.0,0.0028,6.0,-0.2611,4.0,0.0626,12.0,0.0434,39.0,0.0211,51.0,-0.0874,13.0,-0.1537,37.0,-0.056,63.0,-0.0221,58.0,0.07,8.0,-0.0703,34.0,0.0632,11.0,0.1383,6.0,0.0657,53.0,0.2591,23.0,0.0378,6.0,0.0014,32.0,-0.0692,280.0,-0.069,3.0,0.2291,5.0,0.1731,3.0,-0.0552,54.0,-0.0177,11.0,-0.004,57.0,-0.0403,197.0,-0.3356,13.0,-0.0346,55.0
2025-11-05,Economic Data,0.0247,47.0,-0.0128,46.0,0.0037,1.0,0.0205,35.0,0.8798,1.0,,,,,0.0711,36.0,0.2523,129.0,,,0.2316,86.0,,,-0.2266,14.0,-0.2432,10.0,0.0064,1.0,,,0.0443,4.0,0.1842,10.0,0.2648,8.0,,,0.0052,3.0,,,0.0057,1.0,0.0394,1.0,-0.0012,1.0,0.1744,18.0,0.6408,3.0,,,,,-0.106,8.0,0.1124,24.0
2025-11-05,Economic Data-Consumer Spending,-0.9218,1.0,0.0005,4.0,,,,,,,,,,,,,0.0052,5.0,,,-0.1423,2.0,,,,,,,,,,,,,,,,,,,,,,,,,,,,,,,,,,,,,,,,
2025-11-05,Economic Data-Employment,0.0913,14.0,0.0752,15.0,-0.0005,1.0,0.1563,10.0,,,,,,,0.0983,10.0,-0.0152,25.0,,,0.0152,24.0,,,,,0.1068,1.0,0.3944,1.0,,,-0.1494,4.0,0.0051,2.0,0.0091,1.0,,,,,,,0.0128,1.0,-0.0069,1.0,,,0.2947,3.0,,,,,,,-0.2416,3.0,0.9354,3.0
2025-11-05,Economic Data-GDP,0.9493,1.0,-0.0035,1.0,,,,,,,,,,,0.9233,4.0,,,,,,,,,,,,,,,,,,,,,,,,,,,,,,,0.9488,1.0,,,,,,,,,,,,,,
2025-11-05,Economic Data-Housing,0.3398,7.0,0.2358,28.0,,,-0.0725,39.0,,,,,,,0.2179,8.0,0.1444,27.0,,,0.4167,32.0,,,-0.3336,1.0,0.0084,1.0,,,,,0.0014,2.0,0.0154,1.0,0.0025,1.0,,,,,,,,,-0.9051,1.0,,,0.3165,6.0,-0.1263,1.0,,,,,0.095,6.0,0.0078,2.0
2025-11-05,Economic Data-Inflation,0.944,1.0,-0.8928,2.0,,,,,,,,,,,,,0.0212,3.0,,,-0.0716,2.0,,,,,,,,,,,,,,,,,,,,,,,,,,,,,,,,,,,,,,,0.004,1.0
2025-11-05,Economic Data-Interest Rates,0.2103,16.0,-0.1416,14.0,,,-0.2759,8.0,,,,,,,-0.0044,2.0,0.1427,14.0,,,0.1917,15.0,,,,,-0.1061,5.0,,,,,,,0.2077,2.0,0.0178,1.0,,,,,,,,,,,0.0049,1.0,0.4615,2.0,,,,,,,0.0957,6.0,0.2405,2.0
2025-11-05,Economic Data-Manufacturing,-0.4266,7.0,0.1187,2.0,,,0.8349,1.0,,,,,,,0.9116,4.0,0.1862,17.0,,,0.2863,6.0,,,,,,,0.9311,2.0,,,,,0.9224,2.0,,,,,,,,,,,,,,,0.0138,2.0,0.002,1.0,,,,,-0.0039,1.0,0.0038,6.0
2025-11-05,Economic Data-Retail Sales,-0.0062,4.0,0.4361,3.0,,,0.1834,9.0,,,,,,,0.0143,3.0,0.2641,22.0,,,0.1298,6.0,,,,,,,,,,,-0.8565,2.0,0.4481,2.0,0.4793,1.0,,,0.0101,1.0,,,,,0.6386,2.0,,,0.4778,3.0,,,,,,,,,0.2753,2.0
2025-11-05,Extreme Weather,-0.07,91.0,-0.0626,36.0,,,-0.0207,21.0,0.9434,1.0,,,,,0.0966,18.0,-0.0586,91.0,,,-0.1538,82.0,,,,,-0.2696,5.0,,,0.0029,1.0,,,0.0668,2.0,-0.1377,4.0,0.0241,1.0,-0.0051,2.0,,,,,,,,,-0.03,58.0,,,,,,,0.1272,4.0,0.4742,2.0
2025-11-05,Extreme Weather-Cold,-0.0158,4.0,,,,,0.0069,10.0,,,,,,,0.0082,1.0,-0.0175,9.0,,,0.0169,19.0,,,,,0.7569,1.0,,,,,,,,,-0.6069,1.0,,,,,,,,,,,,,,,,,,,,,,,-0.8095,1.0
2025-11-05,Extreme Weather-Drought,-0.2287,6.0,-0.1459,13.0,,,-0.3835,2.0,,,,,,,,,-0.2876,2.0,,,-0.0612,17.0,,,,,,,,,,,,,,,,,,,,,,,,,,,,,0.2196,3.0,,,,,,,,,0.0038,1.0
2025-11-05,Extreme Weather-Heat,-0.1999,3.0,-0.7065,1.0,,,,,,,,,,,0.0708,2.0,0.0597,14.0,,,0.1381,3.0,,,,,,,,,,,0.0086,1.0,,,,,,,,,,,,,-0.0701,1.0,,,0.4809,2.0,,,,,,,,,0.2402,1.0
2025-11-05,Fiscal Policy,0.1452,66.0,-0.0132,73.0,0.0592,1.0,0.1857,70.0,,,,,,,0.1054,28.0,0.0441,74.0,,,0.108,28.0,-0.6215,2.0,0.0703,2.0,0.0888,11.0,,,,,-0.2409,4.0,-0.0041,19.0,0.0526,6.0,,,,,,,0.4778,2.0,0.01,9.0,0.344,2.0,-0.0263,20.0,,,,,,,0.0259,13.0,-0.0266,68.0
2025-11-05,Fiscal Policy-Stimulus Package,0.0032,32.0,-0.1496,31.0,,,0.072,125.0,,,,,,,-0.1307,14.0,-0.0355,28.0,,,0.0625,10.0,,,,,-0.2232,4.0,0.0094,1.0,,,-0.0797,1.0,0.2199,12.0,0.0141,2.0,,,,,0.0211,1.0,0.9138,1.0,,,,,-0.1215,7.0,,,,,,,-0.1655,10.0,-0.2431,29.0
2025-11-05,Monetary Policy,0.2103,10.0,0.3975,5.0,,,-0.6024,3.0,,,,,,,-0.0044,2.0,0.1385,8.0,,,-0.002,8.0,,,,,-0.2989,3.0,,,,,,,0.2077,2.0,0.0178,1.0,,,,,,,,,-0.799,1.0,0.0008,1.0,0.0204,2.0,,,,,,,0.2929,3.0,,
2025-11-05,Monetary Policy-Interest Rates,,,-0.4361,2.0,,,-0.8643,2.0,,,,,,,,,-0.0009,1.0,,,,,,,,,0.0142,1.0,,,,,,,,,,,,,,,,,,,,,0.0049,1.0,,,,,,,,,-0.1267,1.0,,
2025-11-05,Monetary Policy-Quantitative Easing,0.0263,3.0,0.0063,1.0,,,0.0474,4.0,,,,,,,,,-0.0069,11.0,,,0.1012,2.0,,,,,,,,,,,,,0.3135,3.0,,,,,,,,,,,,,,,0.2191,1.0,0.001,1.0,,,,,,,,
2025-11-05,Natural Disaster,-0.108,4.0,-0.2735,4.0,,,,,,,,,,,,,0.0143,2.0,,,-0.7735,4.0,,,,,-0.1526,3.0,,,,,,,0.1327,1.0,,,,,,,,,,,,,,,,,,,,,,,-0.5827,1.0,,
2025-11-05,Oil Spills,0.0022,1.0,,,,,,,,,,,,,,,,,,,,,,,,,,,,,,,,,,,,,,,,,,,,,,,,,,,,,,,,,,,,
2025-11-05,Pandemic,-0.0356,112.0,-0.1418,110.0,,,0.0573,76.0,0.0106,1.0,,,0.0025,1.0,-0.1701,80.0,-0.0131,164.0,,,-0.161,108.0,0.014,1.0,0.003,3.0,-0.0624,7.0,0.0006,1.0,0.002,1.0,0.0828,7.0,-0.2892,28.0,0.0101,13.0,-0.7281,1.0,-0.0048,4.0,-0.205,1.0,0.0545,1.0,-0.1823,9.0,-0.0069,1.0,-0.0227,27.0,,,,,-0.7464,1.0,-0.0561,24.0,-0.2888,33.0
2025-11-05,Politics,-0.0127,373.0,-0.0214,352.0,0.0264,2.0,0.0377,323.0,,,,,0.0025,1.0,-0.0604,145.0,-0.0318,353.0,,,-0.0293,385.0,0.0724,22.0,0.0456,29.0,-0.0323,49.0,0.2019,2.0,0.0004,2.0,-0.0823,33.0,-0.0056,149.0,-0.0906,71.0,0.0016,1.0,0.0062,4.0,0.0421,4.0,0.6231,3.0,-0.0518,18.0,0.1643,5.0,-0.0093,97.0,,,,,,,-0.1138,72.0,0.0561,267.0
2025-11-05,Politics-Election,0.2474,43.0,0.289,55.0,,,0.5091,8.0,,,,,,,0.0867,18.0,0.1833,15.0,,,0.0056,98.0,,,,,0.2314,3.0,,,,,0.491,4.0,-0.0862,6.0,0.441,2.0,-0.1094,1.0,,,,,,,0.2534,4.0,,,0.2225,3.0,,,,,,,-0.0194,5.0,0.0448,93.0
2025-11-05,Politics-Political Tension,-0.03,41.0,-0.1301,51.0,,,-0.0613,14.0,,,,,,,-0.1558,8.0,-0.0496,34.0,,,-0.0516,34.0,-0.4112,3.0,0.0153,1.0,0.0087,3.0,,,,,-0.1716,5.0,-0.0524,22.0,-0.1974,5.0,,,,,,,,,0.0856,4.0,,,-0.3122,4.0,,,,,,,-0.0347,7.0,-0.1378,39.0
2025-11-05,Terrorist Attacks,-0.5852,11.0,-0.2037,33.0,,,-0.3486,25.0,,,,,,,-0.3442,9.0,-0.4074,27.0,,,-0.3993,21.0,-0.5475,1.0,,,0.015,1.0,,,,,-0.3599,4.0,-0.3105,8.0,-0.4302,2.0,,,,,,,,,,,-0.8483,2.0,,,,,,,,,-0.2229,5.0,-0.6786,8.0
2025-11-05,Wars,-0.0422,12.0,-0.1094,11.0,,,0.0129,3.0,,,,,,,0.1327,7.0,-0.1312,21.0,,,-0.0681,16.0,0.0076,5.0,,,0.0178,2.0,,,,,-0.0033,5.0,-0.1558,29.0,-0.2601,4.0,,,,,,,,,,,-0.0012,1.0,-0.2107,5.0,,,,,0.0007,1.0,-0.0888,1.0,0.2517,5.0
2025-11-04,Economic Data,0.0081,61.0,-0.1557,39.0,-0.135,1.0,0.1004,55.0,,,,,,,0.0207,27.0,0.0659,130.0,,,0.2333,109.0,0.0133,1.0,0.0924,1.0,-0.248,5.0,,,,,-0.0174,2.0,-0.1711,13.0,0.4149,6.0,,,,,,,0.9481,1.0,-0.2902,3.0,-0.0703,7.0,0.2937,26.0,,,,,,,-0.0669,7.0,-0.0032,8.0
2025-11-04,Economic Data-Consumer Spending,-0.0083,2.0,0.0097,1.0,,,-0.0513,6.0,,,,,,,,,0.3581,2.0,,,0.0153,3.0,,,,,,,,,,,,,,,,,,,,,,,,,,,,,,,,,,,,,0.0238,1.0,,
2025-11-04,Economic Data-Employment,-0.0578,8.0,-0.1219,16.0,0.0031,1.0,0.053,7.0,,,,,,,-0.0167,19.0,-0.1597,16.0,,,0.2363,26.0,,,,,,,,,,,0.3861,4.0,0.0217,3.0,,,0.9484,1.0,,,,,0.9381,1.0,0.6881,4.0,,,0.2332,10.0,,,,,,,,,0.3048,1.0
2025-11-04,Economic Data-GDP,,,,,,,,,,,,,,,,,-0.228,3.0,,,0.737,2.0,,,,,,,,,,,,,,,,,,,,,,,,,,,,,,,,,,,,,,,,
2025-11-04,Economic Data-Housing,0.0268,7.0,-0.0011,11.0,,,0.271,29.0,,,,,,,0.0869,4.0,0.1077,23.0,,,0.0128,9.0,,,,,-0.0789,1.0,,,,,-0.0263,4.0,0.0206,3.0,0.0063,1.0,,,,,,,,,0.0069,1.0,,,0.12,18.0,,,,,,,0.1585,5.0,0.3512,6.0
2025-11-04,Economic Data-Inflation,,,-0.3379,1.0,,,,,,,,,,,-0.6918,1.0,0.4255,2.0,,,0.0049,2.0,,,,,,,,,,,,,,,0.9328,1.0,,,,,,,,,,,,,,,,,,,,,,,,
2025-11-04,Economic Data-Interest Rates,-0.1405,9.0,-0.0792,50.0,,,0.3305,5.0,,,,,,,0.016,3.0,-0.0791,8.0,,,0.2733,19.0,,,,,,,,,,,0.0,1.0,0.0078,1.0,0.3626,2.0,,,,,,,,,,,0.0063,5.0,-0.2912,3.0,,,,,,,0.6245,3.0,-0.4977,1.0
2025-11-04,Economic Data-Manufacturing,0.0223,1.0,0.2623,4.0,,,0.3422,6.0,,,,,,,-0.2199,7.0,0.4517,14.0,,,-0.5389,4.0,,,,,,,,,,,,,,,,,,,,,,,0.8785,1.0,,,,,,,,,,,,,,,,
2025-11-04,Economic Data-Retail Sales,0.1167,2.0,0.2739,4.0,,,0.9179,5.0,,,,,,,0.7206,3.0,0.4045,23.0,,,0.7853,8.0,,,,,,,,,,,,,,,,,,,,,,,,,0.0369,2.0,,,,,,,,,,,,,0.9169,1.0
2025-11-04,Extreme Weather,-0.137,105.0,-0.1112,41.0,,,0.0897,14.0,,,,,,,-0.004,31.0,0.0632,43.0,,,-0.1806,81.0,,,,,-0.0114,3.0,,,,,0.0048,2.0,,,-0.2664,4.0,,,,,,,,,0.8462,4.0,,,-0.041,55.0,,,,,,,,,-0.0688,4.0
2025-11-04,Extreme Weather-Cold,-0.0436,2.0,,,,,0.0078,9.0,,,,,,,0.0031,1.0,-0.1159,9.0,,,0.0342,7.0,,,,,,,,,,,,,,,-0.9135,1.0,,,,,,,,,,,,,-0.8749,1.0,,,,,,,,,,
2025-11-04,Extreme Weather-Drought,-0.3016,4.0,0.0074,1.0,,,0.5697,1.0,,,,,,,-0.0001,1.0,-0.0902,8.0,,,-0.0677,18.0,,,,,,,,,,,-0.0021,1.0,,,0.174,5.0,,,,,,,,,,,,,,,,,,,,,-0.1021,1.0,,
2025-11-04,Extreme Weather-Heat,-0.4457,4.0,-0.4393,2.0,,,-0.454,2.0,,,,,,,-0.0013,9.0,0.1324,6.0,,,0.0132,5.0,,,-0.219,1.0,,,,,,,,,,,,,,,,,,,,,,,,,,,,,,,,,0.0134,1.0,,
2025-11-04,Fiscal Policy,-0.0162,56.0,-0.072,76.0,,,0.0037,51.0,,,,,,,-0.0451,24.0,0.1184,80.0,,,-0.1093,32.0,-0.1958,2.0,,,0.0656,11.0,,,,,0.9412,2.0,0.0886,22.0,-0.108,6.0,,,,,,,0.0222,3.0,0.1303,1.0,0.1244,3.0,0.1768,14.0,0.0164,1.0,,,,,0.0385,14.0,-0.1481,28.0
2025-11-04,Fiscal Policy-Stimulus Package,0.0564,25.0,0.0535,36.0,,,0.0797,100.0,,,,,,,-0.0812,17.0,0.1056,28.0,,,0.2869,16.0,,,,,,,,,,,0.8915,2.0,-0.0044,11.0,-0.2404,3.0,,,,,,,0.0099,1.0,-0.4615,1.0,-0.0064,2.0,0.0854,3.0,,,,,,,-0.0568,18.0,-0.1287,25.0
2025-11-04,Monetary Policy,-0.3534,4.0,-0.1846,40.0,,,0.1982,5.0,,,,,,,0.4749,2.0,-0.0197,11.0,,,-0.0279,9.0,,,,,,,,,,,,,0.0078,1.0,,,,,,,,,,,,,-0.2402,2.0,0.0167,2.0,,,,,,,0.9498,1.0,-0.4977,1.0
2025-11-04,Monetary Policy-Interest Rates,,,-0.1998,10.0,,,0.0295,2.0,,,,,,,,,-0.0397,2.0,,,,,,,,,,,,,,,,,,,,,,,,,,,,,,,0.0056,4.0,,,,,,,,,-0.0055,1.0,-0.5364,2.0
2025-11-04,Monetary Policy-Quantitative Easing,-0.2253,5.0,0.0024,1.0,,,0.0142,1.0,,,,,,,0.0168,3.0,-0.0641,12.0,,,0.5866,4.0,,,,,-0.3262,1.0,0.9446,1.0,,,,,0.087,1.0,,,,,,,,,,,,,,,0.9427,1.0,,,,,,,,,,
2025-11-04,Natural Disaster,-0.3959,8.0,-0.5712,4.0,,,0.0453,2.0,,,,,,,-0.4106,1.0,-0.4774,2.0,,,-0.8022,5.0,,,,,-0.9161,1.0,,,,,,,,,,,,,,,,,,,0.7666,2.0,,,0.1012,1.0,,,,,,,,,,
2025-11-04,Oil Spills,,,,,,,,,,,,,,,-0.41,1.0,0.0023,1.0,,,-0.0,1.0,,,,,,,,,,,,,0.0046,1.0,,,,,,,,,,,,,,,,,,,,,,,,,,
2025-11-04,Pandemic,-0.1068,98.0,-0.1431,111.0,,,-0.0611,53.0,,,,,,,-0.0829,58.0,0.0367,118.0,,,-0.1419,130.0,-0.0408,5.0,0.01,7.0,-0.0742,9.0,,,,,-0.1669,8.0,-0.2849,33.0,-0.0324,16.0,,,-0.0013,1.0,,,0.0142,3.0,-0.0039,3.0,,,-0.1528,33.0,0.0164,1.0,-0.9014,1.0,,,-0.0632,9.0,-0.1964,29.0
2025-11-04,Politics,-0.012,314.0,-0.0771,310.0,,,0.0415,234.0,,,,,,,-0.0046,138.0,0.0028,353.0,,,-0.0916,367.0,-0.2351,17.0,0.089,2.0,0.007,40.0,,,-0.0763,1.0,0.0466,20.0,-0.0359,171.0,-0.0674,60.0,,,,,,,0.3132,7.0,-0.0831,17.0,-0.2498,7.0,0.0617,101.0,0.0164,1.0,,,,,-0.0841,60.0,-0.0303,183.0
2025-11-04,Politics-Election,-0.0478,20.0,0.1014,32.0,,,0.1103,10.0,,,,,,,0.0036,12.0,0.0051,9.0,,,0.0005,87.0,-0.4399,2.0,,,-0.0153,2.0,,,,,,,0.1072,8.0,-0.024,3.0,,,,,,,,,0.0027,1.0,,,-0.0155,2.0,,,,,,,0.0044,2.0,-0.0294,30.0
2025-11-04,Politics-Political Tension,-0.1317,50.0,-0.2173,40.0,,,-0.2039,16.0,,,,,,,-0.0962,12.0,-0.183,36.0,,,-0.0848,27.0,-0.2851,3.0,,,0.2416,4.0,,,,,-0.3741,6.0,-0.0748,29.0,-0.1542,8.0,,,,,,,,,,,0.2815,1.0,-0.1279,10.0,,,,,,,-0.0064,4.0,-0.1181,27.0
2025-11-04,Terrorist Attacks,-0.5001,27.0,-0.1183,31.0,,,-0.6583,25.0,,,,,,,-0.3876,12.0,-0.4367,16.0,,,-0.5083,53.0,-0.6831,2.0,,,-0.0089,4.0,,,,,-0.0101,2.0,-0.4697,11.0,-0.6671,2.0,,,,,,,,,-0.7852,2.0,,,-0.525,3.0,,,,,,,-0.0146,7.0,-0.756,5.0
2025-11-04,Wars,-0.1577,11.0,0.1758,10.0,,,0.095,5.0,,,,,,,0.1379,7.0,0.0102,22.0,,,0.0232,37.0,-0.0123,5.0,,,0.3698,3.0,,,,,,,0.0113,25.0,0.0354,6.0,,,,,,,0.4946,3.0,,,,,-0.4503,8.0,,,,,,,,,0.0058,2.0
2025-11-03,Economic Data,0.1207,67.0,-0.2611,43.0,,,0.3471,41.0,,,,,,,0.0294,20.0,0.0842,129.0,,,0.2192,35.0,,,,,0.0001,3.0,,,,,0.009,2.0,0.0526,16.0,0.2659,3.0,,,,,,,0.4085,3.0,-0.3951,3.0,-0.0066,2.0,0.2787,23.0,,,,,,,-0.0266,7.0,-0.0525,18.0
2025-11-03,Economic Data-Consumer Spending,0.0078,1.0,0.5247,3.0,,,,,,,,,,,,,0.0217,1.0,,,-0.0279,2.0,,,,,,,,,,,,,0.0074,1.0,,,,,,,,,,,,,,,0.0054,1.0,,,,,,,,,,
2025-11-03,Economic Data-Employment,0.0497,9.0,0.0123,16.0,,,0.2548,8.0,,,,,,,0.2426,12.0,-0.0358,26.0,,,0.041,1.0,,,,,0.0112,1.0,,,,,0.0033,2.0,0.0576,4.0,,,,,,,,,,,0.8072,1.0,0.016,1.0,0.4311,2.0,,,,,,,-0.915,1.0,-0.1309,4.0
2025-11-03,Economic Data-GDP,0.1149,3.0,,,,,-0.818,1.0,,,,,,,,,0.9453,1.0,,,0.1771,2.0,,,,,,,,,,,,,0.927,1.0,,,,,,,,,,,,,,,0.6363,4.0,,,,,,,,,0.0558,1.0
2025-11-03,Economic Data-Housing,0.3807,6.0,-0.1269,28.0,,,0.4766,15.0,,,,,,,-0.0366,9.0,0.2573,21.0,,,0.3878,3.0,0.0124,1.0,,,0.8963,2.0,,,,,-0.0038,3.0,0.0035,2.0,,,,,,,,,,,0.0598,1.0,,,0.265,10.0,,,,,,,-0.2614,8.0,-0.1439,6.0
2025-11-03,Economic Data-Inflation,0.0029,3.0,,,,,,,,,,,,,,,-0.5815,7.0,,,,,,,,,,,,,,,,,,,,,,,,,,,,,,,,,,,,,,,,,,,0.004,1.0
2025-11-03,Economic Data-Interest Rates,-0.041,16.0,0.098,24.0,,,0.3385,7.0,,,,,,,0.0299,2.0,-0.0562,48.0,,,-0.0076,2.0,,,,,-0.9117,2.0,,,,,-0.0031,4.0,0.109,2.0,,,,,,,,,,,,,0.2439,1.0,0.2455,6.0,,,,,,,-0.4515,7.0,-0.0005,2.0
2025-11-03,Economic Data-Manufacturing,-0.202,5.0,,,,,0.9437,3.0,,,,,,,0.5181,2.0,-0.1083,23.0,,,0.0145,2.0,,,,,,,,,,,,,0.9488,1.0,,,,,,,,,,,,,0.0239,3.0,0.948,3.0,,,,,,,0.0155,2.0,0.0102,3.0
2025-11-03,Economic Data-Retail Sales,0.0788,6.0,0.6064,5.0,,,0.5652,12.0,,,,,,,,,0.3688,6.0,,,0.3276,4.0,,,,,,,,,,,,,,,,,,,,,,,,,,,,,,,,,,,,,0.8066,1.0,,
2025-11-03,Extreme Weather,-0.1876,144.0,-0.1646,54.0,0.0082,1.0,-0.1176,20.0,,,,,,,-0.2078,18.0,-0.0084,78.0,,,-0.4407,15.0,-0.879,1.0,,,-0.336,6.0,,,,,,,-0.8644,1.0,-0.1066,2.0,,,,,,,,,-0.0594,6.0,,,-0.221,53.0,,,,,,,-0.2673,6.0,0.0553,8.0
2025-11-03,Extreme Weather-Cold,-0.0379,4.0,-0.4537,2.0,,,0.354,6.0,,,,,,,,,-0.0916,10.0,,,0.1153,3.0,,,,,,,,,,,,,,,,,,,,,,,,,-0.8057,1.0,,,,,,,,,,,,,-0.0061,1.0
2025-11-03,Extreme Weather-Drought,0.257,7.0,-0.3653,12.0,,,-0.0494,6.0,,,,,,,-0.2654,3.0,0.0232,6.0,,,-0.2355,6.0,,,,,,,,,,,,,,,,,,,,,,,,,,,-0.0255,1.0,0.6256,1.0,,,,,,,,,,
2025-11-03,Extreme Weather-Heat,-0.0945,14.0,-0.9015,1.0,,,,,,,,,,,-0.0872,1.0,0.4845,4.0,,,,,0.261,1.0,,,,,,,,,,,,,,,,,,,,,,,,,,,-0.0591,3.0,,,,,,,,,-0.4492,2.0
2025-11-03,Fiscal Policy,-0.0427,74.0,0.1039,56.0,,,-0.0353,46.0,,,,,,,-0.1543,23.0,0.0121,66.0,,,0.1016,19.0,,,,,-0.3043,6.0,,,,,,,0.034,24.0,0.0115,5.0,,,,,,,,,-0.5934,1.0,,,0.0353,16.0,,,,,,,0.0668,14.0,-0.2088,35.0
2025-11-03,Fiscal Policy-Stimulus Package,-0.208,30.0,-0.148,32.0,,,-0.1335,38.0,,,,,,,-0.0991,23.0,-0.0342,13.0,,,0.1641,7.0,0.0068,2.0,,,-0.8958,2.0,,,,,,,0.2226,5.0,0.025,1.0,,,,,,,0.0423,1.0,0.9453,1.0,-0.8365,1.0,0.3463,7.0,,,,,,,-0.2876,9.0,-0.1523,33.0
2025-11-03,Monetary Policy,0.127,12.0,-0.0829,10.0,,,0.0132,3.0,,,,,,,,,-0.0315,30.0,,,0.0331,1.0,,,,,,,,,,,,,0.5246,4.0,,,,,,,,,,,,,0.2439,1.0,,,,,,,,,-0.9038,1.0,,
2025-11-03,Monetary Policy-Interest Rates,-0.6618,1.0,-0.1475,5.0,,,-0.0379,2.0,,,,,,,,,-0.3193,6.0,,,,,,,,,-0.9117,2.0,,,,,,,,,,,,,,,,,,,,,0.0101,1.0,,,,,,,,,,,-0.0042,2.0
2025-11-03,Monetary Policy-Quantitative Easing,-0.1251,7.0,,,,,0.0407,1.0,,,,,,,,,-0.0698,21.0,,,0.0232,3.0,,,,,,,,,,,,,0.9253,2.0,,,,,,,,,,,0.0162,1.0,0.0176,2.0,,,,,,,,,,,,
2025-11-03,Natural Disaster,-0.5241,21.0,-0.8111,7.0,,,-0.3878,2.0,,,,,,,-0.3781,6.0,-0.6896,19.0,,,-0.5078,4.0,-0.879,1.0,,,-0.336,6.0,,,,,,,-0.8644,1.0,,,,,,,,,,,-0.094,4.0,,,-0.9057,1.0,,,,,,,-0.9101,1.0,,
2025-11-03,Pandemic,-0.0333,91.0,-0.0366,118.0,,,0.1025,68.0,,,,,,,0.0147,43.0,-0.0403,147.0,,,-0.2281,45.0,-0.0302,3.0,0.0031,1.0,0.0107,1.0,,,,,0.1579,4.0,-0.2923,21.0,-0.0052,4.0,,,,,,,,,0.0515,8.0,0.0105,1.0,-0.066,31.0,,,,,,,-0.0409,14.0,-0.1954,35.0
2025-11-03,Politics,-0.0508,397.0,-0.1013,252.0,,,-0.0649,168.0,,,,,,,-0.0774,102.0,-0.0484,277.0,,,-0.0894,146.0,-0.1108,21.0,,,0.1465,22.0,,,,,-0.1167,6.0,-0.0262,149.0,0.3113,9.0,,,,,,,0.0211,3.0,-0.0034,16.0,-0.2857,4.0,-0.0426,144.0,,,,,,,-0.1409,56.0,-0.1547,120.0
2025-11-03,Politics-Election,-0.0247,19.0,0.0142,16.0,,,-0.1405,19.0,,,,,,,-0.0002,7.0,0.1032,9.0,,,-0.2752,14.0,,,,,-0.0013,3.0,,,,,,,0.1705,10.0,,,,,,,,,,,0.0032,2.0,,,,,,,,,,,0.0074,2.0,0.0467,20.0
2025-11-03,Politics-Political Tension,-0.0448,51.0,-0.0569,45.0,,,-0.1246,11.0,,,,,,,-0.1974,18.0,-0.0128,25.0,,,-0.0831,23.0,-0.0791,8.0,,,-0.1809,8.0,,,,,-0.2144,4.0,-0.0945,20.0,0.0226,4.0,,,,,,,,,-0.4258,2.0,,,0.0039,12.0,,,,,,,-0.4781,4.0,-0.182,18.0
2025-11-03,Terrorist Attacks,-0.4071,34.0,-0.3635,46.0,,,-0.3196,32.0,,,,,,,-0.1948,20.0,-0.3956,34.0,,,-0.513,10.0,-0.0931,4.0,,,-0.5889,8.0,,,,,,,-0.3101,11.0,-0.6294,1.0,,,,,,,,,-0.4569,2.0,-0.0046,2.0,-0.4761,5.0,,,,,,,-0.1997,21.0,-0.2764,11.0
2025-11-03,Wars,-0.0603,61.0,0.008,24.0,,,0.2983,11.0,,,,,,,0.1166,18.0,-0.0609,57.0,,,0.0339,37.0,-0.1214,10.0,,,0.2336,19.0,,,,,,,-0.1069,52.0,-0.004,1.0,,,,,,,0.0103,1.0,0.012,16.0,0.6731,1.0,0.0192,4.0,,,,,,,-0.0703,1.0,0.0553,16.0
2025-11-02,Economic Data,0.1225,57.0,0.1053,25.0,,,-0.0577,6.0,,,,,,,-0.1156,8.0,0.0376,44.0,,,-0.0573,15.0,-0.4385,2.0,,,0.0021,4.0,,,,,0.9091,1.0,0.2059,8.0,,,,,,,,,,,0.0152,1.0,0.0264,1.0,0.0758,10.0,,,,,,,0.5835,3.0,0.0131,4.0
2025-11-02,Economic Data-Consumer Spending,0.0814,2.0,0.0107,2.0,,,,,,,,,,,,,,,,,0.6993,2.0,,,,,,,,,,,,,,,,,,,,,,,,,,,,,0.003,1.0,,,,,,,-0.9147,1.0,,
2025-11-02,Economic Data-Employment,-0.0341,11.0,0.3011,10.0,,,,,,,,,,,0.0456,4.0,-0.5813,10.0,,,-0.9175,2.0,,,,,,,,,,,,,0.0299,2.0,,,,,,,,,,,-0.9221,1.0,,,-0.8984,4.0,,,,,,,,,,
2025-11-02,Economic Data-GDP,-0.0129,2.0,,,,,,,,,,,,,,,-0.0646,2.0,,,,,,,,,,,,,,,,,0.0028,1.0,,,,,,,,,,,,,,,,,,,,,,,,,,
2025-11-02,Economic Data-Housing,0.1815,5.0,0.196,34.0,,,,,,,,,,,0.0115,1.0,-0.1943,9.0,,,0.0872,2.0,,,,,,,,,,,,,0.0126,1.0,,,,,,,,,,,,,,,0.0124,5.0,,,,,,,0.1873,3.0,0.045,3.0
2025-11-02,Economic Data-Inflation,0.3612,4.0,,,,,,,,,,,,,,,,,,,,,,,,,,,,,,,,,-0.9082,1.0,,,,,,,,,,,,,,,,,,,,,,,,,,
2025-11-02,Economic Data-Interest Rates,-0.0903,6.0,0.0621,26.0,,,0.4736,2.0,,,,,,,0.3636,2.0,0.0038,2.0,,,0.1745,3.0,,,,,,,,,,,,,0.3143,3.0,,,,,,,,,,,,,,,-0.3196,2.0,,,,,,,0.321,1.0,,
2025-11-02,Economic Data-Manufacturing,0.5641,3.0,,,,,,,,,,,,,0.196,1.0,0.0027,1.0,,,,,,,,,,,,,,,,,,,,,,,,,,,,,,,,,,,,,,,,,,,,
2025-11-02,Economic Data-Retail Sales,0.3007,3.0,,,,,,,,,,,,,0.4716,2.0,,,,,,,,,,,,,,,,,,,,,,,,,,,,,,,,,,,,,,,,,,,,,,
2025-11-02,Extreme Weather,-0.0392,180.0,-0.1039,52.0,,,-0.059,10.0,,,,,,,-0.1478,11.0,0.0391,46.0,,,-0.9113,2.0,0.7783,1.0,,,-0.3838,5.0,,,,,-0.3269,2.0,-0.9058,1.0,,,,,,,,,,,0.1354,5.0,,,0.0687,53.0,,,,,,,0.0041,1.0,-0.0925,10.0
2025-11-02,Extreme Weather-Cold,-0.0027,1.0,,,,,0.0099,2.0,,,,,,,,,-0.3669,11.0,,,,,,,,,,,,,,,,,,,,,,,,,,,,,,,,,,,,,,,,,,,-0.1485,1.0
2025-11-02,Extreme Weather-Drought,-0.1515,8.0,-0.2207,6.0,,,,,,,,,,,0.0139,1.0,-0.0096,4.0,,,-0.0172,1.0,,,,,,,,,,,,,,,,,,,,,,,,,,,,,,,,,,,,,-0.0066,1.0,,
2025-11-02,Extreme Weather-Heat,0.0125,15.0,-0.0468,7.0,,,,,,,,,,,,,0.2165,6.0,,,-0.8537,1.0,,,,,,,,,,,,,,,,,,,,,,,,,,,,,-0.0798,5.0,,,,,,,,,,
2025-11-02,Fiscal Policy,0.1298,48.0,-0.2609,33.0,,,-0.2338,8.0,,,,,,,-0.0678,19.0,-0.1594,19.0,,,0.1148,1.0,0.4456,1.0,,,-0.266,3.0,,,,,,,-0.2235,11.0,,,,,,,,,,,-0.0899,3.0,0.0108,1.0,0.001,2.0,,,,,,,-0.3011,8.0,-0.4463,14.0
2025-11-02,Fiscal Policy-Stimulus Package,-0.0017,14.0,0.1504,11.0,,,0.1271,10.0,,,,,,,-0.2164,4.0,0.5707,7.0,,,-0.3652,1.0,0.0037,1.0,,,-0.8805,3.0,,,,,-0.9036,1.0,0.2181,4.0,,,,,,,,,,,,,,,0.7825,2.0,,,,,,,0.0882,5.0,-0.2667,11.0
2025-11-02,Monetary Policy,0.0063,5.0,-0.0937,6.0,,,0.4736,2.0,,,,,,,0.7983,1.0,0.0038,2.0,,,,,,,,,,,,,,,,,0.9248,1.0,,,,,,,,,,,,,,,0.0029,1.0,,,,,,,,,,
2025-11-02,Monetary Policy-Interest Rates,-0.3783,2.0,-0.43,4.0,,,,,,,,,,,,,,,,,,,,,,,,,,,,,,,,,,,,,,,,,,,,,,,,,,,,,,,0.321,1.0,,
2025-11-02,Monetary Policy-Quantitative Easing,0.687,5.0,-0.4038,2.0,,,,,,,,,,,,,-0.4423,2.0,,,,,,,,,0.0093,2.0,,,,,,,,,,,,,,,,,,,,,,,,,,,,,,,,,,
2025-11-02,Natural Disaster,-0.182,29.0,-0.4197,9.0,,,0.5736,3.0,,,,,,,-0.5248,2.0,-0.1109,7.0,,,-0.8578,1.0,0.7783,1.0,,,,,,,,,-0.6571,1.0,-0.9058,1.0,,,,,,,,,,,0.1354,5.0,,,,,,,,,,,,,0.1279,3.0
2025-11-02,Oil Spills,0.9418,1.0,,,,,,,,,,,,,,,,,,,,,,,,,,,,,,,,,,,,,,,,,,,,,,,,,,,,,,,,,,,,
2025-11-02,Pandemic,-0.0629,68.0,-0.0504,50.0,,,-0.1136,24.0,,,,,,,-0.2271,29.0,-0.0236,50.0,,,-0.6133,8.0,0.0149,1.0,,,-0.9119,1.0,,,,,-0.0045,1.0,-0.0581,28.0,,,,,,,,,,,0.0154,8.0,,,-0.0358,6.0,,,,,,,0.0602,6.0,-0.189,11.0
2025-11-02,Politics,0.0156,276.0,-0.0642,158.0,,,-0.038,34.0,,,,,,,-0.0397,69.0,-0.0798,136.0,,,-0.1066,32.0,0.0106,32.0,,,-0.0782,25.0,,,,,-0.3364,3.0,-0.0378,130.0,,,,,,,,,,,-0.1065,16.0,,,-0.0128,46.0,,,,,,,-0.1026,35.0,-0.0797,70.0
2025-11-02,Politics-Election,-0.0369,19.0,-0.6789,5.0,,,0.0018,7.0,,,,,,,-0.3236,4.0,0.0348,5.0,,,-0.0048,1.0,,,,,0.5212,5.0,,,,,,,-0.0061,8.0,,,,,,,,,,,0.0017,1.0,,,0.932,1.0,,,,,,,,,0.0175,9.0
2025-11-02,Politics-Political Tension,0.0121,53.0,0.015,14.0,,,-0.1093,9.0,,,,,,,0.0835,6.0,-0.0617,12.0,,,0.0012,4.0,-0.3216,7.0,,,0.1312,9.0,,,,,,,-0.1393,16.0,,,,,,,,,,,0.0205,2.0,,,0.0685,15.0,,,,,,,-0.0183,1.0,-0.1274,9.0
2025-11-02,Terrorist Attacks,-0.4552,69.0,-0.4407,45.0,,,-0.5046,20.0,,,,,,,-0.4735,16.0,-0.4607,68.0,,,-0.5454,12.0,-0.3231,4.0,,,-0.5238,7.0,,,,,0.0133,3.0,-0.3347,8.0,,,,,,,,,,,-0.1949,4.0,,,-0.5734,6.0,,,,,,,-0.3712,24.0,-0.3226,17.0
2025-11-02,Wars,-0.1039,91.0,-0.0518,20.0,,,0.2591,17.0,,,,,,,0.0216,14.0,-0.1339,87.0,,,0.0888,14.0,0.0723,26.0,,,0.2765,21.0,,,,,-0.7869,1.0,-0.1292,48.0,,,,,,,,,,,-0.1058,29.0,,,0.1346,18.0,,,,,,,-0.2543,2.0,0.1222,12.0
2025-11-01,Economic Data,0.1809,51.0,-0.1221,10.0,,,-0.0563,11.0,,,,,,,-0.2412,11.0,-0.1574,50.0,,,0.3611,10.0,0.0355,1.0,,,0.2819,5.0,,,,,,,0.4816,14.0,,,,,,,,,,,0.3788,2.0,,,0.2667,11.0,,,,,,,0.2061,5.0,0.0957,9.0
2025-11-01,Economic Data-Consumer Spending,-0.4072,2.0,,,,,,,,,,,,,-0.0112,1.0,,,,,,,,,,,,,,,,,,,,,,,,,,,,,,,,,,,,,,,,,,,,,,
2025-11-01,Economic Data-Employment,0.2097,6.0,0.9485,5.0,,,,,,,,,,,0.0078,4.0,-0.3451,9.0,,,-0.3884,3.0,,,,,,,,,,,,,0.3334,1.0,,,,,,,,,,,0.0064,1.0,,,0.4085,4.0,,,,,,,-0.7855,1.0,,
2025-11-01,Economic Data-GDP,,,,,,,,,,,,,,,,,-0.2028,2.0,,,,,,,,,,,,,,,,,,,,,,,,,,,,,,,,,0.454,2.0,,,,,,,,,,
2025-11-01,Economic Data-Housing,0.0377,2.0,0.0099,8.0,,,-0.0132,4.0,,,,,,,-0.0016,1.0,-0.318,8.0,,,0.9131,2.0,,,,,-0.0001,1.0,,,,,,,0.641,1.0,,,,,,,,,,,,,,,0.4714,2.0,,,,,,,-0.4485,2.0,,
2025-11-01,Economic Data-Inflation,-0.4447,2.0,,,,,,,,,,,,,,,0.0073,2.0,,,,,,,,,,,,,,,,,,,,,,,,,,,,,,,,,,,,,,,,,,,,
2025-11-01,Economic Data-Interest Rates,0.0964,8.0,0.6361,8.0,,,-0.1802,3.0,,,,,,,,,-0.1879,4.0,,,-0.0335,6.0,,,,,,,,,,,,,0.9383,1.0,,,,,,,,,,,,,,,0.9415,1.0,,,,,,,-0.0055,2.0,,
2025-11-01,Economic Data-Retail Sales,0.0805,3.0,,,,,,,,,,,,,0.1664,2.0,,,,,,,,,,,,,,,,,,,,,,,,,,,,,,,,,,,,,,,,,,,0.0435,1.0,,
2025-11-01,Extreme Weather,-0.0907,153.0,-0.4291,35.0,,,0.0434,16.0,,,,,,,0.0988,11.0,0.045,44.0,,,,,-0.0155,1.0,,,-0.4467,3.0,,,,,-0.8947,1.0,0.0081,1.0,,,,,,,,,,,-0.8845,1.0,,,0.0731,48.0,,,,,,,0.2578,3.0,-0.007,4.0
2025-11-01,Extreme Weather-Cold,-0.4116,4.0,,,,,-0.7231,1.0,,,,,,,-0.0035,2.0,-0.3295,7.0,,,,,,,,,,,,,,,,,,,,,,,,,,,,,,,,,-0.0773,1.0,,,,,,,,,-0.2875,3.0
2025-11-01,Extreme Weather-Drought,-0.1335,8.0,0.0431,1.0,,,-0.1844,5.0,,,,,,,0.345,3.0,-0.1291,3.0,,,0.7638,1.0,,,,,0.5076,1.0,,,,,,,,,,,,,,,,,,,,,,,0.3746,2.0,,,,,,,,,,
2025-11-01,Extreme Weather-Heat,-0.1822,11.0,,,,,,,,,,,,,,,-0.0035,1.0,,,,,,,,,0.9488,2.0,,,,,,,,,,,,,,,,,,,,,,,-0.1587,1.0,,,,,,,,,,
2025-11-01,Fiscal Policy,0.0724,55.0,-0.0239,16.0,,,-0.0432,19.0,,,,,,,-0.7084,3.0,0.0447,28.0,,,-0.0309,9.0,,,,,0.5796,6.0,,,,,,,0.2104,13.0,,,,,,,,,,,0.4532,2.0,,,-0.0926,8.0,,,,,,,0.1158,4.0,-0.2173,14.0
2025-11-01,Fiscal Policy-Stimulus Package,-0.0431,28.0,0.0065,4.0,,,-0.0554,20.0,,,,,,,-0.0984,8.0,-0.0153,13.0,,,-0.2425,4.0,,,,,-0.4255,2.0,,,,,-0.5836,1.0,0.4342,6.0,,,,,,,,,,,0.4773,1.0,,,-0.2502,6.0,,,,,,,-0.0485,10.0,-0.4178,15.0
2025-11-01,Monetary Policy,0.2974,4.0,,,,,-0.1802,3.0,,,,,,,,,-0.3854,2.0,,,0.0093,2.0,,,,,,,,,,,,,,,,,,,,,,,,,,,,,,,,,,,,,-0.0113,1.0,,
2025-11-01,Monetary Policy-Interest Rates,,,0.0146,1.0,,,,,,,,,,,,,0.003,1.0,,,,,,,,,,,,,,,,,,,,,,,,,,,,,,,,,,,,,,,,,,,,
2025-11-01,Monetary Policy-Quantitative Easing,0.0124,3.0,,,,,,,,,,,,,,,0.0327,1.0,,,0.6649,3.0,0.0099,1.0,,,,,,,,,,,,,,,,,,,,,,,0.0043,1.0,,,,,,,,,,,,,,
2025-11-01,Natural Disaster,-0.3931,13.0,-0.5961,11.0,,,0.2041,4.0,,,,,,,-0.8651,1.0,,,,,,,,,,,-0.4467,3.0,,,,,-0.8947,1.0,,,,,,,,,,,,,-0.8845,1.0,,,,,,,,,,,,,-0.5535,1.0
2025-11-01,Pandemic,-0.2319,72.0,-0.1293,28.0,,,-0.0339,19.0,,,,,,,-0.0796,23.0,-0.2041,67.0,,,-0.4051,10.0,-0.3104,1.0,,,-0.3003,6.0,,,,,0.0093,1.0,-0.0717,28.0,,,,,,,,,,,-0.3088,8.0,,,-0.3564,12.0,,,,,,,0.2665,7.0,-0.3171,21.0
2025-11-01,Politics,-0.0023,327.0,-0.0149,84.0,,,-0.0737,94.0,,,,,,,-0.1287,44.0,-0.0527,126.0,,,-0.1143,48.0,-0.0419,17.0,,,0.071,30.0,,,,,0.113,4.0,0.0127,119.0,,,,,,,,,,,0.2455,23.0,,,0.0263,52.0,,,,,,,0.016,38.0,-0.0814,104.0
2025-11-01,Politics-Election,0.0775,32.0,-0.0048,1.0,,,0.0343,4.0,,,,,,,0.0524,5.0,0.0464,5.0,,,-0.0159,5.0,0.0078,1.0,,,-0.0399,2.0,,,,,,,0.1564,10.0,,,,,,,,,,,0.0991,2.0,,,-0.0314,5.0,,,,,,,0.9112,3.0,-0.0411,12.0
2025-11-01,Politics-Political Tension,-0.0887,48.0,-0.152,9.0,,,-0.092,22.0,,,,,,,0.0254,2.0,0.0043,13.0,,,-0.2848,10.0,0.0061,2.0,,,0.2065,10.0,,,,,,,-0.0698,29.0,,,,,,,,,,,0.1928,3.0,,,-0.2084,9.0,,,,,,,-0.012,2.0,0.0083,8.0
2025-11-01,Terrorist Attacks,-0.4258,32.0,-0.5919,52.0,,,-0.4548,19.0,,,,,,,-0.5232,12.0,-0.4257,18.0,,,-0.5211,3.0,-0.5667,2.0,,,-0.6201,8.0,,,,,-0.3272,1.0,-0.4123,10.0,,,,,,,,,,,-0.5493,4.0,,,-0.8672,2.0,,,,,,,-0.5076,7.0,-0.6716,19.0
2025-11-01,Wars,-0.07,71.0,-0.0839,23.0,,,-0.2127,16.0,,,,,,,-0.0253,19.0,-0.165,74.0,,,-0.0341,14.0,-0.1933,13.0,,,-0.1139,22.0,,,,,-0.5546,1.0,-0.0306,15.0,,,,,,,,,,,-0.2285,20.0,,,0.0195,17.0,,,,,,,0.0027,2.0,0.1287,23.0
