date,topic,Argentina_sentiment,Argentina_count,Australia_sentiment,Australia_count,Brazil_sentiment,Brazil_count,Canada_sentiment,Canada_count,China_sentiment,China_count,Czechia_sentiment,Czechia_count,Egypt_sentiment,Egypt_count,France_sentiment,France_count,Germany_sentiment,Germany_count,Hungary_sentiment,Hungary_count,India_sentiment,India_count,Israel_sentiment,Israel_count,Italy_sentiment,Italy_count,Japan_sentiment,Japan_count,"Korea, Republic of_sentiment","Korea, Republic of_count",Mexico_sentiment,Mexico_count,New Zealand_sentiment,New Zealand_count,Nigeria_sentiment,Nigeria_count,Pakistan_sentiment,Pakistan_count,Philippines_sentiment,Philippines_count,Poland_sentiment,Poland_count,Russian Federation_sentiment,Russian Federation_count,Saudi Arabia_sentiment,Saudi Arabia_count,Singapore_sentiment,Singapore_count,South Africa_sentiment,South Africa_count,Spain_sentiment,Spain_count,"Taiwan, Province of China_sentiment","Taiwan, Province of China_count",Turkey_sentiment,Turkey_count,Ukraine_sentiment,Ukraine_count,United Kingdom_sentiment,United Kingdom_count,United States_sentiment,United States_count
2026-01-21,Economic Data,-0.6037,6.0,0.2475,13.0,-0.1906,6.0,0.0268,13.0,0.189,168.0,,,0.1112,8.0,-0.0074,7.0,0.0672,16.0,,,0.4043,51.0,0.4639,2.0,0.9452,1.0,0.0985,25.0,0.4158,24.0,0.6215,4.0,0.3238,3.0,0.4503,1.0,,,0.4804,2.0,-0.1196,7.0,-0.3036,3.0,0.586,6.0,0.2075,7.0,0.5162,13.0,-0.1536,10.0,0.4141,7.0,0.5563,2.0,0.4178,3.0,0.1896,80.0,-0.0844,276.0
2026-01-21,Economic Data-Consumer Spending,,,,,,,,,0.6781,3.0,,,,,,,,,,,,,,,,,,,,,,,,,,,,,,,,,,,,,,,,,,,,,,,,,,,,
2026-01-21,Economic Data-Employment,,,-0.2932,2.0,,,0.2219,6.0,0.5555,4.0,,,,,-0.8938,1.0,0.6865,1.0,,,,,,,,,-0.003,1.0,,,,,0.6727,1.0,,,,,,,,,0.473,2.0,-0.0387,2.0,0.2342,11.0,,,-0.0108,1.0,0.1585,2.0,,,,,-0.3192,9.0,-0.0611,6.0
2026-01-21,Economic Data-GDP,-0.8934,1.0,0.8473,5.0,0.9365,1.0,,,0.3167,10.0,,,,,,,0.0247,9.0,,,0.5426,7.0,,,,,,,0.941,1.0,,,,,0.9413,1.0,,,-0.9243,1.0,,,,,,,,,,,0.9256,1.0,,,,,,,0.9369,2.0,0.4939,2.0
2026-01-21,Economic Data-Housing,0.908,1.0,,,-0.2889,3.0,-0.2297,4.0,-0.5043,14.0,0.2297,1.0,-0.1554,2.0,,,0.0372,2.0,,,0.4642,4.0,,,0.4482,2.0,0.3196,9.0,0.3398,2.0,0.0073,2.0,,,,,,,,,,,,,-0.9127,1.0,,,,,0.2867,3.0,,,,,,,0.2401,29.0,0.1218,24.0
2026-01-21,Economic Data-Inflation,,,,,,,,,-0.1414,9.0,,,,,,,,,,,,,,,,,0.0002,2.0,,,,,,,,,,,,,0.0054,1.0,,,0.9182,1.0,0.0,1.0,0.8451,15.0,,,,,,,,,0.5365,90.0,0.065,40.0
2026-01-21,Economic Data-Interest Rates,,,-0.4363,2.0,,,,,0.2798,9.0,0.0071,2.0,0.76,1.0,,,-0.0145,3.0,,,0.4151,2.0,,,,,0.0682,8.0,0.1289,5.0,,,,,,,,,,,-0.0177,6.0,,,,,,,0.3292,2.0,0.0194,1.0,,,,,,,-0.0467,16.0,-0.1966,18.0
2026-01-21,Economic Data-Manufacturing,,,0.0036,2.0,,,,,0.9439,4.0,,,,,,,0.0041,3.0,,,0.5073,2.0,,,,,,,,,,,,,,,,,,,,,,,,,,,,,,,-0.8914,6.0,,,,,,,0.2589,4.0
2026-01-21,Economic Data-Retail Sales,,,,,,,,,0.5362,10.0,,,,,0.8917,1.0,,,,,,,,,,,0.4427,2.0,,,0.1684,2.0,,,,,,,,,,,,,,,,,,,,,,,,,,,0.1356,8.0,0.4977,8.0
2026-01-21,Extreme Weather,0.0037,5.0,0.3548,14.0,-0.0012,5.0,-0.3714,5.0,-0.0165,24.0,0.0171,2.0,,,,,0.1273,14.0,,,-0.1443,22.0,-0.3723,2.0,-0.5968,11.0,-0.2406,8.0,,,0.0022,27.0,-0.878,10.0,,,,,-0.0038,8.0,,,-0.2918,18.0,-0.866,1.0,,,0.0005,5.0,-0.0333,24.0,0.0794,2.0,0.0033,1.0,0.1839,7.0,0.1064,17.0,0.0382,59.0
2026-01-21,Extreme Weather-Cold,,,,,,,-0.2095,1.0,-0.4943,9.0,,,-0.2801,1.0,,,-0.3694,3.0,,,-0.3271,4.0,-0.037,1.0,,,-0.2228,3.0,-0.0032,2.0,-0.0487,3.0,,,,,0.0693,1.0,,,,,-0.0021,3.0,,,,,,,,,,,,,-0.2097,3.0,-0.3723,8.0,-0.2042,37.0
2026-01-21,Extreme Weather-Drought,,,,,,,,,,,,,,,-0.0015,1.0,,,,,-0.4847,5.0,,,,,,,,,-0.0053,1.0,,,,,,,,,,,,,,,,,,,-0.4559,4.0,,,,,,,,,-0.2739,14.0
2026-01-21,Extreme Weather-Heat,0.1258,4.0,-0.1918,3.0,,,0.9398,1.0,0.7492,2.0,,,,,,,,,,,-0.0026,1.0,,,-0.0003,2.0,,,,,0.0007,2.0,,,,,,,,,,,,,,,,,,,-0.031,9.0,,,,,-0.0122,2.0,,,0.4972,1.0
2026-01-21,Fiscal Policy,0.3139,3.0,0.0022,1.0,,,0.1464,14.0,0.1714,21.0,,,0.4461,1.0,-0.0446,11.0,0.1653,11.0,0.0223,1.0,0.4112,12.0,,,0.6603,2.0,0.2378,11.0,0.2146,13.0,-0.0012,1.0,0.0095,1.0,0.0877,1.0,0.0071,3.0,0.4897,2.0,0.0031,2.0,-0.5934,6.0,,,0.0023,1.0,-0.0097,2.0,0.0497,3.0,-0.9142,1.0,,,-0.0581,8.0,-0.0877,21.0,0.009,106.0
2026-01-21,Fiscal Policy-Stimulus Package,,,0.4856,2.0,,,0.379,1.0,0.473,2.0,,,,,,,0.0016,1.0,,,0.2799,8.0,,,,,0.199,14.0,0.0411,1.0,0.0236,1.0,,,-0.9116,1.0,-0.9101,1.0,,,,,-0.2838,7.0,,,,,0.0112,1.0,-0.1108,1.0,0.0217,1.0,,,,,-0.0665,7.0,-0.2336,42.0
2026-01-21,Monetary Policy,,,-0.911,1.0,0.0129,1.0,,,0.6738,8.0,0.0071,2.0,0.76,1.0,,,-0.0226,2.0,,,0.2807,4.0,,,-0.9115,1.0,-0.3246,10.0,0.3655,1.0,0.0175,1.0,,,0.0877,1.0,,,,,-0.057,3.0,,,0.0119,6.0,,,0.3292,2.0,0.0194,1.0,,,,,,,0.0979,15.0,-0.003,12.0
2026-01-21,Monetary Policy-Interest Rates,,,,,-0.7785,1.0,,,0.0312,3.0,,,0.5101,2.0,,,0.0019,1.0,,,,,,,,,0.5721,3.0,,,,,,,,,,,,,-0.3194,4.0,,,,,,,,,,,,,,,,,0.2243,3.0,-0.5143,5.0
2026-01-21,Monetary Policy-Quantitative Easing,,,0.2676,4.0,-0.385,2.0,,,0.1572,12.0,,,,,0.9247,1.0,-0.0433,19.0,,,-0.3213,18.0,,,0.0013,2.0,0.2899,23.0,0.5247,1.0,0.1375,4.0,,,-0.0088,1.0,,,0.1437,7.0,,,0.9285,1.0,0.4758,2.0,,,0.9444,1.0,-0.0036,2.0,,,,,0.9373,1.0,-0.001,16.0,-0.0492,46.0
2026-01-21,Natural Disaster,,,,,,,-0.8013,1.0,,,,,,,,,,,,,-0.903,1.0,,,-0.6574,7.0,-0.0029,2.0,,,0.0193,7.0,-0.8926,9.0,,,,,-0.0043,5.0,,,,,,,,,,,-0.2648,3.0,,,,,,,,,-0.2213,5.0
2026-01-21,Oil Spills,,,,,,,,,,,,,,,,,,,,,,,,,,,,,,,,,,,,,,,,,,,0.0061,3.0,,,,,,,,,,,,,,,,,,
2026-01-21,Pandemic,0.6816,4.0,-0.2146,33.0,0.1554,4.0,-0.167,26.0,-0.2779,32.0,-0.7721,1.0,0.2063,5.0,-0.284,21.0,0.0123,16.0,,,-0.0639,35.0,-0.2734,3.0,-0.0697,7.0,-0.0921,18.0,-0.0108,2.0,-0.1769,9.0,,,-0.0161,1.0,-0.3467,5.0,0.1516,44.0,0.0082,3.0,-0.4472,8.0,,,-0.1412,4.0,-0.2141,6.0,-0.1115,15.0,-0.5512,2.0,-0.906,2.0,-0.6038,9.0,-0.1086,31.0,-0.0052,77.0
2026-01-21,Politics,0.1925,7.0,0.0922,23.0,0.0402,14.0,-0.0077,45.0,0.0131,91.0,0.0089,2.0,0.093,6.0,-0.1101,94.0,-0.0182,41.0,0.0932,8.0,0.211,137.0,-0.0048,185.0,0.1356,30.0,-0.0344,44.0,-0.3309,260.0,0.0393,14.0,0.0394,26.0,-0.2163,4.0,-0.1466,27.0,0.1527,18.0,-0.3399,11.0,0.0352,64.0,0.0013,3.0,-0.0587,10.0,0.0334,9.0,-0.2062,25.0,0.1429,8.0,0.4472,10.0,-0.0909,108.0,0.126,109.0,-0.0574,761.0
2026-01-21,Politics-Election,,,,,0.0192,2.0,-0.0003,1.0,,,,,,,,,0.0104,2.0,,,0.0514,4.0,0.0181,3.0,,,0.0257,1.0,0.5899,1.0,,,0.0109,61.0,,,,,-0.8878,1.0,,,,,,,-0.0299,11.0,,,,,,,,,,,,,-0.1593,9.0
2026-01-21,Politics-Political Tension,,,-0.0076,1.0,0.7401,1.0,0.1275,11.0,0.0258,10.0,,,0.0105,1.0,-0.106,63.0,-0.1571,7.0,0.4829,2.0,-0.2947,13.0,0.0058,4.0,-0.0355,2.0,-0.0625,2.0,0.0011,5.0,-0.1513,1.0,,,,,-0.8655,1.0,0.0114,2.0,0.1313,1.0,0.0433,11.0,,,-0.1103,4.0,-0.7526,1.0,0.0756,2.0,-0.8174,3.0,0.0034,1.0,-0.1991,24.0,0.0168,18.0,-0.1721,100.0
2026-01-21,Terrorist Attacks,-0.2493,1.0,0.0929,7.0,-0.161,1.0,,,,,,,,,,,-0.2755,5.0,,,-0.3923,6.0,,,,,-0.2765,120.0,-0.0559,3.0,,,,,-0.5322,22.0,-0.5123,3.0,,,,,-0.1268,9.0,,,,,-0.082,3.0,-0.8811,1.0,,,-0.6066,3.0,-0.8823,1.0,0.0155,6.0,-0.398,33.0
2026-01-21,Wars,-0.0583,1.0,,,,,0.2779,10.0,0.2794,34.0,,,-0.2996,9.0,0.1888,8.0,-0.0764,14.0,,,0.3102,21.0,-0.1505,133.0,-0.0011,1.0,0.1352,21.0,-0.1972,108.0,,,,,0.0733,2.0,0.0634,8.0,-0.2817,4.0,0.3227,3.0,-0.1773,74.0,0.0103,5.0,,,,,-0.218,9.0,0.5445,4.0,0.0551,5.0,-0.1719,112.0,0.0482,14.0,-0.178,182.0
2026-01-20,Economic Data,-0.1691,13.0,0.0471,19.0,-0.0353,14.0,0.1856,42.0,0.1389,392.0,-0.0519,1.0,0.3701,9.0,-0.0067,219.0,0.1767,87.0,0.0139,1.0,0.3046,126.0,0.0077,2.0,-0.0224,9.0,0.202,63.0,0.5774,10.0,0.087,25.0,0.3985,21.0,0.1916,10.0,-0.1,4.0,0.0375,11.0,0.0577,3.0,0.1315,15.0,0.4343,26.0,0.23,15.0,0.1357,14.0,0.0775,31.0,0.6478,14.0,0.7057,4.0,0.0821,6.0,-0.0631,86.0,-0.017,703.0
2026-01-20,Economic Data-Consumer Spending,,,,,,,,,0.4198,29.0,,,,,,,,,,,-0.8428,4.0,,,,,,,,,,,,,,,,,-0.4373,2.0,,,,,,,,,,,,,,,,,,,,,-0.0076,2.0
2026-01-20,Economic Data-Employment,-0.9149,1.0,0.3297,2.0,-0.0051,1.0,0.3503,26.0,0.3118,4.0,,,0.3319,1.0,-0.8686,9.0,-0.3025,3.0,,,0.3619,19.0,-0.4504,1.0,,,0.0079,2.0,-0.9157,2.0,,,,,-0.0189,1.0,,,-0.4528,2.0,,,-0.0051,1.0,-0.1345,3.0,-0.1399,10.0,-0.1673,2.0,-0.4389,3.0,-0.2644,1.0,,,,,-0.238,78.0,0.0931,22.0
2026-01-20,Economic Data-GDP,0.5764,7.0,,,0.0007,1.0,0.1018,6.0,0.0751,38.0,,,,,0.0017,3.0,0.2371,21.0,,,0.9463,3.0,,,,,,,-0.9163,4.0,0.0071,4.0,,,0.4786,4.0,,,-0.9185,1.0,,,0.7961,1.0,0.95,1.0,0.0232,2.0,0.0044,1.0,0.7418,1.0,0.3312,3.0,,,,,-0.8699,2.0,0.6777,25.0
2026-01-20,Economic Data-Housing,0.0131,2.0,0.184,8.0,-0.9135,1.0,-0.0552,23.0,-0.0248,33.0,,,0.7849,3.0,0.0043,7.0,0.0333,14.0,,,0.1131,4.0,,,-0.0625,5.0,0.0393,7.0,,,0.9353,2.0,0.6088,7.0,0.522,4.0,,,0.2213,2.0,,,,,-0.6059,4.0,0.0287,5.0,,,0.1949,11.0,,,0.0127,1.0,0.4639,3.0,0.2424,43.0,0.3063,128.0
2026-01-20,Economic Data-Inflation,,,,,0.9136,1.0,,,0.445,14.0,,,,,-0.8214,3.0,-0.9085,5.0,,,0.5648,3.0,,,,,0.0002,3.0,-0.8564,2.0,,,,,-0.5816,2.0,,,,,0.0054,1.0,-0.0012,1.0,,,,,,,,,,,-0.7199,1.0,,,-0.125,7.0,0.0734,58.0
2026-01-20,Economic Data-Interest Rates,0.0054,2.0,0.1068,2.0,0.3184,3.0,-0.036,3.0,0.1177,92.0,,,0.3552,5.0,0.2918,3.0,0.0016,1.0,,,0.0732,12.0,-0.3941,1.0,,,0.0822,47.0,0.0082,2.0,-0.4218,2.0,,,0.1709,6.0,,,-0.3744,2.0,,,-0.0652,1.0,0.943,1.0,0.0014,2.0,0.0887,1.0,0.1862,4.0,0.3406,1.0,,,,,0.167,28.0,0.1087,99.0
2026-01-20,Economic Data-Manufacturing,,,-0.0004,1.0,0.1609,1.0,,,0.516,9.0,,,,,0.0437,25.0,0.1093,9.0,,,0.4974,8.0,,,,,0.4515,4.0,,,,,,,,,,,0.0059,1.0,,,,,0.9332,2.0,,,,,,,0.6998,6.0,,,,,,,0.3833,41.0
2026-01-20,Economic Data-Retail Sales,,,-0.0054,5.0,0.6349,2.0,-0.9149,1.0,0.6304,5.0,,,,,0.0043,4.0,,,,,-0.8201,3.0,,,,,0.4796,2.0,,,0.0495,2.0,,,,,,,,,0.9465,1.0,,,0.9467,2.0,,,0.1141,3.0,,,,,,,,,-0.3561,4.0,0.2635,14.0
2026-01-20,Extreme Weather,-0.0001,4.0,0.164,11.0,-0.1799,12.0,-0.2258,24.0,-0.1324,38.0,-0.1261,12.0,-0.2645,2.0,-0.0791,36.0,-0.0979,56.0,0.0198,2.0,0.0022,46.0,-0.8864,3.0,-0.08,41.0,-0.0828,12.0,0.0405,4.0,-0.1361,30.0,-0.8635,7.0,-0.015,2.0,-0.3828,3.0,-0.1445,18.0,-0.002,1.0,-0.3362,96.0,0.633,4.0,0.002,1.0,-0.5204,11.0,-0.084,37.0,0.3585,5.0,0.3018,4.0,-0.3023,32.0,-0.0508,48.0,-0.0776,342.0
2026-01-20,Extreme Weather-Cold,,,,,,,-0.1724,12.0,-0.1707,46.0,-0.0197,5.0,-0.4577,2.0,0.0015,1.0,0.0029,7.0,,,,,-0.0127,2.0,0.9478,2.0,-0.4003,18.0,0.0219,2.0,-0.0446,3.0,,,,,,,-0.2491,4.0,-0.027,1.0,-0.0769,25.0,0.0007,1.0,,,,,0.0332,4.0,-0.2768,1.0,,,-0.5165,14.0,-0.2255,17.0,-0.1771,188.0
2026-01-20,Extreme Weather-Drought,-0.0019,1.0,-0.0035,1.0,0.0993,2.0,,,0.4106,2.0,,,0.3816,2.0,0.0056,4.0,,,0.0407,1.0,-0.6443,4.0,,,0.5582,12.0,,,,,0.0595,3.0,,,,,,,-0.0,1.0,,,,,-0.0038,1.0,,,0.0018,1.0,-0.8901,1.0,,,,,,,,,0.2057,22.0
2026-01-20,Extreme Weather-Heat,0.4298,1.0,-0.4425,2.0,-0.01,3.0,0.9166,1.0,0.0108,2.0,,,0.0066,1.0,0.0074,3.0,0.0883,2.0,,,0.0118,1.0,,,-0.0009,2.0,-0.839,1.0,,,0.0001,1.0,,,,,,,,,,,-0.3945,2.0,,,,,-0.2829,1.0,0.3814,5.0,,,,,-0.9081,1.0,,,-0.0013,2.0
2026-01-20,Fiscal Policy,0.0787,4.0,0.0371,5.0,-0.0055,3.0,0.3012,11.0,0.2753,70.0,,,0.2768,5.0,-0.0477,147.0,0.0467,29.0,-0.1547,3.0,0.3804,47.0,-0.5155,3.0,0.3057,5.0,0.2363,58.0,0.0087,5.0,-0.0716,8.0,,,0.1965,4.0,0.001,1.0,0.1126,11.0,0.3666,5.0,0.0566,2.0,0.1135,6.0,0.0175,6.0,0.0252,5.0,-0.0153,10.0,0.0,1.0,0.0102,1.0,0.037,42.0,0.1356,42.0,0.0539,347.0
2026-01-20,Fiscal Policy-Stimulus Package,0.7136,3.0,,,0.0186,1.0,-0.2391,6.0,0.2009,21.0,,,0.0388,2.0,0.1126,19.0,0.4483,3.0,,,0.1572,7.0,,,-0.2765,1.0,-0.1989,7.0,0.1818,3.0,0.1836,4.0,,,0.3407,4.0,,,0.001,1.0,-0.4076,1.0,0.2605,3.0,,,,,-0.265,2.0,0.9407,1.0,,,,,0.3156,6.0,-0.0594,30.0,0.0931,91.0
2026-01-20,Monetary Policy,0.0049,1.0,0.0749,5.0,0.3184,3.0,-0.862,1.0,0.173,80.0,,,0.3974,5.0,0.2935,3.0,0.0016,1.0,,,0.0146,19.0,-0.3941,1.0,-0.1101,3.0,-0.2781,27.0,0.0082,2.0,-0.7841,1.0,,,0.3289,4.0,,,,,,,,,0.0211,2.0,0.0014,2.0,,,0.1468,19.0,0.3406,1.0,,,,,-0.0561,29.0,-0.0091,65.0
2026-01-20,Monetary Policy-Interest Rates,,,,,,,,,0.2444,18.0,,,,,,,,,,,-0.9134,1.0,,,,,0.1289,4.0,,,,,,,,,,,,,,,-0.0652,1.0,,,,,,,,,,,,,,,0.8671,1.0,-0.1528,21.0
2026-01-20,Monetary Policy-Quantitative Easing,0.182,4.0,0.0048,2.0,0.0336,2.0,,,0.2237,12.0,,,,,-0.303,4.0,0.2486,15.0,,,-0.0165,31.0,,,0.3209,3.0,-0.0994,22.0,-0.0657,1.0,-0.0255,3.0,,,,,,,0.9339,1.0,,,0.3114,4.0,0.9169,3.0,0.0869,4.0,-0.9087,5.0,0.0043,1.0,,,,,,,0.1011,26.0,-0.1154,84.0
2026-01-20,Natural Disaster,,,,,-0.8968,1.0,-0.4392,3.0,-0.3341,5.0,,,,,,,-0.7725,4.0,,,-0.3229,4.0,,,-0.0989,8.0,-0.2987,3.0,,,0.101,8.0,,,-0.0402,1.0,-0.9023,1.0,-0.1374,7.0,,,0.0014,1.0,,,0.002,1.0,-0.8801,4.0,-0.6272,4.0,0.4393,2.0,0.277,2.0,0.0141,1.0,-0.8978,2.0,-0.3833,37.0
2026-01-20,Oil Spills,,,,,,,,,,,,,,,,,,,,,,,,,,,,,,,,,,,-0.8938,1.0,,,,,,,,,,,,,,,,,,,,,,,,,-0.2029,4.0
2026-01-20,Pandemic,-0.1848,9.0,-0.3695,248.0,-0.2036,22.0,-0.2263,48.0,-0.0714,103.0,-0.0039,3.0,-0.1886,5.0,-0.1368,85.0,-0.1694,41.0,,,0.0429,77.0,-0.159,15.0,-0.1615,17.0,-0.0278,18.0,0.1925,6.0,-0.0551,27.0,0.0046,5.0,-0.0719,17.0,-0.0245,10.0,0.0842,16.0,0.1188,4.0,-0.2476,22.0,0.0968,20.0,-0.0184,6.0,-0.211,19.0,-0.0252,118.0,,,-0.4449,2.0,-0.3941,33.0,-0.053,122.0,0.0094,400.0
2026-01-20,Politics,0.0945,23.0,-0.0663,43.0,-0.1337,35.0,0.0652,85.0,0.0808,310.0,-0.2801,6.0,-0.052,32.0,-0.1339,910.0,-0.0032,115.0,-0.0093,3.0,0.0509,327.0,-0.1046,71.0,0.0101,63.0,0.1858,108.0,-0.0548,33.0,0.0465,45.0,0.4715,2.0,0.0075,45.0,-0.1965,26.0,-0.0936,40.0,0.1652,14.0,0.013,214.0,0.1047,36.0,-0.2091,8.0,-0.04,14.0,-0.0152,69.0,0.256,7.0,-0.2988,29.0,-0.135,275.0,-0.0161,454.0,-0.0673,1962.0
2026-01-20,Politics-Election,,,0.0035,1.0,,,-0.054,6.0,0.0087,2.0,,,,,0.2165,6.0,-0.1323,3.0,,,0.2103,37.0,0.0022,1.0,0.0383,1.0,-0.022,32.0,0.0381,1.0,0.0057,2.0,-0.0001,10.0,-0.1287,2.0,,,0.0176,1.0,,,0.0074,1.0,,,,,,,0.1015,2.0,,,,,0.2205,8.0,0.1595,2.0,0.0096,47.0
2026-01-20,Politics-Political Tension,,,-0.0265,10.0,-0.2653,7.0,-0.074,11.0,-0.0022,74.0,,,0.0036,1.0,-0.0864,304.0,-0.1389,12.0,-0.3189,2.0,-0.1629,60.0,-0.4276,5.0,-0.1622,3.0,-0.4182,3.0,0.2241,5.0,0.0098,3.0,,,-0.1101,5.0,0.0037,3.0,0.2163,2.0,-0.5891,2.0,0.0474,21.0,0.0044,6.0,-0.1389,5.0,-0.0018,2.0,0.0061,3.0,-0.4363,2.0,-0.5793,3.0,-0.1199,93.0,-0.1303,78.0,-0.0611,267.0
2026-01-20,Terrorist Attacks,-0.8653,1.0,0.2393,47.0,-0.2907,1.0,-0.2376,18.0,-0.474,12.0,-0.4594,3.0,-0.5276,3.0,-0.091,11.0,-0.4567,10.0,,,-0.5149,20.0,-0.8779,1.0,-0.0011,2.0,0.2297,1.0,-0.0392,5.0,-0.7277,3.0,,,-0.4986,64.0,-0.5491,65.0,-0.213,5.0,,,-0.4764,5.0,,,-0.005,1.0,-0.516,9.0,-0.4483,3.0,,,-0.8067,1.0,-0.6553,4.0,-0.3444,11.0,-0.3516,121.0
2026-01-20,Wars,0.0137,1.0,0.0222,9.0,-0.2719,8.0,0.2192,5.0,0.1412,114.0,0.0045,3.0,-0.0623,7.0,-0.139,26.0,0.2272,48.0,0.008,3.0,-0.1136,14.0,-0.1776,202.0,0.0293,13.0,0.0022,29.0,-0.0767,28.0,0.2984,13.0,,,-0.2098,9.0,-0.1348,33.0,0.4666,4.0,0.2106,8.0,-0.1408,270.0,0.1713,16.0,0.5602,9.0,0.1925,3.0,0.0211,3.0,0.088,10.0,0.1801,22.0,-0.0849,286.0,-0.0585,81.0,-0.1395,262.0
2026-01-19,Economic Data,0.0378,9.0,0.0894,15.0,-0.1655,27.0,0.2666,71.0,-0.2304,596.0,0.4724,2.0,0.389,8.0,0.0247,122.0,-0.1882,43.0,0.0464,1.0,0.2092,112.0,,,0.078,4.0,0.1919,112.0,0.2148,19.0,0.172,17.0,0.9427,4.0,0.1206,6.0,0.451,5.0,-0.4174,2.0,0.2594,13.0,0.2478,11.0,0.4221,14.0,0.0194,4.0,-0.2332,14.0,0.1888,24.0,0.2779,7.0,0.0253,6.0,-0.1249,4.0,0.1598,101.0,0.0243,430.0
2026-01-19,Economic Data-Consumer Spending,,,,,,,0.0043,2.0,-0.4146,6.0,,,,,,,,,,,,,,,,,,,,,0.0009,1.0,,,,,,,,,,,,,,,,,,,,,,,,,,,,,-0.2345,2.0
2026-01-19,Economic Data-Employment,-0.1504,1.0,-0.9145,1.0,-0.4337,1.0,-0.151,17.0,0.2767,60.0,-0.8292,2.0,,,-0.2724,4.0,0.8833,1.0,,,0.6616,11.0,-0.0082,1.0,,,-0.0357,6.0,,,,,,,,,,,-0.9158,1.0,0.9241,1.0,0.064,2.0,0.6705,1.0,0.0059,2.0,,,-0.2008,3.0,,,,,0.9457,2.0,0.5815,3.0,0.1454,17.0
2026-01-19,Economic Data-GDP,0.5859,6.0,,,-0.9173,2.0,0.0227,3.0,0.3146,412.0,,,0.9065,1.0,0.0017,2.0,0.9419,9.0,,,0.5082,22.0,,,0.0288,3.0,0.8982,15.0,0.9503,1.0,0.0285,4.0,,,0.0115,1.0,,,-0.0741,3.0,0.9473,1.0,-0.5111,8.0,0.795,3.0,0.0106,1.0,,,0.9454,6.0,,,,,-0.9025,2.0,-0.2383,4.0,0.4696,13.0
2026-01-19,Economic Data-Housing,0.4753,3.0,-0.0991,10.0,0.3307,4.0,0.2008,21.0,-0.4346,75.0,,,0.774,2.0,0.1963,4.0,0.4538,8.0,0.0279,1.0,0.553,8.0,,,0.0053,1.0,0.4741,9.0,-0.9043,1.0,0.5589,2.0,0.0163,2.0,,,,,0.922,1.0,-0.01,1.0,0.9479,1.0,0.033,3.0,0.1975,8.0,0.1273,5.0,-0.3012,3.0,,,,,,,0.2497,44.0,0.4226,82.0
2026-01-19,Economic Data-Inflation,,,0.3487,2.0,0.9447,1.0,0.3775,39.0,0.5751,8.0,-0.8923,2.0,,,,,-0.8994,1.0,,,,,,,-0.5572,1.0,0.3602,6.0,,,-0.0032,1.0,,,,,,,,,,,-0.9059,3.0,,,,,,,0.1666,1.0,,,,,,,-0.0032,1.0,-0.0657,58.0
2026-01-19,Economic Data-Interest Rates,,,0.1767,2.0,0.0102,5.0,0.1545,7.0,0.1268,27.0,,,0.8759,1.0,0.0908,2.0,0.2141,11.0,,,-0.0885,14.0,-0.3941,3.0,0.295,4.0,0.3748,14.0,0.5846,1.0,,,,,0.0003,2.0,,,0.249,1.0,0.0026,2.0,-0.9165,1.0,0.7552,2.0,0.8732,1.0,,,0.0745,5.0,,,,,,,-0.4461,5.0,-0.1204,46.0
2026-01-19,Economic Data-Manufacturing,-0.1347,1.0,-0.286,5.0,,,0.8994,1.0,0.1886,51.0,,,,,0.0068,13.0,-0.0001,1.0,0.9189,1.0,0.3022,9.0,,,,,-0.195,23.0,,,0.052,6.0,,,,,-0.9166,1.0,0.0272,2.0,,,,,0.9515,3.0,0.0286,2.0,,,,,0.0321,1.0,,,,,0.7803,1.0,0.1915,8.0
2026-01-19,Economic Data-Retail Sales,,,0.0683,2.0,0.0106,1.0,0.5067,4.0,0.2381,46.0,,,,,0.0035,5.0,,,,,0.9164,3.0,,,,,0.9363,5.0,0.1509,1.0,-0.3388,2.0,,,,,,,,,,,,,,,,,0.2949,2.0,0.0654,1.0,,,,,,,-0.9209,1.0,0.2015,10.0
2026-01-19,Extreme Weather,-0.1129,5.0,-0.1497,8.0,-0.0207,18.0,0.0194,20.0,-0.0523,41.0,0.04,1.0,-0.0044,4.0,-0.2697,34.0,-0.0361,35.0,,,-0.1902,54.0,-0.617,4.0,-0.3014,10.0,0.217,19.0,,,-0.1136,10.0,-0.4807,4.0,,,-0.6426,43.0,0.1553,28.0,0.4893,14.0,-0.4014,49.0,-0.7434,1.0,0.099,3.0,-0.5564,26.0,-0.1648,30.0,-0.3453,2.0,0.0008,3.0,-0.3236,13.0,-0.0295,55.0,-0.1522,193.0
2026-01-19,Extreme Weather-Cold,,,-0.8896,1.0,0.0014,1.0,-0.5126,14.0,-0.0558,14.0,,,,,,,-0.2276,4.0,-0.0001,1.0,-0.4479,10.0,-0.2645,1.0,,,-0.5263,5.0,-0.4176,1.0,0.1651,6.0,,,,,,,0.2773,3.0,-0.8957,1.0,-0.2432,35.0,,,,,,,,,,,,,-0.5294,8.0,-0.0006,10.0,-0.2592,121.0
2026-01-19,Extreme Weather-Drought,-0.0106,1.0,,,-0.0075,1.0,,,,,,,,,-0.7745,1.0,0.1034,1.0,,,-0.0048,12.0,,,0.7285,14.0,,,,,0.2067,2.0,,,0.0213,1.0,,,0.0062,2.0,,,,,,,,,-0.8224,5.0,0.9384,1.0,,,,,,,0.0072,4.0,0.9458,1.0
2026-01-19,Extreme Weather-Heat,,,-0.0194,7.0,0.0029,15.0,0.9212,7.0,,,,,,,0.0053,5.0,-0.0925,2.0,,,-0.5014,7.0,,,-0.454,3.0,0.8157,4.0,,,0.0154,1.0,,,,,,,,,,,-0.0503,3.0,,,,,,,0.2961,9.0,,,,,,,0.0098,3.0,0.0684,5.0
2026-01-19,Fiscal Policy,0.2701,6.0,,,0.2783,8.0,0.3558,16.0,0.1051,42.0,,,0.4786,2.0,0.2037,71.0,-0.206,30.0,,,0.161,39.0,-0.1375,2.0,0.0248,9.0,-0.0079,38.0,0.8956,2.0,0.1623,5.0,,,0.0205,2.0,-0.298,3.0,0.0592,4.0,0.3785,5.0,0.3702,5.0,0.3326,10.0,0.2598,3.0,-0.2886,4.0,0.0751,7.0,-0.8239,1.0,,,-0.1799,9.0,-0.1115,56.0,-0.023,207.0
2026-01-19,Fiscal Policy-Stimulus Package,-0.8997,1.0,-0.0088,1.0,-0.6545,1.0,0.0234,4.0,-0.4373,2.0,,,0.9505,1.0,-0.0767,46.0,0.0815,2.0,,,0.3256,5.0,0.0066,1.0,0.0057,1.0,-0.2161,9.0,,,0.4055,8.0,-0.8809,1.0,0.2321,2.0,,,-0.2674,3.0,,,-0.1152,15.0,0.049,1.0,0.3538,1.0,,,-0.0075,3.0,-0.5182,1.0,,,0.3967,3.0,-0.132,12.0,0.0002,23.0
2026-01-19,Monetary Policy,,,0.2043,3.0,-0.0745,10.0,0.1924,5.0,0.3484,27.0,,,,,0.061,5.0,0.4003,9.0,,,-0.0123,16.0,-0.3941,3.0,0.2437,1.0,0.1638,6.0,0.5846,1.0,,,,,0.0027,1.0,,,0.249,1.0,0.0025,1.0,-0.9165,1.0,,,0.8732,1.0,,,0.0583,3.0,,,-0.0002,1.0,,,-0.1197,6.0,-0.1724,20.0
2026-01-19,Monetary Policy-Interest Rates,,,0.3488,1.0,,,-0.518,1.0,0.4812,5.0,,,,,,,0.8999,1.0,,,-0.3363,5.0,,,-0.004,1.0,0.825,1.0,,,,,,,,,,,,,-0.0899,2.0,,,,,,,,,,,,,,,,,0.012,1.0,-0.123,11.0
2026-01-19,Monetary Policy-Quantitative Easing,,,,,-0.2297,9.0,,,0.1685,22.0,,,0.0903,2.0,0.1336,3.0,0.2023,21.0,,,0.1258,28.0,,,,,0.2462,10.0,-0.0203,1.0,0.0005,3.0,,,0.0016,1.0,,,,,-0.0002,1.0,0.0028,2.0,0.9425,1.0,,,-0.2249,3.0,0.003,1.0,0.0033,2.0,0.4423,2.0,,,0.034,5.0,0.0003,59.0
2026-01-19,Natural Disaster,-0.877,1.0,0.153,4.0,,,,,-0.4817,8.0,,,0.4251,1.0,-0.7377,17.0,,,,,-0.3602,14.0,-0.7851,2.0,,,0.9161,1.0,,,0.8505,1.0,-0.4807,4.0,,,-0.6164,42.0,-0.1451,4.0,,,-0.38,3.0,,,,,-0.6278,13.0,-0.3846,11.0,,,,,-0.6607,1.0,0.0319,2.0,-0.2056,6.0
2026-01-19,Pandemic,-0.1366,6.0,-0.4341,121.0,-0.0772,13.0,-0.3576,14.0,-0.5115,108.0,-0.0008,1.0,-0.1013,6.0,-0.1254,64.0,-0.0699,54.0,,,0.0996,85.0,-0.3865,47.0,0.0204,15.0,0.3302,27.0,0.7017,20.0,-0.0142,20.0,,,0.1255,9.0,0.0168,7.0,-0.103,10.0,-0.0293,2.0,-0.2194,40.0,0.0801,13.0,0.1405,9.0,-0.4594,16.0,-0.1391,140.0,-0.3172,3.0,-0.2397,4.0,-0.0808,22.0,-0.1586,97.0,-0.1072,288.0
2026-01-19,Politics,-0.0052,21.0,0.0568,34.0,-0.0393,30.0,0.024,61.0,0.2275,316.0,-0.0934,10.0,0.2205,21.0,-0.0435,212.0,-0.0578,126.0,0.1552,19.0,0.084,279.0,-0.1355,92.0,0.043,61.0,-0.0738,195.0,0.0882,21.0,0.1608,41.0,-0.1445,14.0,0.0015,21.0,-0.0439,31.0,-0.1905,48.0,0.0406,20.0,0.004,202.0,0.2371,27.0,0.1022,7.0,-0.2676,9.0,0.0392,88.0,-0.1534,10.0,0.1087,12.0,-0.1328,129.0,0.0003,338.0,-0.0789,1043.0
2026-01-19,Politics-Election,,,0.0178,3.0,,,0.0006,2.0,,,,,,,0.0223,9.0,-0.2581,3.0,,,0.0834,23.0,0.0144,1.0,0.579,1.0,0.0594,228.0,,,,,,,,,-0.8993,1.0,,,,,,,,,,,,,0.0108,1.0,,,,,-0.702,13.0,-0.0893,4.0,0.067,20.0
2026-01-19,Politics-Political Tension,0.0354,1.0,0.0082,3.0,-0.0253,1.0,-0.1458,8.0,0.0043,9.0,0.0079,2.0,-0.2153,4.0,0.0092,36.0,-0.2692,17.0,,,-0.1329,30.0,-0.1164,12.0,0.0133,8.0,-0.3213,7.0,-0.2818,5.0,0.0053,7.0,,,0.0009,1.0,-0.2997,3.0,-0.2133,15.0,,,-0.0125,12.0,0.069,5.0,,,0.0166,1.0,0.2949,3.0,0.8069,1.0,0.0085,1.0,0.0028,10.0,-0.0435,80.0,-0.0974,221.0
2026-01-19,Terrorist Attacks,,,-0.1702,17.0,-0.7063,2.0,-0.3695,6.0,-0.6376,70.0,-0.707,112.0,-0.7856,1.0,-0.0411,14.0,-0.5214,10.0,,,-0.3339,20.0,-0.4554,3.0,-0.0119,3.0,-0.024,1.0,,,-0.4826,5.0,,,-0.7508,115.0,-0.665,166.0,-0.4059,1.0,,,-0.3788,13.0,-0.1549,2.0,,,-0.0679,1.0,-0.7946,6.0,,,-0.5663,2.0,-0.1862,4.0,-0.2427,14.0,-0.3991,95.0
2026-01-19,Wars,0.0461,1.0,0.2983,4.0,-0.0305,2.0,-0.0143,4.0,0.0375,26.0,-0.3794,4.0,0.2765,11.0,-0.0827,41.0,-0.0746,40.0,0.027,6.0,0.1727,27.0,0.0627,59.0,0.3699,5.0,0.1114,13.0,-0.0279,18.0,0.0166,3.0,,,0.0714,13.0,-0.2076,17.0,-0.3074,2.0,0.0365,16.0,-0.1547,207.0,0.3463,13.0,,,-0.9068,1.0,-0.0119,2.0,0.2902,4.0,0.0353,11.0,-0.0926,204.0,0.0129,6.0,0.0809,196.0
2026-01-18,Economic Data,0.0401,1.0,,,,,,,0.9224,1.0,,,,,,,0.0152,8.0,,,,,,,,,0.9436,8.0,,,,,,,,,,,,,,,,,,,,,,,,,0.9509,1.0,,,,,0.0394,1.0,0.2928,9.0
2026-01-18,Economic Data-Employment,,,,,,,0.0034,1.0,,,,,,,,,,,,,,,,,,,,,-0.9173,1.0,,,,,,,,,,,,,,,,,,,,,,,,,,,,,,,,
2026-01-18,Economic Data-Housing,,,-0.014,1.0,,,,,,,,,,,,,,,,,,,,,,,0.02,2.0,,,,,,,,,,,,,,,,,,,,,,,,,,,,,,,-0.2187,4.0,,
2026-01-18,Economic Data-Inflation,,,,,,,,,,,,,,,,,,,,,,,,,,,,,,,,,,,,,,,,,,,,,,,,,,,,,,,,,,,,,0.1597,5.0
2026-01-18,Economic Data-Interest Rates,,,,,,,,,,,,,,,,,,,,,,,,,,,0.9498,1.0,,,,,,,,,,,,,,,,,,,,,,,,,,,,,,,,,,
2026-01-18,Economic Data-Manufacturing,,,,,,,,,-0.8901,1.0,,,,,,,0.0093,4.0,,,,,,,,,0.9371,3.0,,,,,,,,,,,,,,,,,,,,,,,,,,,,,,,,,,
2026-01-18,Economic Data-Retail Sales,,,,,,,,,0.2716,1.0,,,,,,,0.0036,1.0,,,,,,,,,,,,,,,,,,,,,,,,,,,,,,,,,,,,,,,,,,,,
2026-01-18,Extreme Weather,,,-0.566,4.0,,,,,,,,,,,,,0.0069,2.0,,,-0.8882,2.0,,,,,0.9263,2.0,,,,,,,,,,,,,,,,,,,,,0.0386,1.0,,,,,,,,,0.8288,1.0,-0.0154,5.0
2026-01-18,Extreme Weather-Cold,,,,,,,,,,,,,,,,,,,,,,,,,,,,,,,,,,,,,,,,,,,,,,,,,,,,,,,,,,,,,-0.1327,8.0
2026-01-18,Extreme Weather-Drought,,,,,,,,,,,,,,,,,,,,,,,,,,,,,,,,,,,,,,,,,,,,,,,,,,,,,,,,,,,,,-0.8483,1.0
2026-01-18,Extreme Weather-Heat,,,,,,,-0.9078,1.0,,,,,,,,,,,,,,,,,,,,,,,,,,,,,-0.9179,1.0,,,,,,,,,,,,,,,,,,,,,,,,
2026-01-18,Fiscal Policy,0.0401,1.0,,,,,,,,,,,,,,,,,,,,,,,,,,,,,,,,,,,,,,,,,,,,,,,,,0.0095,1.0,,,,,,,-0.0207,2.0,0.0064,3.0
2026-01-18,Fiscal Policy-Stimulus Package,,,,,,,,,,,,,,,,,,,,,,,,,,,,,,,,,,,,,,,,,,,,,,,,,,,,,,,,,,,,,0.0079,4.0
2026-01-18,Natural Disaster,,,-0.566,4.0,,,,,,,,,,,,,,,,,,,,,,,,,,,,,,,,,,,,,,,,,,,,,,,,,,,,,,,,,,
2026-01-18,Pandemic,,,-0.087,2.0,,,0.0092,3.0,,,,,,,,,,,,,,,0.0032,2.0,0.7748,2.0,0.4374,3.0,,,-0.0034,1.0,,,,,,,,,,,,,-0.0644,1.0,,,,,,,,,,,,,-0.2784,5.0,-0.2573,12.0
2026-01-18,Politics,0.0401,1.0,,,,,-0.0126,3.0,,,,,,,,,,,,,-0.0264,1.0,,,,,-0.0037,4.0,,,,,,,,,,,-0.9157,4.0,,,-0.533,5.0,,,,,0.0279,1.0,,,,,,,,,-0.0253,6.0,-0.2046,57.0
2026-01-18,Politics-Political Tension,,,-0.3623,1.0,,,,,,,,,,,,,,,,,,,,,,,,,,,,,,,,,,,,,,,,,,,,,,,,,,,,,,,0.0005,1.0,0.0147,3.0
2026-01-18,Terrorist Attacks,,,-0.6487,1.0,,,-0.0329,2.0,,,,,,,,,,,,,,,,,,,,,,,,,,,,,-0.8572,2.0,,,,,,,,,,,-0.8684,2.0,,,,,,,,,-0.4341,2.0,-0.2433,12.0
2026-01-18,Wars,,,,,,,,,,,,,,,,,0.0087,1.0,,,-0.8497,1.0,0.0049,2.0,,,,,,,,,,,,,,,-0.8313,1.0,,,,,,,,,,,,,,,,,,,,,0.0068,3.0
2026-01-17,Economic Data,0.4215,12.0,0.3518,6.0,0.6437,21.0,0.136,22.0,-0.0108,62.0,,,0.1832,6.0,-0.0096,11.0,-0.0423,100.0,,,0.5057,36.0,,,0.239,5.0,0.1151,11.0,-0.4454,2.0,0.0114,1.0,0.0011,1.0,-0.0029,1.0,0.0478,1.0,0.0515,4.0,-0.2967,3.0,-0.4508,3.0,0.3409,6.0,0.2451,2.0,-0.1376,2.0,0.4306,9.0,0.0297,1.0,0.4134,4.0,0.4166,5.0,0.2381,16.0,0.0065,124.0
2026-01-17,Economic Data-Consumer Spending,,,,,,,,,-0.9199,1.0,,,,,,,,,,,,,,,,,,,,,,,,,,,,,,,,,,,,,,,,,,,,,,,,,-0.0103,1.0,0.0022,4.0
2026-01-17,Economic Data-Employment,,,,,,,0.2027,2.0,,,,,,,,,0.005,2.0,,,0.0521,3.0,,,,,-0.4011,5.0,-0.872,2.0,0.0043,1.0,,,,,,,0.0419,1.0,,,,,,,-0.8869,1.0,,,-0.9225,1.0,,,,,,,0.0039,1.0,-0.0455,9.0
2026-01-17,Economic Data-GDP,0.9256,1.0,,,,,,,0.0073,3.0,,,,,,,-0.6245,2.0,,,0.9445,3.0,,,,,,,,,,,,,,,,,,,,,0.0112,1.0,,,,,,,0.5529,3.0,,,,,,,,,0.3276,6.0
2026-01-17,Economic Data-Housing,,,0.0009,4.0,0.1016,4.0,0.3103,7.0,-0.188,7.0,,,-0.3156,4.0,,,-0.0947,7.0,,,-0.005,2.0,,,0.0214,1.0,,,,,0.0014,1.0,,,,,,,0.088,1.0,-0.0061,2.0,,,,,0.0143,1.0,-0.6859,3.0,0.0256,3.0,0.0044,1.0,0.0141,1.0,0.0014,1.0,-0.0499,5.0,0.1964,26.0
2026-01-17,Economic Data-Inflation,-0.7162,1.0,,,,,,,,,,,,,,,-0.6938,1.0,,,,,,,0.8085,1.0,,,,,,,,,0.0025,2.0,,,,,,,-0.8455,1.0,,,,,,,,,,,,,,,,,-0.0873,7.0
2026-01-17,Economic Data-Interest Rates,-0.2407,3.0,0.0094,1.0,0.2565,3.0,0.0655,2.0,-0.3238,6.0,,,,,0.0046,1.0,0.0037,1.0,,,0.0197,14.0,,,,,-0.0001,6.0,,,,,,,,,,,,,,,-0.8446,3.0,0.9501,1.0,0.0065,1.0,,,,,-0.9068,1.0,0.0064,2.0,,,0.005,2.0,0.1347,27.0
2026-01-17,Economic Data-Manufacturing,,,,,,,,,,,,,,,,,0.1236,10.0,,,0.2871,6.0,,,,,0.0231,1.0,,,,,,,,,,,,,,,,,,,,,,,,,0.0039,1.0,,,,,,,0.5678,14.0
2026-01-17,Economic Data-Retail Sales,,,,,,,,,,,,,,,,,-0.1775,5.0,,,0.9442,5.0,,,,,,,,,0.0073,2.0,,,,,,,0.0076,1.0,,,,,,,,,,,,,,,,,,,-0.2405,2.0,-0.4486,1.0
2026-01-17,Extreme Weather,0.0034,6.0,-0.4599,26.0,-0.279,9.0,0.024,9.0,0.4042,25.0,,,0.0057,1.0,0.0267,3.0,-0.0676,26.0,0.002,1.0,-0.4574,26.0,-0.9023,1.0,-0.1318,7.0,-0.0597,15.0,0.0312,1.0,-0.0641,22.0,-0.0069,1.0,,,-0.8158,3.0,-0.2755,14.0,0.9425,2.0,-0.2782,36.0,-0.91,1.0,-0.0684,2.0,-0.4125,15.0,-0.0319,24.0,0.2102,1.0,0.0028,1.0,-0.3118,22.0,-0.1167,10.0,-0.1571,107.0
2026-01-17,Extreme Weather-Cold,,,,,-0.9084,1.0,0.0341,3.0,0.2011,14.0,,,,,,,-0.4048,5.0,-0.4229,4.0,-0.1417,19.0,,,,,0.0404,6.0,,,-0.0077,1.0,,,,,,,0.0146,4.0,,,-0.244,11.0,,,,,,,-0.0166,1.0,-0.0002,1.0,-0.0061,2.0,-0.5281,5.0,-0.5419,13.0,-0.1333,63.0
2026-01-17,Extreme Weather-Drought,-0.8894,1.0,-0.3999,1.0,0.1889,2.0,0.0073,1.0,,,,,,,0.0026,1.0,0.0061,3.0,,,-0.4263,10.0,,,,,,,,,-0.285,1.0,,,,,,,0.005,1.0,,,,,,,,,0.3132,7.0,0.9377,1.0,0.0877,2.0,,,,,,,0.3963,6.0
2026-01-17,Extreme Weather-Heat,0.8784,1.0,-0.0083,1.0,-0.0457,2.0,0.0033,1.0,0.7208,1.0,,,,,,,0.2049,6.0,0.0131,1.0,-0.4596,5.0,,,0.1124,5.0,,,,,-0.0046,1.0,,,,,,,,,,,,,,,,,,,0.4983,8.0,,,-0.0001,1.0,,,0.0607,1.0,0.0183,2.0
2026-01-17,Fiscal Policy,0.3906,12.0,0.9279,1.0,0.6262,23.0,0.0371,5.0,0.3416,27.0,,,,,-0.1209,17.0,0.1683,13.0,,,0.047,38.0,0.6409,1.0,0.0029,2.0,-0.3273,10.0,0.9435,2.0,0.9323,2.0,,,,,-0.3286,3.0,0.3243,4.0,-0.0101,2.0,0.0853,6.0,0.627,3.0,-0.0001,1.0,-0.7358,1.0,0.1612,6.0,0.2099,2.0,,,-0.238,7.0,-0.4104,19.0,-0.0969,96.0
2026-01-17,Fiscal Policy-Stimulus Package,-0.0656,2.0,,,,,-0.0422,2.0,0.1128,1.0,,,,,0.2731,6.0,0.0321,1.0,,,0.3494,8.0,,,,,,,,,,,,,,,,,,,,,,,,,,,,,0.3492,2.0,,,,,0.052,2.0,-0.0709,12.0,0.0784,35.0
2026-01-17,Monetary Policy,0.0027,2.0,0.0094,1.0,0.4298,7.0,0.0655,2.0,0.002,1.0,,,,,0.0046,1.0,,,,,-0.2821,11.0,,,0.2431,3.0,0.0052,4.0,,,,,,,,,,,,,,,-0.8446,3.0,,,,,,,,,,,0.0064,2.0,,,0.0032,1.0,0.0404,14.0
2026-01-17,Monetary Policy-Interest Rates,-0.7277,1.0,,,,,,,,,,,,,,,0.0037,1.0,,,0.9107,1.0,,,,,-0.0055,2.0,,,,,,,,,,,,,,,,,,,0.249,2.0,,,,,,,,,,,-0.0018,1.0,-0.1372,8.0
2026-01-17,Monetary Policy-Quantitative Easing,,,,,,,,,0.2335,6.0,,,,,0.0127,1.0,0.3946,8.0,,,,,,,,,0.0111,1.0,,,,,,,,,,,,,,,,,,,,,,,,,,,,,,,0.9454,1.0,-0.1024,18.0
2026-01-17,Natural Disaster,,,-0.6877,10.0,-0.4185,3.0,0.0027,1.0,,,,,,,,,0.0198,2.0,,,-0.7338,1.0,-0.9023,1.0,-0.8607,1.0,-0.0649,10.0,,,0.0056,3.0,-0.0069,1.0,,,,,-0.3545,12.0,,,0.0008,8.0,,,,,-0.8787,4.0,,,,,,,-0.9047,1.0,-0.0103,2.0,-0.4712,4.0
2026-01-17,Oil Spills,,,,,,,,,,,,,,,-0.9104,1.0,,,,,,,,,,,,,,,,,,,,,,,,,,,,,,,,,,,,,,,,,,,,,,
2026-01-17,Pandemic,0.0303,3.0,-0.239,17.0,-0.2945,6.0,-0.2392,16.0,-0.1822,28.0,-0.0017,1.0,-0.4049,3.0,-0.0383,23.0,-0.0733,30.0,,,-0.0485,63.0,0.0256,3.0,-0.0029,4.0,-0.4235,6.0,-0.8732,1.0,0.0261,11.0,0.0304,1.0,-0.4279,7.0,-0.3663,5.0,0.1502,13.0,,,-0.2722,22.0,0.014,17.0,-0.1622,7.0,0.015,1.0,0.0117,8.0,-0.0058,4.0,-0.161,5.0,-0.1231,14.0,-0.2712,54.0,-0.1244,199.0
2026-01-17,Politics,0.0834,34.0,-0.02,22.0,0.1188,48.0,0.0677,49.0,-0.0833,108.0,-0.44,2.0,0.2053,16.0,-0.0454,157.0,-0.0518,70.0,-0.2547,2.0,0.0095,262.0,0.0095,35.0,-0.0283,41.0,-0.0736,47.0,-0.282,30.0,0.3569,10.0,,,-0.029,3.0,-0.2416,29.0,0.163,11.0,-0.0113,7.0,-0.0257,74.0,0.2602,21.0,0.1571,5.0,-0.2552,3.0,0.1855,44.0,0.1293,9.0,0.0066,4.0,-0.0789,122.0,-0.1478,94.0,-0.0916,822.0
2026-01-17,Politics-Election,,,,,-0.0154,1.0,,,,,,,,,-0.0729,4.0,-0.0046,1.0,0.0044,1.0,0.3398,36.0,,,0.0027,2.0,-0.0064,4.0,,,0.0019,1.0,,,0.0459,1.0,-0.1796,1.0,0.4886,1.0,0.0219,1.0,,,,,-0.1314,1.0,,,0.3949,6.0,,,,,,,-0.5288,5.0,-0.0793,9.0
2026-01-17,Politics-Political Tension,0.0412,3.0,-0.0381,1.0,0.5867,5.0,,,0.045,9.0,-0.5153,20.0,,,0.0513,17.0,-0.1735,14.0,0.0007,2.0,-0.2883,32.0,0.0068,5.0,0.0453,2.0,-0.9036,2.0,-0.3103,2.0,0.0064,1.0,,,0.0497,1.0,-0.0493,2.0,,,,,-0.2167,13.0,-0.2325,3.0,0.0706,1.0,-0.0344,1.0,-0.0104,3.0,0.0182,1.0,,,-0.0715,20.0,-0.1003,5.0,-0.1001,101.0
2026-01-17,Terrorist Attacks,,,-0.0032,1.0,-0.0294,1.0,-0.2046,4.0,-0.7044,1.0,,,-0.0018,1.0,-0.4442,5.0,-0.3033,13.0,,,-0.4605,16.0,,,-0.4233,5.0,,,,,-0.8393,1.0,,,,,-0.645,15.0,-0.6552,5.0,,,-0.5291,11.0,,,-0.8002,1.0,-0.5359,13.0,-0.3574,4.0,,,-0.0092,1.0,,,-0.3546,10.0,-0.4355,94.0
2026-01-17,Wars,,,-0.1848,3.0,0.0075,4.0,0.1697,4.0,-0.0907,60.0,0.3217,5.0,0.1141,17.0,-0.0005,22.0,-0.0807,12.0,,,0.0532,29.0,0.0828,39.0,-0.3586,2.0,0.2025,10.0,-0.256,6.0,-0.3085,7.0,,,,,-0.2957,14.0,-0.4449,2.0,-0.3122,12.0,-0.1557,133.0,0.0008,6.0,,,-0.0039,1.0,0.0083,3.0,-0.0269,1.0,-0.1277,1.0,-0.1715,142.0,0.0003,15.0,-0.1292,85.0
2026-01-16,Economic Data,-0.0489,12.0,0.3726,15.0,0.2461,38.0,0.0688,22.0,0.0366,191.0,0.9078,2.0,0.7532,4.0,-0.1374,14.0,-0.0807,147.0,,,0.3748,112.0,,,-0.0504,10.0,0.2648,41.0,-0.1667,2.0,0.1525,18.0,0.8003,1.0,0.306,13.0,0.1275,3.0,-0.0374,11.0,0.0182,11.0,0.0929,13.0,0.5668,5.0,0.4725,6.0,0.2121,19.0,0.3625,25.0,0.204,17.0,0.2178,5.0,0.1847,14.0,-0.1472,56.0,0.0231,483.0
2026-01-16,Economic Data-Consumer Spending,,,-0.9118,1.0,,,,,-0.8718,1.0,,,,,,,,,,,0.4884,2.0,,,,,,,,,,,,,,,,,,,,,,,0.4426,1.0,,,,,,,,,,,,,0.1095,1.0,0.2062,5.0
2026-01-16,Economic Data-Employment,,,,,,,-0.0337,3.0,0.1215,6.0,,,,,,,-0.4547,2.0,,,0.2762,11.0,-0.878,1.0,-0.858,1.0,0.0083,1.0,-0.4529,2.0,,,0.8097,3.0,0.0432,1.0,0.1084,1.0,-0.2909,3.0,,,,,,,0.4673,2.0,-0.0887,7.0,0.919,1.0,0.8386,1.0,,,,,-0.3188,20.0,-0.0273,31.0
2026-01-16,Economic Data-GDP,0.361,2.0,0.8536,1.0,0.3593,12.0,-0.0113,2.0,-0.5535,18.0,,,,,0.0017,1.0,0.5767,5.0,,,0.6362,5.0,,,0.9358,3.0,-0.0123,3.0,0.9483,1.0,,,,,0.9454,6.0,,,,,,,0.9488,1.0,0.9468,1.0,,,,,,,,,,,0.6362,4.0,-0.5606,9.0,0.2125,15.0
2026-01-16,Economic Data-Housing,,,-0.4092,2.0,0.0254,2.0,0.2082,36.0,-0.2004,28.0,,,0.0048,2.0,,,0.005,4.0,,,0.2481,11.0,0.8901,1.0,-0.3207,2.0,0.2662,8.0,0.2152,2.0,-0.9027,2.0,-0.375,2.0,-0.2276,5.0,,,0.1777,2.0,,,0.7419,2.0,,,0.0868,2.0,,,-0.2103,4.0,0.1189,1.0,0.4321,2.0,,,0.2967,23.0,0.1466,145.0
2026-01-16,Economic Data-Inflation,,,,,0.0673,2.0,,,0.2741,13.0,,,,,0.9028,1.0,0.3446,25.0,,,,,,,0.6454,12.0,0.2274,5.0,,,,,,,-0.4151,2.0,,,-0.0032,1.0,0.246,4.0,-0.8726,12.0,0.9361,1.0,,,,,,,,,,,,,-0.5574,6.0,-0.1407,55.0
2026-01-16,Economic Data-Interest Rates,,,0.1038,9.0,0.0081,1.0,-0.505,9.0,0.094,20.0,,,,,,,-0.2239,6.0,,,0.2171,4.0,,,0.008,2.0,0.0774,19.0,0.045,3.0,0.0231,4.0,0.0009,1.0,-0.0168,3.0,-0.8986,2.0,0.4048,2.0,-0.4875,10.0,0.9374,1.0,,,,,0.0018,2.0,0.0223,2.0,0.028,2.0,,,0.9453,1.0,0.0463,12.0,-0.1623,126.0
2026-01-16,Economic Data-Manufacturing,-0.2043,2.0,0.0264,2.0,0.9486,4.0,,,0.9297,7.0,,,,,,,0.0485,14.0,,,0.6211,32.0,,,0.4713,3.0,,,,,-0.008,1.0,0.9424,5.0,,,0.0061,1.0,,,,,,,,,,,,,,,-0.0602,4.0,0.0052,1.0,,,0.275,4.0,0.364,100.0
2026-01-16,Economic Data-Retail Sales,,,,,,,,,0.2754,6.0,,,,,,,0.0093,6.0,,,0.4263,2.0,,,,,,,,,0.0075,2.0,,,,,,,,,,,,,,,0.0058,1.0,,,,,0.0077,1.0,,,,,0.6926,3.0,0.584,12.0
2026-01-16,Extreme Weather,-0.0618,5.0,-0.4654,22.0,-0.0238,9.0,-0.1421,22.0,0.055,32.0,,,0.0348,3.0,0.0334,11.0,-0.1391,22.0,-0.018,1.0,-0.2452,51.0,-0.0397,1.0,-0.1315,9.0,-0.421,15.0,,,-0.0162,37.0,,,0.5814,2.0,-0.9122,2.0,-0.1266,26.0,0.2385,2.0,-0.4662,29.0,,,0.6058,3.0,-0.3953,11.0,-0.0861,32.0,,,0.1866,7.0,-0.391,31.0,-0.0936,22.0,-0.1517,186.0
2026-01-16,Extreme Weather-Cold,,,,,0.0001,1.0,-0.5221,18.0,0.1003,7.0,,,-0.5757,2.0,,,-0.239,5.0,-0.5804,5.0,-0.2507,19.0,,,0.0096,1.0,-0.0021,2.0,,,,,,,,,,,-0.0634,4.0,-0.3886,2.0,-0.0312,2.0,,,,,,,0.0012,1.0,0.0142,2.0,-0.0069,1.0,-0.6863,13.0,-0.205,13.0,-0.0058,87.0
2026-01-16,Extreme Weather-Drought,-0.9163,1.0,0.8948,1.0,-0.0203,2.0,0.3007,2.0,0.0017,3.0,,,,,,,-0.2203,3.0,,,0.112,9.0,,,,,,,,,,,-0.9024,1.0,,,,,,,,,-0.0034,1.0,,,-0.9102,1.0,-0.2952,6.0,-0.3533,3.0,,,,,0.0124,2.0,-0.6383,5.0,0.2281,13.0
2026-01-16,Extreme Weather-Heat,,,-0.0021,1.0,,,,,0.0105,1.0,,,,,,,0.003,2.0,,,0.0326,3.0,,,0.0027,2.0,,,,,0.018,2.0,,,0.9168,1.0,,,,,,,-0.0045,1.0,0.0087,1.0,,,,,0.0145,4.0,,,0.0317,1.0,-0.9024,1.0,-0.9035,1.0,0.9051,2.0
2026-01-16,Fiscal Policy,0.0525,7.0,0.0073,1.0,0.5591,28.0,0.2221,19.0,0.3714,34.0,0.9305,1.0,0.4307,3.0,-0.2809,40.0,-0.3194,15.0,0.0553,3.0,0.1181,41.0,0.0024,1.0,0.0009,5.0,-0.0183,4.0,0.375,6.0,0.1785,6.0,,,0.3168,9.0,-0.5853,11.0,-0.0153,6.0,0.2718,5.0,-0.1828,8.0,,,,,-0.0013,7.0,0.423,8.0,0.4452,9.0,,,-0.2044,25.0,0.0831,26.0,0.0472,157.0
2026-01-16,Fiscal Policy-Stimulus Package,-0.3374,16.0,0.0089,1.0,,,0.2516,8.0,0.8004,11.0,,,0.4632,4.0,-0.1325,27.0,0.1353,6.0,,,0.0015,17.0,,,,,-0.5829,1.0,0.9505,1.0,0.0109,1.0,,,0.1156,10.0,,,0.5254,1.0,,,-0.7738,6.0,0.9468,1.0,,,0.7965,2.0,0.1281,2.0,0.9471,1.0,,,0.0595,8.0,0.1828,17.0,-0.0256,73.0
2026-01-16,Monetary Policy,,,0.3007,4.0,0.0089,2.0,-0.4262,2.0,0.1758,14.0,,,,,,,0.1958,6.0,,,0.1551,6.0,,,0.008,2.0,0.1205,13.0,,,0.0231,4.0,0.0009,1.0,0.094,3.0,-0.8986,2.0,-0.1295,1.0,-0.2902,10.0,0.9374,1.0,,,,,0.1942,3.0,0.027,3.0,,,,,0.9453,1.0,-0.3267,11.0,-0.0662,95.0
2026-01-16,Monetary Policy-Interest Rates,,,,,,,,,-0.3222,7.0,,,,,,,0.0024,1.0,,,,,,,,,-0.0715,7.0,0.0083,2.0,,,,,,,,,,,-0.5443,5.0,,,,,,,,,,,,,0.0412,1.0,,,,,0.0106,36.0
2026-01-16,Monetary Policy-Quantitative Easing,0.3465,3.0,0.4649,4.0,0.0299,3.0,-0.0552,8.0,0.2833,51.0,,,,,,,0.0932,14.0,,,0.4637,12.0,,,,,0.2597,36.0,0.224,3.0,0.6554,2.0,,,,,,,,,0.01,1.0,-0.0073,2.0,0.6901,2.0,-0.8736,2.0,,,0.1213,2.0,,,0.0038,1.0,,,0.0293,13.0,-0.0897,121.0
2026-01-16,Natural Disaster,,,-0.813,12.0,,,-0.5414,6.0,-0.8805,1.0,,,,,-0.4776,2.0,-0.8827,4.0,,,,,,,,,-0.3675,8.0,,,0.0458,20.0,,,,,,,-0.1281,16.0,,,-0.5908,3.0,,,,,-0.3859,6.0,-0.0374,3.0,,,,,,,,,-0.334,36.0
2026-01-16,Oil Spills,,,,,,,,,-0.8812,1.0,,,,,,,,,,,,,,,,,,,,,,,,,,,,,,,,,,,,,,,,,,,,,,,,,,,,
2026-01-16,Pandemic,0.0933,4.0,-0.0671,48.0,-0.3673,16.0,-0.2331,22.0,-0.0936,66.0,-0.002,1.0,-0.0727,10.0,-0.1682,46.0,-0.0796,76.0,-0.0234,2.0,-0.0812,65.0,0.2034,3.0,0.0314,6.0,-0.0811,18.0,-0.2207,10.0,0.3405,37.0,,,-0.2956,21.0,0.1123,3.0,0.1626,16.0,-0.0107,8.0,-0.3217,15.0,-0.0744,45.0,-0.2291,4.0,0.0273,13.0,-0.4997,16.0,0.4823,9.0,0.0042,1.0,-0.1367,22.0,-0.0044,69.0,-0.0645,351.0
2026-01-16,Politics,-0.1594,38.0,-0.2215,18.0,0.2208,151.0,0.0221,59.0,0.2624,212.0,0.4378,15.0,0.1004,16.0,-0.1302,151.0,-0.1091,113.0,-0.2464,16.0,0.099,324.0,0.0903,51.0,0.0238,52.0,-0.0658,81.0,-0.3194,417.0,0.0916,35.0,-0.0158,2.0,0.2291,42.0,-0.1262,67.0,0.2233,27.0,-0.1528,13.0,-0.1091,167.0,0.1568,12.0,0.0333,12.0,-0.0183,23.0,-0.0425,57.0,0.418,32.0,0.1705,9.0,-0.0777,315.0,-0.0729,168.0,-0.0799,1370.0
2026-01-16,Politics-Election,0.6505,1.0,,,,,-0.0004,1.0,0.9443,1.0,-0.882,1.0,,,,,0.004,1.0,,,0.2583,84.0,,,,,-0.0531,11.0,,,-0.3177,1.0,,,,,,,0.0017,5.0,,,,,,,0.0009,1.0,,,0.1471,3.0,,,,,,,-0.2222,4.0,0.0684,31.0
2026-01-16,Politics-Political Tension,,,-0.07,1.0,0.2391,13.0,0.1236,18.0,-0.0141,42.0,0.0058,2.0,,,-0.3128,22.0,-0.058,13.0,0.0859,2.0,-0.0663,43.0,0.0144,7.0,-0.0015,5.0,0.4637,8.0,0.3567,10.0,0.4652,6.0,,,-0.0828,3.0,-0.2375,2.0,-0.7294,2.0,-0.0114,2.0,0.0965,23.0,,,,,0.2445,3.0,-0.0011,2.0,0.0097,9.0,,,-0.1305,81.0,-0.19,30.0,-0.1034,129.0
2026-01-16,Terrorist Attacks,,,0.0007,1.0,,,-0.1172,5.0,-0.4149,3.0,,,-0.7997,1.0,-0.6171,6.0,-0.2619,43.0,,,-0.4674,20.0,,,-0.3561,1.0,-0.7617,1.0,-0.8925,1.0,-0.5403,3.0,,,-0.8718,1.0,-0.7716,21.0,-0.5516,3.0,,,-0.4627,6.0,,,,,-0.7971,1.0,-0.6791,4.0,,,-0.1381,9.0,-0.4999,15.0,0.0258,23.0,-0.455,125.0
2026-01-16,Wars,-0.0859,3.0,0.5639,5.0,,,0.2279,4.0,-0.0632,30.0,0.265,6.0,0.2428,4.0,0.1964,37.0,-0.0737,36.0,-0.1218,2.0,0.0734,20.0,-0.1346,113.0,0.0466,9.0,0.4171,12.0,-0.4188,77.0,0.001,3.0,,,0.3151,4.0,-0.0622,14.0,0.1384,4.0,0.0932,19.0,-0.0586,183.0,0.1302,12.0,,,-0.3107,3.0,0.0439,9.0,-0.0177,4.0,-0.328,12.0,-0.1904,248.0,0.2419,25.0,-0.0238,219.0
2026-01-15,Economic Data,0.0634,10.0,0.1575,18.0,0.2227,27.0,0.1293,35.0,0.1213,244.0,0.1082,2.0,0.2428,3.0,-0.303,33.0,0.0723,62.0,0.1192,1.0,0.588,108.0,0.5421,8.0,0.3447,23.0,0.2428,76.0,0.1944,33.0,-0.1327,13.0,0.485,2.0,0.2791,12.0,-0.3791,3.0,0.3706,18.0,-0.0465,20.0,0.2031,20.0,0.3207,13.0,0.396,6.0,0.0602,8.0,0.2933,38.0,0.1801,24.0,0.0006,5.0,0.1885,2.0,0.2406,112.0,0.0084,659.0
2026-01-15,Economic Data-Consumer Spending,,,0.9208,1.0,,,,,-0.0093,1.0,,,,,,,0.9457,5.0,,,,,,,,,,,,,,,,,,,,,,,,,,,,,,,,,,,,,,,,,-0.6036,3.0,0.2775,6.0
2026-01-15,Economic Data-Employment,,,,,,,0.0405,2.0,0.2345,6.0,,,0.9431,1.0,0.9455,1.0,0.0729,8.0,,,0.1665,30.0,,,-0.5993,6.0,,,-0.9163,2.0,-0.0016,1.0,,,0.018,1.0,-0.9128,1.0,,,,,,,,,0.8404,1.0,0.0003,1.0,0.3736,10.0,0.866,1.0,,,,,-0.4819,17.0,-0.3267,155.0
2026-01-15,Economic Data-GDP,0.371,4.0,,,,,0.9311,4.0,-0.0058,27.0,,,,,0.4751,4.0,0.4221,150.0,,,0.9478,1.0,,,0.5512,2.0,0.387,4.0,0.9251,1.0,,,,,0.9284,2.0,,,,,,,,,0.9465,1.0,,,,,,,,,,,,,0.4787,93.0,0.5091,20.0
2026-01-15,Economic Data-Housing,0.0095,1.0,0.3268,3.0,-0.4495,2.0,-0.0337,48.0,0.5204,11.0,,,,,0.0121,5.0,-0.3981,13.0,,,0.3504,10.0,0.0101,1.0,0.0137,8.0,0.3132,3.0,0.2451,5.0,0.6284,2.0,,,0.3494,1.0,,,-0.4491,2.0,,,0.0158,2.0,0.5173,2.0,-0.1049,5.0,-0.792,1.0,0.0128,10.0,,,,,0.4052,2.0,0.0449,51.0,0.2006,133.0
2026-01-15,Economic Data-Inflation,0.6332,4.0,0.3501,3.0,,,,,0.279,12.0,,,,,0.1302,17.0,0.7281,10.0,,,,,,,,,0.3136,8.0,,,,,,,-0.4202,6.0,,,,,-0.1923,5.0,-0.8746,1.0,0.8565,2.0,,,,,0.0354,19.0,,,,,-0.8841,1.0,0.1421,7.0,0.0209,98.0
2026-01-15,Economic Data-Interest Rates,0.3789,8.0,0.0175,2.0,0.0046,2.0,-0.1625,6.0,-0.058,111.0,,,0.5138,2.0,-0.3105,19.0,0.2156,15.0,,,0.3475,9.0,,,,,-0.1132,18.0,0.0104,36.0,,,,,,,,,0.7729,2.0,-0.2233,18.0,-0.9131,1.0,,,,,0.0014,1.0,-0.8887,1.0,0.0017,1.0,,,,,0.0614,21.0,0.0229,138.0
2026-01-15,Economic Data-Manufacturing,,,0.9481,1.0,0.9492,1.0,0.3791,17.0,0.7364,13.0,,,,,,,-0.2409,6.0,,,0.5341,8.0,,,0.6009,14.0,0.9116,6.0,0.007,1.0,0.0092,1.0,0.7933,8.0,0.8932,1.0,0.0045,1.0,,,,,,,0.6854,1.0,,,,,,,0.6878,17.0,,,,,0.3159,15.0,0.6574,65.0
2026-01-15,Economic Data-Retail Sales,,,,,0.8978,3.0,-0.4298,8.0,0.7594,1.0,0.9274,5.0,,,0.0195,1.0,0.0095,1.0,,,0.0947,5.0,,,,,0.61,7.0,,,,,,,,,,,,,,,,,,,,,0.3068,3.0,,,-0.919,1.0,,,,,0.2659,9.0,0.6527,22.0
2026-01-15,Extreme Weather,-0.1496,10.0,-0.3002,32.0,-0.0017,18.0,-0.2767,38.0,0.097,50.0,-0.5765,2.0,0.0078,1.0,-0.3589,6.0,-0.1227,11.0,-0.0482,3.0,-0.2419,41.0,-0.2741,13.0,0.343,9.0,0.0467,17.0,,,-0.0684,38.0,0.0009,1.0,0.9364,1.0,-0.4547,3.0,0.1119,12.0,-0.0003,1.0,-0.0684,17.0,-0.0121,2.0,0.0511,10.0,-0.6006,19.0,-0.1157,30.0,0.0188,2.0,0.0225,2.0,-0.236,20.0,-0.1229,31.0,-0.0343,212.0
2026-01-15,Extreme Weather-Cold,,,,,-0.5559,1.0,-0.1982,8.0,0.0057,6.0,,,,,,,0.0003,1.0,-0.0001,3.0,-0.3054,30.0,,,,,-0.8765,3.0,,,,,,,,,,,0.1367,10.0,,,-0.7475,16.0,,,,,,,-0.0511,2.0,,,,,-0.3316,4.0,-0.4011,15.0,-0.1968,89.0
2026-01-15,Extreme Weather-Drought,-0.8649,6.0,,,-0.3517,14.0,0.0147,1.0,-0.8963,1.0,,,,,0.0233,5.0,-0.9062,1.0,,,-0.0171,2.0,,,0.0042,1.0,,,,,,,-0.8929,1.0,,,,,0.3543,1.0,,,0.2032,3.0,-0.411,1.0,,,,,-0.3803,2.0,,,,,,,-0.3374,8.0,0.1823,11.0
2026-01-15,Extreme Weather-Heat,-0.7789,3.0,0.0328,2.0,,,0.4155,2.0,0.907,2.0,,,,,0.7666,4.0,0.0053,2.0,,,-0.0087,4.0,,,0.0065,3.0,,,,,,,,,,,,,0.9484,1.0,,,,,,,,,,,0.0013,4.0,,,-0.0018,1.0,,,0.3589,2.0,0.232,9.0
2026-01-15,Fiscal Policy,0.694,2.0,-0.0197,1.0,0.4768,12.0,0.3055,9.0,0.2114,43.0,0.6261,8.0,0.3902,15.0,-0.0135,16.0,0.0671,18.0,,,0.3056,37.0,,,-0.0877,8.0,0.1626,16.0,0.0742,6.0,0.1059,7.0,,,0.0606,15.0,0.1368,6.0,0.2172,12.0,0.0887,6.0,-0.5846,2.0,0.9482,1.0,0.0293,2.0,-0.4021,2.0,-0.0169,24.0,-0.1491,5.0,0.4655,2.0,0.1165,34.0,0.0557,31.0,-0.0474,201.0
2026-01-15,Fiscal Policy-Stimulus Package,0.1794,2.0,0.927,1.0,,,0.4949,5.0,0.1467,14.0,,,0.2846,24.0,-0.13,12.0,0.1053,8.0,,,0.1803,11.0,,,0.0149,1.0,0.0046,2.0,,,0.7225,2.0,,,0.0606,3.0,-0.1117,4.0,0.2618,3.0,-0.4074,3.0,0.0011,3.0,,,,,-0.9167,1.0,-0.7662,1.0,,,,,0.3711,8.0,-0.0389,17.0,-0.0126,123.0
2026-01-15,Monetary Policy,0.2657,7.0,-0.9113,1.0,0.2096,6.0,-0.09,3.0,0.24,96.0,,,0.3609,4.0,-0.3898,16.0,0.0972,20.0,,,0.2884,7.0,,,,,0.0235,14.0,0.0549,28.0,,,,,,,,,,,-0.2478,11.0,-0.1614,2.0,0.0161,1.0,-0.4037,2.0,0.0014,1.0,0.0156,3.0,,,,,0.5405,2.0,-0.1119,21.0,0.0274,108.0
2026-01-15,Monetary Policy-Interest Rates,,,,,0.0025,1.0,,,0.0788,16.0,,,,,-0.0008,1.0,0.9483,1.0,,,,,,,,,-0.1727,7.0,-0.2462,11.0,,,,,,,,,,,-0.5726,3.0,,,,,,,,,,,0.0017,1.0,,,,,0.104,3.0,0.2062,21.0
2026-01-15,Monetary Policy-Quantitative Easing,0.439,5.0,0.0141,3.0,-0.2669,8.0,-0.2423,1.0,0.4486,113.0,,,,,0.2498,5.0,0.1741,33.0,,,,,,,,,-0.102,20.0,0.5382,27.0,,,,,0.0166,1.0,-0.0278,4.0,0.0083,1.0,0.2486,4.0,0.4041,6.0,0.944,1.0,0.0019,1.0,,,0.0026,3.0,,,,,,,0.0635,9.0,0.0056,139.0
2026-01-15,Natural Disaster,-0.321,4.0,-0.6506,24.0,,,-0.6323,8.0,-0.0106,1.0,-0.8528,1.0,,,-0.8944,1.0,,,,,-0.1548,5.0,-0.3208,12.0,,,-0.2044,6.0,,,-0.0074,10.0,,,-0.9049,1.0,,,0.0052,5.0,,,-0.2496,6.0,,,,,-0.9054,2.0,-0.8789,1.0,,,,,,,0.0297,2.0,-0.4576,16.0
2026-01-15,Oil Spills,,,,,,,,,,,,,,,,,0.0044,1.0,,,,,,,,,,,,,,,,,,,,,,,,,-0.8651,1.0,,,,,,,,,,,,,,,,,0.0332,2.0
2026-01-15,Pandemic,0.043,3.0,-0.0636,15.0,-0.186,26.0,-0.1642,40.0,0.0079,117.0,0.4135,2.0,-0.1726,5.0,-0.171,103.0,-0.2494,35.0,0.9337,2.0,-0.0361,69.0,-0.2487,6.0,-0.1961,16.0,0.018,19.0,-0.3435,10.0,-0.2686,11.0,0.0677,1.0,-0.2343,17.0,-0.0268,2.0,0.0171,40.0,0.0014,5.0,-0.4196,30.0,0.2884,7.0,0.0318,2.0,-0.1214,14.0,-0.0458,11.0,-0.1903,3.0,-0.0501,6.0,-0.3119,33.0,-0.0707,122.0,-0.0555,449.0
2026-01-15,Politics,0.1634,11.0,-0.0863,39.0,0.0038,150.0,0.0401,56.0,0.0552,188.0,0.1801,34.0,0.1942,30.0,-0.112,225.0,0.0907,193.0,-0.0888,12.0,-0.0588,283.0,0.0663,78.0,0.0897,51.0,0.0057,124.0,-0.0888,39.0,0.1266,22.0,-0.3441,5.0,-0.1097,45.0,-0.1213,25.0,0.1879,47.0,-0.0537,24.0,-0.1144,159.0,0.1836,9.0,-0.237,53.0,-0.1623,16.0,0.0093,42.0,0.3395,14.0,-0.0256,20.0,-0.1332,365.0,-0.0932,268.0,-0.1653,1791.0
2026-01-15,Politics-Election,,,,,0.3182,3.0,-0.0098,3.0,0.0092,2.0,,,,,,,0.0551,3.0,0.0106,1.0,0.0581,119.0,-0.6266,1.0,-0.0025,2.0,-0.0384,29.0,,,0.3189,2.0,,,-0.017,2.0,,,0.0018,5.0,,,,,,,,,-0.5223,1.0,,,0.0042,1.0,,,0.0072,3.0,0.099,8.0,-0.0329,76.0
2026-01-15,Politics-Political Tension,0.3331,2.0,-0.196,4.0,0.1581,7.0,0.6952,12.0,0.0951,48.0,0.2351,3.0,0.0007,1.0,-0.1162,19.0,-0.1635,20.0,0.0224,1.0,0.032,34.0,0.1267,4.0,-0.1506,5.0,0.055,9.0,-0.1855,4.0,0.4385,2.0,,,0.0074,1.0,0.0006,2.0,0.1977,8.0,-0.0211,10.0,-0.035,41.0,,,-0.0709,2.0,-0.4638,1.0,-0.0354,9.0,-0.3198,11.0,,,-0.1704,112.0,-0.2445,68.0,-0.0918,198.0
2026-01-15,Terrorist Attacks,-0.7505,1.0,-0.2795,11.0,,,-0.3156,10.0,-0.2761,6.0,-0.2349,3.0,-0.4779,2.0,-0.5486,7.0,-0.4264,16.0,,,-0.3175,17.0,,,-0.3986,2.0,-0.5715,4.0,,,-0.7513,1.0,-0.0314,1.0,-0.0208,11.0,-0.6134,12.0,,,,,-0.3659,12.0,,,,,,,-0.4329,19.0,-0.7007,1.0,-0.5156,15.0,-0.4355,8.0,-0.3231,16.0,-0.3964,358.0
2026-01-15,Wars,-0.0092,1.0,-0.3349,5.0,,,0.5755,3.0,0.1441,40.0,-0.1923,6.0,-0.0645,6.0,0.0481,37.0,0.1073,40.0,-0.2953,4.0,0.1401,42.0,-0.1372,59.0,0.0117,9.0,0.5117,16.0,-0.1989,10.0,0.0991,2.0,,,-0.0053,4.0,0.1192,38.0,-0.1412,4.0,0.029,7.0,-0.1069,211.0,0.2783,6.0,,,,,0.1554,10.0,-0.096,3.0,0.1179,15.0,-0.1008,316.0,0.1834,29.0,0.0255,247.0
2026-01-14,Economic Data,-0.3633,11.0,0.2047,11.0,0.1939,14.0,0.0639,14.0,0.2215,601.0,,,0.2491,3.0,-0.0011,36.0,-0.0148,74.0,0.3168,4.0,0.3812,55.0,-0.447,2.0,0.2175,12.0,-0.0185,88.0,0.0658,34.0,0.0039,9.0,-0.7817,5.0,0.5474,10.0,-0.0599,4.0,0.0777,16.0,0.2563,19.0,-0.3924,11.0,0.382,12.0,0.6838,6.0,-0.0606,10.0,0.0337,16.0,0.1396,5.0,0.1147,19.0,0.0059,3.0,0.0836,85.0,0.0312,741.0
2026-01-14,Economic Data-Consumer Spending,,,,,,,,,0.0741,1.0,,,,,,,,,,,,,,,,,0.4679,2.0,,,,,,,,,,,,,,,,,,,,,,,,,,,,,,,-0.4479,2.0,0.5472,17.0
2026-01-14,Economic Data-Employment,0.6889,1.0,-0.2727,17.0,0.0093,1.0,-0.2196,7.0,-0.8544,4.0,,,0.0118,1.0,-0.3033,3.0,0.0079,6.0,,,0.2611,11.0,,,-0.9199,1.0,,,0.5066,11.0,-0.3025,3.0,,,,,,,0.9282,1.0,,,-0.6453,1.0,,,,,-0.8982,1.0,0.6386,1.0,,,,,,,-0.4283,10.0,0.0156,36.0
2026-01-14,Economic Data-GDP,0.9429,1.0,,,,,,,0.4969,9.0,,,0.8786,1.0,0.3251,6.0,0.0312,5.0,,,0.6318,3.0,,,,,,,0.3463,2.0,,,,,0.9444,1.0,-0.6636,2.0,0.8717,1.0,,,,,,,,,,,0.0488,1.0,,,,,,,-0.2734,7.0,0.5372,46.0
2026-01-14,Economic Data-Housing,0.032,2.0,0.3223,6.0,0.549,2.0,0.1926,20.0,0.5641,6.0,,,-0.4081,3.0,0.0256,5.0,0.0003,4.0,,,0.5595,12.0,,,-0.0806,4.0,0.4614,4.0,0.9407,1.0,-0.6467,2.0,0.9492,2.0,0.1023,1.0,,,0.8037,1.0,,,0.9269,1.0,-0.0015,1.0,,,,,0.1104,12.0,,,,,,,0.1358,37.0,0.315,198.0
2026-01-14,Economic Data-Inflation,0.0383,9.0,,,,,-0.4443,1.0,-0.1218,6.0,,,,,-0.7767,1.0,-0.9149,2.0,0.0139,1.0,0.5711,15.0,,,,,0.1346,9.0,,,,,,,,,,,-0.004,1.0,,,0.4549,3.0,,,,,,,,,,,,,,,-0.0018,4.0,0.1125,131.0
2026-01-14,Economic Data-Interest Rates,0.6241,1.0,-0.224,4.0,,,0.0385,1.0,0.6886,11.0,0.0733,2.0,0.3147,2.0,0.0586,10.0,0.1314,6.0,,,0.3401,7.0,,,0.4719,2.0,0.2715,17.0,0.1106,2.0,-0.9109,2.0,,,0.2179,3.0,,,0.0884,2.0,0.07,7.0,-0.9005,1.0,,,0.0406,1.0,,,-0.4522,2.0,0.9459,1.0,0.004,2.0,,,-0.0842,38.0,0.0804,218.0
2026-01-14,Economic Data-Manufacturing,,,0.0731,2.0,,,,,0.3904,19.0,,,,,,,0.5982,25.0,,,0.4322,11.0,,,,,0.4625,9.0,0.8691,3.0,,,,,,,,,0.0187,1.0,0.2598,3.0,,,0.0768,1.0,,,,,-0.0012,1.0,0.0291,2.0,,,,,-0.0445,3.0,0.2638,19.0
2026-01-14,Economic Data-Retail Sales,,,,,,,,,0.2104,9.0,,,,,0.9483,2.0,,,,,0.3039,2.0,,,0.9322,1.0,-0.4364,4.0,,,,,,,,,,,,,,,,,,,,,0.0023,1.0,,,,,,,,,0.5732,11.0,0.5636,139.0
2026-01-14,Extreme Weather,-0.4607,9.0,0.0927,16.0,-0.1623,14.0,-0.2016,3.0,0.2995,33.0,-0.0275,1.0,0.0054,1.0,0.1896,4.0,-0.148,26.0,-0.7097,1.0,-0.3761,37.0,-0.0216,1.0,-0.3175,5.0,0.1201,10.0,0.5739,1.0,-0.0256,26.0,,,,,-0.8639,5.0,-0.1817,15.0,,,-0.0701,30.0,0.6302,3.0,0.9335,1.0,-0.2519,10.0,-0.0304,24.0,0.0048,2.0,-0.4617,3.0,-0.3261,11.0,0.1687,27.0,-0.021,162.0
2026-01-14,Extreme Weather-Cold,,,,,,,-0.4459,7.0,-0.0754,4.0,,,,,,,0.34,3.0,,,-0.2143,30.0,,,,,-0.4187,3.0,,,-0.0636,2.0,,,,,,,-0.2921,3.0,-0.1624,4.0,-0.3087,11.0,-0.4333,2.0,,,,,0.0005,1.0,-0.011,1.0,,,0.1295,6.0,0.0646,15.0,-0.0687,78.0
2026-01-14,Extreme Weather-Drought,0.025,3.0,-0.416,2.0,0.946,1.0,0.0348,5.0,0.0001,3.0,,,0.0134,1.0,0.0018,3.0,,,,,0.2203,5.0,,,0.9465,1.0,,,,,,,,,,,,,0.86,1.0,,,,,,,-0.3023,4.0,-0.2063,6.0,-0.4593,2.0,,,,,,,-0.2533,3.0,-0.2524,25.0
2026-01-14,Extreme Weather-Heat,,,-0.2155,5.0,-0.2261,7.0,0.1836,2.0,0.4836,2.0,,,0.0065,1.0,0.2461,27.0,0.3787,7.0,,,-0.2753,10.0,,,-0.0013,2.0,-0.0003,2.0,,,-0.0006,1.0,,,,,,,,,,,,,,,-0.0836,4.0,,,-0.0042,7.0,,,,,-0.9172,1.0,,,0.7705,31.0
2026-01-14,Fiscal Policy,0.3793,6.0,-0.2582,3.0,0.0473,11.0,-0.0986,25.0,0.1339,40.0,,,0.2185,7.0,-0.1158,30.0,-0.1014,17.0,-0.4426,2.0,-0.007,25.0,-0.4349,4.0,0.1843,15.0,-0.0012,12.0,-0.3332,7.0,0.0676,6.0,,,0.1731,10.0,-0.2664,8.0,0.3018,4.0,,,0.0301,4.0,0.0051,1.0,0.0228,4.0,-0.2637,4.0,0.1389,3.0,,,-0.021,2.0,0.1023,82.0,0.1304,49.0,-0.0977,282.0
2026-01-14,Fiscal Policy-Stimulus Package,-0.0426,3.0,-0.435,2.0,,,0.0621,8.0,-0.3385,3.0,,,0.0076,1.0,-0.0873,9.0,0.171,7.0,,,0.0834,13.0,,,0.3053,5.0,,,-0.3292,2.0,0.4121,1.0,,,0.0753,5.0,,,0.0242,1.0,-0.2998,4.0,,,,,0.5082,2.0,-0.8487,1.0,-0.6673,5.0,,,,,0.1694,42.0,0.2304,19.0,-0.0788,166.0
2026-01-14,Monetary Policy,,,0.009,2.0,0.9072,1.0,0.046,3.0,0.4678,21.0,,,0.3147,2.0,-0.1427,7.0,0.3233,3.0,,,0.5958,7.0,,,0.3002,4.0,0.1707,6.0,0.0049,1.0,-0.9021,1.0,,,0.2179,3.0,,,-0.7703,1.0,-0.3063,4.0,-0.9005,1.0,0.018,2.0,0.0406,1.0,,,-0.4522,2.0,0.9459,1.0,0.004,2.0,-0.3417,4.0,-0.0376,30.0,0.084,182.0
2026-01-14,Monetary Policy-Interest Rates,,,0.0062,1.0,,,,,-0.8393,3.0,,,,,-0.0324,1.0,,,,,,,,,,,0.0274,2.0,,,,,,,,,,,,,0.0061,1.0,-0.8185,1.0,,,,,,,,,,,,,,,-0.4293,6.0,0.152,38.0
2026-01-14,Monetary Policy-Quantitative Easing,0.012,2.0,0.9193,1.0,0.0147,1.0,,,0.3709,24.0,,,,,0.3543,3.0,0.2272,27.0,,,-0.0733,15.0,,,0.9511,1.0,-0.1582,62.0,-0.1429,11.0,,,-0.2846,2.0,0.1656,6.0,0.1556,5.0,0.9282,1.0,-0.0241,4.0,,,0.2157,4.0,,,-0.203,4.0,0.0044,1.0,,,,,,,0.0033,6.0,-0.0553,189.0
2026-01-14,Natural Disaster,-0.6324,6.0,-0.5724,1.0,,,,,,,-0.0275,1.0,,,0.0021,1.0,,,,,-0.3733,1.0,,,-0.3475,2.0,0.1697,4.0,,,0.0314,6.0,,,,,-0.8639,5.0,-0.1389,10.0,,,-0.1247,3.0,,,,,-0.4239,2.0,-0.8441,1.0,0.0048,2.0,,,,,,,-0.1367,8.0
2026-01-14,Oil Spills,,,,,,,,,,,,,,,,,,,,,0.0038,1.0,,,,,,,,,,,,,,,,,,,,,,,,,,,,,-0.8512,1.0,,,,,,,,,,
2026-01-14,Pandemic,-0.1686,14.0,0.0723,17.0,-0.2126,30.0,-0.1651,23.0,-0.0687,130.0,-0.0026,1.0,0.0264,4.0,0.0486,40.0,-0.2267,58.0,-0.139,6.0,-0.2287,64.0,-0.0885,14.0,-0.279,18.0,-0.0758,13.0,-0.0107,3.0,-0.003,8.0,0.7141,3.0,-0.3269,17.0,-0.3683,5.0,0.1548,16.0,-0.1463,6.0,-0.3188,81.0,0.3078,29.0,-0.2987,15.0,-0.1825,17.0,-0.3076,35.0,-0.2282,9.0,0.3195,7.0,-0.3075,40.0,0.0522,107.0,0.0453,538.0
2026-01-14,Politics,0.0528,14.0,-0.3526,15.0,-0.0835,55.0,-0.1018,105.0,0.0159,258.0,0.0091,2.0,-0.1722,27.0,-0.1404,179.0,-0.137,130.0,-0.0305,25.0,-0.0487,179.0,-0.1605,68.0,-0.0373,56.0,0.0434,196.0,-0.1006,102.0,0.0119,30.0,0.031,9.0,0.2093,34.0,-0.2189,22.0,0.0444,25.0,-0.1394,18.0,-0.0796,170.0,0.0703,12.0,-0.0623,29.0,0.1123,11.0,-0.1643,61.0,-0.137,10.0,-0.0895,21.0,-0.1555,460.0,0.0408,219.0,-0.1289,1957.0
2026-01-14,Politics-Election,-0.0811,1.0,,,0.6322,7.0,-0.409,2.0,-0.0211,1.0,,,,,0.0503,28.0,0.1761,2.0,0.7198,4.0,0.0723,30.0,,,0.0043,2.0,0.0228,152.0,,,,,,,-0.0502,3.0,,,,,,,0.0004,1.0,,,,,,,0.0363,5.0,0.1042,4.0,-0.0134,1.0,-0.3853,2.0,-0.1806,3.0,0.1466,53.0
2026-01-14,Politics-Political Tension,,,0.0072,1.0,0.0089,1.0,0.0013,4.0,0.1004,46.0,,,-0.5288,3.0,-0.2046,44.0,-0.3156,23.0,0.0242,3.0,-0.218,41.0,-0.129,5.0,-0.3241,4.0,0.0491,16.0,-0.5262,3.0,-0.0549,7.0,,,-0.4407,2.0,-0.43,4.0,-0.1956,2.0,0.013,5.0,0.0033,49.0,,,-0.8512,1.0,,,0.0738,2.0,-0.0368,7.0,-0.0001,1.0,-0.0485,61.0,-0.0278,26.0,-0.1698,187.0
2026-01-14,Terrorist Attacks,,,-0.2548,8.0,-0.4117,1.0,-0.6631,19.0,-0.8017,1.0,0.0046,1.0,,,-0.4671,2.0,-0.3769,17.0,,,-0.5208,17.0,-0.1393,5.0,-0.5767,4.0,-0.0017,1.0,,,-0.7609,6.0,-0.7389,2.0,-0.296,8.0,-0.7136,15.0,-0.6527,4.0,,,-0.4458,6.0,,,-0.8494,1.0,,,-0.5236,3.0,,,-0.4042,1.0,-0.5489,15.0,-0.4137,24.0,-0.2799,128.0
2026-01-14,Wars,-0.0033,1.0,0.7766,1.0,-0.0216,1.0,0.0568,3.0,-0.0374,21.0,-0.0065,2.0,0.2207,11.0,-0.1258,13.0,0.1033,29.0,,,0.1266,22.0,-0.0333,63.0,-0.3025,4.0,0.0813,43.0,-0.1485,41.0,0.2248,4.0,,,0.0634,4.0,0.0681,17.0,0.4521,6.0,0.0164,15.0,-0.0824,199.0,-0.0958,5.0,-0.0025,2.0,-0.019,1.0,0.1681,12.0,0.032,3.0,-0.1141,24.0,-0.2194,382.0,-0.0397,26.0,-0.0234,248.0
2026-01-13,Economic Data,-0.3936,26.0,-0.0614,21.0,-0.1349,23.0,0.395,15.0,0.1453,145.0,-0.0215,6.0,0.2038,2.0,-0.2597,32.0,0.3095,64.0,-0.5135,7.0,0.3439,53.0,,,0.2138,5.0,0.0651,82.0,0.2256,23.0,0.0573,6.0,0.4739,9.0,0.6432,9.0,-0.5396,5.0,0.1081,17.0,-0.1546,5.0,0.0875,20.0,0.6313,9.0,0.0373,2.0,-0.0976,11.0,-0.1123,24.0,0.4809,21.0,0.3475,13.0,0.028,1.0,-0.0825,79.0,0.0747,732.0
2026-01-13,Economic Data-Consumer Spending,,,0.0032,1.0,,,0.736,1.0,,,,,,,,,,,,,,,,,,,,,,,,,,,,,,,,,,,,,,,,,,,,,,,,,,,-0.7816,6.0,0.4535,2.0
2026-01-13,Economic Data-Employment,,,0.5615,3.0,0.0093,1.0,0.0928,10.0,0.3119,4.0,,,0.9464,1.0,0.0073,1.0,0.0093,3.0,,,0.324,15.0,,,0.314,2.0,0.403,1.0,0.9397,2.0,-0.9071,1.0,0.9041,1.0,-0.9102,1.0,,,-0.1618,2.0,-0.0102,2.0,,,,,0.4771,2.0,,,0.4746,2.0,,,,,,,-0.3298,9.0,0.0354,48.0
2026-01-13,Economic Data-GDP,,,,,-0.8161,3.0,,,0.2599,5.0,,,,,0.4723,8.0,0.014,4.0,,,0.3258,3.0,,,-0.1754,2.0,0.0486,4.0,0.9471,2.0,,,,,,,,,0.38,4.0,,,-0.681,2.0,,,,,,,0.4756,2.0,,,,,,,0.7597,3.0,-0.0862,17.0
2026-01-13,Economic Data-Housing,,,0.0991,8.0,0.4835,7.0,0.1665,49.0,-0.1054,39.0,,,,,0.012,3.0,-0.3851,5.0,,,0.2685,14.0,,,0.007,3.0,0.4731,3.0,0.9009,1.0,,,-0.0813,2.0,,,,,0.9443,1.0,0.0661,1.0,-0.4525,2.0,0.7545,17.0,0.7852,1.0,0.9358,1.0,0.0008,14.0,-0.8919,1.0,,,0.0145,1.0,0.3635,83.0,0.0921,210.0
2026-01-13,Economic Data-Inflation,-0.2977,21.0,,,,,,,0.6886,10.0,0.2623,5.0,,,0.0073,10.0,,,-0.448,5.0,-0.7911,2.0,,,,,0.0007,4.0,,,,,,,0.0304,7.0,,,,,0.0054,1.0,,,,,,,,,,,,,,,,,-0.0156,8.0,0.0638,331.0
2026-01-13,Economic Data-Interest Rates,-0.3579,2.0,-0.2593,11.0,0.9364,2.0,-0.0848,22.0,0.2146,6.0,,,0.9442,1.0,0.0023,4.0,-0.1251,8.0,,,-0.2804,27.0,0.6837,12.0,0.9466,1.0,-0.2297,22.0,-0.2246,4.0,,,,,0.0089,1.0,,,0.9022,3.0,-0.7821,2.0,-0.0008,1.0,,,,,0.4538,1.0,0.8567,1.0,0.3893,3.0,,,,,0.1006,26.0,-0.0302,233.0
2026-01-13,Economic Data-Manufacturing,,,0.1405,1.0,,,,,0.5823,11.0,,,0.0127,1.0,0.0004,1.0,0.4674,22.0,,,0.5241,9.0,,,,,0.5573,2.0,,,,,,,,,0.0052,1.0,,,,,,,,,,,,,,,0.9331,1.0,,,,,,,0.2064,21.0
2026-01-13,Economic Data-Retail Sales,,,,,,,0.0107,1.0,0.5307,3.0,,,,,,,0.9194,1.0,,,0.7064,8.0,,,,,,,,,0.0557,1.0,,,,,,,,,,,,,,,,,,,,,,,0.9447,3.0,,,-0.5336,12.0,0.321,24.0
2026-01-13,Extreme Weather,-0.7464,43.0,-0.3203,14.0,-0.0705,17.0,-0.2133,11.0,0.077,41.0,,,-0.1911,6.0,-0.3763,13.0,-0.3879,40.0,0.2297,2.0,-0.0624,26.0,-0.5995,15.0,-0.4284,31.0,-0.0174,21.0,-0.3252,5.0,-0.1051,14.0,-0.4457,2.0,,,0.0115,3.0,-0.0807,14.0,0.0441,2.0,-0.1077,31.0,-0.1382,4.0,-0.2598,3.0,0.0016,3.0,-0.0184,19.0,,,-0.0403,2.0,-0.5409,16.0,-0.1091,34.0,0.13,225.0
2026-01-13,Extreme Weather-Cold,,,-0.86,1.0,,,0.0059,7.0,0.4587,4.0,-0.4831,7.0,,,,,-0.4346,20.0,-0.4863,17.0,-0.1892,41.0,,,-0.5973,2.0,-0.0042,1.0,-0.9147,1.0,-0.1446,9.0,,,,,,,-0.065,5.0,0.0033,2.0,-0.5233,8.0,,,,,-0.0021,1.0,,,,,,,-0.0041,1.0,-0.0673,21.0,-0.1947,43.0
2026-01-13,Extreme Weather-Drought,0.9405,1.0,-0.9101,3.0,-0.2842,4.0,-0.3449,5.0,0.1434,3.0,,,,,,,,,,,0.2233,13.0,,,0.9413,13.0,0.1493,1.0,,,0.9428,1.0,,,,,,,,,,,-0.9125,1.0,-0.0108,1.0,-0.1054,4.0,-0.5994,1.0,-0.2401,6.0,,,,,0.0251,1.0,-0.6056,3.0,-0.5305,8.0
2026-01-13,Extreme Weather-Heat,,,-0.1038,7.0,0.2727,24.0,0.1482,2.0,0.0418,3.0,,,,,-0.4446,2.0,-0.4381,2.0,,,0.3316,2.0,,,-0.0292,3.0,-0.3548,1.0,,,,,,,,,,,,,,,,,,,,,0.0278,2.0,-0.0004,4.0,,,0.0012,2.0,0.3201,2.0,-0.9063,1.0,0.0916,3.0
2026-01-13,Fiscal Policy,-0.0553,1.0,0.2868,3.0,0.0192,9.0,0.1604,13.0,0.0631,29.0,0.0423,4.0,,,-0.1917,58.0,-0.0858,29.0,,,0.0967,19.0,0.0695,4.0,0.2505,4.0,0.0703,13.0,-0.1504,3.0,-0.1604,13.0,,,0.1747,8.0,-0.3432,7.0,0.2843,10.0,-0.1523,7.0,0.6484,3.0,0.0052,1.0,0.4778,5.0,0.6081,3.0,0.3164,6.0,0.077,6.0,,,-0.1486,35.0,0.0331,43.0,-0.0422,353.0
2026-01-13,Fiscal Policy-Stimulus Package,,,,,,,0.1129,10.0,0.2288,6.0,,,0.0031,1.0,-0.4786,9.0,-0.1461,9.0,,,0.459,11.0,-0.9145,6.0,0.0112,1.0,0.5359,4.0,0.684,2.0,-0.0106,1.0,0.6526,3.0,0.1881,5.0,-0.8969,4.0,0.8842,1.0,,,-0.858,4.0,,,0.1599,3.0,,,0.4113,2.0,,,,,-0.4909,4.0,-0.2891,21.0,-0.0598,111.0
2026-01-13,Monetary Policy,-0.7811,1.0,-0.4401,8.0,0.4801,2.0,-0.1082,12.0,0.2854,9.0,,,,,0.0327,3.0,0.1996,8.0,0.9444,1.0,-0.1678,14.0,0.6837,12.0,0.4772,2.0,-0.0332,8.0,-0.2803,3.0,,,,,,,0.779,1.0,0.8995,2.0,-0.4014,2.0,,,,,0.0101,2.0,0.4538,1.0,0.0042,2.0,0.8533,1.0,,,0.037,1.0,0.313,24.0,-0.0324,199.0
2026-01-13,Monetary Policy-Interest Rates,,,-0.5323,3.0,,,,,,,,,,,,,,,,,0.0104,1.0,,,,,-0.7989,7.0,-0.0574,1.0,,,,,,,,,,,-0.7475,1.0,,,,,,,,,,,,,,,,,,,0.0236,74.0
2026-01-13,Monetary Policy-Quantitative Easing,0.0058,2.0,0.0303,1.0,0.0145,1.0,,,0.3043,36.0,,,,,0.1286,4.0,0.0387,17.0,,,-0.1438,15.0,,,,,-0.0876,19.0,-0.1359,9.0,0.9098,2.0,,,,,,,0.3546,3.0,0.9456,1.0,0.6862,1.0,0.4706,2.0,,,0.937,3.0,0.0017,2.0,,,0.931,1.0,,,0.0519,8.0,0.0126,315.0
2026-01-13,Natural Disaster,-0.7687,39.0,-0.8947,2.0,0.094,1.0,-0.5868,3.0,,,,,,,-0.846,1.0,-0.4011,1.0,,,0.0222,2.0,-0.8803,3.0,-0.5884,18.0,-0.1227,3.0,,,-0.142,7.0,,,,,,,-0.1477,8.0,,,-0.1817,8.0,,,-0.9048,1.0,-0.005,1.0,,,,,,,,,-0.0108,1.0,-0.0916,36.0
2026-01-13,Oil Spills,,,,,-0.4117,1.0,,,,,,,,,,,,,,,,,,,,,,,,,,,,,,,,,,,,,,,,,,,,,,,,,,,,,,,,
2026-01-13,Pandemic,-0.5386,7.0,-0.0238,8.0,-0.046,15.0,-0.1398,56.0,-0.0719,111.0,-0.5074,2.0,-0.4378,7.0,0.0734,89.0,-0.3045,43.0,0.0022,2.0,0.0462,78.0,-0.4531,13.0,-0.1977,29.0,0.1038,21.0,0.1277,18.0,-0.2489,15.0,0.3492,11.0,-0.0771,16.0,-0.203,11.0,-0.136,14.0,-0.224,5.0,-0.2716,95.0,0.3286,11.0,0.1697,17.0,-0.137,9.0,-0.2214,52.0,0.0262,2.0,0.0069,1.0,-0.0524,30.0,-0.2287,108.0,-0.0779,529.0
2026-01-13,Politics,0.0057,7.0,-0.1394,29.0,-0.1064,38.0,-0.1357,57.0,0.1155,163.0,0.169,9.0,-0.0272,11.0,-0.1411,536.0,-0.0797,99.0,0.0004,23.0,0.0303,202.0,-0.2753,79.0,-0.0319,31.0,0.2093,238.0,-0.1864,279.0,-0.0665,40.0,0.1891,8.0,0.0933,53.0,-0.2528,36.0,0.1054,32.0,-0.2522,17.0,-0.1252,119.0,0.0157,10.0,0.2542,20.0,0.0444,20.0,0.1193,52.0,-0.0785,15.0,-0.117,10.0,-0.167,224.0,-0.0603,189.0,-0.1396,2020.0
2026-01-13,Politics-Election,-0.0015,1.0,,,,,0.0276,2.0,,,,,,,-0.0098,40.0,0.0032,3.0,0.0004,80.0,0.1228,38.0,,,-0.0001,2.0,0.2408,33.0,,,0.0115,1.0,,,0.1067,5.0,,,,,,,0.0061,1.0,,,,,,,0.0108,7.0,0.0321,3.0,,,-0.029,1.0,-0.3352,4.0,0.2036,28.0
2026-01-13,Politics-Political Tension,-0.0107,5.0,-0.0991,6.0,0.0007,3.0,0.4527,2.0,0.1581,43.0,0.0037,9.0,,,-0.2642,15.0,-0.0721,30.0,-0.0937,5.0,-0.1405,38.0,-0.0279,1.0,0.8236,1.0,0.2943,16.0,0.2527,13.0,0.1257,15.0,,,-0.2244,5.0,-0.337,5.0,-0.0461,5.0,0.0137,2.0,-0.2079,14.0,0.0031,5.0,-0.0048,2.0,,,-0.2988,2.0,0.2064,7.0,,,0.0351,64.0,-0.1369,23.0,-0.1749,225.0
2026-01-13,Terrorist Attacks,-0.0138,2.0,0.2044,7.0,-0.0436,1.0,-0.3199,21.0,-0.2034,3.0,,,-0.5356,3.0,-0.2416,3.0,-0.3413,9.0,-0.0453,1.0,-0.463,10.0,-0.1738,4.0,-0.7369,1.0,,,,,-0.3909,11.0,,,-0.23,4.0,-0.2543,5.0,-0.6292,3.0,,,-0.3915,8.0,,,,,,,-0.813,2.0,,,-0.3983,7.0,-0.5838,5.0,-0.2017,28.0,-0.3158,192.0
2026-01-13,Wars,,,0.5713,7.0,0.0687,1.0,0.3602,4.0,0.0925,54.0,-0.3185,3.0,0.2961,4.0,-0.1148,9.0,0.0179,24.0,,,0.1406,42.0,-0.2472,63.0,-0.0372,6.0,0.3549,42.0,-0.0176,96.0,-0.3996,5.0,,,0.2595,4.0,-0.1666,54.0,0.5281,2.0,0.024,5.0,-0.2086,241.0,0.1086,16.0,,,0.0084,1.0,-0.1101,7.0,0.1098,3.0,-0.0596,12.0,-0.2101,248.0,-0.1573,20.0,-0.0033,182.0
2026-01-12,Economic Data,0.3604,8.0,-0.0422,14.0,0.3259,13.0,0.2631,18.0,-0.0117,210.0,0.0016,2.0,0.1429,10.0,0.0282,62.0,-0.058,24.0,0.0695,7.0,0.2432,118.0,,,0.1306,15.0,0.2615,36.0,-0.1458,10.0,0.1694,16.0,0.1659,8.0,0.4342,9.0,,,0.1925,14.0,0.2211,6.0,-0.1173,10.0,0.5354,9.0,0.2612,8.0,0.1921,7.0,-0.1298,14.0,-0.3718,4.0,0.0366,5.0,0.0044,7.0,0.2085,61.0,0.0174,466.0
2026-01-12,Economic Data-Consumer Spending,,,0.8924,15.0,,,,,0.4686,6.0,,,,,,,,,,,,,,,,,,,,,,,-0.1276,1.0,,,,,,,,,,,,,,,,,,,,,,,,,,,-0.0752,1.0
2026-01-12,Economic Data-Employment,,,-0.5664,5.0,0.0093,1.0,-0.0513,3.0,0.2958,3.0,0.9415,1.0,,,-0.7004,2.0,-0.6811,4.0,,,0.451,10.0,,,,,-0.1682,4.0,,,,,,,-0.2958,1.0,,,,,0.1546,4.0,,,-0.2572,3.0,0.097,2.0,-0.0146,2.0,,,0.953,1.0,,,-0.913,1.0,-0.4262,20.0,-0.1654,40.0
2026-01-12,Economic Data-GDP,-0.2841,3.0,,,,,0.0142,2.0,-0.0267,6.0,,,,,0.0017,1.0,0.0717,7.0,-0.8671,1.0,0.7098,5.0,,,,,,,-0.5496,2.0,-0.7346,1.0,,,0.3902,1.0,,,,,,,-0.3644,5.0,,,,,,,,,-0.8295,1.0,,,,,0.9223,2.0,0.5129,5.0
2026-01-12,Economic Data-Housing,,,,,,,-0.17,7.0,0.4787,13.0,,,0.1622,5.0,-0.001,5.0,0.0117,3.0,,,0.2145,10.0,,,0.0272,9.0,0.0292,8.0,-0.3582,1.0,0.0026,5.0,0.0304,2.0,,,,,0.0336,1.0,,,,,0.8709,1.0,0.3063,7.0,0.468,2.0,0.1019,18.0,-0.9103,2.0,0.9407,1.0,,,-0.0607,61.0,0.2952,148.0
2026-01-12,Economic Data-Inflation,-0.8618,1.0,,,0.9447,1.0,,,0.0505,5.0,,,0.008,2.0,,,,,,,0.5298,27.0,,,,,0.1864,5.0,,,,,,,0.9379,1.0,,,-0.003,1.0,0.0054,1.0,,,,,,,,,,,,,,,,,-0.5893,8.0,-0.0082,60.0
2026-01-12,Economic Data-Interest Rates,,,0.0791,5.0,-0.0584,12.0,0.0611,6.0,-0.3219,7.0,,,,,0.0904,10.0,-0.2087,24.0,0.5357,2.0,0.1847,17.0,0.1139,3.0,,,0.602,1.0,0.5444,7.0,0.1138,1.0,-0.7015,1.0,-0.5719,2.0,,,0.0434,1.0,0.0983,3.0,,,,,-0.8846,1.0,0.0055,1.0,-0.3369,2.0,,,,,,,0.1251,22.0,-0.1403,187.0
2026-01-12,Economic Data-Manufacturing,0.9484,1.0,,,,,-0.911,1.0,0.5689,13.0,,,,,0.0142,6.0,0.0119,1.0,-0.6076,3.0,0.8748,11.0,,,0.0246,1.0,0.9458,1.0,,,,,,,,,,,,,,,0.0538,1.0,0.888,4.0,,,,,0.9477,3.0,0.647,6.0,,,,,0.2412,1.0,0.4003,9.0
2026-01-12,Economic Data-Retail Sales,,,,,0.0121,2.0,,,0.9531,1.0,,,,,-0.0087,3.0,0.0134,3.0,,,0.1177,4.0,,,,,-0.0257,5.0,,,0.0235,1.0,,,,,,,,,0.942,1.0,,,0.9498,1.0,,,,,,,,,,,,,-0.5674,4.0,0.5962,28.0
2026-01-12,Extreme Weather,-0.4457,16.0,-0.2114,13.0,0.0236,17.0,0.0599,15.0,0.1194,49.0,-0.0109,5.0,-0.1781,8.0,-0.1667,19.0,-0.3079,38.0,,,0.0523,43.0,-0.1276,9.0,-0.2386,24.0,-0.1964,13.0,-0.2004,5.0,0.1287,16.0,0.9032,1.0,-0.3047,1.0,0.6008,1.0,0.426,10.0,-0.3801,6.0,-0.0641,38.0,,,,,-0.2835,5.0,-0.0346,17.0,-0.0894,2.0,0.3405,3.0,-0.5137,10.0,-0.197,35.0,0.0074,143.0
2026-01-12,Extreme Weather-Cold,,,,,-0.1927,1.0,0.0682,4.0,-0.0561,11.0,-0.4378,2.0,-0.0454,1.0,,,-0.3414,42.0,-0.1336,1.0,-0.302,35.0,,,0.0025,1.0,-0.0717,14.0,-0.6756,3.0,-0.0553,5.0,,,,,-0.0022,1.0,-0.2534,2.0,-0.3699,3.0,-0.2099,17.0,0.9482,1.0,,,,,-0.1802,3.0,-0.5797,2.0,,,-0.6427,5.0,0.0044,16.0,-0.1684,50.0
2026-01-12,Extreme Weather-Drought,,,0.9102,1.0,-0.4315,2.0,-0.3956,4.0,0.0054,3.0,,,,,,,-0.0885,1.0,-0.0858,1.0,0.8631,2.0,,,,,,,0.611,1.0,-0.0091,4.0,,,,,,,0.0118,1.0,,,,,0.9014,1.0,-0.9081,6.0,-0.0404,2.0,-0.0068,1.0,0.029,1.0,,,,,-0.9078,1.0,-0.1546,25.0
2026-01-12,Extreme Weather-Heat,,,-0.5062,10.0,-0.0517,5.0,,,-0.6034,1.0,,,-0.0005,1.0,0.0062,1.0,0.8994,1.0,,,-0.415,2.0,,,-0.0305,3.0,0.9154,1.0,,,,,,,,,,,,,,,,,,,,,-0.3799,1.0,-0.0003,3.0,0.1513,1.0,0.0034,1.0,-0.0449,2.0,-0.3152,1.0,-0.0104,6.0
2026-01-12,Fiscal Policy,0.2475,5.0,0.0026,1.0,0.3561,11.0,0.0977,13.0,0.0163,50.0,,,0.1039,2.0,-0.1853,15.0,-0.1098,19.0,-0.4546,2.0,0.2394,46.0,0.0688,2.0,0.0225,1.0,-0.1911,8.0,,,0.1429,6.0,-0.0029,3.0,0.1595,12.0,0.079,7.0,-0.1693,5.0,0.0053,3.0,0.0817,4.0,,,0.294,3.0,0.385,2.0,0.0637,8.0,-0.2865,6.0,,,0.3082,19.0,0.0003,28.0,-0.0685,278.0
2026-01-12,Fiscal Policy-Stimulus Package,0.3677,1.0,,,0.0346,2.0,0.1763,8.0,0.5602,9.0,,,,,-0.0139,3.0,0.0974,6.0,0.0068,1.0,0.2488,21.0,,,,,-0.4994,1.0,-0.3201,2.0,0.2597,3.0,,,0.0189,5.0,-0.8789,21.0,0.6491,5.0,-0.0123,2.0,0.4388,2.0,,,,,-0.2979,4.0,-0.0076,1.0,,,0.5929,1.0,-0.2022,4.0,0.0482,25.0,-0.0206,53.0
2026-01-12,Monetary Policy,,,0.0017,3.0,0.0089,9.0,0.0335,1.0,0.0608,1.0,,,0.0162,1.0,0.1074,9.0,0.202,15.0,0.9499,1.0,0.3628,7.0,0.2202,1.0,0.0013,3.0,,,0.5444,7.0,,,-0.7015,1.0,,,,,,,-0.2384,4.0,,,,,-0.2745,4.0,0.0055,1.0,-0.9173,1.0,-0.1457,1.0,,,,,0.1595,18.0,-0.1733,145.0
2026-01-12,Monetary Policy-Interest Rates,,,-0.9175,1.0,,,,,-0.4983,5.0,,,,,0.0221,1.0,-0.114,2.0,,,-0.8799,1.0,,,,,,,,,0.1138,1.0,,,,,,,,,,,,,,,,,,,,,,,,,,,-0.4807,4.0,-0.3423,45.0
2026-01-12,Monetary Policy-Quantitative Easing,0.0022,2.0,0.9406,2.0,0.0144,1.0,,,0.5553,19.0,,,,,0.0041,2.0,0.0211,28.0,,,-0.1061,20.0,,,-0.2633,3.0,-0.5006,2.0,0.2468,8.0,-0.003,1.0,,,0.4771,2.0,,,-0.482,3.0,0.004,2.0,,,-0.9117,1.0,0.3913,1.0,0.3262,4.0,0.003,1.0,,,,,,,0.004,13.0,-0.0905,400.0
2026-01-12,Natural Disaster,-0.7317,2.0,-0.6905,9.0,-0.7649,3.0,-0.0139,2.0,0.1902,2.0,,,,,-0.5318,8.0,0.0148,1.0,,,0.0262,7.0,,,-0.1494,9.0,-0.287,3.0,,,0.2299,8.0,,,,,,,0.8536,6.0,,,-0.003,3.0,,,,,,,-0.4256,2.0,0.0015,1.0,,,,,-0.0128,3.0,-0.1261,30.0
2026-01-12,Oil Spills,,,,,,,0.8256,1.0,,,,,,,,,,,,,,,,,,,,,,,,,,,,,,,-0.0139,2.0,,,,,,,,,,,,,,,,,,,,,,
2026-01-12,Pandemic,-0.4612,5.0,-0.1711,25.0,-0.2108,16.0,-0.1259,24.0,-0.0292,58.0,0.0969,2.0,0.3164,6.0,-0.0322,61.0,-0.183,35.0,-0.2958,8.0,-0.1115,74.0,0.0036,4.0,-0.4799,26.0,-0.1735,16.0,0.2261,11.0,-0.0027,14.0,-0.4939,1.0,-0.2004,33.0,0.0638,10.0,-0.0415,14.0,-0.3011,8.0,-0.2395,8.0,0.0791,17.0,0.027,7.0,-0.2405,11.0,-0.2043,7.0,0.0087,5.0,-0.2988,4.0,-0.1613,38.0,-0.0854,122.0,-0.0075,501.0
2026-01-12,Politics,-0.0689,21.0,-0.0913,37.0,0.0218,59.0,-0.1693,48.0,0.2087,281.0,-0.2122,4.0,0.1002,18.0,-0.079,179.0,-0.0252,87.0,-0.2567,42.0,0.0797,352.0,-0.1375,59.0,-0.0697,38.0,-0.0105,66.0,-0.2758,29.0,0.1384,67.0,-0.3089,7.0,-0.1657,67.0,-0.2236,54.0,-0.0392,30.0,-0.071,17.0,-0.0991,131.0,0.0512,9.0,0.152,11.0,-0.1185,14.0,-0.0028,41.0,-0.0187,11.0,0.0151,10.0,0.0016,164.0,-0.0218,157.0,-0.1744,1847.0
2026-01-12,Politics-Election,,,,,0.0692,2.0,0.9327,1.0,,,,,0.0024,1.0,-0.2385,8.0,0.0025,1.0,,,0.1827,24.0,,,,,0.0273,18.0,0.4761,2.0,0.1055,4.0,,,,,,,-0.0026,1.0,,,,,,,,,,,-0.0445,8.0,,,,,,,0.2717,4.0,0.0869,51.0
2026-01-12,Politics-Political Tension,0.0343,1.0,-0.2613,3.0,,,-0.0681,7.0,0.1167,40.0,,,0.0242,1.0,-0.1427,16.0,-0.4167,14.0,0.0041,2.0,-0.0406,44.0,0.0419,8.0,0.2955,3.0,0.1941,8.0,-0.2035,4.0,0.2025,29.0,,,-0.195,4.0,0.2514,3.0,0.014,2.0,-0.1266,5.0,-0.0084,21.0,,,,,-0.8989,1.0,0.2274,4.0,-0.1347,8.0,-0.2916,3.0,-0.2716,41.0,-0.1615,29.0,-0.188,168.0
2026-01-12,Terrorist Attacks,,,0.0546,6.0,-0.8375,1.0,-0.356,18.0,-0.7836,4.0,,,-0.5202,1.0,,,-0.5031,9.0,,,-0.6024,13.0,-0.4636,7.0,-0.8241,3.0,,,,,-0.5361,11.0,-0.0051,2.0,-0.5811,21.0,-0.662,64.0,-0.4053,2.0,,,-0.2282,15.0,,,,,,,-0.4346,1.0,-0.8923,1.0,-0.564,9.0,-0.5187,7.0,-0.4109,19.0,-0.2871,200.0
2026-01-12,Wars,-0.0048,1.0,0.4769,10.0,0.0388,1.0,-0.0974,2.0,0.1057,55.0,-0.7771,2.0,0.0063,1.0,0.1654,17.0,0.1087,21.0,-0.1451,8.0,0.3773,46.0,-0.0483,42.0,0.04,4.0,0.3195,18.0,-0.31,9.0,0.0519,7.0,,,0.0573,6.0,-0.1571,30.0,0.0104,6.0,0.0187,11.0,-0.1721,234.0,0.2622,14.0,,,0.0112,2.0,-0.0003,1.0,0.01,1.0,0.2279,19.0,-0.1244,242.0,-0.1892,55.0,-0.0636,106.0
2026-01-11,Economic Data,0.7092,4.0,0.0075,6.0,-0.4046,3.0,0.323,2.0,0.1487,44.0,,,-0.5402,5.0,0.0086,4.0,-0.1544,5.0,,,-0.075,17.0,,,-0.0246,2.0,0.389,6.0,0.2298,10.0,0.4496,3.0,-0.4478,3.0,,,-0.9119,1.0,-0.2924,7.0,-0.0646,2.0,-0.0777,7.0,0.7654,8.0,0.9396,2.0,0.5795,1.0,0.192,7.0,0.424,8.0,,,-0.3511,6.0,-0.0716,25.0,0.1836,112.0
2026-01-11,Economic Data-Consumer Spending,,,,,,,,,0.4608,3.0,,,,,,,0.7531,1.0,,,,,,,,,,,,,,,,,,,,,,,,,,,,,,,,,,,,,,,,,,,,
2026-01-11,Economic Data-Employment,,,,,0.9496,1.0,0.143,1.0,-0.1037,9.0,,,,,,,0.183,1.0,,,-0.1412,1.0,,,,,,,,,,,,,,,,,0.3412,4.0,,,,,0.2016,1.0,0.161,2.0,,,-0.012,2.0,-0.4714,1.0,,,,,0.4137,4.0,-0.0763,24.0
2026-01-11,Economic Data-GDP,,,,,,,,,-0.4029,2.0,,,,,,,-0.4628,3.0,,,0.5292,3.0,,,,,,,-0.9188,1.0,0.0123,1.0,,,,,,,0.9405,1.0,,,-0.0663,2.0,,,,,,,,,-0.6909,10.0,,,,,-0.0266,1.0,0.5667,3.0
2026-01-11,Economic Data-Housing,0.9452,1.0,0.2006,2.0,,,0.005,3.0,-0.4673,2.0,,,,,,,,,,,0.9488,1.0,0.0192,1.0,-0.0752,1.0,,,-0.3434,1.0,,,,,,,,,,,,,0.6631,2.0,0.2763,7.0,0.9335,1.0,0.0649,3.0,,,0.044,1.0,,,,,0.1008,23.0,0.1905,28.0
2026-01-11,Economic Data-Inflation,0.6151,1.0,,,,,,,,,,,,,,,,,,,,,,,,,,,,,,,,,,,0.4705,4.0,,,,,,,,,,,,,,,,,,,,,0.9395,1.0,0.1321,8.0
2026-01-11,Economic Data-Interest Rates,,,,,,,,,,,,,,,0.0029,3.0,0.1492,2.0,,,0.0238,3.0,0.3414,2.0,,,-0.0027,4.0,,,,,,,,,,,,,,,,,0.4003,5.0,,,,,-0.0359,1.0,,,,,,,0.0107,3.0,-0.1473,11.0
2026-01-11,Economic Data-Manufacturing,,,,,,,,,-0.3214,3.0,,,,,,,0.0094,1.0,,,0.9328,2.0,,,,,,,,,,,0.9464,1.0,,,,,0.0221,1.0,,,,,0.9481,3.0,,,,,,,,,,,,,,,0.1674,4.0
2026-01-11,Economic Data-Retail Sales,,,0.0109,1.0,,,,,0.4878,2.0,,,,,,,,,,,,,,,,,,,,,0.0239,1.0,,,0.1599,1.0,,,,,,,,,,,,,,,,,,,,,,,-0.1573,3.0,0.4692,2.0
2026-01-11,Extreme Weather,-0.3412,9.0,-0.5442,44.0,-0.1522,15.0,-0.1787,24.0,0.1861,27.0,,,0.018,11.0,-0.5448,28.0,-0.1879,27.0,,,-0.1795,31.0,-0.7447,1.0,0.127,6.0,-0.1979,16.0,-0.9051,4.0,0.0254,26.0,,,,,-0.7804,2.0,-0.2408,14.0,-0.9089,2.0,-0.2454,22.0,0.0221,2.0,,,-0.2849,4.0,-0.0412,23.0,,,-0.6054,3.0,-0.3339,26.0,-0.1543,57.0,-0.0871,111.0
2026-01-11,Extreme Weather-Cold,,,,,,,-0.7331,5.0,-0.1396,5.0,-0.9075,1.0,,,-0.7101,1.0,-0.2044,38.0,-0.3314,3.0,-0.246,30.0,,,-0.743,4.0,0.0148,14.0,0.0984,3.0,-0.4309,7.0,,,,,,,-0.4352,2.0,-0.437,5.0,-0.1331,9.0,0.3218,1.0,,,,,-0.4572,2.0,,,,,-0.7172,6.0,-0.2858,19.0,0.0097,23.0
2026-01-11,Extreme Weather-Drought,,,,,,,0.1689,4.0,,,,,,,0.1648,1.0,,,,,0.5832,7.0,,,,,,,,,0.9398,1.0,,,,,,,-0.0903,2.0,,,,,,,-0.8173,3.0,0.1059,1.0,0.9144,1.0,0.3726,1.0,-0.3942,1.0,,,0.0121,2.0,0.0723,8.0
2026-01-11,Extreme Weather-Heat,0.8559,1.0,-0.4131,4.0,,,0.1202,1.0,-0.0288,2.0,,,,,,,-0.4457,2.0,,,-0.4268,4.0,,,0.0003,1.0,,,-0.0027,1.0,,,,,,,,,,,,,,,,,,,-0.1743,2.0,0.0156,8.0,,,,,0.0014,4.0,-0.9043,1.0,0.3685,14.0
2026-01-11,Fiscal Policy,0.945,1.0,-0.9169,1.0,0.1265,1.0,0.2128,5.0,0.4965,5.0,,,0.9467,1.0,-0.2359,4.0,-0.1996,4.0,,,0.1581,34.0,,,,,0.0005,2.0,0.3427,1.0,0.0013,5.0,,,0.001,1.0,0.4587,2.0,-0.0042,4.0,0.0365,1.0,-0.5663,4.0,,,,,-0.0684,4.0,-0.4433,3.0,,,,,-0.9156,1.0,0.1349,8.0,0.0513,48.0
2026-01-11,Fiscal Policy-Stimulus Package,,,-0.3624,1.0,,,0.5267,1.0,-0.0472,1.0,,,,,-0.1607,4.0,,,,,0.1683,5.0,,,0.0088,1.0,,,,,0.0091,1.0,,,,,0.0306,3.0,,,,,,,,,,,,,0.102,1.0,,,,,-0.9059,1.0,0.2343,6.0,-0.0826,21.0
2026-01-11,Monetary Policy,,,0.4051,1.0,,,,,,,,,0.0105,1.0,0.0012,2.0,0.8849,3.0,,,0.0465,1.0,0.3414,2.0,,,-0.0027,4.0,,,,,,,,,,,,,,,,,0.3847,4.0,,,,,,,,,,,,,,,0.1332,6.0
2026-01-11,Monetary Policy-Interest Rates,,,,,,,,,,,,,,,0.0063,1.0,0.2892,1.0,,,,,,,,,,,-0.9075,1.0,,,,,,,,,,,,,,,,,,,,,,,,,,,,,0.0143,2.0,-0.4242,3.0
2026-01-11,Monetary Policy-Quantitative Easing,,,,,,,,,0.941,5.0,,,,,,,0.4964,1.0,,,,,,,,,0.9229,1.0,,,,,,,,,,,,,,,,,0.4251,3.0,,,,,,,,,0.2781,1.0,,,,,-0.0854,18.0
2026-01-11,Natural Disaster,-0.8966,1.0,-0.6207,40.0,,,-0.174,13.0,,,,,,,-0.7295,45.0,-0.9146,1.0,,,,,,,,,-0.1873,11.0,,,0.0501,12.0,,,,,,,-0.4863,8.0,,,-0.0023,1.0,,,,,,,-0.7192,1.0,,,,,-0.0069,1.0,-0.3401,3.0,-0.1406,17.0
2026-01-11,Oil Spills,,,,,,,,,,,,,,,,,,,,,,,,,,,,,,,,,,,,,,,,,,,,,,,,,,,,,,,,,,,,,0.0061,2.0
2026-01-11,Pandemic,-0.7806,1.0,0.1263,2.0,-0.0122,10.0,-0.0225,32.0,-0.2707,40.0,,,0.3189,5.0,-0.3673,22.0,-0.1824,73.0,,,0.0316,34.0,0.0032,3.0,-0.2236,13.0,-0.0563,2.0,-0.3238,5.0,0.0818,11.0,0.066,1.0,-0.4414,5.0,-0.867,1.0,-0.0503,6.0,-0.1446,3.0,-0.1368,10.0,0.103,5.0,,,-0.2942,4.0,-0.0924,2.0,-0.3466,2.0,-0.4338,6.0,-0.3214,27.0,-0.1996,26.0,-0.0578,273.0
2026-01-11,Politics,0.4066,10.0,0.0052,12.0,0.0321,3.0,0.1205,17.0,-0.1025,69.0,-0.4071,3.0,0.3347,8.0,-0.1939,66.0,0.0068,45.0,0.0046,2.0,-0.0806,188.0,-0.2764,126.0,-0.1414,10.0,-0.0748,49.0,-0.0484,13.0,0.0685,32.0,-0.3864,10.0,-0.0613,4.0,-0.3022,23.0,-0.0414,15.0,-0.0392,4.0,-0.0339,61.0,0.1896,18.0,-0.287,5.0,0.2182,4.0,-0.2202,22.0,-0.0151,6.0,-0.2959,12.0,-0.0715,68.0,-0.1515,71.0,-0.0729,622.0
2026-01-11,Politics-Election,,,,,0.0065,1.0,,,,,,,0.3083,2.0,-0.0085,12.0,0.2726,3.0,0.0184,4.0,0.0815,16.0,,,-0.0794,1.0,0.0165,32.0,,,,,,,,,,,,,,,,,,,,,,,,,,,,,0.0064,1.0,0.181,5.0,-0.1697,7.0
2026-01-11,Politics-Political Tension,,,,,,,-0.4076,2.0,-0.0848,7.0,,,-0.4476,2.0,-0.2058,6.0,-0.1171,7.0,,,-0.3327,19.0,-0.455,7.0,,,0.0029,2.0,0.0724,2.0,-0.0536,5.0,,,,,-0.2263,6.0,-0.3262,1.0,,,0.0048,23.0,-0.0086,3.0,0.0029,1.0,-0.9081,1.0,-0.026,3.0,,,,,-0.1427,12.0,-0.1238,8.0,-0.0217,72.0
2026-01-11,Terrorist Attacks,-0.604,1.0,-0.2823,4.0,,,-0.4607,13.0,-0.8197,2.0,,,,,-0.4153,1.0,-0.2108,10.0,-0.0178,2.0,-0.5053,14.0,,,-0.8313,2.0,,,,,-0.6021,7.0,,,-0.7793,1.0,-0.7401,58.0,-0.4215,3.0,0.0111,2.0,-0.8773,3.0,,,,,-0.8335,1.0,-0.5147,2.0,,,-0.682,9.0,-0.7515,1.0,-0.3492,5.0,-0.3937,266.0
2026-01-11,Wars,,,,,0.0097,1.0,0.0056,2.0,-0.0074,29.0,-0.4071,3.0,0.009,2.0,0.134,11.0,-0.2835,34.0,,,-0.1029,15.0,-0.0336,54.0,0.0073,1.0,0.0391,16.0,-0.1872,23.0,-0.0654,10.0,,,-0.0356,1.0,-0.1858,18.0,-0.0177,1.0,,,-0.033,156.0,0.1925,12.0,,,0.1704,1.0,-0.0345,1.0,,,0.3245,3.0,-0.0844,175.0,-0.1101,38.0,0.0144,127.0
2026-01-10,Economic Data,0.9372,1.0,0.3535,1.0,0.4279,6.0,0.4134,8.0,0.0588,38.0,0.4276,4.0,0.0221,3.0,0.0228,11.0,-0.1012,20.0,,,0.2449,38.0,-0.2913,2.0,-0.003,1.0,0.0201,14.0,0.9135,3.0,0.1352,12.0,-0.0144,1.0,0.0212,1.0,-0.9088,1.0,0.0103,7.0,,,-0.1983,11.0,0.9339,1.0,0.0028,1.0,0.1412,1.0,0.3789,5.0,-0.0917,3.0,,,,,-0.0745,11.0,0.0813,161.0
2026-01-10,Economic Data-Consumer Spending,-0.8945,1.0,,,,,,,0.0785,1.0,,,,,,,,,,,,,,,,,,,,,,,,,,,,,,,,,,,,,,,,,,,,,,,,,,,0.4756,5.0
2026-01-10,Economic Data-Employment,,,,,,,-0.2704,7.0,0.6868,2.0,,,,,0.0205,1.0,0.255,1.0,,,-0.2084,6.0,,,-0.6932,1.0,0.1474,3.0,,,,,,,-0.8249,1.0,-0.5621,1.0,0.0094,3.0,,,,,,,,,0.023,1.0,0.8984,1.0,,,,,,,0.0143,1.0,-0.2626,56.0
2026-01-10,Economic Data-GDP,,,,,,,,,,,,,0.9306,1.0,0.4318,2.0,-0.9143,1.0,,,0.6299,3.0,,,,,0.0073,1.0,,,,,,,-0.427,2.0,,,0.1761,1.0,,,,,,,,,,,,,,,,,,,,,0.0236,2.0
2026-01-10,Economic Data-Housing,0.848,1.0,0.0153,2.0,,,0.135,8.0,0.0115,3.0,0.0199,1.0,0.5171,1.0,-0.0333,3.0,-0.8769,1.0,,,0.4579,4.0,,,-0.0389,2.0,-0.221,5.0,,,,,,,,,,,,,,,,,0.0033,2.0,0.4629,2.0,0.86,1.0,0.0074,4.0,,,0.1863,2.0,0.0234,2.0,0.0396,17.0,0.0942,35.0
2026-01-10,Economic Data-Inflation,,,,,0.6032,1.0,,,0.5415,3.0,,,0.4383,5.0,-0.6185,1.0,,,,,,,,,,,,,,,,,,,,,,,,,,,,,,,,,,,,,,,,,,,,,0.0231,8.0
2026-01-10,Economic Data-Interest Rates,-0.3181,2.0,,,-0.8715,1.0,0.0018,1.0,0.1762,8.0,,,0.9035,1.0,-0.1057,2.0,0.9254,1.0,,,0.9417,1.0,,,,,0.6251,3.0,0.0044,1.0,,,,,,,,,0.8504,1.0,,,,,,,,,0.1526,2.0,,,,,,,,,-0.1287,5.0,-0.1886,38.0
2026-01-10,Economic Data-Manufacturing,,,,,,,,,0.3764,8.0,,,,,0.0765,1.0,0.9085,1.0,,,,,,,,,0.0188,1.0,,,0.0336,1.0,,,0.9044,1.0,,,,,,,,,,,,,,,,,,,,,,,0.4406,1.0,-0.9037,1.0
2026-01-10,Economic Data-Retail Sales,,,,,,,,,0.0029,1.0,,,,,,,-0.657,1.0,,,,,,,,,,,,,0.046,1.0,,,,,,,,,,,,,,,,,0.0084,1.0,,,,,,,,,-0.2679,2.0,0.5833,7.0
2026-01-10,Extreme Weather,-0.3101,11.0,-0.4626,77.0,-0.2159,13.0,-0.4098,36.0,-0.4213,32.0,-0.8955,3.0,-0.9112,2.0,-0.5224,35.0,-0.1792,56.0,,,-0.3374,32.0,-0.3239,3.0,-0.2621,18.0,0.2853,6.0,-0.3154,5.0,0.1143,23.0,,,,,,,-0.3286,22.0,-0.0013,1.0,-0.3452,31.0,0.4166,3.0,-0.866,3.0,-0.2046,4.0,-0.0687,20.0,-0.0008,1.0,-0.9121,3.0,-0.4868,14.0,-0.2486,54.0,-0.1085,121.0
2026-01-10,Extreme Weather-Cold,,,,,-0.5821,2.0,-0.3904,6.0,0.0112,12.0,,,,,-0.1255,3.0,-0.1546,41.0,0.0005,2.0,-0.0442,30.0,,,-0.8517,1.0,-0.9118,1.0,,,-0.1888,5.0,,,,,,,-0.3312,2.0,0.009,5.0,-0.211,13.0,,,,,0.0007,1.0,-0.2401,1.0,-0.0029,1.0,,,-0.4464,7.0,-0.1242,34.0,0.0118,32.0
2026-01-10,Extreme Weather-Drought,-0.0015,1.0,-0.091,1.0,,,0.0112,5.0,0.5844,2.0,,,0.0493,1.0,0.0333,1.0,-0.3823,5.0,,,-0.4481,2.0,,,,,0.8403,1.0,,,-0.4683,2.0,,,,,,,0.1575,3.0,,,,,,,,,-0.5854,1.0,0.4717,1.0,,,-0.9113,4.0,,,-0.2878,5.0,-0.0737,19.0
2026-01-10,Extreme Weather-Heat,,,-0.2392,13.0,0.002,2.0,0.0011,4.0,-0.3217,3.0,,,,,,,,,,,-0.3016,3.0,,,-0.5977,4.0,-0.0013,1.0,,,0.6338,3.0,,,,,,,,,,,0.6194,3.0,-0.0015,1.0,,,-0.0435,3.0,-0.0032,5.0,,,0.0045,1.0,,,0.0058,2.0,0.4057,5.0
2026-01-10,Fiscal Policy,0.4632,6.0,,,0.7109,4.0,0.3069,6.0,-0.1306,4.0,0.3607,1.0,-0.2276,3.0,-0.6741,13.0,0.0912,5.0,,,0.0061,24.0,,,0.0067,3.0,0.0103,1.0,-0.006,2.0,0.3169,3.0,-0.001,1.0,0.0213,1.0,0.11,4.0,-0.2016,3.0,,,0.0361,12.0,,,0.0051,2.0,0.9176,1.0,-0.1535,3.0,0.8452,1.0,,,0.2503,21.0,-0.1285,20.0,-0.0312,78.0
2026-01-10,Fiscal Policy-Stimulus Package,0.8804,1.0,,,,,-0.371,4.0,0.0172,2.0,,,0.0386,3.0,-0.6909,6.0,,,,,0.0783,11.0,,,,,,,,,0.3914,4.0,,,-0.0356,2.0,,,-0.4468,2.0,,,,,,,,,-0.3715,2.0,0.0032,1.0,,,,,0.1559,3.0,0.0044,4.0,-0.3075,53.0
2026-01-10,Monetary Policy,-0.6341,1.0,-0.0132,1.0,-0.8715,1.0,0.0018,1.0,0.8977,2.0,,,0.9035,1.0,-0.3524,3.0,0.9254,1.0,,,0.9417,1.0,,,0.0027,1.0,-0.0015,1.0,,,,,,,,,,,0.8504,1.0,,,,,,,,,0.1526,2.0,,,,,,,,,0.0805,2.0,-0.2038,19.0
2026-01-10,Monetary Policy-Interest Rates,,,,,,,,,-0.0176,5.0,,,,,,,,,,,,,,,-0.003,1.0,,,,,,,,,,,,,,,,,,,,,,,,,,,,,,,,,0.0651,1.0,0.1459,10.0
2026-01-10,Monetary Policy-Quantitative Easing,,,,,,,,,0.3988,5.0,-0.8391,1.0,,,-0.0042,1.0,0.4847,3.0,,,,,,,,,,,,,,,,,,,,,,,,,,,,,0.0366,2.0,,,,,,,,,,,0.5784,3.0,0.1956,30.0
2026-01-10,Natural Disaster,,,-0.669,45.0,,,-0.7179,24.0,-0.7841,1.0,,,,,-0.736,34.0,,,,,-0.6427,2.0,,,-0.4361,15.0,0.1529,3.0,,,0.0365,8.0,,,,,,,-0.4197,18.0,,,-0.0013,4.0,,,,,,,,,,,-0.9121,3.0,,,-0.8997,6.0,-0.4895,11.0
2026-01-10,Oil Spills,,,,,,,,,,,,,,,,,,,,,,,,,,,,,,,,,,,,,,,,,,,,,,,,,,,,,,,,,,,,,0.0424,2.0
2026-01-10,Pandemic,-0.5196,11.0,-0.3091,7.0,-0.1333,8.0,-0.2268,13.0,-0.0625,24.0,0.165,4.0,-0.3557,4.0,-0.4501,24.0,-0.2125,19.0,,,0.1732,35.0,0.0037,1.0,-0.3634,5.0,-0.0602,2.0,-0.0221,5.0,-0.1747,17.0,0.004,1.0,-0.579,9.0,-0.4069,7.0,0.2203,5.0,-0.0134,2.0,-0.0649,13.0,0.0053,3.0,-0.0403,2.0,-0.1375,1.0,-0.1029,10.0,,,0.0024,2.0,-0.3002,8.0,-0.2022,27.0,-0.1629,210.0
2026-01-10,Politics,0.1578,11.0,-0.4637,35.0,0.093,17.0,-0.0704,35.0,0.0317,60.0,0.3607,1.0,0.102,15.0,-0.1612,108.0,-0.2077,41.0,0.0305,11.0,-0.0002,197.0,-0.1373,21.0,0.1765,14.0,-0.0514,23.0,-0.4446,9.0,-0.0306,24.0,-0.001,1.0,-0.0429,18.0,-0.2303,25.0,-0.1397,21.0,-0.1841,6.0,-0.0372,160.0,0.0022,4.0,0.1557,6.0,-0.2375,20.0,0.0375,30.0,0.2623,6.0,0.1214,7.0,0.0245,103.0,-0.188,74.0,-0.1173,647.0
2026-01-10,Politics-Election,,,,,,,,,,,,,0.3647,12.0,0.0236,16.0,0.0091,2.0,-0.0272,6.0,-0.0035,11.0,,,,,0.0389,16.0,,,,,,,0.0071,1.0,,,,,,,,,,,,,-0.9063,1.0,,,,,,,,,0.0077,1.0,0.0034,18.0
2026-01-10,Politics-Political Tension,-0.0032,1.0,,,-0.0488,2.0,,,0.0345,6.0,,,0.0134,3.0,-0.1786,21.0,-0.0725,7.0,,,-0.149,7.0,-0.2329,6.0,-0.0032,3.0,0.0492,4.0,,,0.009,2.0,,,0.0338,3.0,-0.0169,2.0,-0.014,3.0,,,0.1276,14.0,0.8624,1.0,0.77,1.0,-0.0283,1.0,,,0.1546,1.0,,,-0.0447,18.0,-0.0054,6.0,-0.0504,85.0
2026-01-10,Terrorist Attacks,-0.1156,1.0,-0.0122,2.0,,,-0.0879,6.0,,,,,,,-0.3896,1.0,-0.3069,8.0,,,-0.4969,9.0,,,,,,,,,-0.5767,5.0,,,-0.2908,4.0,-0.5743,8.0,-0.844,4.0,,,,,,,,,-0.1606,3.0,-0.3909,5.0,-0.6125,1.0,-0.4073,8.0,-0.356,5.0,-0.3577,5.0,-0.2814,469.0
2026-01-10,Wars,-0.0043,1.0,,,,,,,0.1591,19.0,-0.5338,2.0,0.1397,5.0,-0.1606,12.0,0.0669,13.0,0.2834,1.0,-0.0506,9.0,-0.022,22.0,-0.0641,5.0,0.4853,10.0,-0.109,11.0,0.0295,3.0,,,0.0691,5.0,0.0366,40.0,-0.1316,9.0,,,-0.0896,175.0,0.0725,14.0,,,0.1454,12.0,0.0195,2.0,-0.5191,4.0,0.0387,6.0,-0.226,168.0,0.4155,6.0,-0.0088,112.0
2026-01-09,Economic Data,0.3446,13.0,0.6431,10.0,0.1028,33.0,0.2037,18.0,0.174,282.0,0.5159,4.0,0.6028,4.0,0.0058,51.0,0.1747,67.0,,,0.3216,43.0,0.6229,4.0,0.1288,8.0,0.0887,52.0,0.3842,17.0,0.2279,12.0,0.0032,2.0,0.9482,1.0,-0.0526,4.0,0.326,18.0,0.0155,5.0,-0.0396,6.0,-0.3014,4.0,0.483,3.0,-0.0736,5.0,0.2131,30.0,0.5401,30.0,0.4575,8.0,-0.1734,4.0,-0.0877,63.0,0.0431,650.0
2026-01-09,Economic Data-Consumer Spending,,,,,,,,,0.8894,2.0,,,,,-0.7582,8.0,,,,,0.943,1.0,,,0.9261,1.0,0.5444,17.0,,,,,,,,,,,,,,,,,,,,,,,,,,,,,,,-0.9209,1.0,0.3373,17.0
2026-01-09,Economic Data-Employment,,,0.6708,1.0,0.4729,2.0,0.047,58.0,0.0171,3.0,0.9202,3.0,,,0.0201,1.0,,,,,0.0913,9.0,,,-0.8942,1.0,0.0046,1.0,-0.4403,1.0,0.01,4.0,,,,,,,0.155,2.0,-0.879,1.0,,,,,0.8266,3.0,,,-0.4604,2.0,-0.8746,1.0,,,,,-0.0084,8.0,-0.022,610.0
2026-01-09,Economic Data-GDP,,,,,0.9475,1.0,0.0082,2.0,-0.3088,9.0,,,,,0.0017,2.0,0.0616,13.0,,,0.7093,6.0,,,0.4135,1.0,0.2343,4.0,0.9449,7.0,0.6987,4.0,,,,,,,0.3281,5.0,,,-0.8369,7.0,,,,,0.9362,1.0,-0.0181,1.0,-0.0901,1.0,0.8532,1.0,,,0.8536,4.0,0.0006,6.0
2026-01-09,Economic Data-Housing,0.0009,2.0,0.0721,1.0,0.4327,3.0,0.2603,12.0,0.0161,18.0,,,-0.4243,2.0,0.1345,2.0,0.6255,3.0,,,0.6667,12.0,,,0.0263,1.0,-0.5658,16.0,-0.0427,4.0,0.0409,3.0,0.4447,3.0,,,,,,,0.7378,1.0,,,,,0.2576,2.0,,,,,,,0.3755,1.0,0.0705,3.0,0.2592,25.0,0.0818,158.0
2026-01-09,Economic Data-Inflation,0.7758,2.0,,,0.0046,5.0,,,0.4082,98.0,,,,,,,,,,,0.9436,1.0,,,,,0.0008,3.0,,,-0.914,3.0,,,,,,,0.8755,1.0,0.0054,1.0,,,,,,,0.0906,2.0,,,,,,,-0.8575,1.0,-0.0013,1.0,0.1161,52.0
2026-01-09,Economic Data-Interest Rates,-0.0454,3.0,0.0014,1.0,0.107,13.0,-0.1802,18.0,0.3842,17.0,,,-0.7173,1.0,0.2272,5.0,-0.2519,4.0,,,-0.1356,16.0,,,0.0079,5.0,0.5748,12.0,,,0.0057,5.0,0.0019,1.0,,,,,0.8531,3.0,-0.9056,1.0,,,0.3276,1.0,,,,,0.0709,3.0,0.0014,1.0,0.0981,2.0,-0.6835,1.0,0.2767,17.0,0.0257,167.0
2026-01-09,Economic Data-Manufacturing,-0.9179,1.0,,,,,,,0.1115,33.0,,,,,-0.1781,5.0,0.1892,56.0,,,,,0.8656,1.0,-0.9172,1.0,0.4661,2.0,,,0.2086,3.0,,,,,0.0054,1.0,-0.9239,3.0,,,,,,,0.9383,1.0,-0.4548,4.0,0.7084,14.0,0.2112,8.0,0.9403,2.0,,,0.8043,1.0,-0.2991,4.0
2026-01-09,Economic Data-Retail Sales,,,,,,,0.945,1.0,0.4193,12.0,,,,,0.4361,3.0,,,0.3217,3.0,0.0174,1.0,,,0.8224,9.0,,,,,,,,,,,,,,,,,,,,,,,,,,,,,,,,,0.1377,15.0,0.2352,63.0
2026-01-09,Extreme Weather,0.1291,4.0,-0.4036,33.0,-0.1049,16.0,-0.2678,51.0,0.1793,36.0,-0.4532,4.0,0.1463,2.0,-0.5843,99.0,-0.294,113.0,0.0109,5.0,-0.3325,35.0,-0.6128,6.0,-0.355,14.0,-0.2795,15.0,0.0303,1.0,0.1851,11.0,0.0109,2.0,,,-0.4267,2.0,-0.2862,23.0,-0.038,3.0,-0.3968,37.0,,,,,-0.3044,4.0,-0.0946,30.0,-0.3184,1.0,-0.7408,11.0,-0.4507,5.0,-0.3279,143.0,-0.1635,251.0
2026-01-09,Extreme Weather-Cold,,,,,,,0.6106,1.0,-0.2793,14.0,-0.3397,1.0,,,-0.4323,6.0,-0.4106,57.0,-0.4601,3.0,-0.2529,24.0,,,-0.1597,4.0,-0.3031,3.0,,,-0.4351,7.0,,,,,,,-0.4082,5.0,-0.1865,2.0,-0.069,9.0,,,,,,,-0.8905,1.0,0.0487,3.0,,,,,-0.068,86.0,-0.0902,32.0
2026-01-09,Extreme Weather-Drought,0.007,2.0,,,-0.913,1.0,-0.5482,3.0,0.4814,3.0,,,0.2129,1.0,,,,,,,-0.0098,15.0,,,0.9387,1.0,,,,,,,-0.8223,1.0,,,,,,,,,0.68,1.0,0.0086,1.0,,,0.3133,5.0,0.1958,4.0,,,,,0.8836,1.0,-0.408,3.0,0.1294,21.0
2026-01-09,Extreme Weather-Heat,,,-0.5714,25.0,0.8776,3.0,-0.4527,10.0,0.0102,2.0,,,,,0.0252,1.0,,,,,-0.2801,5.0,,,,,,,0.0077,1.0,,,,,,,,,0.0026,1.0,,,,,,,-0.0008,4.0,0.0103,1.0,0.1932,5.0,0.0024,1.0,-0.0022,1.0,-0.0145,2.0,0.0053,5.0,-0.0778,17.0
2026-01-09,Fiscal Policy,0.4152,14.0,0.2315,5.0,-0.0399,20.0,0.3111,10.0,0.1242,45.0,0.6984,2.0,,,0.0582,43.0,0.1127,10.0,,,0.2255,40.0,,,0.6099,18.0,0.2094,6.0,0.4943,13.0,0.1455,8.0,,,0.1038,7.0,0.1035,3.0,0.1794,4.0,0.1038,8.0,0.0236,7.0,,,-0.0112,3.0,,,0.1451,36.0,0.2746,3.0,0.4381,5.0,-0.0009,5.0,-0.0897,31.0,0.0123,260.0
2026-01-09,Fiscal Policy-Stimulus Package,0.9346,2.0,0.2124,4.0,,,-0.4879,6.0,0.3587,8.0,,,,,0.0445,6.0,-0.0856,2.0,,,0.0218,13.0,,,0.4776,3.0,,,0.4327,2.0,0.2717,4.0,,,0.0471,5.0,-0.9187,1.0,-0.1019,4.0,,,,,,,,,-0.026,1.0,-0.5287,5.0,0.0477,1.0,0.0007,2.0,0.0014,2.0,-0.0558,26.0,-0.0055,129.0
2026-01-09,Monetary Policy,0.0612,3.0,0.0014,1.0,0.0406,10.0,-0.468,2.0,0.4662,5.0,,,-0.7173,1.0,0.5771,9.0,-0.2519,4.0,,,0.1383,13.0,,,0.0434,6.0,0.5338,12.0,,,0.0057,5.0,0.0019,1.0,,,,,0.8658,4.0,-0.4521,3.0,,,0.1651,2.0,,,,,0.2364,10.0,,,0.0981,2.0,-0.6835,1.0,0.0726,23.0,-0.1297,112.0
2026-01-09,Monetary Policy-Interest Rates,,,0.8387,1.0,-0.5421,3.0,,,,,,,,,,,,,,,0.0089,1.0,,,,,-0.0009,1.0,,,,,,,,,,,0.8526,1.0,-0.8719,1.0,,,,,,,,,,,0.0014,1.0,,,,,,,0.0703,32.0
2026-01-09,Monetary Policy-Quantitative Easing,0.2354,4.0,,,0.0769,3.0,0.0039,3.0,0.0156,14.0,-0.3526,5.0,,,-0.7085,1.0,0.5151,15.0,,,-0.2987,10.0,,,-0.0277,3.0,0.4276,8.0,0.2285,29.0,0.0073,1.0,,,0.4736,2.0,,,0.3457,2.0,0.0378,2.0,,,-0.29,3.0,,,,,0.0044,1.0,0.0733,1.0,0.0678,1.0,,,0.0076,28.0,0.0972,73.0
2026-01-09,Natural Disaster,,,-0.4268,15.0,,,-0.6625,31.0,,,,,,,-0.7269,36.0,-0.8934,2.0,,,-0.4284,3.0,-0.8829,4.0,,,-0.4685,7.0,,,0.2805,6.0,0.0109,2.0,,,,,-0.3334,12.0,,,,,,,,,,,-0.5929,3.0,,,-0.9011,3.0,,,-0.6006,22.0,-0.3259,10.0
2026-01-09,Oil Spills,,,,,,,-0.863,1.0,,,,,,,,,,,,,,,,,,,,,,,,,,,0.0022,1.0,,,,,,,,,,,,,,,,,,,,,,,,,-0.0006,2.0
2026-01-09,Pandemic,0.1634,5.0,0.1661,10.0,-0.2268,10.0,0.0226,47.0,0.0081,62.0,0.0091,2.0,-0.2578,5.0,-0.2663,27.0,-0.2098,43.0,0.0315,1.0,-0.2099,76.0,0.0075,1.0,-0.1411,13.0,-0.096,11.0,0.081,10.0,-0.029,22.0,-0.1027,1.0,-0.0569,9.0,-0.0086,10.0,-0.1605,13.0,0.7075,4.0,-0.3242,18.0,-0.0115,3.0,-0.5182,10.0,-0.0227,4.0,0.1142,18.0,0.003,3.0,-0.4087,3.0,-0.1739,12.0,-0.2172,92.0,-0.0512,473.0
2026-01-09,Politics,0.3249,60.0,0.054,17.0,-0.0255,61.0,-0.0663,48.0,0.0283,175.0,0.3843,3.0,-0.0157,4.0,-0.0847,220.0,0.0172,75.0,0.0213,39.0,-0.085,255.0,-0.0815,35.0,0.1391,83.0,-0.037,52.0,-0.0852,62.0,0.0227,88.0,,,0.0045,37.0,-0.1746,38.0,0.0425,50.0,0.0483,35.0,-0.0555,189.0,-0.0044,13.0,-0.0758,13.0,-0.1227,9.0,-0.0165,71.0,0.0771,12.0,0.1304,19.0,0.0241,124.0,-0.188,131.0,-0.0562,1415.0
2026-01-09,Politics-Election,,,,,,,,,,,,,,,0.0362,5.0,,,0.0241,2.0,0.2246,13.0,,,0.2999,4.0,0.0074,45.0,,,-0.0349,3.0,,,0.0031,3.0,,,,,,,,,,,,,,,0.0022,1.0,0.9325,1.0,,,,,-0.2766,3.0,-0.0443,16.0
2026-01-09,Politics-Political Tension,-0.0648,1.0,-0.0133,2.0,-0.3051,12.0,0.1917,2.0,-0.2544,21.0,-0.717,1.0,-0.0062,2.0,-0.0264,83.0,0.0066,7.0,-0.0274,4.0,-0.091,63.0,0.3205,4.0,-0.0426,9.0,-0.1792,4.0,-0.0006,2.0,0.0534,11.0,,,-0.146,4.0,,,-0.4374,29.0,0.0223,5.0,-0.0264,28.0,-0.0859,10.0,,,-0.7972,4.0,-0.0887,10.0,-0.3199,6.0,-0.2111,2.0,-0.0887,30.0,-0.105,19.0,-0.0753,130.0
2026-01-09,Terrorist Attacks,-0.0236,2.0,-0.7179,1.0,-0.6201,4.0,-0.3152,8.0,-0.8592,1.0,,,-0.6334,1.0,-0.8319,7.0,-0.5693,8.0,-0.1222,1.0,-0.07,11.0,,,-0.1433,1.0,-0.3937,5.0,,,-0.511,17.0,,,0.0204,2.0,-0.7396,7.0,-0.2681,10.0,,,-0.3285,13.0,,,-0.0348,7.0,-0.2276,3.0,-0.7076,30.0,-0.8377,1.0,,,,,-0.403,6.0,-0.3109,804.0
2026-01-09,Wars,,,0.1534,4.0,0.0057,1.0,-0.152,6.0,0.0677,45.0,-0.1618,4.0,0.0018,2.0,0.0751,16.0,0.0375,18.0,,,0.3124,21.0,-0.1832,54.0,0.245,10.0,0.1813,37.0,-0.3133,10.0,0.0254,25.0,0.9295,1.0,-0.5448,4.0,-0.1268,12.0,-0.0187,20.0,-0.5634,7.0,-0.13,346.0,0.1354,12.0,,,0.0662,6.0,0.2385,5.0,0.148,6.0,0.0382,7.0,-0.0121,252.0,0.0636,24.0,0.0166,254.0
2026-01-08,Economic Data,-0.1189,9.0,-0.1319,30.0,0.299,31.0,-0.122,56.0,0.0385,213.0,0.6214,5.0,0.2728,3.0,-0.1389,57.0,-0.0063,78.0,0.5922,1.0,0.3266,62.0,,,-0.458,11.0,-0.2463,56.0,0.3757,7.0,-0.0835,26.0,,,0.049,8.0,0.6809,3.0,0.2662,12.0,0.0781,6.0,-0.2013,2.0,0.325,6.0,0.0357,11.0,-0.5615,11.0,0.2318,30.0,0.1023,4.0,0.4307,5.0,0.0418,18.0,0.0372,94.0,0.0277,780.0
2026-01-08,Economic Data-Consumer Spending,,,,,,,,,,,,,,,,,,,,,0.9312,1.0,,,,,-0.4852,11.0,0.1705,1.0,,,,,,,,,,,,,,,,,,,,,,,0.8751,1.0,,,,,-0.0082,1.0,0.0274,6.0
2026-01-08,Economic Data-Employment,0.8392,1.0,,,-0.005,1.0,0.0069,2.0,0.3797,12.0,,,0.021,1.0,0.014,2.0,-0.2714,7.0,,,0.3679,14.0,,,-0.4411,21.0,0.474,2.0,,,0.5409,5.0,0.9444,1.0,0.8786,1.0,,,,,,,,,,,,,-0.0457,2.0,,,,,,,0.0045,8.0,-0.1308,11.0,-0.2799,293.0
2026-01-08,Economic Data-GDP,-0.3143,5.0,-0.9202,4.0,-0.9156,2.0,-0.239,5.0,0.6401,4.0,,,,,0.3044,7.0,-0.8402,2.0,,,0.6923,33.0,,,,,0.0212,1.0,,,-0.9231,2.0,,,0.7422,2.0,-0.1029,4.0,,,,,,,0.9219,1.0,,,,,-0.9167,2.0,,,0.8532,1.0,,,0.0277,2.0,0.5293,27.0
2026-01-08,Economic Data-Housing,0.3391,3.0,0.1868,6.0,0.7126,1.0,0.1109,13.0,0.1953,14.0,,,0.0024,2.0,,,0.3694,4.0,,,0.0768,3.0,,,0.6136,3.0,-0.2542,4.0,-0.1008,3.0,-0.893,1.0,,,0.0044,1.0,,,0.0089,2.0,0.8354,1.0,0.0045,1.0,0.6254,3.0,-0.9091,1.0,0.4374,2.0,0.1657,5.0,,,,,-0.0216,1.0,-0.0228,44.0,0.2066,130.0
2026-01-08,Economic Data-Inflation,,,-0.8866,1.0,-0.9145,1.0,,,-0.1224,9.0,,,,,,,,,,,0.9416,6.0,,,,,-0.1318,6.0,,,-0.4283,11.0,,,,,,,-0.309,11.0,0.0054,1.0,,,,,,,,,,,,,0.0132,2.0,,,-0.3069,5.0,-0.0203,71.0
2026-01-08,Economic Data-Interest Rates,0.0484,1.0,-0.1955,11.0,-0.0569,12.0,0.014,2.0,0.3002,34.0,-0.4237,1.0,-0.0884,2.0,-0.025,5.0,-0.0624,29.0,,,0.0094,7.0,0.8001,1.0,,,0.4694,9.0,0.3175,3.0,-0.0076,13.0,,,,,,,-0.8864,1.0,-0.1098,2.0,,,0.0014,2.0,-0.8885,5.0,,,0.0123,5.0,,,,,0.0028,1.0,-0.2632,7.0,0.0357,143.0
2026-01-08,Economic Data-Manufacturing,-0.3036,3.0,0.9268,1.0,0.0509,4.0,0.9444,1.0,0.1946,28.0,0.9446,2.0,,,-0.2099,3.0,0.5935,52.0,,,0.9352,1.0,,,-0.9219,1.0,,,,,0.0257,1.0,0.064,1.0,,,,,,,,,,,0.0238,1.0,0.0061,1.0,-0.5277,11.0,,,0.0016,1.0,,,,,0.8043,3.0,0.223,27.0
2026-01-08,Economic Data-Retail Sales,,,-0.8981,3.0,,,,,0.0058,3.0,,,,,,,,,,,0.1693,1.0,,,,,-0.4298,6.0,,,0.339,2.0,,,,,,,,,,,-0.9156,1.0,,,,,-0.028,1.0,,,0.8751,1.0,,,,,-0.028,14.0,0.556,37.0
2026-01-08,Extreme Weather,-0.1648,5.0,-0.1609,33.0,-0.6187,14.0,-0.1911,12.0,-0.117,29.0,,,0.9347,1.0,-0.3307,28.0,-0.1878,94.0,0.0495,2.0,-0.3177,25.0,,,0.1944,5.0,-0.1133,12.0,0.0041,3.0,-0.2117,11.0,-0.1845,2.0,,,0.0003,1.0,-0.3674,40.0,0.0122,1.0,0.1596,16.0,-0.8597,1.0,-0.0186,11.0,-0.2397,11.0,-0.1783,22.0,,,-0.5237,16.0,-0.1579,5.0,-0.1528,107.0,-0.0991,227.0
2026-01-08,Extreme Weather-Cold,-0.2701,2.0,,,,,-0.9129,3.0,0.2175,8.0,-0.8653,1.0,,,-0.3569,5.0,-0.2921,49.0,0.0135,3.0,-0.243,32.0,,,0.1068,5.0,-0.3521,3.0,,,-0.0237,3.0,,,,,,,-0.0471,4.0,-0.6313,8.0,-0.1948,24.0,,,,,,,-0.3448,2.0,0.8708,1.0,,,-0.8096,10.0,-0.1654,106.0,-0.1371,52.0
2026-01-08,Extreme Weather-Drought,-0.7263,7.0,-0.9016,1.0,-0.3412,4.0,0.0099,1.0,0.3588,3.0,,,,,,,0.0013,1.0,,,-0.2874,6.0,,,0.9383,5.0,,,,,-0.7327,1.0,,,,,,,,,,,0.9002,1.0,,,,,0.1925,4.0,0.3013,4.0,,,,,,,0.809,1.0,-0.0219,20.0
2026-01-08,Extreme Weather-Heat,,,-0.183,16.0,,,-0.2989,2.0,0.0011,1.0,,,,,0.0157,1.0,-0.6268,1.0,,,0.4705,2.0,,,,,,,,,0.5012,3.0,,,,,,,-0.0194,1.0,,,,,,,0.5133,3.0,,,0.0034,5.0,,,-0.001,1.0,,,0.001,1.0,0.4632,12.0
2026-01-08,Fiscal Policy,0.0193,5.0,0.0359,5.0,-0.1638,65.0,-0.1811,23.0,-0.2082,21.0,,,0.1017,3.0,-0.0381,126.0,-0.2508,27.0,0.3188,14.0,0.1527,42.0,-0.046,6.0,0.1015,4.0,0.211,6.0,0.6659,1.0,-0.0695,12.0,,,0.0974,5.0,0.0909,6.0,0.0018,1.0,,,0.0185,25.0,,,0.0802,3.0,-0.2084,3.0,0.1203,8.0,0.0142,1.0,0.491,3.0,-0.2793,13.0,0.0581,26.0,0.0232,324.0
2026-01-08,Fiscal Policy-Stimulus Package,0.9029,1.0,,,0.0011,1.0,0.305,3.0,0.0208,1.0,,,0.2249,11.0,0.3227,3.0,-0.0757,6.0,-0.36,4.0,0.6287,9.0,,,0.1333,5.0,0.4705,3.0,0.9299,1.0,-0.1705,5.0,,,-0.4061,2.0,0.042,2.0,0.3791,1.0,,,,,,,0.0565,1.0,-0.4529,3.0,-0.449,1.0,,,,,-0.8546,2.0,-0.3265,17.0,0.2672,189.0
2026-01-08,Monetary Policy,-0.4371,2.0,-0.1475,7.0,-0.0417,10.0,0.0183,1.0,0.0896,14.0,-0.4237,1.0,0.0014,1.0,0.3004,18.0,-0.0639,21.0,,,0.0479,9.0,,,0.2943,7.0,0.0151,10.0,0.3175,3.0,-0.0366,11.0,,,,,0.9185,2.0,-0.8864,1.0,-0.0791,3.0,0.003,1.0,0.002,3.0,-0.8753,3.0,,,0.008,4.0,,,,,,,-0.0338,18.0,-0.0422,101.0
2026-01-08,Monetary Policy-Interest Rates,,,-0.9087,1.0,,,,,,,,,,,,,0.0044,4.0,,,,,0.8001,1.0,,,0.9246,1.0,,,0.2756,2.0,,,,,,,,,-0.0454,1.0,,,,,-0.9065,2.0,-0.8326,1.0,,,,,,,,,-0.4333,1.0,-0.0638,15.0
2026-01-08,Monetary Policy-Quantitative Easing,0.6297,5.0,,,0.013,1.0,,,0.1919,20.0,,,,,0.4402,9.0,0.4045,16.0,0.0033,1.0,-0.0442,23.0,,,0.0802,8.0,0.1591,19.0,-0.1586,5.0,0.7483,1.0,-0.0019,1.0,0.0241,2.0,,,0.368,4.0,-0.0041,1.0,,,-0.4435,2.0,,,0.4687,4.0,0.0039,2.0,0.0028,1.0,-0.9246,2.0,0.2283,2.0,0.1278,35.0,-0.014,71.0
2026-01-08,Natural Disaster,-0.0013,2.0,-0.8788,3.0,,,-0.0144,2.0,,,,,,,-0.8873,1.0,0.341,1.0,,,-0.0807,2.0,,,,,-0.5454,6.0,,,-0.0344,3.0,-0.1845,2.0,,,,,-0.4166,31.0,,,,,,,-0.7494,1.0,-0.8732,1.0,-0.5381,3.0,,,-0.8679,1.0,,,-0.358,6.0,-0.3552,20.0
2026-01-08,Oil Spills,,,,,-0.4109,2.0,,,,,,,0.1893,1.0,,,,,,,,,,,,,,,,,,,,,,,,,,,,,,,,,,,,,,,,,,,,,,,,
2026-01-08,Pandemic,0.0018,1.0,0.1042,17.0,-0.406,13.0,-0.0592,28.0,-0.0896,62.0,-0.0036,1.0,0.1697,6.0,-0.0972,43.0,-0.2603,69.0,,,-0.045,76.0,-0.2097,5.0,-0.0349,6.0,0.0244,23.0,-0.0764,11.0,-0.2808,32.0,-0.0512,1.0,-0.127,19.0,-0.0342,9.0,-0.0749,15.0,-0.001,3.0,-0.2118,29.0,0.2012,7.0,-0.019,8.0,-0.3177,11.0,0.1594,36.0,-0.0017,7.0,0.0015,3.0,-0.0722,42.0,-0.1191,120.0,-0.1484,640.0
2026-01-08,Politics,0.0144,22.0,-0.1023,57.0,-0.0896,134.0,-0.1433,64.0,0.0152,231.0,-0.0083,3.0,0.0096,15.0,-0.1982,411.0,-0.1072,99.0,-0.0674,17.0,-0.0452,297.0,-0.0174,50.0,0.0615,42.0,-0.016,21.0,-0.0214,37.0,-0.2266,37.0,-0.031,5.0,-0.0511,37.0,-0.1547,75.0,0.1344,17.0,0.0568,12.0,0.0646,205.0,0.1336,11.0,0.1792,7.0,-0.087,14.0,-0.038,47.0,0.0384,10.0,0.0277,18.0,-0.1141,157.0,-0.0713,149.0,-0.0656,1911.0
2026-01-08,Politics-Election,,,-0.3471,2.0,0.1346,1.0,-0.0028,1.0,0.0034,1.0,,,,,-0.0226,1.0,0.0001,4.0,,,0.0654,18.0,0.6815,1.0,0.0102,1.0,-0.0014,1.0,0.0607,2.0,,,,,0.0871,5.0,,,,,,,,,,,,,,,0.0153,4.0,,,0.392,2.0,,,0.5667,1.0,0.1748,35.0
2026-01-08,Politics-Political Tension,0.003,1.0,0.365,4.0,-0.2506,60.0,-0.3523,2.0,0.1018,19.0,-0.1789,4.0,,,-0.0164,89.0,-0.04,16.0,0.2758,5.0,-0.2202,17.0,-0.2946,8.0,0.1085,9.0,0.0355,19.0,-0.1478,3.0,-0.2214,1.0,,,-0.2379,2.0,-0.0246,5.0,0.0859,1.0,0.0181,1.0,0.2497,60.0,0.0157,2.0,,,-0.801,1.0,-0.8287,2.0,-0.3057,2.0,,,-0.1246,38.0,-0.0713,23.0,-0.1021,208.0
2026-01-08,Terrorist Attacks,-0.4551,1.0,-0.1274,13.0,-0.512,6.0,-0.0995,10.0,-0.7425,9.0,,,,,-0.6088,4.0,-0.3751,21.0,,,-0.3448,55.0,-0.5676,5.0,-0.3393,3.0,,,,,-0.6345,5.0,,,-0.7036,7.0,-0.4724,2.0,-0.7353,1.0,,,-0.3555,2.0,,,,,-0.8922,1.0,-0.4072,13.0,-0.4882,1.0,,,-0.274,6.0,-0.3375,24.0,-0.3986,1050.0
2026-01-08,Wars,,,0.0467,5.0,,,0.0111,1.0,-0.0498,85.0,-0.001,1.0,-0.332,3.0,0.0995,20.0,0.0771,18.0,,,0.1537,18.0,0.0722,82.0,0.0137,1.0,-0.0703,17.0,-0.1757,12.0,-0.1272,5.0,,,0.1563,6.0,0.0462,26.0,0.307,3.0,0.0015,4.0,-0.1707,254.0,0.1241,11.0,,,-0.1215,2.0,-0.3186,5.0,-0.0368,11.0,-0.089,9.0,-0.0673,282.0,0.1511,20.0,-0.0077,303.0
2026-01-07,Economic Data,0.1014,8.0,-0.1492,25.0,0.3657,20.0,0.2433,27.0,0.1356,258.0,-0.1861,10.0,0.3947,2.0,0.0468,72.0,-0.167,88.0,-0.1427,4.0,0.3212,74.0,,,0.4686,25.0,-0.0525,62.0,0.9397,4.0,0.3279,8.0,0.94,2.0,0.415,11.0,0.3961,6.0,0.0536,11.0,0.0259,2.0,-0.1282,8.0,0.5062,12.0,0.139,85.0,-0.0557,8.0,0.2007,13.0,0.673,16.0,0.2859,9.0,0.1168,4.0,0.1146,92.0,0.0671,603.0
2026-01-07,Economic Data-Consumer Spending,,,0.1035,3.0,,,,,-0.9031,3.0,,,,,0.6417,15.0,,,,,,,,,,,,,,,,,,,,,,,,,,,,,,,,,,,,,,,,,,,0.5838,4.0,0.2513,14.0
2026-01-07,Economic Data-Employment,,,0.941,1.0,0.9043,2.0,0.1431,5.0,0.074,3.0,,,0.9485,1.0,-0.007,2.0,-0.3508,77.0,,,0.1476,9.0,,,,,0.3272,8.0,0.9457,1.0,-0.1698,2.0,,,0.6399,13.0,,,0.4354,5.0,,,,,0.946,2.0,-0.7822,5.0,0.0163,1.0,0.0303,1.0,,,,,,,-0.4369,7.0,-0.1176,283.0
2026-01-07,Economic Data-GDP,-0.2476,3.0,-0.896,1.0,0.9384,1.0,0.0142,4.0,0.3413,4.0,,,,,0.5872,3.0,-0.5287,4.0,,,0.6746,38.0,,,,,-0.5317,5.0,,,0.9496,1.0,,,0.9234,1.0,-0.9094,1.0,0.6421,4.0,,,0.5125,1.0,,,,,,,0.9453,1.0,,,,,,,0.3163,3.0,0.2721,6.0
2026-01-07,Economic Data-Housing,,,0.4493,19.0,0.4144,2.0,0.0127,27.0,-0.1482,21.0,,,-0.7735,1.0,-0.1807,10.0,0.3737,6.0,,,0.7508,14.0,0.0223,1.0,-0.1931,7.0,-0.1608,9.0,0.8956,3.0,-0.013,3.0,0.0303,3.0,0.0606,2.0,,,0.5496,2.0,,,,,0.3437,5.0,-0.1058,8.0,-0.2378,3.0,,,,,0.0794,1.0,,,-0.0231,50.0,0.1067,182.0
2026-01-07,Economic Data-Inflation,0.5089,2.0,0.0857,16.0,,,,,-0.5337,2.0,0.2239,5.0,0.938,1.0,-0.3712,2.0,-0.0746,5.0,,,0.9496,1.0,,,0.7198,16.0,-0.4236,2.0,,,,,,,,,,,,,,,,,,,,,,,,,0.5175,6.0,,,,,-0.3528,2.0,-0.0425,61.0
2026-01-07,Economic Data-Interest Rates,0.1611,11.0,-0.7465,11.0,-0.0213,1.0,0.016,13.0,0.2236,43.0,0.7336,2.0,-0.6949,1.0,-0.0117,4.0,-0.3425,6.0,,,0.732,2.0,0.0337,3.0,0.1372,2.0,0.2396,18.0,,,,,,,0.0693,3.0,0.9402,1.0,0.0121,4.0,,,,,0.0158,1.0,,,,,-0.4484,3.0,0.003,1.0,-0.001,1.0,,,-0.1299,19.0,-0.2013,99.0
2026-01-07,Economic Data-Manufacturing,0.6526,4.0,0.0174,1.0,-0.8923,1.0,,,0.0911,7.0,,,,,0.0146,5.0,0.4706,9.0,,,0.4495,9.0,,,,,,,,,,,,,,,,,,,,,,,,,0.0187,7.0,0.1837,1.0,,,0.2746,1.0,,,,,0.806,2.0,-0.2872,57.0
2026-01-07,Economic Data-Retail Sales,,,0.1682,1.0,,,,,0.5534,6.0,,,,,0.0079,3.0,-0.1103,21.0,,,0.3171,5.0,,,,,0.6319,5.0,,,0.1204,1.0,,,,,,,0.4523,2.0,,,,,0.945,1.0,0.0069,5.0,,,,,0.9436,1.0,,,,,0.0255,5.0,0.4902,22.0
2026-01-07,Extreme Weather,-0.5225,6.0,-0.1708,24.0,0.0026,12.0,-0.1964,18.0,-0.073,57.0,,,,,-0.2448,81.0,-0.1152,77.0,0.6843,2.0,-0.1911,33.0,-0.8233,1.0,-0.3289,11.0,-0.227,21.0,-0.0093,2.0,-0.0151,26.0,,,,,-0.003,2.0,-0.1827,158.0,0.4538,5.0,-0.2192,11.0,0.3501,2.0,0.0283,10.0,-0.2604,4.0,-0.0814,23.0,0.0015,1.0,-0.6205,5.0,0.1823,8.0,-0.3528,73.0,0.1228,171.0
2026-01-07,Extreme Weather-Cold,,,,,,,-0.0557,14.0,0.1756,9.0,,,,,-0.4195,58.0,-0.2908,33.0,-0.2111,5.0,-0.3203,35.0,,,-0.6809,6.0,,,-0.0033,1.0,-0.1129,7.0,,,,,,,-0.1688,5.0,-0.0047,4.0,-0.009,3.0,,,,,,,-0.5926,4.0,0.0289,1.0,,,-0.9132,2.0,-0.2638,125.0,-0.2205,49.0
2026-01-07,Extreme Weather-Drought,0.1428,5.0,,,-0.0047,4.0,-0.6374,5.0,-0.3882,3.0,,,,,0.0029,3.0,0.04,2.0,,,-0.0291,8.0,,,-0.0027,1.0,,,,,,,,,-0.3496,1.0,-0.9098,2.0,,,,,-0.002,1.0,0.0005,1.0,0.0238,1.0,-0.0081,4.0,-0.09,3.0,,,,,0.0077,1.0,0.1279,1.0,0.1639,33.0
2026-01-07,Extreme Weather-Heat,0.0854,1.0,0.0994,29.0,0.0057,2.0,-0.3935,5.0,-0.7351,1.0,,,,,0.0045,2.0,0.0281,23.0,,,0.0037,3.0,,,0.0004,2.0,-0.0024,1.0,,,,,0.922,1.0,,,,,-0.4595,1.0,,,,,,,0.0041,1.0,,,-0.2592,6.0,,,0.0,1.0,,,-0.0223,3.0,0.2471,3.0
2026-01-07,Fiscal Policy,-0.1035,3.0,0.0527,4.0,-0.0566,9.0,0.2105,9.0,0.4343,20.0,,,-0.3135,4.0,-0.0653,22.0,-0.5075,5.0,0.0052,2.0,0.2773,51.0,,,0.7507,19.0,,,0.8356,1.0,0.2166,4.0,0.94,2.0,-0.2498,7.0,-0.2932,3.0,-0.082,4.0,,,-0.2107,10.0,0.9157,1.0,,,0.6039,3.0,-0.3314,3.0,,,0.148,3.0,0.2023,5.0,-0.0569,27.0,-0.0181,153.0
2026-01-07,Fiscal Policy-Stimulus Package,,,0.0861,2.0,0.0085,2.0,-0.3323,9.0,0.9173,19.0,,,-0.803,2.0,0.0139,5.0,-0.2728,4.0,,,0.209,17.0,,,-0.2995,4.0,,,0.1645,1.0,0.7619,1.0,,,0.4022,6.0,,,0.0107,6.0,,,0.1599,3.0,,,,,-0.0016,1.0,,,,,-0.3302,1.0,-0.4447,2.0,-0.0701,22.0,0.0455,147.0
2026-01-07,Monetary Policy,0.2386,17.0,-0.7118,7.0,-0.0213,1.0,0.3234,11.0,0.0887,29.0,0.7336,2.0,-0.4693,1.0,0.0064,5.0,-0.1651,6.0,,,-0.5144,6.0,,,0.1373,2.0,0.339,11.0,0.8356,1.0,,,,,0.0369,5.0,0.9402,1.0,0.0121,4.0,,,,,0.0158,1.0,,,,,-0.4468,2.0,,,,,,,-0.2643,19.0,-0.2042,36.0
2026-01-07,Monetary Policy-Interest Rates,,,-0.3114,8.0,,,,,-0.2879,3.0,,,,,,,,,,,,,,,,,0.0212,2.0,,,,,,,,,,,,,,,,,,,,,,,0.0171,1.0,0.003,1.0,-0.001,1.0,,,0.4413,2.0,-0.1491,15.0
2026-01-07,Monetary Policy-Quantitative Easing,0.5912,3.0,0.9441,1.0,0.3166,3.0,,,0.242,75.0,,,0.7723,1.0,0.3749,9.0,0.4677,8.0,,,0.1185,19.0,,,0.0598,6.0,0.3659,9.0,,,,,,,0.3319,3.0,,,0.0073,2.0,0.9228,2.0,-0.0473,1.0,0.3246,3.0,0.0524,4.0,0.0897,4.0,-0.4372,2.0,,,-0.1743,2.0,0.141,1.0,0.0582,44.0,0.1607,80.0
2026-01-07,Natural Disaster,-0.8819,1.0,-0.7101,5.0,,,-0.9017,1.0,-0.6677,8.0,,,,,,,-0.8887,3.0,,,,,,,-0.8903,1.0,-0.2387,14.0,,,-0.0213,14.0,,,,,,,-0.4281,125.0,,,-0.9044,2.0,,,,,,,,,,,-0.8806,2.0,,,0.0169,3.0,0.1835,15.0
2026-01-07,Oil Spills,,,,,-0.7173,1.0,,,,,,,,,,,,,,,,,,,,,,,,,,,,,,,,,,,,,,,,,,,,,,,,,,,,,,,-0.0221,1.0
2026-01-07,Pandemic,-0.0423,6.0,-0.1078,5.0,-0.0482,101.0,0.0922,34.0,0.2621,114.0,-0.0025,2.0,0.0449,2.0,-0.0871,50.0,-0.2151,43.0,0.0091,3.0,-0.1641,64.0,-0.0038,1.0,-0.1675,15.0,0.1697,36.0,0.5375,10.0,0.0351,5.0,0.94,2.0,-0.0368,9.0,0.0134,2.0,-0.2527,11.0,-0.3501,5.0,-0.3302,16.0,-0.0509,9.0,0.2656,28.0,-0.0509,14.0,-0.0262,17.0,0.2897,3.0,0.0191,2.0,-0.2795,36.0,-0.104,77.0,-0.005,395.0
2026-01-07,Politics,0.0801,11.0,-0.1122,10.0,-0.1016,139.0,-0.0027,56.0,0.1249,259.0,-0.064,9.0,-0.2337,8.0,-0.1002,142.0,-0.0558,80.0,0.0614,1.0,-0.0107,293.0,-0.1287,123.0,0.2552,85.0,-0.0419,45.0,0.1287,30.0,0.0348,17.0,0.1095,4.0,0.0549,48.0,-0.0279,36.0,0.1663,26.0,-0.0574,7.0,-0.0281,134.0,0.1882,13.0,-0.0387,13.0,0.0864,11.0,0.0496,22.0,-0.2088,15.0,-0.1144,17.0,0.0448,262.0,-0.0536,160.0,-0.0928,1361.0
2026-01-07,Politics-Election,,,0.9457,1.0,0.0018,1.0,0.2056,1.0,,,,,,,0.0126,3.0,0.0032,1.0,,,0.199,19.0,,,0.5208,3.0,,,0.8692,1.0,0.0039,2.0,,,0.1258,5.0,-0.2736,1.0,0.001,1.0,,,,,,,,,,,,,,,,,0.0061,3.0,0.0175,5.0,-0.065,27.0
2026-01-07,Politics-Political Tension,0.6007,1.0,,,-0.0592,4.0,,,-0.1021,31.0,,,0.059,2.0,-0.0901,65.0,-0.1562,14.0,,,-0.1894,47.0,-0.221,8.0,0.0015,1.0,0.8641,4.0,-0.1206,2.0,0.0681,1.0,,,-0.1738,3.0,-0.131,7.0,0.0206,1.0,0.0061,3.0,0.0475,24.0,0.5604,1.0,,,-0.0611,2.0,,,0.2093,4.0,-0.4153,2.0,0.1915,50.0,-0.1301,21.0,-0.0782,109.0
2026-01-07,Terrorist Attacks,,,-0.0107,7.0,-0.8726,3.0,-0.188,9.0,-0.6201,6.0,,,-0.2949,1.0,-0.2695,7.0,-0.3005,19.0,,,-0.4295,20.0,-0.5164,5.0,-0.0849,7.0,-0.0689,6.0,,,-0.6045,5.0,,,-0.1036,11.0,-0.2638,5.0,-0.1258,2.0,,,-0.4713,7.0,,,-0.5784,1.0,-0.4625,3.0,-0.1801,2.0,-0.5243,5.0,,,-0.8711,8.0,-0.4698,15.0,-0.3381,463.0
2026-01-07,Wars,,,,,-0.0374,4.0,,,0.0694,91.0,0.1422,7.0,0.4896,3.0,0.0538,11.0,-0.1751,29.0,0.012,1.0,-0.1169,16.0,0.0087,92.0,0.0526,8.0,-0.1084,24.0,0.17,24.0,0.0094,3.0,,,-0.0474,7.0,-0.0442,28.0,-0.0022,3.0,-0.0083,5.0,-0.0985,251.0,-0.2141,19.0,0.0061,4.0,-0.2351,1.0,0.3051,1.0,0.0266,8.0,0.0799,6.0,0.0017,348.0,-0.028,32.0,-0.0139,351.0
2026-01-06,Economic Data,0.0937,5.0,0.2481,16.0,0.3761,44.0,0.0939,23.0,0.2692,218.0,0.0548,4.0,0.4054,5.0,-0.0168,94.0,-0.1216,112.0,-0.6042,4.0,0.1289,58.0,0.0021,1.0,0.0336,22.0,0.1415,40.0,0.1887,6.0,0.2006,23.0,0.0037,1.0,0.4351,12.0,0.3352,13.0,0.1576,6.0,0.295,5.0,0.0552,18.0,0.175,6.0,0.1835,174.0,-0.4113,13.0,0.1652,27.0,0.5284,8.0,0.4619,2.0,0.4635,2.0,0.244,124.0,0.0908,524.0
2026-01-06,Economic Data-Consumer Spending,,,,,,,,,,,,,,,,,,,,,0.9482,1.0,,,,,,,,,,,,,,,,,,,,,0.0126,1.0,,,0.452,2.0,,,,,,,,,,,,,0.0082,1.0
2026-01-06,Economic Data-Employment,0.1844,1.0,0.062,3.0,,,0.0719,8.0,0.0283,2.0,,,,,0.0397,2.0,-0.9143,1.0,0.9308,1.0,-0.0284,5.0,,,,,-0.9191,1.0,,,0.0067,1.0,,,,,,,-0.0749,2.0,-0.0306,2.0,0.9239,1.0,0.9311,1.0,-0.0738,6.0,-0.6951,1.0,0.144,2.0,,,,,,,-0.4263,16.0,0.0564,31.0
2026-01-06,Economic Data-GDP,,,-0.8497,1.0,-0.7258,1.0,0.3071,1.0,0.0648,14.0,,,0.9488,1.0,-0.7031,5.0,-0.26,26.0,-0.8037,1.0,-0.0397,2.0,,,-0.9172,2.0,0.0008,1.0,,,-0.0006,1.0,,,0.0015,1.0,-0.2636,2.0,0.0175,3.0,0.8958,3.0,0.072,5.0,,,,,,,0.9412,3.0,,,0.9326,1.0,,,0.3762,3.0,-0.0655,14.0
2026-01-06,Economic Data-Housing,0.9407,2.0,-0.0619,12.0,0.3037,3.0,-0.0773,17.0,0.5043,22.0,,,-0.0115,3.0,-0.1617,9.0,0.0648,11.0,0.9448,1.0,0.3266,14.0,,,0.5458,1.0,0.0704,12.0,0.0071,6.0,-0.003,2.0,0.1731,1.0,,,0.9259,1.0,0.0966,5.0,,,,,,,0.2453,14.0,-0.506,5.0,,,-0.4504,3.0,,,,,0.0125,22.0,0.31,135.0
2026-01-06,Economic Data-Inflation,,,0.9008,1.0,,,,,-0.6578,8.0,,,,,-0.2626,32.0,-0.1441,30.0,,,,,,,0.0467,3.0,0.19,5.0,,,0.5644,2.0,,,,,,,0.7842,10.0,,,-0.9172,1.0,0.5708,1.0,,,,,0.0008,2.0,,,0.013,1.0,,,0.3049,3.0,0.0339,49.0
2026-01-06,Economic Data-Interest Rates,0.4725,2.0,-0.0703,5.0,-0.8419,1.0,0.0046,4.0,0.2224,24.0,,,-0.6693,1.0,0.0178,9.0,-0.3267,6.0,,,0.0879,10.0,0.0011,6.0,0.0024,1.0,0.011,24.0,,,-0.1268,1.0,,,0.337,3.0,,,-0.0232,6.0,,,,,,,0.0044,2.0,,,-0.4268,2.0,0.0022,1.0,,,,,0.0048,10.0,0.1238,119.0
2026-01-06,Economic Data-Manufacturing,,,0.0265,4.0,,,,,0.0789,7.0,,,,,0.024,7.0,0.0085,2.0,,,0.004,3.0,,,,,0.4367,5.0,0.4855,2.0,,,,,,,,,,,,,,,,,0.1062,19.0,,,,,,,,,,,0.4615,3.0,-0.1059,27.0
2026-01-06,Economic Data-Retail Sales,,,,,,,,,0.1832,4.0,,,,,0.0093,2.0,0.4685,2.0,,,0.558,12.0,,,,,0.002,1.0,,,0.2399,6.0,,,,,,,,,,,,,,,0.1531,16.0,0.0043,1.0,,,,,,,,,0.7812,7.0,0.1161,7.0
2026-01-06,Extreme Weather,0.01,3.0,-0.2475,20.0,0.1937,12.0,0.0074,6.0,0.0588,32.0,0.0242,4.0,-0.0025,2.0,-0.2736,74.0,-0.0834,40.0,-0.0019,1.0,-0.3708,37.0,,,-0.3373,8.0,-0.2619,299.0,0.9374,1.0,-0.008,20.0,,,-0.5886,3.0,-0.0319,1.0,-0.1005,15.0,0.4986,11.0,-0.6009,6.0,0.3959,6.0,0.0909,14.0,-0.0036,4.0,-0.102,25.0,0.0111,5.0,,,0.575,16.0,-0.3342,65.0,0.0979,164.0
2026-01-06,Extreme Weather-Cold,,,,,-0.0119,1.0,-0.4682,12.0,0.0223,2.0,,,,,-0.3432,71.0,-0.4742,22.0,-0.0005,1.0,-0.4204,38.0,,,-0.8711,1.0,-0.0052,1.0,,,0.0506,10.0,,,,,,,,,-0.8211,1.0,0.1015,2.0,-0.4884,2.0,-0.4667,3.0,,,0.172,5.0,,,,,0.3846,4.0,-0.1849,140.0,-0.2381,45.0
2026-01-06,Extreme Weather-Drought,0.0032,1.0,-0.8402,1.0,-0.8998,1.0,0.1592,3.0,-0.2662,2.0,,,,,0.127,6.0,,,,,-0.059,5.0,,,-0.907,1.0,,,,,0.108,1.0,,,,,,,-0.0,1.0,,,,,,,,,-0.4219,2.0,-0.4603,2.0,,,,,,,,,-0.0164,8.0
2026-01-06,Extreme Weather-Heat,,,-0.308,18.0,,,0.3962,15.0,-0.031,1.0,,,,,0.0082,4.0,-0.0001,3.0,,,0.0031,2.0,,,0.0062,1.0,,,0.8555,1.0,,,,,,,,,,,,,,,,,0.0041,2.0,,,-0.0001,1.0,,,-0.0004,1.0,,,0.9368,2.0,0.4511,11.0
2026-01-06,Fiscal Policy,0.9313,1.0,0.4739,3.0,0.153,2.0,0.3744,4.0,0.1088,10.0,,,,,0.1226,13.0,-0.2312,13.0,,,0.1476,35.0,0.8514,1.0,0.3159,11.0,0.0028,2.0,,,0.1483,7.0,,,0.1284,6.0,0.278,4.0,0.0049,1.0,,,0.0549,6.0,0.0131,2.0,-0.0638,1.0,0.0018,1.0,0.3834,5.0,,,,,-0.1323,15.0,0.0045,29.0,0.119,175.0
2026-01-06,Fiscal Policy-Stimulus Package,0.4641,2.0,0.4204,4.0,0.9425,2.0,0.3069,3.0,-0.0002,1.0,0.5349,5.0,-0.0008,1.0,-0.4347,4.0,-0.1178,4.0,,,0.5013,9.0,,,0.2252,12.0,-0.026,1.0,0.9346,1.0,0.0083,5.0,,,0.0552,3.0,-0.9004,2.0,-0.1247,5.0,,,-0.4661,8.0,,,,,0.0058,1.0,,,,,0.0029,1.0,0.0259,4.0,-0.1405,12.0,0.029,75.0
2026-01-06,Monetary Policy,0.5255,5.0,0.1343,7.0,-0.1194,1.0,0.4674,13.0,0.3478,19.0,0.0145,3.0,,,0.0287,6.0,-0.357,3.0,,,0.1834,14.0,-0.1277,4.0,0.0024,1.0,-0.072,11.0,,,,,,,0.1209,2.0,,,-0.2403,5.0,,,,,0.9505,2.0,0.0044,2.0,,,-0.0,1.0,0.0022,1.0,,,0.004,1.0,0.1622,15.0,0.1231,80.0
2026-01-06,Monetary Policy-Interest Rates,,,,,,,,,0.1401,4.0,,,,,,,,,,,,,0.5096,1.0,,,0.6363,4.0,,,,,,,,,,,0.2922,3.0,,,,,,,,,,,,,,,,,,,,,-0.1205,38.0
2026-01-06,Monetary Policy-Quantitative Easing,0.3316,13.0,,,0.944,1.0,-0.6844,4.0,0.2164,39.0,,,0.893,6.0,-0.0679,3.0,-0.1978,9.0,,,-0.0015,6.0,,,,,-0.1795,14.0,-0.2789,3.0,0.0183,2.0,,,,,,,0.7989,2.0,0.8584,1.0,-0.2438,11.0,-0.4169,2.0,0.0041,1.0,0.0003,1.0,0.0045,1.0,0.2629,5.0,-0.9238,2.0,0.0043,1.0,-0.0011,18.0,-0.0917,102.0
2026-01-06,Natural Disaster,,,-0.0359,4.0,,,-0.3093,5.0,,,,,,,,,-0.8107,7.0,,,-0.4478,2.0,,,,,-0.259,292.0,,,0.0237,8.0,,,,,,,0.1173,10.0,,,-0.1525,2.0,,,,,,,,,,,,,,,-0.4822,3.0,-0.1098,6.0
2026-01-06,Oil Spills,,,,,-0.7226,23.0,,,,,,,,,,,,,,,,,,,,,,,,,,,,,,,,,,,,,-0.9071,1.0,,,,,,,,,,,,,,,,,-0.6392,5.0
2026-01-06,Pandemic,-0.1821,3.0,-0.0036,15.0,-0.2007,44.0,0.0126,17.0,0.1226,50.0,-0.189,6.0,0.0538,7.0,-0.1341,47.0,-0.1167,33.0,,,-0.0737,68.0,-0.3685,21.0,-0.025,14.0,0.0217,51.0,-0.3387,8.0,-0.0243,11.0,0.3683,3.0,-0.001,5.0,0.0846,6.0,0.4983,1.0,0.3209,3.0,-0.2493,24.0,-0.1198,7.0,0.0419,29.0,-0.3591,12.0,-0.0001,19.0,0.0091,2.0,-0.0268,2.0,0.1571,17.0,-0.1224,71.0,0.0125,412.0
2026-01-06,Politics,0.194,13.0,0.1302,13.0,-0.1998,77.0,-0.1437,53.0,0.1863,253.0,0.1999,10.0,-0.0118,5.0,-0.1243,130.0,-0.1921,110.0,-0.527,7.0,0.035,231.0,-0.0266,115.0,0.054,70.0,-0.029,26.0,-0.0712,28.0,-0.0598,31.0,-0.1199,1.0,-0.0677,36.0,-0.2117,35.0,-0.2555,9.0,-0.1772,9.0,-0.0256,116.0,-0.1074,14.0,-0.0196,10.0,-0.3956,17.0,0.0355,37.0,0.3914,9.0,-0.3402,10.0,-0.0264,337.0,-0.0696,82.0,-0.0339,1339.0
2026-01-06,Politics-Election,,,,,,,-0.8624,1.0,,,,,,,0.0074,5.0,-0.9044,2.0,,,-0.0808,18.0,,,,,0.0008,1.0,,,0.0043,1.0,,,0.0918,3.0,,,,,,,,,,,,,,,0.0143,1.0,,,,,,,0.0057,3.0,-0.0643,41.0
2026-01-06,Politics-Political Tension,0.0099,1.0,-0.4212,2.0,-0.0105,3.0,-0.028,4.0,0.1705,62.0,-0.4994,1.0,,,-0.0163,52.0,-0.243,16.0,-0.5721,8.0,-0.3301,49.0,-0.0694,4.0,0.0562,7.0,-0.2186,1.0,-0.8388,1.0,0.0187,7.0,-0.2386,1.0,-0.1106,3.0,0.1938,2.0,0.0049,1.0,,,-0.0996,9.0,,,,,,,,,-0.869,1.0,-0.0386,1.0,0.0756,95.0,-0.039,24.0,-0.0123,127.0
2026-01-06,Terrorist Attacks,-0.1054,2.0,-0.2062,8.0,-0.8856,2.0,-0.2922,4.0,,,,,-0.3959,1.0,-0.4325,4.0,-0.1223,23.0,,,-0.6545,30.0,-0.4476,4.0,-0.3091,8.0,,,-0.4947,1.0,-0.457,3.0,,,-0.6707,20.0,-0.437,13.0,,,,,-0.645,5.0,0.0002,1.0,-0.4223,2.0,-0.2969,5.0,-0.0722,1.0,-0.8113,1.0,,,-0.2316,1.0,-0.428,20.0,-0.2919,93.0
2026-01-06,Wars,0.0105,3.0,0.0108,1.0,0.1648,4.0,0.0155,4.0,0.2754,84.0,0.0077,5.0,0.0089,3.0,0.053,12.0,-0.0256,19.0,,,0.1048,9.0,-0.0659,150.0,0.0086,8.0,0.0579,8.0,0.3282,3.0,-0.0059,1.0,,,-0.047,6.0,-0.2727,12.0,-0.0039,1.0,-0.5826,1.0,-0.0466,196.0,0.2296,11.0,,,-0.8776,1.0,0.0193,8.0,0.0343,6.0,-0.009,13.0,0.0188,492.0,0.2336,6.0,-0.0105,229.0
2026-01-05,Economic Data,-0.4143,7.0,0.1298,20.0,0.3832,21.0,0.4384,11.0,0.126,355.0,,,0.46,9.0,0.1227,50.0,-0.0134,44.0,0.4413,7.0,0.3391,63.0,-0.1687,15.0,0.3416,17.0,0.1895,36.0,0.3414,13.0,0.0985,22.0,,,0.4746,8.0,-0.2274,5.0,-0.1661,7.0,0.1439,5.0,-0.4299,3.0,0.0805,23.0,0.4308,69.0,0.004,10.0,0.2969,23.0,0.6285,3.0,-0.1118,13.0,-0.2015,6.0,0.2581,76.0,0.1008,462.0
2026-01-05,Economic Data-Consumer Spending,,,,,,,,,0.7856,4.0,,,,,,,,,,,0.4985,1.0,,,,,,,,,,,,,,,,,,,,,,,,,,,,,,,,,,,,,0.0138,1.0,,
2026-01-05,Economic Data-Employment,-0.4482,4.0,0.8928,1.0,0.4862,2.0,0.443,16.0,0.4554,2.0,,,,,0.0089,1.0,-0.6078,3.0,,,0.5625,12.0,0.1871,2.0,,,0.0008,2.0,,,-0.4712,1.0,,,,,,,,,0.311,3.0,0.937,2.0,0.9263,2.0,,,,,-0.756,23.0,,,,,-0.1017,3.0,0.293,5.0,0.0484,39.0
2026-01-05,Economic Data-GDP,-0.0029,2.0,,,,,,,0.8838,14.0,0.9486,1.0,,,0.0024,2.0,0.4614,5.0,,,0.8708,4.0,0.9327,9.0,,,0.9417,1.0,0.522,3.0,,,,,0.2368,1.0,-0.7024,2.0,0.5177,3.0,,,,,,,0.9398,1.0,,,,,,,,,,,,,0.1237,17.0
2026-01-05,Economic Data-Housing,-0.885,1.0,0.401,8.0,0.1094,13.0,-0.3704,8.0,0.2078,27.0,,,,,0.0083,5.0,-0.02,5.0,,,-0.1384,6.0,,,0.0138,2.0,-0.0646,3.0,-0.3004,4.0,0.9383,2.0,0.0373,3.0,,,,,0.0044,1.0,,,0.0318,1.0,0.0512,3.0,,,0.6587,7.0,-0.2922,3.0,-0.9223,1.0,0.0019,1.0,0.0578,1.0,-0.0783,28.0,0.1271,77.0
2026-01-05,Economic Data-Inflation,,,0.0059,1.0,0.9446,1.0,0.0049,1.0,-0.1543,10.0,,,,,,,-0.9154,1.0,,,,,,,,,0.0008,2.0,,,0.1901,1.0,,,,,,,,,,,,,,,,,,,,,,,-0.667,13.0,,,-0.0043,2.0,-0.1426,38.0
2026-01-05,Economic Data-Interest Rates,0.0044,1.0,-0.032,4.0,-0.2518,3.0,0.005,3.0,0.4763,4.0,,,,,0.0052,19.0,-0.2052,7.0,,,0.2985,32.0,-0.243,26.0,0.0631,12.0,0.2433,44.0,0.946,4.0,0.0045,2.0,,,0.1876,4.0,,,-0.0031,1.0,,,,,0.0662,3.0,,,0.0707,2.0,0.8898,4.0,,,-0.5676,7.0,,,0.2166,36.0,0.1019,56.0
2026-01-05,Economic Data-Manufacturing,,,0.3274,4.0,,,,,0.0298,16.0,,,0.0355,1.0,0.0864,5.0,0.0129,4.0,,,0.8446,10.0,,,,,0.3982,20.0,,,0.4168,2.0,,,,,,,0.9192,3.0,,,,,0.0497,1.0,0.0136,3.0,,,,,0.7461,5.0,,,,,,,0.1083,124.0
2026-01-05,Economic Data-Retail Sales,,,,,0.0172,1.0,0.0905,1.0,0.1212,6.0,,,,,0.0476,1.0,,,,,0.6299,6.0,,,,,0.2788,1.0,,,0.6343,3.0,,,,,,,,,0.2457,2.0,,,0.0292,4.0,0.358,13.0,,,0.7558,2.0,,,,,,,0.5066,14.0,-0.4041,2.0
2026-01-05,Extreme Weather,0.0019,7.0,-0.1529,8.0,0.0034,8.0,0.0035,13.0,0.0908,56.0,,,-0.8006,2.0,-0.2061,62.0,-0.0492,40.0,-0.0019,1.0,-0.2046,59.0,,,-0.3882,10.0,-0.2213,14.0,,,-0.2096,17.0,,,0.0894,1.0,0.002,2.0,0.1211,5.0,0.01,2.0,-0.1087,9.0,0.2803,3.0,0.1614,5.0,-0.4698,13.0,-0.2139,34.0,,,-0.2709,2.0,-0.4566,3.0,-0.0588,36.0,0.1097,179.0
2026-01-05,Extreme Weather-Cold,-0.7882,1.0,,,,,-0.232,19.0,-0.0608,27.0,-0.0018,1.0,,,-0.2222,48.0,-0.0876,19.0,,,-0.4101,32.0,,,0.0095,1.0,-0.0024,1.0,,,-0.0731,1.0,,,,,,,,,0.3641,2.0,0.5452,4.0,-0.3176,1.0,,,0.0023,3.0,-0.1095,14.0,,,-0.8821,2.0,-0.5133,1.0,-0.3984,132.0,-0.211,43.0
2026-01-05,Extreme Weather-Drought,0.0123,4.0,,,0.0153,3.0,-0.0664,4.0,0.322,5.0,,,,,,,,,,,-0.2272,10.0,,,,,,,,,,,-0.6955,2.0,,,,,-0.1118,3.0,,,,,,,0.0058,1.0,0.019,2.0,-0.4102,2.0,,,,,,,,,0.2706,16.0
2026-01-05,Extreme Weather-Heat,,,-0.1808,5.0,-0.7499,1.0,-0.1316,7.0,-0.1863,6.0,,,,,0.0198,2.0,,,,,0.0132,2.0,,,0.0023,2.0,0.0077,1.0,,,0.0532,1.0,,,,,,,,,,,,,-0.0061,1.0,,,,,0.0048,2.0,,,-0.0014,1.0,,,0.4992,3.0,0.1248,31.0
2026-01-05,Fiscal Policy,-0.011,2.0,0.0016,2.0,-0.3122,2.0,-0.0481,8.0,0.1386,46.0,-0.846,2.0,0.3907,3.0,0.1919,8.0,-0.0162,13.0,-0.4272,3.0,0.3291,44.0,0.1144,2.0,0.4609,9.0,0.4607,7.0,0.2087,5.0,-0.4363,2.0,,,0.1642,11.0,-0.9127,1.0,-0.0302,11.0,0.4734,2.0,0.1293,8.0,,,0.4972,2.0,-0.0216,1.0,-0.4456,3.0,,,,,0.0888,21.0,0.0865,23.0,0.0675,166.0
2026-01-05,Fiscal Policy-Stimulus Package,-0.4439,2.0,,,0.276,3.0,,,0.1354,5.0,,,0.2572,2.0,-0.2106,7.0,0.0164,1.0,0.0127,1.0,0.196,16.0,-0.8406,4.0,0.0975,2.0,0.0095,2.0,0.0169,7.0,-0.0296,2.0,,,-0.0901,9.0,,,-0.3875,5.0,,,0.326,9.0,,,,,,,0.8967,2.0,,,-0.0729,2.0,0.0169,1.0,0.0183,8.0,-0.2205,94.0
2026-01-05,Monetary Policy,0.9498,1.0,-0.032,4.0,0.0064,2.0,0.0043,1.0,-0.1026,4.0,,,0.5728,1.0,-0.0008,11.0,0.8774,1.0,,,0.1436,38.0,-0.1907,20.0,0.0018,9.0,0.1695,29.0,0.9436,1.0,0.0103,3.0,,,-0.3013,3.0,,,,,,,,,0.1543,5.0,,,,,0.8898,4.0,,,-0.652,4.0,,,0.326,20.0,0.0153,37.0
2026-01-05,Monetary Policy-Interest Rates,,,-0.9183,1.0,,,,,0.0062,1.0,,,,,0.0268,2.0,,,,,,,-0.6014,12.0,,,0.33,21.0,,,,,,,,,,,,,,,,,,,,,0.1363,1.0,,,,,-0.5178,2.0,,,,,-0.0553,15.0
2026-01-05,Monetary Policy-Quantitative Easing,-0.303,11.0,,,-0.0093,1.0,,,0.4595,39.0,,,0.9238,1.0,0.0041,1.0,0.5585,6.0,,,0.34,5.0,0.006,4.0,,,0.2588,13.0,-0.0904,2.0,0.0057,2.0,-0.0003,1.0,,,,,,,,,,,0.342,6.0,,,,,0.0031,1.0,,,,,,,0.7499,15.0,0.0069,65.0
2026-01-05,Natural Disaster,,,-0.0525,3.0,,,,,-0.8686,1.0,,,,,,,-0.0263,5.0,,,-0.5325,27.0,,,-0.4272,3.0,-0.62,4.0,,,0.0077,6.0,,,,,,,,,,,,,,,,,-0.3825,4.0,-0.5651,3.0,,,,,,,,,-0.1152,11.0
2026-01-05,Oil Spills,,,,,,,,,,,,,,,-0.8064,1.0,,,,,-0.9018,2.0,,,,,,,,,,,,,,,-0.3247,1.0,,,,,,,,,,,,,,,,,,,,,,,-0.8794,2.0
2026-01-05,Pandemic,-0.0025,3.0,0.0259,16.0,-0.0102,11.0,-0.1389,16.0,0.212,122.0,-0.7681,2.0,-0.4418,8.0,-0.2254,59.0,-0.0915,48.0,-0.8189,1.0,-0.0051,85.0,-0.7012,2.0,0.0298,40.0,-0.2806,10.0,-0.1641,15.0,-0.2095,6.0,-0.1051,10.0,-0.1859,11.0,-0.174,8.0,-0.1027,4.0,-0.1873,2.0,-0.1488,23.0,0.1916,6.0,-0.0103,15.0,-0.4337,9.0,-0.0639,12.0,-0.2453,4.0,-0.2222,4.0,-0.3471,26.0,-0.2072,76.0,-0.0477,392.0
2026-01-05,Politics,-0.0092,25.0,-0.2092,11.0,0.1247,11.0,0.0328,40.0,0.1216,319.0,-0.2182,6.0,0.1302,13.0,-0.0636,161.0,-0.0689,99.0,-0.1554,5.0,0.04,313.0,-0.2161,37.0,0.1014,35.0,-0.0461,23.0,0.0746,43.0,-0.0664,47.0,,,0.0266,64.0,-0.1226,29.0,-0.1301,37.0,0.0087,13.0,-0.0961,165.0,-0.0601,16.0,0.0704,3.0,-0.1599,6.0,-0.0973,29.0,0.4085,12.0,-0.0006,7.0,-0.1113,240.0,0.0703,122.0,-0.0335,2022.0
2026-01-05,Politics-Election,,,,,,,,,,,,,0.3926,2.0,0.0002,1.0,0.0039,1.0,-0.023,1.0,0.0997,12.0,,,,,-0.0028,4.0,,,,,,,0.0002,2.0,,,-0.3179,1.0,,,,,,,,,,,0.0143,1.0,,,,,,,-0.197,10.0,-0.0201,130.0
2026-01-05,Politics-Political Tension,-0.0007,3.0,,,,,-0.0735,8.0,-0.0084,57.0,0.0285,2.0,0.3072,2.0,-0.0575,25.0,-0.1123,13.0,0.0961,6.0,-0.2239,31.0,-0.1922,11.0,-0.1478,6.0,,,-0.1278,2.0,0.0006,7.0,,,-0.3485,5.0,-0.0257,9.0,,,,,0.0832,14.0,,,,,-0.4602,1.0,0.0036,6.0,0.2429,1.0,0.0149,1.0,-0.0401,32.0,0.1268,21.0,0.0053,178.0
2026-01-05,Terrorist Attacks,-0.7957,2.0,-0.0079,7.0,-0.8396,2.0,-0.456,10.0,-0.6025,4.0,,,-0.7445,2.0,-0.4352,23.0,-0.2205,23.0,,,-0.4635,34.0,0.0053,4.0,-0.5531,15.0,-0.9028,1.0,-0.5806,6.0,-0.8504,1.0,,,-0.681,46.0,-0.5014,39.0,-0.4304,1.0,-0.0047,1.0,-0.7588,7.0,,,,,-0.7628,1.0,-0.0705,1.0,,,,,-0.3464,10.0,-0.2114,19.0,-0.4157,121.0
2026-01-05,Wars,-0.1182,4.0,-0.0072,1.0,,,-0.3633,1.0,0.13,117.0,,,-0.5293,6.0,-0.076,7.0,0.1162,14.0,,,0.013,22.0,0.0007,35.0,0.3685,3.0,0.2012,13.0,0.3134,4.0,-0.0452,14.0,,,-0.199,11.0,-0.0988,26.0,-0.4902,4.0,-0.0285,6.0,-0.1852,158.0,0.017,17.0,,,,,-0.0699,7.0,0.3405,3.0,-0.0358,12.0,-0.1795,189.0,-0.1103,6.0,-0.0624,320.0
2026-01-04,Economic Data,0.8622,2.0,0.1343,2.0,-0.0041,1.0,0.144,5.0,0.4762,67.0,,,,,0.2119,4.0,-0.3472,21.0,,,0.4957,23.0,0.0352,3.0,0.112,4.0,0.3085,16.0,-0.0179,2.0,-0.082,3.0,0.0021,2.0,0.0087,1.0,-0.5499,7.0,-0.5841,5.0,0.0711,3.0,-0.2665,5.0,0.4251,11.0,,,-0.0824,5.0,0.23,9.0,0.0195,3.0,,,-0.2894,4.0,0.4292,27.0,0.0882,94.0
2026-01-04,Economic Data-Consumer Spending,,,,,,,,,,,,,,,,,,,,,,,,,,,,,,,,,,,,,,,,,,,,,,,,,,,,,,,,,,,-0.4544,2.0,-0.042,2.0
2026-01-04,Economic Data-Employment,-0.8993,1.0,,,,,,,0.0079,1.0,,,,,,,-0.1759,3.0,,,0.0741,5.0,,,,,0.0047,1.0,,,0.0026,1.0,,,,,-0.6272,2.0,-0.89,1.0,,,,,,,,,,,,,,,,,,,-0.3913,1.0,-0.1038,25.0
2026-01-04,Economic Data-GDP,0.9067,1.0,,,,,,,0.2062,10.0,,,0.9184,1.0,,,,,,,0.9249,1.0,,,,,,,,,,,,,0.7328,1.0,-0.1266,6.0,,,,,-0.9187,2.0,,,,,,,,,,,,,,,-0.9105,1.0,-0.9164,1.0
2026-01-04,Economic Data-Housing,-0.1155,2.0,0.4753,3.0,0.0698,7.0,,,-0.6806,3.0,,,0.0052,1.0,-0.8642,1.0,,,,,0.2362,4.0,,,,,0.1115,5.0,0.3629,11.0,,,-0.0014,1.0,,,,,-0.0011,1.0,0.407,1.0,,,0.0467,1.0,0.4253,1.0,0.0214,4.0,-0.301,1.0,,,0.0392,2.0,,,0.2232,20.0,0.0766,24.0
2026-01-04,Economic Data-Inflation,,,,,,,,,,,,,,,,,,,,,,,,,,,,,,,,,,,,,,,,,,,,,,,,,,,,,,,,,,,0.014,3.0,0.0043,5.0
2026-01-04,Economic Data-Interest Rates,,,0.4263,2.0,,,,,-0.4558,2.0,-0.5505,1.0,,,,,-0.3675,2.0,,,0.1355,3.0,,,,,0.1473,4.0,,,,,,,,,,,,,,,,,,,0.0002,1.0,,,0.0445,1.0,,,,,,,-0.1515,11.0,0.0236,17.0
2026-01-04,Economic Data-Manufacturing,,,,,,,,,0.1504,6.0,,,,,,,,,,,0.403,5.0,,,,,,,,,,,,,,,0.9513,1.0,0.934,5.0,,,,,,,,,0.0034,1.0,,,,,,,,,,,-0.2116,5.0
2026-01-04,Economic Data-Retail Sales,,,,,,,0.0141,1.0,-0.0034,1.0,,,,,,,,,,,0.0638,1.0,,,,,,,,,,,,,,,,,0.8121,1.0,,,,,,,0.0447,2.0,,,,,,,,,,,0.0839,1.0,0.8961,1.0
2026-01-04,Extreme Weather,-0.008,3.0,0.0011,5.0,0.0642,11.0,-0.2965,3.0,0.1716,26.0,-0.0029,1.0,,,0.059,6.0,-0.3328,46.0,0.0071,1.0,-0.2987,23.0,,,-0.4293,4.0,-0.1427,21.0,-0.3567,3.0,-0.0973,16.0,,,,,-0.3768,1.0,-0.2645,8.0,,,-0.1852,7.0,0.1694,8.0,-0.8757,4.0,-0.5633,21.0,-0.131,28.0,0.053,3.0,0.0176,1.0,-0.4591,3.0,-0.3269,34.0,-0.0999,93.0
2026-01-04,Extreme Weather-Cold,,,,,0.4138,2.0,-0.0073,8.0,0.1589,15.0,,,,,-0.0612,14.0,-0.2374,38.0,,,-0.2641,25.0,,,,,0.0608,1.0,-0.0176,2.0,-0.0016,3.0,,,,,,,,,-0.2931,3.0,,,-0.4652,2.0,,,,,-0.2729,6.0,,,,,0.2384,1.0,-0.3008,67.0,-0.2975,18.0
2026-01-04,Extreme Weather-Drought,0.0195,1.0,0.3446,1.0,,,,,0.3504,8.0,,,0.8914,1.0,0.0112,1.0,,,,,-0.3603,5.0,,,,,,,-0.3822,1.0,,,,,,,,,0.5143,5.0,,,,,,,,,0.1401,1.0,-0.9229,1.0,,,,,,,-0.2949,4.0,-0.0317,9.0
2026-01-04,Extreme Weather-Heat,-0.0002,2.0,0.0238,5.0,,,0.0067,1.0,-0.0057,1.0,,,,,0.0008,1.0,-0.0012,1.0,,,-0.5335,1.0,,,0.0024,2.0,,,,,,,,,,,,,,,,,,,-0.0003,1.0,,,,,0.006,4.0,,,-0.0008,1.0,,,0.4812,5.0,0.0005,1.0
2026-01-04,Fiscal Policy,,,,,,,0.0176,3.0,0.1136,21.0,,,,,0.0898,9.0,0.0159,4.0,,,0.048,30.0,-0.2259,5.0,0.016,2.0,-0.9034,1.0,0.2138,1.0,-0.2843,3.0,,,0.0383,2.0,-0.341,4.0,-0.186,6.0,,,0.0047,1.0,0.0602,6.0,0.0205,1.0,-0.4501,3.0,0.0123,1.0,,,,,-0.6405,2.0,0.1199,21.0,-0.0432,28.0
2026-01-04,Fiscal Policy-Stimulus Package,0.4686,2.0,,,,,,,-0.413,3.0,,,0.6496,1.0,0.0555,3.0,,,,,0.4687,3.0,0.839,1.0,,,,,,,-0.0004,1.0,,,0.0629,2.0,,,-0.0451,5.0,,,0.0061,2.0,0.1819,2.0,,,,,,,,,,,-0.0052,1.0,0.3166,14.0,-0.3408,16.0
2026-01-04,Monetary Policy,,,0.4263,2.0,,,0.0134,1.0,,,-0.5505,1.0,,,,,-0.0036,1.0,,,0.0068,1.0,,,,,0.2905,2.0,,,,,,,,,,,,,,,,,0.9497,1.0,,,,,0.0445,1.0,,,,,,,0.2053,5.0,0.1758,7.0
2026-01-04,Monetary Policy-Interest Rates,,,,,,,,,,,,,,,,,,,,,,,,,,,0.0042,3.0,,,,,,,,,,,,,,,,,,,,,-0.0262,2.0,,,,,,,,,,,-0.0822,8.0
2026-01-04,Monetary Policy-Quantitative Easing,0.4736,3.0,0.9424,1.0,,,,,,,-0.2276,2.0,,,,,0.0136,1.0,,,-0.0387,1.0,,,0.0015,1.0,,,0.8146,1.0,,,,,0.0005,1.0,,,,,,,,,,,,,,,,,,,,,,,,,0.4822,5.0
2026-01-04,Natural Disaster,,,,,,,,,-0.001,1.0,,,,,,,-0.9029,5.0,,,-0.116,2.0,,,-0.4391,2.0,-0.3455,8.0,,,-0.0129,6.0,,,,,,,-0.6004,3.0,,,0.0398,2.0,,,-0.8757,4.0,-0.8014,18.0,,,,,,,,,,,-0.0334,6.0
2026-01-04,Oil Spills,,,,,,,,,,,,,,,,,,,,,-0.8987,2.0,,,,,,,,,,,,,,,,,,,,,,,,,,,,,,,,,,,,,,,,
2026-01-04,Pandemic,0.007,2.0,-0.088,13.0,0.1593,5.0,-0.5034,6.0,-0.0804,17.0,,,-0.0249,1.0,-0.2426,22.0,-0.354,61.0,,,-0.1752,59.0,-0.1415,10.0,-0.1219,7.0,-0.3615,5.0,-0.784,6.0,-0.0231,5.0,,,-0.0922,6.0,-0.123,11.0,0.0369,5.0,-0.0001,4.0,-0.3509,13.0,0.0948,8.0,-0.1068,8.0,-0.4315,5.0,0.3934,6.0,-0.4489,1.0,-0.2462,1.0,-0.2894,35.0,-0.2587,36.0,-0.1282,150.0
2026-01-04,Politics,0.2041,14.0,0.0153,1.0,-0.034,8.0,0.0327,17.0,0.1095,205.0,-0.028,2.0,0.1237,9.0,0.0424,62.0,-0.1747,57.0,,,-0.0654,178.0,-0.151,53.0,-0.0954,23.0,0.1051,8.0,0.3367,11.0,-0.026,19.0,,,-0.0176,6.0,-0.3538,13.0,0.1552,13.0,-0.102,9.0,-0.1633,95.0,0.1458,37.0,0.0172,5.0,0.0142,8.0,-0.0365,25.0,-0.3577,3.0,-0.0331,11.0,0.0387,110.0,-0.0108,109.0,-0.0572,1079.0
2026-01-04,Politics-Election,0.0125,1.0,,,,,,,,,,,0.2612,2.0,,,0.0107,1.0,,,0.2544,17.0,,,,,,,,,,,,,0.0886,2.0,,,0.0027,1.0,,,,,,,,,,,,,,,,,,,0.4455,4.0,0.0161,10.0
2026-01-04,Politics-Political Tension,0.0004,4.0,,,,,,,0.1755,29.0,,,,,-0.0375,10.0,-0.0044,3.0,,,-0.1585,17.0,-0.1107,15.0,,,0.4083,3.0,0.0052,1.0,,,,,0.0656,1.0,-0.2913,8.0,-0.891,1.0,,,-0.0681,14.0,0.1972,2.0,0.0354,1.0,,,-0.3845,3.0,-0.0006,2.0,-0.0061,3.0,-0.0061,20.0,-0.1188,13.0,-0.0656,110.0
2026-01-04,Terrorist Attacks,,,0.322,7.0,,,-0.2843,6.0,,,,,,,-0.6873,9.0,-0.4683,27.0,,,-0.5346,18.0,-0.2279,2.0,-0.6491,1.0,,,-0.5845,2.0,-0.798,1.0,,,-0.7477,171.0,-0.5277,17.0,,,,,-0.6907,11.0,,,,,-0.7731,4.0,-0.6035,5.0,,,,,-0.2639,29.0,-0.3333,15.0,-0.4669,61.0
2026-01-04,Wars,0.7985,1.0,0.3191,4.0,0.0146,5.0,-0.0019,1.0,0.1507,53.0,,,0.0014,1.0,0.2006,5.0,-0.1357,8.0,,,0.047,15.0,-0.0106,40.0,-0.0019,2.0,0.1632,9.0,-0.1647,7.0,-0.0355,1.0,,,-0.2794,3.0,0.1103,25.0,0.4725,2.0,-0.0953,7.0,-0.1414,124.0,0.2395,15.0,,,,,0.0001,5.0,0.9503,1.0,-0.0127,2.0,-0.0417,120.0,0.0011,4.0,-0.0605,430.0
2026-01-03,Economic Data,-0.3801,2.0,-0.0055,1.0,0.1719,7.0,-0.1644,8.0,0.1335,91.0,,,,,0.0293,33.0,-0.108,10.0,0.0082,1.0,0.2417,31.0,,,0.4257,8.0,0.2753,11.0,-0.07,2.0,0.0075,3.0,0.0099,1.0,-0.0031,1.0,-0.1807,6.0,0.0091,3.0,0.2539,5.0,0.1575,4.0,0.5234,2.0,0.2519,33.0,-0.0799,2.0,-0.2111,6.0,,,0.3274,6.0,0.4178,2.0,-0.0124,12.0,-0.024,109.0
2026-01-03,Economic Data-Consumer Spending,,,,,,,0.0135,1.0,0.0075,4.0,,,,,,,,,,,,,,,,,,,,,-0.007,1.0,,,,,,,,,,,,,,,,,,,,,,,,,,,0.0176,1.0,-0.9225,1.0
2026-01-03,Economic Data-Employment,,,-0.4134,2.0,,,-0.4604,3.0,,,,,,,0.0071,1.0,-0.272,7.0,,,0.4174,8.0,,,,,-0.3115,2.0,,,,,,,,,,,,,,,,,,,,,,,,,,,,,,,0.3073,5.0,-0.112,29.0
2026-01-03,Economic Data-GDP,0.0511,1.0,,,,,,,0.2327,12.0,,,,,,,-0.8691,1.0,,,0.4813,3.0,,,0.9277,2.0,,,,,,,,,0.2926,1.0,-0.1637,1.0,,,,,,,,,0.8859,3.0,,,,,0.9076,1.0,,,,,,,,
2026-01-03,Economic Data-Housing,,,0.0086,3.0,0.0118,3.0,-0.8539,5.0,0.6307,4.0,,,0.0122,1.0,,,0.0082,4.0,,,0.3797,8.0,,,,,0.1453,2.0,0.2736,3.0,0.0952,4.0,,,,,,,-0.0302,2.0,,,,,,,0.0993,6.0,-0.9129,1.0,0.2581,1.0,,,0.4432,2.0,,,0.0284,20.0,0.1832,17.0
2026-01-03,Economic Data-Inflation,,,-0.286,1.0,,,,,-0.8964,1.0,,,,,,,,,,,,,,,,,0.0255,1.0,,,0.6689,1.0,,,,,-0.4974,2.0,,,,,,,,,,,,,,,,,,,,,-0.0053,1.0,0.0904,12.0
2026-01-03,Economic Data-Interest Rates,,,0.0066,2.0,0.947,1.0,0.4981,1.0,-0.017,2.0,,,,,0.0068,1.0,-0.7286,3.0,,,0.6214,6.0,,,0.9407,1.0,-0.1045,3.0,-0.143,1.0,-0.0019,2.0,,,,,-0.8255,1.0,,,,,0.8313,1.0,0.2284,3.0,0.0147,2.0,,,,,0.0024,1.0,,,,,0.0224,1.0,0.1017,24.0
2026-01-03,Economic Data-Manufacturing,,,,,0.9203,1.0,-0.8671,1.0,0.7082,3.0,,,,,0.4808,3.0,-0.7574,1.0,,,,,,,0.8621,1.0,,,,,,,,,,,,,,,,,,,,,0.3639,7.0,,,,,0.4961,6.0,,,,,0.752,5.0,0.492,5.0
2026-01-03,Economic Data-Retail Sales,,,,,,,,,0.2247,5.0,,,0.8188,1.0,0.0061,1.0,-0.8883,1.0,,,,,,,,,,,,,,,,,,,,,,,0.9347,1.0,,,,,0.0234,2.0,0.1522,2.0,,,,,,,,,0.6635,2.0,0.6412,3.0
2026-01-03,Extreme Weather,0.096,4.0,0.4104,3.0,-0.2399,3.0,-0.0028,4.0,0.1078,28.0,,,,,-0.1392,13.0,-0.4136,52.0,,,-0.2631,45.0,,,-0.4846,7.0,-0.1455,16.0,-0.4118,2.0,-0.3639,158.0,,,,,-0.6498,7.0,-0.2928,18.0,-0.9145,2.0,-0.4933,3.0,0.0024,1.0,0.3965,4.0,-0.1704,4.0,0.0571,13.0,-0.2368,2.0,-0.4202,4.0,,,-0.2333,11.0,-0.0463,71.0
2026-01-03,Extreme Weather-Cold,,,,,-0.4537,3.0,-0.0075,3.0,-0.2644,13.0,0.0013,2.0,,,-0.5966,3.0,-0.1709,28.0,,,-0.1878,35.0,,,,,-0.146,16.0,,,-0.5336,1.0,,,,,,,,,-0.0038,2.0,0.0128,2.0,0.7039,2.0,,,,,-0.3945,2.0,,,,,,,-0.3017,54.0,0.0082,20.0
2026-01-03,Extreme Weather-Drought,,,,,-0.9186,1.0,-0.0221,1.0,-0.8558,2.0,,,,,,,,,,,-0.7395,4.0,,,,,,,,,,,,,,,,,-0.357,3.0,,,,,-0.1482,2.0,,,-0.2842,3.0,0.4717,2.0,,,,,,,-0.001,1.0,0.0026,1.0
2026-01-03,Extreme Weather-Heat,0.0006,2.0,-0.0018,1.0,,,,,-0.9076,2.0,,,,,,,,,,,0.46,2.0,,,0.0012,1.0,,,,,,,,,,,,,0.2265,2.0,,,,,,,,,,,0.0426,5.0,,,0.0015,1.0,,,0.7909,13.0,0.8953,3.0
2026-01-03,Fiscal Policy,0.9498,2.0,0.0146,2.0,0.0999,1.0,0.0063,8.0,0.3577,19.0,,,,,-0.1405,5.0,-0.4196,4.0,,,0.276,24.0,,,0.4846,3.0,0.3689,3.0,,,0.014,7.0,,,,,-0.3613,5.0,0.2638,7.0,0.0184,1.0,-0.491,2.0,0.0317,2.0,,,,,-0.9177,1.0,0.0094,1.0,,,0.0054,7.0,-0.3981,13.0,-0.0416,44.0
2026-01-03,Fiscal Policy-Stimulus Package,0.6601,4.0,-0.9009,1.0,,,-0.0014,3.0,0.1989,5.0,,,,,-0.4135,2.0,,,,,0.4534,8.0,,,,,,,,,0.0058,1.0,,,0.0345,1.0,-0.871,1.0,,,,,-0.0014,1.0,,,,,,,,,-0.0803,3.0,0.0082,1.0,0.433,2.0,-0.0113,1.0,-0.242,33.0
2026-01-03,Monetary Policy,,,0.0066,2.0,,,,,-0.047,1.0,,,,,,,-0.7286,3.0,,,0.2337,3.0,,,0.937,1.0,,,,,0.0019,1.0,,,,,-0.8255,1.0,,,,,,,0.1903,2.0,0.0155,1.0,,,0.0058,1.0,0.0024,1.0,,,,,,,-0.1046,22.0
2026-01-03,Monetary Policy-Interest Rates,,,,,,,,,,,,,,,,,,,,,,,,,,,-0.1045,3.0,,,,,,,,,,,,,0.0007,1.0,,,,,,,,,,,,,,,,,0.0224,1.0,0.1756,7.0
2026-01-03,Monetary Policy-Quantitative Easing,0.1897,6.0,,,-0.7616,3.0,,,0.0027,2.0,,,,,,,0.2513,6.0,,,,,,,,,,,,,,,,,,,,,,,,,,,,,,,,,,,,,,,-0.0066,1.0,,,-0.329,28.0
2026-01-03,Natural Disaster,,,,,,,,,,,,,,,0.0042,1.0,-0.6492,10.0,,,-0.0005,2.0,,,-0.8345,7.0,,,,,-0.3728,156.0,,,,,,,-0.3066,14.0,,,,,,,,,,,0.2183,1.0,,,-0.4113,3.0,,,,,-0.5003,11.0
2026-01-03,Oil Spills,,,,,,,,,0.4706,2.0,,,,,,,,,,,-0.8901,1.0,,,,,,,,,,,,,,,,,,,,,,,,,,,,,,,,,,,,,,,-0.082,1.0
2026-01-03,Pandemic,-0.3235,5.0,-0.0718,15.0,-0.3805,5.0,-0.1924,25.0,-0.0312,41.0,0.0054,1.0,-0.2206,3.0,-0.1178,38.0,-0.0734,13.0,,,-0.1359,56.0,0.0353,21.0,-0.1936,20.0,-0.3393,15.0,-0.1677,14.0,-0.0387,4.0,,,-0.5722,4.0,-0.1814,2.0,0.0368,6.0,-0.0436,4.0,-0.1719,11.0,0.6273,1.0,0.0878,3.0,-0.4638,4.0,-0.0302,8.0,0.1073,6.0,0.0016,1.0,-0.5567,15.0,-0.0402,23.0,-0.1544,160.0
2026-01-03,Politics,0.172,47.0,-0.2005,8.0,-0.1109,26.0,-0.2935,25.0,-0.0288,151.0,0.0728,2.0,-0.7665,1.0,-0.1064,64.0,-0.2479,30.0,-0.135,2.0,-0.0655,160.0,-0.0054,87.0,0.0588,25.0,-0.0207,16.0,0.067,17.0,-0.1352,35.0,0.0185,1.0,-0.4063,4.0,-0.1809,26.0,0.076,17.0,-0.2367,9.0,-0.116,152.0,0.1443,16.0,0.2045,8.0,-0.0609,9.0,0.0719,33.0,-0.1158,9.0,0.0695,7.0,-0.0289,282.0,-0.0394,61.0,-0.0422,1398.0
2026-01-03,Politics-Election,,,,,,,0.0041,1.0,,,,,0.0016,1.0,-0.0112,2.0,0.0056,1.0,,,0.2002,24.0,,,,,0.4084,1.0,0.9413,1.0,,,,,,,,,,,,,0.0053,1.0,,,0.0057,1.0,,,,,,,,,0.0051,4.0,0.4184,2.0,0.3063,3.0
2026-01-03,Politics-Political Tension,-0.117,4.0,,,0.055,3.0,-0.1772,1.0,0.0207,25.0,-0.0104,1.0,,,0.0458,20.0,-0.0147,2.0,,,-0.3408,12.0,-0.126,16.0,-0.0795,3.0,0.9111,1.0,-0.4434,2.0,0.0175,3.0,,,,,-0.6213,1.0,0.325,4.0,-0.6804,19.0,-0.1332,19.0,0.3056,5.0,0.116,2.0,,,0.1956,2.0,0.0094,1.0,0.0105,2.0,0.0363,50.0,-0.2293,9.0,0.0087,96.0
2026-01-03,Terrorist Attacks,-0.1092,1.0,0.506,14.0,,,-0.3249,5.0,-0.128,1.0,-0.7011,3.0,,,,,-0.1817,9.0,,,-0.5812,16.0,,,-0.5634,4.0,-0.631,1.0,,,-0.4083,3.0,,,-0.4492,6.0,-0.7326,6.0,-0.4209,8.0,,,-0.4032,4.0,,,,,0.0029,2.0,-0.0879,1.0,,,-0.7708,3.0,-0.3559,8.0,-0.5315,9.0,-0.2466,116.0
2026-01-03,Wars,-0.3545,2.0,0.0066,1.0,0.0166,3.0,0.0141,5.0,0.1568,48.0,0.0102,1.0,,,-0.0366,3.0,0.0811,4.0,,,0.0576,14.0,-0.0663,54.0,0.0064,11.0,-0.3592,2.0,-0.3109,4.0,0.0025,1.0,,,-0.5035,1.0,0.2648,10.0,0.0133,1.0,0.003,1.0,-0.2177,122.0,0.0871,14.0,-0.809,2.0,,,0.1669,6.0,-0.4508,2.0,-0.8382,1.0,-0.0472,189.0,0.0298,11.0,0.0099,573.0
2026-01-02,Economic Data,-0.0578,16.0,0.0228,9.0,0.1353,16.0,-0.0721,18.0,0.129,166.0,,,-0.3106,2.0,0.3209,17.0,0.005,28.0,0.0704,2.0,0.3581,61.0,-0.1485,1.0,-0.1131,14.0,0.2252,33.0,0.5555,17.0,0.1383,17.0,0.0959,3.0,0.5908,6.0,-0.1624,2.0,0.4,8.0,0.1359,11.0,-0.0519,7.0,0.5794,12.0,0.1518,139.0,0.1444,7.0,-0.0779,25.0,-0.2629,4.0,-0.026,12.0,-0.2255,5.0,-0.0422,47.0,0.0496,405.0
2026-01-02,Economic Data-Consumer Spending,,,,,0.0013,1.0,,,0.358,3.0,,,,,,,,,,,,,,,,,,,,,,,,,,,,,,,,,,,,,,,0.9159,1.0,,,,,,,,,0.1729,1.0,-0.7136,1.0
2026-01-02,Economic Data-Employment,,,-0.0687,2.0,0.1132,3.0,-0.0195,2.0,0.265,2.0,,,0.3134,2.0,,,-0.2282,23.0,,,0.3612,5.0,,,,,-0.0162,1.0,-0.6223,4.0,,,,,,,,,0.0075,1.0,,,,,-0.9218,1.0,0.3423,8.0,,,,,,,,,,,-0.0409,6.0,0.0526,63.0
2026-01-02,Economic Data-GDP,,,,,,,,,0.0327,11.0,0.789,4.0,,,0.9117,2.0,-0.0545,3.0,,,0.9422,1.0,,,,,0.9496,1.0,0.4925,1.0,,,,,0.9465,2.0,,,0.0053,1.0,,,-0.5948,6.0,,,0.8875,39.0,0.0634,1.0,0.9466,2.0,0.8508,3.0,,,,,-0.0065,1.0,0.16,9.0
2026-01-02,Economic Data-Housing,,,-0.2021,6.0,0.0483,9.0,-0.2996,16.0,-0.1315,32.0,,,,,0.0039,1.0,,,,,0.2724,8.0,,,0.009,2.0,0.3759,7.0,0.4026,4.0,0.0058,1.0,,,,,,,0.9446,1.0,0.0101,2.0,0.0134,2.0,0.8967,1.0,0.1871,21.0,0.0585,2.0,0.6311,7.0,,,,,,,-0.0691,58.0,0.3202,43.0
2026-01-02,Economic Data-Inflation,,,,,,,,,0.1196,14.0,,,,,,,,,,,0.1536,1.0,,,,,-0.0004,1.0,,,,,,,-0.8903,1.0,-0.4566,2.0,,,0.0054,1.0,,,,,,,,,,,,,0.9142,1.0,,,-0.3758,7.0,0.3794,65.0
2026-01-02,Economic Data-Interest Rates,-0.5953,3.0,,,0.0909,5.0,,,-0.2931,5.0,,,,,-0.0294,2.0,0.5118,3.0,,,0.2999,9.0,,,0.0047,1.0,0.0126,1.0,0.0716,2.0,,,0.1709,1.0,,,,,0.1495,2.0,-0.4263,2.0,-0.0624,2.0,0.0065,1.0,0.0064,1.0,,,-0.2192,3.0,0.001,1.0,,,,,-0.1624,12.0,0.0177,67.0
2026-01-02,Economic Data-Manufacturing,,,0.5443,8.0,0.004,3.0,-0.4107,4.0,0.096,11.0,0.7581,5.0,,,0.6775,16.0,-0.738,30.0,,,0.1524,30.0,,,0.1989,8.0,0.953,5.0,0.863,14.0,,,,,,,0.9422,2.0,0.6938,5.0,-0.0038,5.0,,,,,0.1961,27.0,,,0.1237,12.0,0.9382,2.0,0.4726,5.0,,,0.7939,24.0,-0.3827,21.0
2026-01-02,Economic Data-Retail Sales,,,,,,,0.0244,1.0,-0.243,3.0,,,,,,,,,,,0.873,4.0,,,,,0.1592,1.0,,,0.0051,1.0,,,,,,,,,,,,,,,0.0395,21.0,,,,,,,,,,,0.0331,4.0,0.0995,8.0
2026-01-02,Extreme Weather,-0.1009,13.0,0.0014,2.0,-0.0179,13.0,-0.163,10.0,0.2611,25.0,-0.0004,1.0,0.4627,2.0,-0.1912,14.0,-0.1563,19.0,0.0015,1.0,-0.1079,33.0,-0.8999,1.0,-0.3827,29.0,-0.0497,24.0,-0.0003,1.0,-0.2266,448.0,,,,,,,-0.3543,52.0,0.0438,2.0,-0.3593,5.0,0.7447,1.0,0.0102,10.0,0.0447,6.0,-0.1677,24.0,,,-0.0002,1.0,-0.5237,25.0,0.1321,33.0,-0.0111,131.0
2026-01-02,Extreme Weather-Cold,,,-0.0049,3.0,-0.5763,4.0,0.0356,10.0,0.0439,7.0,-0.0078,1.0,,,-0.6336,1.0,-0.1713,19.0,,,-0.3085,29.0,,,-0.4315,2.0,-0.3239,6.0,-0.508,2.0,-0.0522,3.0,,,,,,,-0.4271,2.0,-0.0069,3.0,0.0012,3.0,0.1921,2.0,-0.3489,5.0,,,0.0143,3.0,-0.0044,1.0,0.0454,2.0,0.0053,3.0,-0.2551,102.0,-0.1225,59.0
2026-01-02,Extreme Weather-Drought,,,,,-0.7846,1.0,0.0014,3.0,0.1336,1.0,,,,,-0.3627,1.0,,,,,-0.3285,11.0,,,,,,,,,,,,,,,,,-0.138,4.0,,,,,,,0.0102,4.0,0.1038,3.0,,,,,,,,,,,0.2194,9.0
2026-01-02,Extreme Weather-Heat,0.1855,2.0,,,,,,,0.3469,5.0,,,,,,,,,,,0.3246,4.0,,,-0.0016,1.0,0.0003,1.0,,,,,,,,,,,-0.0005,1.0,,,,,-0.0002,1.0,0.0194,2.0,0.1205,1.0,0.0039,2.0,,,-0.001,1.0,,,0.7989,49.0,0.8046,1.0
2026-01-02,Fiscal Policy,0.0259,7.0,0.0119,1.0,0.2402,6.0,0.0914,8.0,0.3502,37.0,-0.7303,4.0,-0.0096,4.0,0.2481,10.0,0.0787,10.0,,,0.1919,26.0,0.0055,11.0,0.3096,15.0,0.2563,8.0,-0.292,8.0,0.0134,7.0,,,0.4156,12.0,0.127,3.0,0.1266,7.0,0.2611,2.0,-0.0211,3.0,,,,,0.2635,3.0,0.0577,6.0,0.0575,2.0,,,-0.1622,15.0,-0.2009,15.0,-0.0507,125.0
2026-01-02,Fiscal Policy-Stimulus Package,0.3369,3.0,-0.1238,2.0,,,-0.3597,2.0,0.2741,7.0,,,0.0111,3.0,-0.0494,8.0,0.0122,1.0,-0.9083,1.0,0.2238,23.0,-0.906,1.0,-0.7247,3.0,,,,,0.1285,7.0,,,0.334,9.0,-0.9177,1.0,0.1735,4.0,0.8413,3.0,0.4822,2.0,0.258,3.0,,,,,,,,,,,,,0.001,17.0,-0.1426,51.0
2026-01-02,Monetary Policy,-0.9019,2.0,0.3723,1.0,-0.0008,4.0,,,-0.2331,7.0,,,,,-0.0497,1.0,0.5118,3.0,,,0.2384,13.0,,,0.4721,2.0,,,,,,,0.1709,1.0,,,,,0.6195,2.0,0.0687,1.0,-0.0624,2.0,0.0065,1.0,,,,,-0.2247,3.0,0.001,1.0,,,,,-0.1751,6.0,-0.0539,26.0
2026-01-02,Monetary Policy-Interest Rates,,,,,,,,,,,,,,,,,,,,,,,,,,,0.0523,1.0,,,,,,,,,,,,,,,,,,,,,,,,,,,,,,,0.0057,1.0,-0.1731,8.0
2026-01-02,Monetary Policy-Quantitative Easing,0.2017,13.0,,,0.0628,2.0,0.8782,1.0,0.1415,9.0,,,,,,,0.3334,9.0,,,0.1751,7.0,,,,,-0.0786,5.0,0.3063,6.0,0.4778,2.0,,,,,,,-0.0314,1.0,,,,,0.9427,1.0,,,0.656,6.0,,,0.0112,1.0,0.0033,1.0,0.003,1.0,-0.0038,12.0,0.0188,33.0
2026-01-02,Natural Disaster,-0.0029,1.0,,,-0.889,2.0,-0.6906,1.0,-0.2002,1.0,,,-0.846,1.0,-0.8679,1.0,-0.4528,2.0,,,,,,,-0.8398,22.0,-0.2824,7.0,,,-0.2778,447.0,,,,,,,-0.1776,34.0,,,,,,,-0.8742,1.0,-0.0454,1.0,-0.4485,2.0,,,,,,,-0.2767,1.0,-0.0236,7.0
2026-01-02,Oil Spills,,,,,,,,,0.7202,1.0,,,,,,,,,,,-0.6461,8.0,,,,,,,,,,,,,,,,,,,,,,,,,,,,,,,,,,,,,,,,
2026-01-02,Pandemic,0.1108,6.0,0.1778,27.0,-0.0836,23.0,-0.1188,12.0,0.0351,156.0,-0.8222,2.0,0.3116,7.0,-0.3275,39.0,-0.2124,26.0,0.0517,1.0,-0.2272,84.0,-0.2887,7.0,-0.1141,21.0,-0.07,21.0,-0.3876,7.0,-0.0817,17.0,-0.1233,2.0,0.1401,5.0,-0.3878,4.0,0.1116,19.0,-0.0806,9.0,-0.1523,31.0,0.3084,11.0,-0.0206,13.0,-0.2815,14.0,-0.0762,14.0,0.1711,5.0,-0.8839,1.0,-0.2047,47.0,-0.0738,46.0,-0.1067,219.0
2026-01-02,Politics,0.069,22.0,-0.1297,25.0,-0.0926,129.0,0.0018,32.0,0.1304,173.0,-0.2504,19.0,0.09,11.0,-0.0664,120.0,-0.0022,77.0,-0.4537,2.0,-0.0128,239.0,-0.1409,124.0,-0.0019,33.0,-0.066,44.0,0.0488,41.0,0.0532,27.0,,,0.2129,35.0,-0.1086,35.0,-0.0184,21.0,0.1048,16.0,-0.1168,114.0,-0.0125,13.0,0.7198,22.0,0.2593,11.0,-0.1113,21.0,-0.1443,19.0,0.1503,7.0,-0.0762,511.0,-0.1545,83.0,0.0274,764.0
2026-01-02,Politics-Election,0.247,1.0,,,0.9417,1.0,,,,,,,,,0.2733,3.0,0.3838,1.0,0.061,2.0,0.3016,27.0,,,,,-0.0011,1.0,0.0107,1.0,,,,,-0.0113,2.0,,,,,,,,,,,,,,,,,0.0227,1.0,,,0.0682,1.0,0.0035,2.0,0.1107,14.0
2026-01-02,Politics-Political Tension,0.2287,4.0,-0.4151,4.0,0.014,2.0,0.0537,3.0,0.2097,14.0,-0.4417,11.0,,,-0.1711,8.0,0.195,11.0,,,-0.4393,23.0,-0.0115,37.0,0.0196,2.0,-0.328,6.0,-0.4082,3.0,0.0016,12.0,,,0.0232,3.0,-0.2021,11.0,-0.0016,1.0,0.029,1.0,-0.2702,10.0,-0.4121,2.0,,,,,-0.3889,2.0,-0.2879,2.0,0.0018,1.0,-0.0394,70.0,0.071,5.0,-0.0105,106.0
2026-01-02,Terrorist Attacks,-0.6173,4.0,,,-0.8533,1.0,-0.356,9.0,-0.3803,3.0,-0.7247,5.0,-0.8634,2.0,-0.3401,4.0,-0.3628,30.0,-0.6773,1.0,-0.5393,15.0,,,-0.4968,2.0,,,-0.8757,2.0,-0.8832,1.0,,,-0.3307,8.0,-0.4311,21.0,-0.5639,9.0,-0.8409,1.0,-0.2326,5.0,,,,,-0.1919,6.0,-0.6387,3.0,,,-0.4219,4.0,-0.1845,74.0,-0.2547,16.0,-0.4834,341.0
2026-01-02,Wars,,,0.2358,1.0,,,,,0.1187,87.0,-0.6532,5.0,-0.1031,2.0,-0.5466,1.0,0.1386,23.0,-0.1209,1.0,0.2066,27.0,-0.0909,147.0,0.0021,1.0,-0.2074,5.0,0.2629,7.0,-0.0045,1.0,,,0.0654,4.0,-0.0895,30.0,-0.1658,1.0,0.3866,10.0,-0.1288,170.0,0.0668,20.0,-0.7641,1.0,0.0051,1.0,-0.3675,4.0,-0.0461,9.0,-0.3817,5.0,-0.2111,286.0,-0.1482,4.0,-0.0318,75.0
2026-01-01,Economic Data,0.0045,2.0,-0.028,4.0,0.1951,20.0,-0.1697,5.0,0.0737,85.0,,,0.0063,2.0,-0.184,9.0,-0.3276,5.0,,,0.2531,45.0,0.6546,5.0,0.1399,11.0,0.1416,26.0,0.7503,35.0,0.3842,16.0,0.8739,1.0,0.8969,9.0,-0.6028,14.0,-0.0313,3.0,0.2322,8.0,0.6847,5.0,0.4783,8.0,0.1303,141.0,0.8771,2.0,-0.0233,6.0,0.1662,4.0,0.2342,8.0,0.0473,3.0,-0.0847,13.0,0.0236,166.0
2026-01-01,Economic Data-Consumer Spending,,,,,,,,,0.0196,1.0,,,,,,,,,,,,,,,,,,,,,0.9511,2.0,,,,,,,,,,,,,,,0.0571,4.0,,,,,,,,,,,,,,
2026-01-01,Economic Data-Employment,,,,,-0.8855,1.0,0.9109,1.0,0.9371,2.0,,,0.9465,1.0,,,0.0007,6.0,,,0.5212,9.0,,,0.0006,1.0,-0.5831,3.0,-0.0028,1.0,,,0.0033,1.0,,,,,,,-0.0057,1.0,-0.9179,1.0,,,0.0035,2.0,,,,,,,,,,,0.0782,2.0,0.1602,19.0
2026-01-01,Economic Data-GDP,,,,,,,,,0.3354,3.0,,,0.1287,1.0,,,,,,,0.9411,2.0,,,,,,,0.9293,1.0,,,,,,,,,-0.9089,1.0,,,,,,,-0.8594,2.0,,,0.7559,1.0,-0.3788,4.0,,,,,0.0082,1.0,-0.0399,1.0
2026-01-01,Economic Data-Housing,,,-0.488,5.0,0.0977,7.0,-0.0028,2.0,0.3351,10.0,,,0.0129,2.0,-0.0075,1.0,-0.0006,2.0,0.0003,1.0,0.9424,3.0,,,,,0.3606,5.0,0.7991,4.0,0.4581,2.0,0.437,2.0,,,,,0.0022,1.0,0.4889,1.0,,,0.1813,5.0,0.0408,22.0,0.3861,2.0,0.0056,3.0,,,0.0025,4.0,,,0.0742,13.0,0.1175,36.0
2026-01-01,Economic Data-Inflation,,,,,,,,,,,,,,,,,,,,,,,,,0.9465,1.0,-0.15,3.0,,,-0.0616,1.0,,,,,-0.6869,7.0,,,,,,,,,,,,,,,,,,,,,,,-0.2159,20.0
2026-01-01,Economic Data-Interest Rates,-0.8555,1.0,,,-0.0119,1.0,0.0939,2.0,-0.1977,8.0,,,-0.8964,1.0,0.0209,1.0,,,,,0.1959,5.0,,,0.4452,3.0,-0.5482,2.0,,,-0.0606,2.0,,,-0.9186,1.0,-0.2762,2.0,,,-0.4853,1.0,,,,,-0.4409,2.0,0.0023,1.0,,,0.003,1.0,0.0025,2.0,,,0.1657,5.0,-0.1642,26.0
2026-01-01,Economic Data-Manufacturing,,,,,0.1223,1.0,,,-0.1176,15.0,,,,,,,,,,,0.5305,3.0,,,,,,,0.9334,1.0,,,,,,,,,,,0.0058,1.0,,,,,0.1385,20.0,0.927,1.0,,,,,0.0033,1.0,,,,,-0.1828,5.0
2026-01-01,Economic Data-Retail Sales,,,,,-0.7979,1.0,,,0.111,6.0,,,,,,,,,,,0.0939,1.0,,,,,,,,,0.0091,1.0,,,,,,,,,,,,,,,0.1292,13.0,,,,,,,,,,,,,0.9454,1.0
2026-01-01,Extreme Weather,0.0005,3.0,-0.0371,3.0,-0.3015,3.0,-0.1512,7.0,0.1214,10.0,,,,,-0.4182,12.0,-0.2572,4.0,,,-0.2359,23.0,,,0.1353,7.0,-0.4185,22.0,0.0033,2.0,0.0046,7.0,,,,,,,-0.1298,13.0,-0.6073,4.0,-0.4635,4.0,-0.7605,1.0,0.014,7.0,0.0505,3.0,-0.3014,21.0,-0.8864,1.0,0.264,3.0,-0.4596,6.0,-0.0841,14.0,-0.2184,121.0
2026-01-01,Extreme Weather-Cold,,,,,,,0.5372,2.0,0.0854,7.0,,,,,,,0.0014,2.0,,,-0.2796,19.0,,,-0.043,1.0,0.033,1.0,-0.9071,1.0,,,,,,,,,,,,,,,0.7233,2.0,,,,,,,,,-0.4511,2.0,-0.0007,1.0,-0.1452,39.0,-0.155,74.0
2026-01-01,Extreme Weather-Drought,0.286,2.0,-0.0027,1.0,,,-0.9114,3.0,-0.2972,2.0,,,,,,,,,,,0.0276,16.0,,,,,,,,,,,,,,,-0.8968,1.0,-0.0011,3.0,,,,,,,0.0147,1.0,,,0.3557,2.0,,,,,,,0.0029,1.0,-0.0272,5.0
2026-01-01,Extreme Weather-Heat,-0.9084,2.0,-0.0018,1.0,,,,,0.8957,7.0,,,,,,,0.8427,1.0,,,0.0035,1.0,,,0.0002,1.0,-0.138,1.0,,,,,,,,,,,,,,,,,-0.0008,1.0,0.004,1.0,0.1377,2.0,0.0016,3.0,,,-0.0005,1.0,,,,,0.001,6.0
2026-01-01,Fiscal Policy,0.0146,2.0,-0.0015,2.0,0.9452,1.0,0.4529,3.0,0.3418,28.0,,,0.1287,1.0,-0.0723,8.0,-0.1244,7.0,-0.9167,4.0,0.4253,34.0,0.02,2.0,-0.0255,11.0,-0.0117,12.0,0.1107,2.0,0.3125,6.0,,,0.8051,1.0,0.0377,11.0,0.5458,2.0,,,0.084,19.0,0.5568,4.0,,,,,0.0924,4.0,0.4461,7.0,0.04,1.0,0.0126,5.0,-0.1564,10.0,0.0064,97.0
2026-01-01,Fiscal Policy-Stimulus Package,,,,,,,0.0062,1.0,0.1501,13.0,0.0165,2.0,0.015,1.0,-0.2933,4.0,-0.6615,1.0,-0.9002,23.0,0.38,13.0,,,-0.0278,1.0,0.2866,3.0,0.0179,1.0,0.036,2.0,,,0.7073,11.0,,,,,,,,,,,,,,,,,0.014,1.0,,,0.5541,1.0,-0.1496,2.0,-0.0631,55.0
2026-01-01,Monetary Policy,0.0054,1.0,,,,,0.1861,1.0,0.0068,4.0,,,-0.8964,1.0,0.0209,1.0,0.0132,1.0,,,0.0014,4.0,,,0.3257,3.0,-0.3626,1.0,,,0.0061,1.0,,,0.9482,1.0,-0.2762,2.0,,,-0.4853,1.0,0.0063,1.0,0.0072,1.0,-0.4409,2.0,,,,,0.003,1.0,,,,,0.0202,4.0,-0.0712,13.0
2026-01-01,Monetary Policy-Interest Rates,,,,,0.0054,2.0,0.0017,1.0,,,,,0.0121,1.0,,,,,,,,,,,0.0213,1.0,-0.7338,1.0,,,,,,,-0.9186,1.0,,,,,,,,,,,,,0.4199,2.0,,,,,-0.0011,1.0,,,,,-0.0753,7.0
2026-01-01,Monetary Policy-Quantitative Easing,0.3671,1.0,,,0.2709,3.0,,,0.8736,2.0,,,,,,,0.1939,1.0,,,-0.1751,9.0,,,,,-0.6059,1.0,,,0.4437,2.0,,,,,-0.0031,2.0,,,,,,,0.5124,3.0,-0.2741,5.0,,,,,,,,,,,,,-0.1116,20.0
2026-01-01,Natural Disaster,0.0039,1.0,-0.09,1.0,,,,,,,,,,,-0.2708,6.0,,,,,-0.0288,2.0,,,,,-0.4624,20.0,,,-0.0001,4.0,,,,,,,-0.1783,8.0,,,-0.6818,1.0,,,,,,,-0.5613,10.0,,,,,0.0685,1.0,-0.1447,2.0,-0.4161,31.0
2026-01-01,Oil Spills,,,,,,,,,,,,,,,,,-0.1665,1.0,,,-0.8905,2.0,,,,,,,,,,,,,,,,,,,,,,,,,,,,,,,,,,,,,,,,
2026-01-01,Pandemic,,,-0.5181,5.0,-0.3048,19.0,-0.4345,3.0,-0.0705,36.0,-0.0014,1.0,-0.1673,3.0,-0.1058,36.0,-0.316,20.0,,,0.0783,57.0,-0.6459,6.0,-0.0587,9.0,-0.2731,6.0,-0.2547,6.0,-0.1465,9.0,-0.235,3.0,-0.4046,4.0,-0.3447,6.0,-0.638,7.0,0.0126,4.0,-0.4482,13.0,0.0348,14.0,0.2424,14.0,-0.2319,4.0,-0.3705,9.0,-0.0751,7.0,-0.2821,3.0,-0.1444,52.0,-0.1651,36.0,-0.1514,191.0
2026-01-01,Politics,-0.0038,7.0,-0.0624,13.0,-0.1302,143.0,0.0999,15.0,0.1237,100.0,0.0094,11.0,-0.2306,6.0,-0.1497,179.0,-0.2132,22.0,-0.7315,29.0,0.2503,138.0,-0.1019,94.0,0.0364,31.0,0.0444,35.0,0.1209,16.0,0.1085,12.0,,,0.3693,19.0,-0.0485,26.0,-0.1263,8.0,0.0549,7.0,0.0581,125.0,0.1875,19.0,0.1111,5.0,-0.0013,1.0,0.043,11.0,0.2432,41.0,0.0151,20.0,-0.0164,170.0,-0.0893,61.0,0.0058,695.0
2026-01-01,Politics-Election,,,,,0.9417,1.0,,,0.0006,1.0,,,,,0.0025,3.0,0.0,2.0,,,0.2554,15.0,,,0.0149,1.0,,,-0.1266,2.0,,,,,,,,,,,,,,,,,0.917,1.0,,,,,,,,,,,0.0027,5.0,0.055,11.0
2026-01-01,Politics-Political Tension,,,,,0.005,1.0,,,0.257,10.0,,,-0.0015,1.0,-0.1526,10.0,0.1353,4.0,-0.7029,1.0,-0.0289,9.0,0.035,4.0,0.0528,1.0,-0.0059,2.0,-0.7758,1.0,0.0119,1.0,,,,,-0.1346,3.0,,,,,-0.1812,20.0,,,,,,,,,-0.2072,4.0,0.0251,1.0,-0.0567,43.0,0.1137,4.0,-0.0704,30.0
2026-01-01,Terrorist Attacks,,,-0.8857,1.0,-0.7332,1.0,-0.6158,3.0,-0.8516,3.0,,,-0.0622,4.0,-0.7803,2.0,-0.5565,44.0,,,-0.5547,15.0,-0.602,3.0,-0.4379,4.0,,,,,-0.4092,4.0,,,-0.6513,6.0,-0.4593,8.0,-0.6924,15.0,,,-0.3618,9.0,,,,,-0.7567,2.0,,,-0.8826,1.0,-0.453,3.0,-0.3386,86.0,-0.3504,18.0,-0.5127,105.0
2026-01-01,Wars,,,-0.4731,9.0,,,,,-0.0002,34.0,0.0581,6.0,0.1209,1.0,,,0.0008,4.0,,,0.138,13.0,-0.1322,88.0,0.109,4.0,0.0012,2.0,0.382,4.0,-0.4684,1.0,,,,,-0.3275,34.0,-0.8657,2.0,0.3903,10.0,-0.1616,170.0,0.1016,10.0,,,,,0.0115,4.0,0.2674,21.0,0.1458,13.0,-0.1348,286.0,0.0034,4.0,-0.0409,129.0
2025-12-31,Economic Data,0.138,7.0,0.3085,2.0,-0.0722,8.0,0.184,16.0,0.2197,280.0,0.5052,5.0,0.2619,6.0,0.0644,24.0,0.2356,9.0,,,0.1434,60.0,-0.6968,19.0,0.2442,4.0,0.1766,29.0,-0.2966,14.0,0.2962,14.0,0.2456,2.0,-0.0776,6.0,0.1675,4.0,0.286,33.0,-0.1117,11.0,-0.8793,4.0,0.4049,11.0,0.0553,80.0,-0.0973,7.0,0.2554,16.0,0.3804,6.0,0.3385,13.0,0.021,5.0,0.1175,38.0,-0.0371,389.0
2025-12-31,Economic Data-Consumer Spending,,,,,,,,,0.9447,2.0,,,,,,,,,,,,,,,,,,,,,,,,,,,,,,,,,,,,,0.0093,1.0,,,,,,,,,,,,,0.0069,2.0
2025-12-31,Economic Data-Employment,,,0.0012,1.0,-0.0946,4.0,0.2592,5.0,0.1638,5.0,,,,,,,-0.7419,2.0,,,0.318,4.0,-0.902,1.0,,,-0.1896,2.0,-0.4239,4.0,,,,,0.9386,1.0,,,0.0183,2.0,,,,,,,0.1125,7.0,,,,,-0.9238,1.0,,,,,0.0363,2.0,-0.4002,128.0
2025-12-31,Economic Data-GDP,0.0065,1.0,,,0.1351,3.0,0.0098,2.0,0.7851,78.0,0.8061,1.0,,,-0.5153,1.0,-0.8448,3.0,,,0.7467,11.0,,,,,-0.1698,2.0,,,0.9421,1.0,,,0.9435,4.0,,,-0.903,2.0,,,0.0173,2.0,,,0.8406,16.0,,,0.7124,4.0,,,,,,,0.9288,1.0,0.0984,22.0
2025-12-31,Economic Data-Housing,0.9486,1.0,0.1489,5.0,0.2589,4.0,0.1311,7.0,-0.1759,39.0,,,,,0.0546,1.0,0.0004,1.0,-0.0023,1.0,0.7622,8.0,,,0.8901,2.0,0.0012,4.0,-0.1351,16.0,0.4676,2.0,,,,,,,0.1323,1.0,0.0156,1.0,0.3945,3.0,0.0124,4.0,0.044,2.0,-0.7382,1.0,-0.1167,6.0,,,0.0023,1.0,,,0.0695,28.0,0.2577,88.0
2025-12-31,Economic Data-Inflation,,,,,,,-0.0209,4.0,-0.8601,3.0,,,,,,,0.0361,1.0,,,0.9383,2.0,,,,,0.0004,2.0,0.9416,5.0,,,,,,,0.4196,3.0,,,-0.6051,3.0,,,,,,,,,-0.8391,1.0,,,,,-0.7395,2.0,0.0051,2.0,-0.2754,36.0
2025-12-31,Economic Data-Interest Rates,-0.0134,2.0,,,-0.025,2.0,0.0197,1.0,-0.0706,14.0,,,,,,,-0.8942,1.0,0.0048,1.0,0.1813,25.0,0.9481,1.0,,,0.1082,2.0,,,,,0.0045,1.0,0.0561,1.0,,,0.1067,5.0,0.4837,5.0,-0.4277,3.0,,,0.6735,6.0,0.8218,1.0,0.0074,2.0,,,,,,,-0.2296,6.0,-0.0813,79.0
2025-12-31,Economic Data-Manufacturing,,,0.0027,1.0,-0.0005,1.0,,,0.5561,169.0,,,,,,,0.9204,1.0,,,0.2908,3.0,,,0.0596,1.0,-0.0015,1.0,,,0.0068,1.0,,,0.2449,1.0,,,0.0569,1.0,-0.003,1.0,,,0.0229,1.0,0.0049,10.0,,,,,,,-0.018,1.0,,,0.8591,1.0,0.6109,3.0
2025-12-31,Economic Data-Retail Sales,,,0.0051,1.0,,,0.8626,2.0,0.4759,3.0,,,,,,,-0.021,1.0,,,0.4378,10.0,,,,,,,,,-0.0061,1.0,,,,,,,,,,,,,,,0.0612,12.0,,,,,,,,,,,0.0094,3.0,0.3667,9.0
2025-12-31,Extreme Weather,-0.2328,8.0,-0.1409,13.0,0.2101,11.0,-0.0799,21.0,0.1712,26.0,,,,,0.1294,7.0,-0.1788,10.0,0.0038,1.0,-0.2607,68.0,0.0003,3.0,0.0561,24.0,-0.2387,56.0,,,0.0314,7.0,,,,,,,-0.0081,17.0,-0.9087,13.0,-0.5983,7.0,-0.3919,2.0,0.0601,17.0,-0.6796,9.0,-0.3459,18.0,,,-0.3078,4.0,-0.7237,9.0,-0.0394,18.0,-0.1064,144.0
2025-12-31,Extreme Weather-Cold,,,,,,,-0.0544,15.0,0.2164,10.0,,,,,0.3287,8.0,-0.153,18.0,,,-0.0765,22.0,,,-0.0126,2.0,-0.3882,3.0,-0.505,5.0,-0.0757,6.0,,,,,,,-0.1546,1.0,-0.4863,14.0,-0.529,3.0,,,0.0312,5.0,-0.4728,1.0,,,,,-0.3689,3.0,,,0.0261,68.0,-0.165,52.0
2025-12-31,Extreme Weather-Drought,0.1347,1.0,,,,,,,0.6026,1.0,,,,,,,,,,,-0.0235,5.0,,,,,0.0017,1.0,,,,,,,,,,,0.3876,2.0,,,,,,,0.0409,1.0,0.0041,1.0,-0.0025,2.0,0.0255,1.0,,,,,,,0.1308,6.0
2025-12-31,Extreme Weather-Heat,-0.4385,19.0,,,-0.8839,3.0,,,0.8167,1.0,,,,,0.1569,2.0,0.0276,1.0,,,0.7592,1.0,,,-0.0008,2.0,,,,,,,,,,,,,,,,,0.2565,2.0,,,0.3339,4.0,,,0.1786,5.0,0.0147,1.0,-0.0004,1.0,,,-0.1262,6.0,0.9134,1.0
2025-12-31,Fiscal Policy,0.0124,8.0,0.0021,1.0,-0.5222,2.0,-0.1903,18.0,0.2682,138.0,,,,,0.0924,20.0,0.0462,12.0,-0.8472,1.0,0.2047,53.0,0.0729,1.0,0.2862,8.0,0.2958,4.0,-0.1289,3.0,0.4293,5.0,,,-0.2712,6.0,-0.4304,2.0,0.1786,18.0,-0.153,3.0,0.0641,11.0,0.5556,2.0,0.1226,2.0,-0.8594,1.0,0.2737,4.0,0.0744,6.0,,,0.0617,6.0,0.0647,16.0,0.0062,138.0
2025-12-31,Fiscal Policy-Stimulus Package,-0.1549,3.0,,,0.4651,1.0,0.0049,1.0,0.3259,12.0,,,,,0.1416,7.0,0.0005,1.0,0.6874,1.0,0.2579,25.0,,,0.2297,5.0,,,,,0.4614,2.0,,,0.0413,22.0,,,0.2283,4.0,,,,,0.0245,2.0,0.0355,5.0,,,0.4808,3.0,0.5017,2.0,,,0.3498,1.0,-0.1928,7.0,-0.2209,131.0
2025-12-31,Monetary Policy,-0.1433,2.0,,,0.3647,2.0,,,0.4823,10.0,,,,,,,-0.8942,1.0,0.0048,1.0,0.2076,20.0,0.9481,1.0,,,0.0116,1.0,,,0.0136,1.0,,,-0.9048,1.0,,,0.1058,4.0,0.0252,2.0,-0.4284,2.0,0.0172,1.0,0.9364,1.0,0.8218,1.0,-0.0013,1.0,,,-0.1343,5.0,,,0.0167,4.0,-0.0454,40.0
2025-12-31,Monetary Policy-Interest Rates,,,,,0.1647,1.0,,,,,,,,,,,,,,,,,,,,,-0.0015,1.0,,,,,0.0045,1.0,,,,,,,,,,,,,,,,,,,,,,,,,-0.3118,3.0,-0.2295,21.0
2025-12-31,Monetary Policy-Quantitative Easing,0.0844,2.0,,,0.0178,1.0,,,0.3441,20.0,0.9449,1.0,0.4787,2.0,,,,,,,-0.1426,15.0,0.8598,1.0,,,0.1308,7.0,0.0153,6.0,0.8999,1.0,,,-0.4418,2.0,,,,,0.6939,1.0,,,0.0169,5.0,0.0032,1.0,,,0.0042,1.0,,,-0.8542,1.0,,,-0.8034,2.0,0.0337,76.0
2025-12-31,Natural Disaster,,,-0.4359,4.0,,,,,,,,,,,,,,,,,,,,,-0.3994,3.0,-0.3539,49.0,,,0.2498,4.0,,,,,,,0.0003,4.0,,,,,-0.7853,1.0,,,,,-0.4551,2.0,,,0.9049,1.0,,,0.0133,1.0,-0.2866,17.0
2025-12-31,Oil Spills,,,,,,,,,,,,,,,,,,,,,-0.8634,1.0,,,,,,,,,,,,,,,,,,,,,,,,,0.1398,1.0,,,,,,,,,,,,,-0.9111,1.0
2025-12-31,Pandemic,-0.3113,4.0,-0.2106,71.0,-0.136,34.0,0.2434,8.0,-0.1029,48.0,-0.0014,1.0,0.1528,7.0,0.0322,50.0,-0.0503,17.0,,,-0.057,79.0,-0.1294,14.0,-0.2108,14.0,0.1067,7.0,-0.4378,16.0,-0.0424,7.0,-0.2137,4.0,0.1257,14.0,-0.1768,23.0,0.2019,26.0,0.0087,1.0,-0.0798,23.0,0.017,7.0,0.0974,9.0,-0.4293,22.0,-0.2963,13.0,0.1868,6.0,-0.3316,4.0,-0.1097,25.0,-0.1584,45.0,-0.1146,307.0
2025-12-31,Politics,0.0696,18.0,0.1107,7.0,-0.1508,53.0,-0.0776,46.0,0.229,316.0,-0.0203,1.0,0.1338,12.0,-0.0172,177.0,-0.0276,53.0,-0.3529,11.0,0.0312,214.0,-0.0675,117.0,0.1435,56.0,-0.0619,47.0,-0.0518,33.0,0.2643,19.0,0.0016,1.0,0.089,53.0,-0.2149,14.0,0.0999,40.0,0.0607,9.0,-0.0282,238.0,0.2334,33.0,0.3894,19.0,-0.2565,10.0,-0.0193,33.0,-0.1575,30.0,0.1476,10.0,-0.0609,289.0,-0.0052,66.0,-0.0824,806.0
2025-12-31,Politics-Election,,,,,0.8379,1.0,,,,,,,,,-0.023,9.0,0.8403,1.0,,,0.1382,23.0,,,0.0133,10.0,-0.0005,1.0,,,,,,,0.0072,1.0,,,,,,,,,,,0.2219,2.0,,,,,0.445,2.0,,,0.703,2.0,0.4571,2.0,0.3001,27.0
2025-12-31,Politics-Political Tension,,,-0.0023,1.0,0.044,2.0,0.0466,2.0,-0.0002,65.0,,,,,-0.2356,11.0,0.0136,9.0,-0.1618,2.0,-0.2575,25.0,0.0181,15.0,-0.4235,4.0,0.0434,2.0,-0.0009,1.0,0.0033,1.0,,,-0.2242,4.0,-0.0137,2.0,-0.0028,3.0,-0.0245,3.0,-0.0698,24.0,0.3689,1.0,,,-0.2882,2.0,-0.1109,3.0,0.0381,12.0,,,-0.1028,87.0,-0.1721,8.0,-0.1524,35.0
2025-12-31,Terrorist Attacks,,,0.0598,22.0,-0.6074,2.0,-0.482,12.0,-0.4623,2.0,,,,,-0.0516,5.0,-0.33,29.0,,,-0.4535,21.0,-0.0406,3.0,-0.2751,4.0,,,-0.7322,1.0,-0.234,5.0,-0.7541,2.0,-0.2354,3.0,-0.444,3.0,-0.216,6.0,,,-0.1308,32.0,,,,,-0.3007,4.0,-0.8987,2.0,-0.4784,4.0,-0.3332,48.0,,,-0.4446,20.0,-0.3892,128.0
2025-12-31,Wars,0.0555,1.0,-0.909,1.0,-0.1451,3.0,-0.0571,2.0,0.0358,75.0,,,-0.2778,6.0,0.0364,6.0,-0.0594,30.0,-0.0665,1.0,0.4217,37.0,-0.0616,158.0,0.0039,12.0,0.148,38.0,-0.4325,3.0,-0.0013,1.0,,,-0.0511,2.0,0.1641,28.0,0.3971,17.0,0.5359,10.0,-0.0908,272.0,0.1989,23.0,,,0.929,1.0,0.3193,7.0,-0.0144,49.0,-0.2249,2.0,-0.0888,239.0,-0.3946,11.0,-0.0728,147.0
2025-12-30,Economic Data,0.0325,11.0,0.1407,7.0,0.0136,17.0,0.13,11.0,0.0794,198.0,-0.8007,1.0,0.0125,4.0,0.2683,12.0,0.208,24.0,-0.4501,2.0,0.0925,56.0,0.1603,2.0,0.0342,13.0,0.0943,27.0,0.1679,33.0,0.1318,12.0,0.0074,1.0,0.5502,3.0,-0.2172,5.0,-0.0434,13.0,0.0892,7.0,-0.0237,20.0,0.3538,10.0,0.1251,35.0,0.5409,6.0,-0.047,38.0,0.4555,19.0,,,0.3461,5.0,0.1211,49.0,0.0706,420.0
2025-12-30,Economic Data-Consumer Spending,-0.9176,1.0,,,,,,,0.6249,4.0,,,,,,,,,,,,,,,0.8509,1.0,,,,,,,,,,,,,,,,,,,,,,,,,,,,,,,,,-0.1593,8.0,-0.1457,1.0
2025-12-30,Economic Data-Employment,0.6544,1.0,-0.9153,1.0,-0.5764,32.0,-0.4137,2.0,-0.3634,8.0,,,,,-0.2822,4.0,-0.8212,2.0,,,0.4716,2.0,0.0068,1.0,-0.4463,2.0,-0.4325,2.0,0.1002,3.0,0.0013,2.0,,,0.8889,1.0,,,0.9453,1.0,-0.9182,1.0,0.9103,1.0,0.0683,1.0,-0.2604,5.0,,,0.0013,2.0,-0.8692,1.0,0.6385,5.0,-0.8777,1.0,0.007,3.0,0.1581,51.0
2025-12-30,Economic Data-GDP,-0.002,1.0,0.0187,1.0,,,0.0205,2.0,0.1587,13.0,,,,,,,-0.9104,1.0,,,0.6075,12.0,,,,,,,,,,,,,0.9434,4.0,,,-0.0053,4.0,,,-0.3028,6.0,,,0.9493,1.0,,,0.0159,2.0,,,0.0161,1.0,,,,,0.0555,11.0
2025-12-30,Economic Data-Housing,,,0.003,2.0,,,0.3546,17.0,0.1265,42.0,,,0.0061,1.0,0.8872,1.0,0.0027,3.0,,,0.3522,5.0,,,0.4747,3.0,0.1879,9.0,0.7943,1.0,0.0095,1.0,,,,,,,0.4743,2.0,,,,,-0.0791,3.0,0.0175,2.0,0.1926,3.0,0.1709,10.0,0.4723,4.0,,,0.9263,1.0,-0.0718,29.0,0.2233,109.0
2025-12-30,Economic Data-Inflation,,,,,,,,,-0.2554,3.0,,,,,,,,,,,0.0106,1.0,,,,,-0.0006,1.0,0.1836,8.0,0.2945,1.0,,,,,,,0.0225,1.0,0.0054,1.0,,,,,,,,,-0.178,20.0,,,0.0069,1.0,0.7321,1.0,0.317,9.0,-0.1847,58.0
2025-12-30,Economic Data-Interest Rates,,,0.6613,1.0,0.012,3.0,0.2101,1.0,-0.5305,10.0,,,0.0077,3.0,-0.1646,4.0,0.1196,6.0,-0.4012,5.0,0.2512,12.0,,,,,0.45,9.0,,,,,,,-0.7378,1.0,,,0.3197,3.0,,,0.0815,12.0,0.0427,2.0,0.7223,1.0,,,0.0328,3.0,,,,,,,0.0409,9.0,0.0393,152.0
2025-12-30,Economic Data-Manufacturing,,,0.0477,1.0,,,,,0.2349,64.0,,,,,,,,,,,0.8071,4.0,0.9428,1.0,,,,,-0.6843,4.0,0.2723,1.0,,,0.7985,1.0,,,,,,,,,,,0.4338,25.0,,,-0.0342,2.0,,,,,,,,,0.1266,16.0
2025-12-30,Economic Data-Retail Sales,,,,,,,,,0.3995,7.0,,,0.3043,1.0,,,,,,,0.0881,1.0,,,0.2239,1.0,,,-0.9216,2.0,0.0794,1.0,,,,,,,0.0096,1.0,,,,,,,0.013,4.0,,,0.458,9.0,,,,,,,0.2405,4.0,0.4196,19.0
2025-12-30,Extreme Weather,0.3807,12.0,-0.1685,11.0,0.0861,15.0,-0.1956,12.0,0.1137,35.0,0.0023,2.0,-0.4409,2.0,-0.1917,7.0,-0.0609,17.0,-0.0199,10.0,-0.4344,48.0,0.0286,4.0,-0.0134,12.0,-0.3074,14.0,0.0001,1.0,-0.232,18.0,-0.8892,2.0,,,-0.8788,2.0,-0.2732,10.0,-0.2098,4.0,-0.115,11.0,0.0059,1.0,0.3297,5.0,-0.3311,4.0,-0.3203,47.0,0.3281,7.0,-0.192,5.0,-0.3597,3.0,-0.1623,33.0,-0.1244,179.0
2025-12-30,Extreme Weather-Cold,,,,,-0.8582,1.0,-0.2906,16.0,-0.4739,4.0,,,-0.0003,1.0,-0.064,12.0,-0.1529,9.0,,,-0.2418,26.0,,,,,0.0157,1.0,0.0013,1.0,-0.072,8.0,,,,,,,-0.1427,5.0,-0.0099,3.0,-0.1293,16.0,-0.3264,1.0,,,,,-0.0011,1.0,-0.3903,2.0,-0.9129,1.0,,,-0.1529,32.0,-0.2915,124.0
2025-12-30,Extreme Weather-Drought,-0.4473,2.0,,,0.0125,9.0,,,0.2073,6.0,,,,,,,,,0.0407,1.0,-0.1922,7.0,,,,,,,,,-0.8666,1.0,,,0.0024,1.0,,,0.0024,1.0,,,,,,,,,,,-0.003,1.0,0.6667,1.0,,,,,,,0.0071,3.0
2025-12-30,Extreme Weather-Heat,-0.1004,7.0,0.0023,2.0,-0.2093,6.0,,,,,,,-0.911,1.0,0.133,1.0,0.3331,2.0,,,-0.4413,4.0,,,-0.351,7.0,0.0365,1.0,,,-0.0043,1.0,,,,,,,,,,,,,,,,,0.3975,1.0,0.0067,6.0,,,,,,,-0.0114,4.0,0.5251,6.0
2025-12-30,Fiscal Policy,0.1217,10.0,0.0113,3.0,0.3116,15.0,0.1764,15.0,-0.0245,38.0,0.0454,1.0,0.7441,1.0,-0.2642,24.0,0.011,10.0,-0.5765,7.0,0.1465,50.0,,,0.2635,10.0,0.1442,6.0,0.022,4.0,-0.0524,8.0,,,0.0943,10.0,0.4121,2.0,-0.0507,9.0,-0.0616,14.0,-0.1436,9.0,-0.7989,3.0,-0.0016,1.0,-0.262,2.0,-0.0178,7.0,0.273,9.0,,,-0.0947,17.0,-0.1176,20.0,-0.0028,138.0
2025-12-30,Fiscal Policy-Stimulus Package,-0.1549,1.0,,,0.4013,6.0,0.2949,3.0,0.587,4.0,-0.8656,1.0,0.1961,3.0,0.0149,4.0,-0.2146,4.0,,,0.2821,19.0,0.0182,1.0,-0.0068,43.0,,,0.0086,1.0,0.3239,7.0,,,0.3523,9.0,,,-0.1148,7.0,,,0.0604,7.0,0.0155,1.0,0.0404,2.0,0.2522,4.0,0.0482,2.0,,,-0.011,1.0,0.0231,4.0,-0.0068,9.0,0.0072,125.0
2025-12-30,Monetary Policy,,,,,0.0116,2.0,,,-0.1379,7.0,,,0.0025,2.0,0.2788,3.0,0.1196,6.0,-0.6772,1.0,0.3661,4.0,,,,,0.2467,3.0,,,,,,,-0.3619,2.0,,,0.3123,3.0,,,0.0933,13.0,0.0203,5.0,0.3652,2.0,,,0.0328,3.0,,,,,,,-0.0243,6.0,0.0812,123.0
2025-12-30,Monetary Policy-Interest Rates,,,,,,,,,-0.8709,4.0,-0.8007,1.0,,,,,,,-0.907,1.0,,,,,,,0.4834,3.0,,,,,,,,,,,,,,,,,,,,,,,,,,,,,,,0.0683,3.0,-0.2096,75.0
2025-12-30,Monetary Policy-Quantitative Easing,-0.3106,3.0,-0.0024,1.0,0.0201,2.0,-0.0063,1.0,0.2377,16.0,,,0.6279,4.0,0.2597,2.0,-0.4416,9.0,,,-0.2189,17.0,,,,,0.3476,5.0,-0.2358,4.0,-0.0118,1.0,,,,,,,,,,,0.0093,2.0,0.8961,1.0,,,0.7957,3.0,,,,,,,-0.441,2.0,-0.2273,14.0,0.0077,155.0
2025-12-30,Natural Disaster,,,-0.6663,4.0,-0.5778,2.0,,,,,,,,,-0.4776,1.0,-0.8226,3.0,-0.1015,1.0,-0.2176,2.0,,,-0.2517,4.0,-0.5151,10.0,,,-0.0154,5.0,-0.8972,1.0,,,,,-0.0013,2.0,,,-0.8957,1.0,,,,,,,-0.4573,6.0,0.3289,2.0,0.3914,2.0,,,-0.3892,9.0,-0.6115,13.0
2025-12-30,Oil Spills,,,,,,,,,,,,,,,,,,,,,,,,,,,,,,,,,,,,,,,,,,,,,,,,,,,,,,,,,,,,,-0.8847,6.0
2025-12-30,Pandemic,-0.1918,10.0,-0.0865,17.0,-0.1412,59.0,-0.2342,16.0,0.0276,87.0,-0.0013,1.0,0.3493,7.0,-0.0548,33.0,-0.0136,26.0,,,-0.0507,73.0,-0.3525,21.0,-0.2385,21.0,-0.024,15.0,-0.2431,39.0,0.0519,33.0,0.0603,1.0,-0.1231,15.0,-0.0922,4.0,-0.0613,14.0,-0.043,2.0,-0.0771,22.0,-0.1558,5.0,0.0086,5.0,-0.4787,40.0,-0.2401,23.0,0.2764,22.0,,,-0.0977,37.0,-0.3788,40.0,0.034,321.0
2025-12-30,Politics,-0.2472,45.0,-0.0267,19.0,-0.0143,69.0,0.0096,42.0,-0.0685,208.0,-0.2818,3.0,0.1083,11.0,-0.093,129.0,-0.0918,80.0,-0.6125,12.0,-0.0003,198.0,-0.0841,212.0,0.1491,87.0,-0.0963,66.0,-0.0328,49.0,0.0192,46.0,0.0013,3.0,0.0608,34.0,-0.1017,32.0,0.0083,28.0,-0.0323,51.0,-0.0983,232.0,-0.206,38.0,0.1182,8.0,-0.0333,15.0,0.0588,31.0,0.0144,59.0,-0.0263,12.0,0.062,332.0,-0.0285,102.0,-0.0595,657.0
2025-12-30,Politics-Election,,,,,0.0218,1.0,,,,,,,,,0.018,1.0,-0.432,2.0,0.2703,2.0,0.0776,15.0,,,,,0.0011,2.0,0.0171,3.0,0.0025,1.0,,,,,,,,,,,,,,,,,,,0.664,1.0,,,,,0.0148,2.0,,,0.1142,31.0
2025-12-30,Politics-Political Tension,-0.0086,1.0,-0.9176,2.0,-0.0089,2.0,-0.2304,3.0,-0.0765,17.0,,,,,-0.3085,11.0,-0.0498,10.0,,,-0.128,26.0,-0.0985,83.0,-0.0174,1.0,-0.5904,5.0,-0.2483,7.0,0.0082,1.0,,,-0.4351,3.0,-0.189,7.0,-0.0184,3.0,-0.4303,2.0,-0.107,32.0,,,,,-0.9106,1.0,0.004,1.0,-0.0882,9.0,0.0028,1.0,-0.0627,113.0,0.0133,13.0,-0.0466,64.0
2025-12-30,Terrorist Attacks,-0.1509,3.0,-0.0653,117.0,-0.0321,2.0,-0.5379,11.0,,,,,0.151,4.0,-0.5434,20.0,-0.3561,37.0,,,-0.3201,20.0,,,-0.5375,6.0,-0.4677,1.0,,,-0.6201,11.0,,,-0.6302,5.0,,,-0.3231,15.0,,,-0.2893,40.0,-0.8187,1.0,-0.5053,1.0,,,,,-0.8703,2.0,-0.3406,68.0,-0.3068,5.0,-0.3262,16.0,-0.3088,171.0
2025-12-30,Wars,-0.9092,1.0,,,0.9454,1.0,,,-0.0447,167.0,,,-0.3768,2.0,0.3767,11.0,0.0485,37.0,0.0824,3.0,0.5593,18.0,-0.1904,214.0,0.0886,5.0,0.0179,18.0,-0.0243,9.0,0.0088,2.0,,,-0.1553,5.0,-0.1272,39.0,,,0.2497,29.0,-0.0536,374.0,-0.0893,35.0,,,-0.0253,4.0,0.1214,18.0,-0.0336,87.0,0.2014,8.0,-0.0719,322.0,-0.4275,36.0,-0.1411,99.0
2025-12-29,Economic Data,0.1062,8.0,0.2908,7.0,0.2084,15.0,0.0106,11.0,0.1216,254.0,,,0.8947,5.0,0.0993,8.0,-0.4523,37.0,,,0.1396,39.0,-0.4459,11.0,0.656,4.0,0.0141,45.0,0.1889,38.0,-0.2266,8.0,,,0.4675,5.0,,,0.2477,46.0,0.7423,8.0,-0.2864,16.0,0.4582,10.0,0.1627,138.0,0.6466,9.0,-0.0062,16.0,0.2327,14.0,0.0053,2.0,-0.1065,10.0,-0.0058,56.0,-0.0222,355.0
2025-12-29,Economic Data-Consumer Spending,,,-0.2061,1.0,,,,,0.1174,1.0,,,,,0.4742,2.0,,,,,,,,,,,,,,,,,,,-0.0123,1.0,,,-0.9059,1.0,,,,,,,-0.9115,1.0,,,,,,,,,,,0.218,1.0,-0.6292,2.0
2025-12-29,Economic Data-Employment,0.0019,1.0,,,0.0125,1.0,-0.9138,3.0,0.9479,2.0,,,,,-0.4557,4.0,-0.6699,23.0,,,0.3968,8.0,-0.1793,3.0,,,0.2296,4.0,0.1055,2.0,0.0055,1.0,,,,,,,0.007,1.0,0.0083,1.0,,,0.159,5.0,0.0007,3.0,,,-0.0617,3.0,-0.2291,1.0,,,-0.9138,2.0,0.0013,1.0,-0.504,39.0
2025-12-29,Economic Data-GDP,-0.0025,1.0,,,0.4683,2.0,0.5635,6.0,-0.7106,1.0,,,,,,,-0.1159,2.0,,,0.9406,3.0,,,,,0.0305,3.0,,,,,,,0.945,1.0,,,-0.2566,3.0,,,-0.311,7.0,0.2738,4.0,,,,,0.3917,1.0,,,,,,,,,0.0442,14.0
2025-12-29,Economic Data-Housing,,,-0.293,3.0,,,0.0292,5.0,0.1952,20.0,,,0.0274,2.0,0.213,4.0,-0.2106,7.0,,,0.2082,12.0,,,-0.0155,3.0,0.2362,3.0,0.4202,6.0,,,0.2518,3.0,,,,,0.0293,2.0,0.046,2.0,0.5191,3.0,0.2773,4.0,0.2411,13.0,,,0.2397,6.0,0.4599,4.0,0.472,1.0,,,-0.2385,25.0,0.3306,114.0
2025-12-29,Economic Data-Inflation,0.2947,1.0,,,0.0294,1.0,-0.0019,1.0,-0.2818,14.0,,,,,,,,,,,,,,,,,0.1122,3.0,,,,,,,,,,,0.1643,7.0,0.0054,1.0,0.0263,1.0,0.0073,1.0,0.1216,1.0,,,0.0069,2.0,,,0.0069,1.0,,,-0.1368,6.0,0.0426,38.0
2025-12-29,Economic Data-Interest Rates,0.0899,2.0,,,0.2889,4.0,0.0014,1.0,-0.1477,23.0,,,-0.2485,3.0,-0.0026,1.0,0.4949,5.0,,,-0.0179,38.0,,,0.171,3.0,-0.0953,32.0,0.9106,3.0,,,,,-0.6076,1.0,-0.0028,2.0,-0.2238,1.0,-0.2368,2.0,0.2927,2.0,0.9489,1.0,0.2297,3.0,,,0.4664,2.0,0.0038,1.0,,,,,0.1315,21.0,0.0856,47.0
2025-12-29,Economic Data-Manufacturing,,,0.0056,1.0,,,,,0.0358,24.0,,,,,,,,,,,0.8412,25.0,,,0.0138,3.0,0.0888,1.0,-0.3128,4.0,,,,,,,,,,,0.9462,4.0,-0.4841,11.0,0.0173,1.0,0.0908,16.0,,,,,,,,,,,,,-0.3607,22.0
2025-12-29,Economic Data-Retail Sales,0.9343,1.0,,,,,0.9482,1.0,0.3296,6.0,,,,,,,,,,,0.1951,5.0,,,,,0.0063,1.0,,,,,,,,,,,,,,,,,,,0.0818,15.0,,,,,,,,,,,0.1035,5.0,-0.1263,10.0
2025-12-29,Extreme Weather,-0.1929,9.0,-0.5164,8.0,-0.3198,17.0,-0.2297,12.0,0.1439,28.0,-0.4789,1.0,0.4602,2.0,0.0804,20.0,-0.178,9.0,-0.2558,3.0,-0.2833,86.0,-0.4696,7.0,0.2009,7.0,-0.0211,23.0,0.0044,3.0,-0.0469,6.0,,,,,-0.79,1.0,-0.0515,20.0,0.2354,9.0,-0.4251,6.0,0.0838,4.0,0.1702,17.0,-0.4355,2.0,-0.5797,126.0,-0.3022,24.0,-0.6052,5.0,-0.2696,6.0,0.0444,67.0,-0.1823,189.0
2025-12-29,Extreme Weather-Cold,,,-0.0005,2.0,-0.4911,6.0,-0.4069,14.0,-0.019,9.0,,,,,-0.3119,10.0,-0.4492,11.0,,,-0.2412,21.0,,,-0.3063,3.0,0.0033,3.0,0.4673,2.0,-0.2589,4.0,,,,,,,-0.3119,11.0,-0.0015,1.0,-0.0087,4.0,-0.3685,3.0,,,,,-0.0355,1.0,0.3434,2.0,-0.019,2.0,0.303,1.0,-0.2035,44.0,-0.3258,165.0
2025-12-29,Extreme Weather-Drought,0.0091,8.0,,,-0.0635,4.0,0.9161,2.0,0.1082,1.0,,,0.0021,1.0,,,,,0.0077,26.0,-0.1876,9.0,,,,,,,,,0.926,1.0,,,,,,,,,,,,,0.1892,2.0,0.0081,2.0,,,0.2638,2.0,,,,,0.0079,2.0,,,0.4545,3.0
2025-12-29,Extreme Weather-Heat,-0.0003,1.0,0.0028,4.0,0.07,11.0,,,0.1756,16.0,,,,,-0.1505,2.0,,,,,-0.4215,6.0,,,0.0001,2.0,,,,,,,,,,,,,,,,,0.0061,1.0,,,,,0.0089,1.0,0.4584,7.0,-0.2849,1.0,-0.0012,1.0,,,,,-0.9071,1.0
2025-12-29,Fiscal Policy,-0.1274,9.0,-0.4522,2.0,-0.3541,8.0,-0.9144,1.0,0.4169,22.0,,,0.0113,2.0,0.0162,4.0,0.0919,8.0,,,0.0779,35.0,0.1618,2.0,0.5271,5.0,0.3031,8.0,0.1103,8.0,-0.0048,7.0,,,0.0048,12.0,-0.0121,2.0,0.3263,19.0,,,-0.0221,11.0,-0.0173,1.0,0.9285,1.0,-0.183,7.0,-0.0881,8.0,0.0063,1.0,,,0.1658,40.0,-0.0249,11.0,-0.0287,143.0
2025-12-29,Fiscal Policy-Stimulus Package,0.4736,4.0,,,-0.4455,4.0,0.0048,1.0,0.646,29.0,-0.7331,6.0,0.4983,2.0,-0.2948,3.0,0.0049,1.0,,,0.2139,18.0,,,0.0506,2.0,-0.2918,2.0,0.0462,2.0,0.3122,5.0,,,0.0154,3.0,-0.4267,1.0,-0.0457,1.0,,,-0.2142,7.0,0.025,1.0,0.2971,4.0,,,-0.8686,1.0,,,,,0.0314,6.0,0.054,13.0,0.0176,185.0
2025-12-29,Monetary Policy,0.0044,1.0,,,-0.0872,2.0,0.0014,1.0,0.1472,24.0,,,-0.2947,1.0,,,0.4797,5.0,,,-0.0767,30.0,,,0.3637,2.0,-0.0197,30.0,0.9165,1.0,,,,,0.9431,1.0,-0.0028,2.0,-0.2238,1.0,,,-0.0001,2.0,0.9489,1.0,0.4545,2.0,0.0597,1.0,0.009,1.0,,,,,,,0.1015,10.0,0.0725,40.0
2025-12-29,Monetary Policy-Interest Rates,,,,,0.0093,1.0,0.1968,1.0,-0.8913,2.0,,,-0.2022,2.0,,,-0.9164,1.0,,,,,,,,,-0.1122,22.0,,,,,,,,,,,,,-0.2368,2.0,0.5876,1.0,,,,,,,0.035,1.0,,,,,,,0.2648,4.0,-0.0032,13.0
2025-12-29,Monetary Policy-Quantitative Easing,0.9482,1.0,,,0.0211,1.0,0.8675,5.0,0.231,63.0,,,0.5328,2.0,0.0041,2.0,-0.4579,6.0,,,-0.2412,15.0,,,0.0001,2.0,0.4504,38.0,0.0055,1.0,,,,,,,,,0.0104,1.0,,,0.2052,4.0,0.4904,3.0,0.0087,1.0,-0.0055,4.0,0.003,1.0,,,,,,,0.2359,19.0,0.0411,79.0
2025-12-29,Natural Disaster,,,-0.6794,5.0,-0.5176,3.0,,,-0.5945,3.0,,,,,,,,,-0.1015,1.0,,,-0.7416,1.0,0.0932,5.0,-0.6539,1.0,,,0.008,3.0,,,,,-0.79,1.0,-0.0918,4.0,,,,,,,,,-0.8864,1.0,-0.6116,68.0,-0.4149,17.0,,,,,0.2126,37.0,-0.5956,23.0
2025-12-29,Pandemic,-0.1815,3.0,-0.0712,10.0,-0.1494,56.0,-0.0728,26.0,0.1042,121.0,-0.0028,1.0,-0.1542,11.0,-0.1407,23.0,-0.2197,25.0,-0.0041,1.0,-0.0912,59.0,0.1772,4.0,-0.0995,21.0,-0.1995,25.0,-0.116,48.0,-0.1942,53.0,,,-0.1109,9.0,-0.1404,5.0,0.0234,24.0,-0.2172,5.0,0.012,16.0,-0.3601,5.0,0.0861,25.0,-0.5354,9.0,-0.4138,59.0,0.3343,11.0,-0.2882,2.0,0.0523,24.0,-0.1289,70.0,0.008,223.0
2025-12-29,Politics,0.0252,25.0,-0.1359,12.0,-0.0974,97.0,-0.0825,16.0,0.0451,186.0,-0.4285,8.0,-0.0113,32.0,-0.0986,59.0,0.0727,55.0,-0.2253,4.0,-0.082,222.0,-0.04,321.0,0.1859,30.0,0.105,31.0,-0.2052,157.0,-0.1211,28.0,-0.1374,5.0,-0.1923,30.0,-0.2245,48.0,0.1488,55.0,-0.0582,18.0,-0.0192,388.0,0.0413,15.0,0.1873,7.0,-0.0113,11.0,-0.1244,34.0,0.1057,16.0,0.1071,11.0,0.0671,834.0,-0.0853,152.0,-0.0382,708.0
2025-12-29,Politics-Election,-0.0005,1.0,,,0.0072,5.0,,,0.0104,1.0,,,,,0.0038,7.0,-0.0009,1.0,,,0.1011,25.0,,,,,0.0086,9.0,-0.0093,3.0,-0.8975,1.0,,,,,,,0.0019,2.0,,,0.8213,5.0,,,,,,,0.0102,1.0,,,,,,,,,0.1528,38.0
2025-12-29,Politics-Political Tension,0.0149,1.0,,,-0.4342,2.0,,,-0.1249,23.0,,,,,-0.1649,15.0,-0.0731,12.0,,,-0.3158,38.0,-0.0175,175.0,-0.1113,1.0,,,-0.2572,31.0,-0.0008,2.0,-0.7329,1.0,0.0019,3.0,-0.0374,1.0,-0.7985,1.0,0.2962,7.0,-0.0562,100.0,0.0014,2.0,,,-0.0031,3.0,-0.0047,4.0,-0.5949,3.0,,,-0.023,527.0,-0.2612,26.0,0.0036,70.0
2025-12-29,Terrorist Attacks,-0.4789,1.0,-0.0264,21.0,,,-0.266,11.0,-0.4351,5.0,,,,,-0.3771,30.0,-0.4512,17.0,-0.6257,1.0,-0.1891,14.0,-0.3978,11.0,-0.4367,4.0,-0.7245,20.0,-0.5096,1.0,-0.5762,20.0,0.4226,2.0,-0.677,12.0,-0.4675,38.0,-0.7473,12.0,,,-0.4107,19.0,,,,,-0.2448,1.0,-0.5175,6.0,-0.7269,1.0,-0.8406,97.0,-0.4468,10.0,-0.2885,12.0,-0.4821,131.0
2025-12-29,Wars,-0.0158,2.0,0.0137,1.0,0.3146,4.0,,,-0.0456,139.0,,,-0.0585,8.0,-0.1357,4.0,-0.4146,30.0,0.065,2.0,0.2622,27.0,-0.1231,289.0,0.3866,4.0,0.2039,16.0,-0.23,18.0,-0.0577,3.0,,,0.1104,6.0,-0.1053,51.0,0.9073,2.0,0.2053,31.0,0.0188,396.0,0.0038,7.0,0.0054,1.0,,,0.106,7.0,0.0112,56.0,-0.0841,18.0,0.0244,658.0,-0.0797,29.0,-0.1021,94.0
2025-12-28,Economic Data,-0.4083,1.0,0.0005,3.0,0.1404,8.0,0.8138,1.0,0.149,52.0,,,0.0297,3.0,-0.0283,6.0,-0.2552,14.0,,,0.4179,21.0,0.4926,4.0,0.2116,2.0,0.0886,19.0,-0.0582,9.0,0.3532,7.0,,,0.0974,1.0,-0.2593,4.0,0.8819,7.0,0.0021,1.0,-0.205,5.0,-0.1038,5.0,0.0663,244.0,0.8899,1.0,-0.339,6.0,0.3346,6.0,0.3301,1.0,0.2493,6.0,0.2394,40.0,0.1097,88.0
2025-12-28,Economic Data-Consumer Spending,,,,,,,,,0.0843,6.0,,,,,0.8917,1.0,,,,,,,,,,,,,,,,,,,,,,,,,,,,,,,,,,,,,,,,,,,-0.9098,1.0,-0.6406,3.0
2025-12-28,Economic Data-Employment,-0.8125,1.0,0.0617,1.0,0.2743,3.0,,,-0.2387,3.0,,,,,,,-0.4535,7.0,,,0.4022,2.0,0.041,13.0,,,0.904,1.0,,,,,,,,,0.4609,1.0,-0.9119,1.0,,,,,,,0.0671,5.0,,,-0.547,2.0,,,,,,,0.3364,3.0,-0.1098,12.0
2025-12-28,Economic Data-GDP,,,,,,,,,0.4786,2.0,,,,,,,,,,,,,,,,,,,,,-0.8986,1.0,,,0.9498,1.0,,,,,,,0.4715,3.0,,,,,,,,,,,,,,,,,0.2344,1.0
2025-12-28,Economic Data-Housing,,,-0.0023,1.0,-0.0979,1.0,0.4784,2.0,0.6592,6.0,,,0.0048,2.0,0.0019,3.0,0.1598,11.0,,,-0.0323,2.0,,,0.0067,2.0,0.3345,2.0,0.3007,16.0,,,,,,,,,,,,,,,,,0.1462,20.0,,,0.0272,3.0,,,,,0.398,1.0,-0.2649,13.0,-0.0052,24.0
2025-12-28,Economic Data-Inflation,,,,,,,,,-0.8093,1.0,,,,,,,,,,,,,,,,,0.0002,1.0,,,,,,,0.9434,1.0,,,0.0001,1.0,,,,,,,,,,,,,,,0.0069,4.0,0.005,1.0,,,0.1475,11.0
2025-12-28,Economic Data-Interest Rates,-0.0015,1.0,,,,,,,-0.2651,6.0,,,0.4683,2.0,,,0.0042,3.0,,,-0.0175,1.0,,,,,,,,,,,,,,,,,,,,,-0.8155,1.0,0.1363,3.0,0.0077,2.0,,,,,,,,,-0.9107,2.0,0.0031,7.0,-0.0241,8.0
2025-12-28,Economic Data-Manufacturing,,,,,,,,,-0.0102,11.0,,,,,,,,,,,0.7759,6.0,,,,,,,,,,,,,,,,,,,,,,,,,0.09,41.0,,,,,,,,,,,0.006,3.0,,
2025-12-28,Economic Data-Retail Sales,,,,,,,,,,,,,,,,,,,,,,,,,,,,,,,0.0019,1.0,,,,,,,,,,,,,,,0.0101,26.0,,,,,,,,,,,0.5462,1.0,,
2025-12-28,Extreme Weather,-0.5165,10.0,0.0972,5.0,0.0074,6.0,0.0025,1.0,-0.0026,18.0,,,0.0033,1.0,-0.5684,7.0,-0.3186,14.0,0.4125,1.0,-0.2617,43.0,0.0031,1.0,0.0204,28.0,-0.2846,11.0,,,0.0244,12.0,,,,,,,-0.3373,11.0,-0.8954,5.0,-0.387,2.0,0.1864,4.0,0.094,43.0,-0.8896,3.0,-0.5966,75.0,-0.3788,104.0,-0.4541,2.0,-0.9089,3.0,-0.2391,11.0,-0.2975,140.0
2025-12-28,Extreme Weather-Cold,,,,,,,-0.3567,7.0,-0.2427,5.0,,,,,0.0006,5.0,-0.2524,22.0,0.0073,1.0,-0.2644,27.0,,,-0.0457,1.0,,,-0.2265,5.0,-0.0063,2.0,,,,,,,-0.2872,9.0,,,-0.3681,3.0,0.0022,1.0,,,,,-0.432,2.0,,,,,-0.306,7.0,-0.1559,12.0,-0.5758,117.0
2025-12-28,Extreme Weather-Drought,-0.0137,1.0,,,-0.9066,2.0,-0.3716,6.0,,,,,-0.8908,1.0,0.9421,5.0,-0.0017,1.0,,,-0.0512,5.0,,,,,,,,,-0.1964,2.0,,,,,,,-0.0316,3.0,,,0.9385,1.0,0.7696,4.0,0.0654,7.0,,,-0.2765,8.0,,,,,,,-0.002,1.0,,
2025-12-28,Extreme Weather-Heat,-0.5473,4.0,-0.0026,1.0,0.0202,9.0,,,0.0126,4.0,,,-0.8952,1.0,,,,,,,-0.4368,5.0,,,0.0012,1.0,,,-0.3908,2.0,0.0342,1.0,,,,,,,,,,,-0.0357,2.0,-0.001,1.0,0.0263,5.0,,,0.0017,3.0,,,,,0.0055,1.0,,,0.5353,4.0
2025-12-28,Fiscal Policy,-0.2174,5.0,-0.0007,2.0,0.0537,1.0,-0.0788,6.0,0.2968,19.0,,,0.0174,1.0,0.0059,8.0,-0.0871,7.0,,,-0.0268,25.0,,,0.2046,5.0,0.1759,6.0,-0.0129,17.0,0.3035,3.0,,,0.2424,2.0,-0.5774,7.0,0.4846,18.0,,,-0.0163,11.0,,,,,0.9357,1.0,0.0081,2.0,0.0178,2.0,0.3301,1.0,-0.1276,39.0,-0.2712,11.0,-0.0794,41.0
2025-12-28,Fiscal Policy-Stimulus Package,-0.3412,4.0,0.0088,1.0,,,-0.3964,2.0,0.6531,18.0,,,0.7936,3.0,-0.5951,4.0,0.0016,3.0,,,0.4794,2.0,,,,,0.472,2.0,0.2876,5.0,-0.0337,1.0,,,,,,,-0.1401,4.0,-0.8662,1.0,0.872,1.0,0.0042,2.0,,,,,0.0133,2.0,,,,,0.024,8.0,0.1635,4.0,-0.1642,18.0
2025-12-28,Monetary Policy,-0.008,1.0,,,,,,,-0.4437,3.0,,,0.0058,1.0,,,,,,,-0.0175,1.0,,,,,,,,,,,,,,,,,,,,,-0.8155,1.0,-0.6688,1.0,0.0067,3.0,,,,,,,,,,,-0.8403,2.0,0.1605,6.0
2025-12-28,Monetary Policy-Interest Rates,,,,,,,,,-0.5609,4.0,,,,,,,,,,,,,,,,,,,,,,,,,,,,,,,,,,,,,,,,,,,,,,,,,,,0.0128,3.0
2025-12-28,Monetary Policy-Quantitative Easing,,,0.9465,1.0,,,,,0.2055,5.0,,,,,,,-0.0225,5.0,,,0.9417,5.0,,,,,,,,,,,,,,,,,,,,,,,-0.0903,2.0,0.0158,1.0,,,,,,,0.4753,4.0,,,,,0.1307,18.0
2025-12-28,Natural Disaster,-0.8733,3.0,,,,,,,-0.618,1.0,,,,,-0.9157,1.0,-0.9012,2.0,,,,,,,0.0449,18.0,-0.4219,7.0,,,0.1838,4.0,,,,,,,-0.156,5.0,-0.8954,5.0,,,,,0.0124,1.0,-0.8951,2.0,-0.7106,38.0,-0.3821,101.0,,,,,-0.7296,1.0,-0.3289,14.0
2025-12-28,Oil Spills,,,,,,,,,,,,,,,,,,,,,,,,,,,,,,,,,,,,,,,,,,,,,,,,,,,,,,,,,,,,,-0.9044,1.0
2025-12-28,Pandemic,-0.5677,6.0,-0.4047,1.0,-0.1497,39.0,-0.0264,15.0,-0.1381,23.0,,,-0.4578,5.0,0.009,27.0,-0.035,10.0,-0.0041,1.0,-0.0921,57.0,-0.2665,2.0,-0.3776,15.0,-0.0677,31.0,-0.3853,14.0,-0.0633,13.0,,,0.0618,2.0,-0.0693,11.0,0.1237,12.0,-0.7779,6.0,-0.0664,15.0,0.0794,3.0,-0.1001,23.0,-0.5806,7.0,-0.297,16.0,0.0088,3.0,0.0013,1.0,-0.1381,26.0,-0.0969,42.0,-0.2189,137.0
2025-12-28,Politics,-0.0682,9.0,-0.0407,18.0,-0.098,80.0,-0.1556,21.0,0.0485,128.0,,,-0.1228,47.0,-0.1321,112.0,-0.1239,44.0,-0.3267,8.0,-0.0206,161.0,-0.0109,133.0,-0.1279,30.0,0.0694,37.0,-0.1148,53.0,-0.1365,11.0,-0.5703,3.0,-0.0068,12.0,-0.2373,23.0,0.3228,43.0,-0.0163,9.0,0.0509,310.0,0.0056,6.0,-0.2128,4.0,-0.318,5.0,-0.0705,19.0,0.1687,15.0,-0.363,4.0,-0.0175,918.0,-0.213,86.0,-0.0987,308.0
2025-12-28,Politics-Election,0.0057,1.0,-0.0012,1.0,-0.0407,1.0,,,0.0121,1.0,,,0.1919,5.0,0.578,8.0,0.909,1.0,,,-0.071,13.0,,,,,,,,,,,,,,,,,,,,,,,,,,,,,0.9384,1.0,0.0977,1.0,,,-0.1675,6.0,,,-0.0653,10.0
2025-12-28,Politics-Political Tension,-0.0499,2.0,,,,,,,0.0321,10.0,,,-0.8359,1.0,-0.2627,8.0,-0.7859,4.0,,,-0.2911,27.0,-0.1597,28.0,0.0026,4.0,-0.269,7.0,-0.2408,6.0,-0.0745,1.0,,,,,-0.577,3.0,0.0227,3.0,,,0.0477,82.0,0.0006,1.0,,,,,-0.0003,4.0,-0.0203,2.0,-0.0006,1.0,-0.0071,698.0,-0.4369,13.0,-0.1446,43.0
2025-12-28,Terrorist Attacks,-0.6388,2.0,-0.3673,4.0,-0.8107,3.0,-0.4728,3.0,-0.4439,1.0,,,-0.0197,2.0,-0.4238,43.0,-0.2818,8.0,,,-0.4857,22.0,-0.6293,5.0,-0.5354,6.0,-0.6395,4.0,,,-0.6061,8.0,,,-0.5077,14.0,-0.5984,3.0,0.0076,4.0,,,-0.7763,2.0,0.0525,1.0,,,-0.7557,1.0,-0.0079,1.0,,,,,,,-0.2752,12.0,-0.4567,78.0
2025-12-28,Wars,-0.0333,1.0,0.0497,3.0,,,,,0.1938,43.0,,,-0.2148,5.0,-0.2739,5.0,-0.0374,14.0,-0.7205,1.0,0.113,21.0,-0.0253,240.0,-0.3963,8.0,-0.0248,16.0,0.1757,9.0,-0.3259,2.0,,,0.008,13.0,-0.3435,33.0,0.1741,3.0,0.2002,27.0,-0.0508,282.0,-0.2828,4.0,0.0396,2.0,,,0.1431,1.0,-0.0555,8.0,0.1427,3.0,-0.034,462.0,0.2963,22.0,0.0236,77.0
2025-12-27,Economic Data,0.6331,3.0,0.279,1.0,0.0123,3.0,0.5325,4.0,0.0004,93.0,0.019,1.0,0.5617,5.0,-0.0188,1.0,-0.3417,13.0,,,0.1848,31.0,,,0.0059,2.0,0.126,18.0,0.5856,5.0,0.0962,4.0,0.1857,1.0,,,-0.5423,10.0,0.3049,15.0,0.5883,1.0,-0.3579,6.0,0.5131,2.0,0.0327,37.0,,,-0.1968,5.0,0.5972,3.0,,,-0.003,1.0,0.0041,65.0,-0.1229,95.0
2025-12-27,Economic Data-Consumer Spending,,,,,,,,,0.1174,1.0,,,,,,,,,,,,,,,,,-0.0035,1.0,,,,,,,,,,,,,,,,,,,0.9382,1.0,,,,,,,,,,,0.0162,1.0,0.6339,1.0
2025-12-27,Economic Data-Employment,,,0.0123,1.0,,,0.0198,1.0,0.4707,6.0,,,,,,,-0.3187,7.0,,,0.2145,4.0,,,0.5884,2.0,,,0.0474,1.0,,,,,,,-0.8189,2.0,0.4437,2.0,0.0342,1.0,-0.8989,1.0,,,0.0071,1.0,,,,,,,,,,,-0.2298,5.0,-0.2455,25.0
2025-12-27,Economic Data-GDP,,,,,,,,,-0.6213,6.0,,,0.9458,3.0,0.2283,1.0,-0.9148,4.0,,,0.5978,5.0,,,,,,,,,,,,,,,,,0.8852,1.0,,,-0.1043,3.0,,,,,,,,,,,,,,,,,0.0315,1.0
2025-12-27,Economic Data-Housing,0.9232,1.0,,,,,,,0.3669,3.0,,,0.022,3.0,-0.2217,6.0,0.3038,3.0,,,-0.2035,5.0,,,0.8184,2.0,0.2986,3.0,0.4617,6.0,,,0.0378,1.0,,,,,,,,,,,0.6591,1.0,0.4618,4.0,-0.163,3.0,-0.1178,4.0,0.9023,1.0,,,,,0.1566,12.0,0.0096,23.0
2025-12-27,Economic Data-Inflation,,,,,,,,,,,,,,,,,,,,,0.3664,2.0,,,,,,,,,,,,,,,,,0.9353,1.0,,,0.0042,1.0,,,,,,,,,,,,,,,0.0121,2.0,-0.4576,3.0
2025-12-27,Economic Data-Interest Rates,0.1393,6.0,,,,,,,,,,,-0.3121,1.0,,,,,,,0.3324,3.0,,,,,0.1451,4.0,,,,,,,,,,,,,,,0.0029,1.0,,,,,,,,,,,,,0.008,1.0,0.1143,2.0,0.2236,14.0
2025-12-27,Economic Data-Manufacturing,,,,,,,,,-0.1662,41.0,,,,,0.0619,1.0,-0.9237,1.0,,,0.7553,8.0,,,,,0.0047,1.0,,,,,,,,,,,,,,,0.0118,1.0,,,0.3791,5.0,,,,,,,,,,,0.0087,4.0,,
2025-12-27,Economic Data-Retail Sales,,,,,,,,,0.0083,2.0,,,,,,,,,,,,,,,,,,,,,0.9208,1.0,,,,,,,,,,,,,,,0.0077,3.0,,,,,,,,,,,0.0275,4.0,0.4738,2.0
2025-12-27,Extreme Weather,0.1096,9.0,-0.526,3.0,-0.0267,7.0,-0.3117,2.0,0.0432,35.0,0.0046,2.0,,,0.3289,6.0,-0.4084,11.0,,,-0.4201,45.0,0.0018,1.0,0.3584,6.0,-0.3021,20.0,-0.1734,5.0,-0.0042,15.0,,,,,0.0041,1.0,-0.2435,20.0,0.0072,1.0,-0.0047,6.0,-0.7441,1.0,-0.0825,7.0,-0.8967,2.0,-0.0391,19.0,-0.4086,270.0,,,-0.3028,4.0,-0.0351,19.0,-0.3783,188.0
2025-12-27,Extreme Weather-Cold,,,,,-0.8626,1.0,-0.1762,6.0,0.0001,8.0,0.0487,1.0,-0.3579,1.0,-0.0271,5.0,-0.0971,19.0,,,-0.3663,19.0,,,,,-0.295,3.0,-0.1385,5.0,0.0204,3.0,,,-0.8946,1.0,,,-0.5134,4.0,-0.0025,1.0,-0.172,5.0,-0.2436,1.0,,,,,-0.0001,2.0,-0.2624,5.0,,,-0.0001,2.0,-0.1353,24.0,-0.5377,220.0
2025-12-27,Extreme Weather-Drought,,,,,-0.905,2.0,-0.4263,3.0,0.4728,3.0,,,,,-0.2633,3.0,-0.0025,1.0,,,0.1988,8.0,,,0.0117,1.0,,,,,,,,,,,,,-0.2282,4.0,,,,,-0.2764,2.0,,,,,-0.1201,2.0,0.0045,1.0,,,,,0.6481,1.0,-0.742,1.0
2025-12-27,Extreme Weather-Heat,0.007,4.0,0.0089,1.0,-0.0964,10.0,,,,,,,,,-0.0416,1.0,,,,,0.3138,3.0,,,0.0002,2.0,,,,,,,,,,,,,-0.0011,1.0,,,,,,,,,,,0.0014,5.0,,,0.002,1.0,,,-0.2449,2.0,0.4016,4.0
2025-12-27,Fiscal Policy,0.3597,23.0,-0.3964,2.0,-0.0033,1.0,-0.0707,3.0,0.1695,21.0,,,-0.3438,1.0,0.1295,14.0,-0.1076,17.0,,,0.0956,23.0,,,0.1579,15.0,-0.0571,10.0,-0.0943,1.0,0.0276,1.0,0.1857,1.0,0.8044,1.0,-0.1731,12.0,0.29,14.0,,,0.0519,5.0,-0.8847,3.0,0.0466,2.0,-0.4555,1.0,,,-0.0003,1.0,,,-0.0521,25.0,0.1459,21.0,0.0123,34.0
2025-12-27,Fiscal Policy-Stimulus Package,0.2065,47.0,,,,,0.6036,5.0,,,,,,,0.3139,5.0,0.0015,2.0,,,0.3145,8.0,,,,,-0.1604,9.0,,,,,,,0.0536,2.0,,,0.0257,1.0,,,,,,,,,,,,,,,,,0.3624,11.0,0.3554,10.0,-0.1184,27.0
2025-12-27,Monetary Policy,-0.3788,2.0,,,,,,,,,,,-0.3121,1.0,,,,,,,0.0263,2.0,,,,,0.8458,3.0,,,,,,,,,-0.5492,1.0,,,,,0.0029,1.0,,,,,,,,,,,,,,,,,0.4138,4.0
2025-12-27,Monetary Policy-Interest Rates,,,,,,,,,,,,,0.8092,1.0,,,,,,,0.9447,1.0,,,,,-0.7432,3.0,,,,,,,,,,,,,,,,,,,,,,,,,,,,,,,,,0.0847,10.0
2025-12-27,Monetary Policy-Quantitative Easing,,,,,,,,,0.2848,7.0,,,,,,,-0.0036,1.0,,,0.0098,1.0,,,,,-0.4316,3.0,,,,,,,,,,,,,,,-0.4201,2.0,,,0.0015,1.0,,,,,,,,,,,,,0.0315,16.0
2025-12-27,Natural Disaster,-0.3761,2.0,-0.904,1.0,0.1848,1.0,,,-0.4704,5.0,,,,,,,-0.8695,1.0,,,,,,,0.4721,4.0,-0.1154,4.0,,,0.0892,11.0,,,,,,,-0.2434,11.0,,,-0.0002,1.0,,,,,-0.9126,1.0,-0.8396,3.0,-0.4743,268.0,,,,,-0.3527,2.0,-0.4452,7.0
2025-12-27,Oil Spills,,,,,,,,,,,,,,,,,,,,,,,,,,,,,,,,,,,,,,,,,,,,,,,,,,,,,,,,,,,,,0.0026,2.0
2025-12-27,Pandemic,-0.5366,4.0,-0.2876,6.0,0.0319,54.0,0.002,9.0,0.0499,35.0,0.2838,3.0,-0.5843,4.0,-0.1393,23.0,-0.1665,39.0,-0.5844,1.0,-0.24,53.0,0.0721,1.0,0.0677,15.0,-0.3606,10.0,-0.1719,4.0,-0.1843,12.0,,,0.2532,2.0,-0.2671,13.0,-0.1758,14.0,-0.1115,6.0,-0.0222,15.0,0.0386,4.0,0.0206,12.0,0.1424,2.0,-0.2087,17.0,0.3331,6.0,-0.7585,2.0,-0.0456,28.0,-0.0492,41.0,-0.2104,159.0
2025-12-27,Politics,0.1693,82.0,-0.2799,6.0,-0.0565,79.0,0.0077,31.0,0.1031,201.0,0.4276,1.0,0.0928,16.0,-0.1628,63.0,-0.1404,55.0,,,0.0405,185.0,0.0104,143.0,0.0589,38.0,-0.0665,23.0,0.1933,20.0,0.1896,13.0,-0.2594,5.0,-0.0288,12.0,-0.2131,32.0,0.109,24.0,0.0181,5.0,0.0551,154.0,-0.3827,8.0,0.0082,5.0,0.0218,5.0,0.0024,19.0,0.0372,7.0,0.0021,7.0,-0.0515,403.0,-0.0215,76.0,-0.0703,305.0
2025-12-27,Politics-Election,0.0856,1.0,0.0071,1.0,,,,,0.009,1.0,,,-0.1866,5.0,0.0079,1.0,,,,,0.0848,28.0,0.007,1.0,,,,,,,-0.0001,1.0,,,,,,,,,,,,,,,,,-0.004,2.0,,,,,,,-0.0101,2.0,-0.9073,1.0,0.3202,5.0
2025-12-27,Politics-Political Tension,0.0308,1.0,-0.909,1.0,-0.3293,5.0,0.3135,3.0,-0.0118,21.0,,,,,-0.0719,8.0,0.0226,9.0,,,-0.3114,31.0,-0.1788,17.0,-0.0213,3.0,-0.2466,1.0,-0.0056,2.0,,,,,,,-0.2871,2.0,-0.1,4.0,,,-0.1122,14.0,,,,,,,-0.017,1.0,-0.3354,3.0,0.0123,1.0,-0.0644,314.0,-0.1243,13.0,0.0209,50.0
2025-12-27,Terrorist Attacks,-0.4482,3.0,-0.0552,1.0,-0.8258,1.0,-0.5959,8.0,,,-0.5701,2.0,,,-0.5231,98.0,-0.3864,13.0,,,-0.539,22.0,-0.5294,14.0,-0.7773,3.0,-0.7607,87.0,,,-0.5681,4.0,,,-0.5398,17.0,-0.7694,12.0,-0.408,8.0,,,-0.5634,4.0,-0.2393,2.0,,,,,-0.6273,8.0,-0.3061,1.0,-0.0091,6.0,-0.7784,14.0,-0.3622,13.0,-0.5612,99.0
2025-12-27,Wars,,,,,-0.0027,2.0,0.0075,1.0,0.0607,35.0,,,-0.1,2.0,0.3169,3.0,-0.1226,14.0,,,0.2201,9.0,0.0741,258.0,0.0196,9.0,-0.0038,15.0,,,,,,,0.0071,36.0,-0.131,7.0,0.6833,8.0,0.0514,34.0,-0.0795,358.0,0.1895,14.0,0.0326,2.0,-0.013,1.0,0.1708,7.0,0.3212,3.0,0.063,10.0,-0.0888,277.0,0.367,38.0,-0.0223,62.0
2025-12-26,Economic Data,0.9273,2.0,0.5009,2.0,-0.0919,11.0,0.0023,17.0,0.1058,169.0,,,0.701,6.0,-0.2329,12.0,-0.0615,12.0,,,0.3462,44.0,-0.9032,1.0,-0.2919,8.0,-0.2961,71.0,0.4793,13.0,0.0562,6.0,0.0357,1.0,0.014,1.0,0.181,5.0,-0.3953,17.0,0.2677,8.0,0.0928,57.0,0.2822,3.0,0.1614,35.0,-0.4164,2.0,0.1428,10.0,0.0294,5.0,0.8515,1.0,,,-0.0175,110.0,-0.0153,274.0
2025-12-26,Economic Data-Consumer Spending,-0.9195,1.0,,,0.0172,1.0,,,0.034,3.0,,,,,0.0111,1.0,,,,,0.0064,1.0,,,0.8194,1.0,,,,,,,,,,,,,-0.2546,2.0,,,,,,,,,,,0.9422,3.0,,,,,,,0.3092,4.0,0.0458,6.0
2025-12-26,Economic Data-Employment,0.8913,2.0,,,,,,,0.5,6.0,,,0.8469,2.0,,,-0.5628,24.0,,,0.4851,7.0,,,,,0.0039,27.0,0.2706,7.0,,,,,,,-0.9235,1.0,-0.0785,4.0,,,-0.9117,6.0,0.1622,1.0,,,0.0033,1.0,-0.5646,3.0,,,,,,,0.0092,4.0,-0.14,51.0
2025-12-26,Economic Data-GDP,,,,,-0.0001,1.0,,,0.142,26.0,,,,,,,-0.566,3.0,,,0.5166,4.0,,,,,0.7483,2.0,,,,,,,0.9449,1.0,,,-0.8857,1.0,,,-0.4471,12.0,,,,,,,,,0.3867,2.0,,,,,0.0668,1.0,0.0783,5.0
2025-12-26,Economic Data-Housing,0.0122,1.0,0.0526,6.0,,,-0.2653,4.0,0.3613,13.0,,,,,0.4605,2.0,0.0136,3.0,,,0.3089,9.0,,,,,-0.1742,7.0,0.4692,7.0,,,,,,,,,-0.0031,8.0,,,-0.4434,2.0,,,0.2541,4.0,,,-0.3548,6.0,0.9432,1.0,-0.9179,1.0,,,0.0107,18.0,0.1763,41.0
2025-12-26,Economic Data-Inflation,,,,,,,,,,,,,,,,,,,,,0.8349,2.0,,,-0.9025,1.0,0.0126,13.0,,,,,,,,,,,,,0.0054,1.0,-0.3081,2.0,,,,,,,,,,,-0.9088,2.0,,,0.0006,1.0,-0.3278,35.0
2025-12-26,Economic Data-Interest Rates,,,,,0.4905,7.0,,,0.3313,12.0,,,-0.6149,7.0,,,0.9078,1.0,,,0.4855,2.0,,,,,-0.0352,23.0,-0.2955,3.0,,,,,,,,,-0.5699,1.0,,,0.0123,3.0,,,,,,,0.0323,1.0,,,,,,,0.001,3.0,0.256,27.0
2025-12-26,Economic Data-Manufacturing,,,,,,,,,0.5382,34.0,,,,,,,,,,,0.794,8.0,,,,,-0.6808,13.0,,,,,,,,,0.8628,1.0,,,0.0297,1.0,0.0945,6.0,,,0.282,14.0,0.0028,1.0,,,0.9279,1.0,0.5033,1.0,,,0.0095,8.0,0.029,1.0
2025-12-26,Economic Data-Retail Sales,,,,,,,,,0.0812,2.0,,,,,0.0083,1.0,0.4921,2.0,,,,,,,,,0.3863,5.0,,,0.0233,1.0,,,,,,,,,,,-0.2859,4.0,,,0.0039,1.0,,,,,,,,,,,0.2307,10.0,0.485,11.0
2025-12-26,Extreme Weather,-0.2137,7.0,-0.1163,8.0,-0.1168,15.0,-0.8065,1.0,0.1135,46.0,,,-0.1893,2.0,-0.0508,10.0,0.0341,23.0,,,-0.1681,28.0,,,-0.1787,12.0,0.0751,18.0,-0.5123,3.0,-0.1462,21.0,,,,,,,-0.2542,17.0,,,-0.3275,18.0,0.0144,2.0,0.0073,5.0,-0.022,2.0,-0.2341,21.0,0.1997,6.0,-0.459,3.0,-0.4767,11.0,0.1094,25.0,-0.2544,129.0
2025-12-26,Extreme Weather-Cold,-0.0044,1.0,,,-0.0111,1.0,-0.1098,15.0,-0.0311,13.0,,,,,-0.1632,5.0,-0.1012,10.0,,,-0.2225,30.0,,,0.1555,3.0,-0.0339,2.0,-0.4377,15.0,0.0003,1.0,,,,,,,-0.3638,5.0,,,0.0768,16.0,-0.0803,1.0,,,,,-0.4148,2.0,-0.3796,1.0,0.0913,5.0,-0.5593,2.0,-0.2526,18.0,-0.3669,159.0
2025-12-26,Extreme Weather-Drought,,,0.0079,1.0,-0.2583,4.0,,,0.0206,1.0,,,,,0.0009,2.0,,,,,-0.1971,15.0,,,-0.0141,1.0,,,,,-0.4544,2.0,,,,,,,0.2615,1.0,,,0.1332,1.0,0.0056,1.0,,,,,0.3059,3.0,0.0012,1.0,,,,,-0.0123,1.0,0.0069,7.0
2025-12-26,Extreme Weather-Heat,0.0072,2.0,-0.0007,1.0,-0.1624,25.0,,,0.4291,8.0,,,,,-0.0045,1.0,-0.4492,2.0,,,-0.2798,2.0,,,,,0.1343,1.0,,,,,,,,,,,0.0181,2.0,,,,,-0.0001,1.0,-0.0002,1.0,0.004,1.0,0.0045,5.0,,,-0.0016,1.0,-0.7494,1.0,-0.4405,3.0,0.738,5.0
2025-12-26,Fiscal Policy,0.0034,2.0,,,0.2301,5.0,0.0425,4.0,0.1166,48.0,,,0.0031,1.0,-0.2445,9.0,-0.005,10.0,,,0.0995,34.0,0.1722,3.0,0.0121,1.0,0.3644,25.0,0.4035,2.0,-0.0625,2.0,,,0.236,5.0,-0.9146,2.0,-0.3122,14.0,,,0.1272,4.0,,,,,0.0455,2.0,0.0041,2.0,0.0256,2.0,,,-0.0734,31.0,-0.0787,14.0,0.0058,71.0
2025-12-26,Fiscal Policy-Stimulus Package,-0.1107,6.0,,,0.0156,1.0,0.0112,2.0,0.0116,11.0,,,,,0.0098,3.0,0.0044,1.0,,,0.3039,7.0,,,,,0.3888,135.0,0.0312,1.0,-0.7048,2.0,,,0.0089,1.0,0.6289,1.0,-0.9159,1.0,,,,,,,,,,,0.9377,1.0,,,0.8571,2.0,,,0.0749,7.0,0.1584,34.0
2025-12-26,Monetary Policy,,,,,-0.1363,6.0,,,0.1361,10.0,,,-0.5604,6.0,,,0.9078,1.0,,,0.1546,5.0,,,,,-0.3803,27.0,-0.914,1.0,,,,,,,,,-0.5699,1.0,,,0.0123,3.0,,,,,,,0.9512,1.0,,,,,,,,,0.5167,17.0
2025-12-26,Monetary Policy-Interest Rates,,,,,,,,,,,,,-0.7845,1.0,,,,,,,,,,,,,0.129,6.0,-0.0035,1.0,,,,,,,,,,,,,,,,,,,,,,,,,,,,,,,-0.2147,4.0
2025-12-26,Monetary Policy-Quantitative Easing,,,,,-0.4568,3.0,,,0.3155,56.0,,,,,,,,,,,0.4618,11.0,,,,,-0.2017,36.0,0.4772,5.0,0.011,2.0,,,,,,,,,,,-0.356,15.0,,,,,,,,,-0.001,1.0,0.0456,1.0,,,0.2376,4.0,0.0242,25.0
2025-12-26,Natural Disaster,,,,,,,-0.0114,1.0,,,,,,,-0.8943,3.0,0.2559,1.0,,,-0.4893,5.0,,,,,-0.8765,1.0,,,-0.1266,8.0,,,,,,,-0.4503,5.0,,,,,,,,,,,,,0.0061,1.0,,,,,,,-0.5986,10.0
2025-12-26,Oil Spills,,,,,,,,,-0.1522,1.0,,,,,,,,,,,,,,,,,,,,,,,,,,,,,,,,,,,,,,,,,,,,,,,,,,,-0.1098,1.0
2025-12-26,Pandemic,0.4614,5.0,-0.0428,8.0,-0.208,45.0,-0.1865,16.0,-0.0382,48.0,-0.0017,2.0,-0.2641,4.0,-0.2289,22.0,-0.0027,27.0,,,-0.0776,78.0,0.0032,6.0,-0.2154,14.0,0.055,21.0,-0.394,10.0,0.0952,15.0,,,0.1577,13.0,-0.1807,9.0,-0.0379,17.0,-0.0057,2.0,-0.025,34.0,0.0932,5.0,-0.0948,15.0,-0.0993,6.0,-0.2373,22.0,0.1283,8.0,-0.3537,1.0,0.0205,38.0,-0.0899,33.0,-0.0558,187.0
2025-12-26,Politics,-0.107,23.0,-0.1474,13.0,-0.0738,89.0,-0.021,35.0,0.1009,161.0,0.0036,5.0,-0.264,11.0,-0.0514,62.0,0.0192,27.0,,,0.0158,226.0,0.2579,124.0,-0.0976,16.0,0.3604,177.0,-0.3576,164.0,-0.1411,17.0,-0.4502,1.0,-0.0267,30.0,-0.2378,43.0,-0.2999,22.0,-0.0226,1.0,-0.0901,245.0,-0.1952,3.0,0.0142,1.0,-0.1387,7.0,0.007,22.0,0.1271,27.0,-0.0292,9.0,-0.0274,501.0,-0.0944,103.0,-0.0558,476.0
2025-12-26,Politics-Election,,,,,0.0293,12.0,,,,,,,-0.9114,1.0,,,,,,,0.1139,15.0,,,,,,,-0.005,1.0,,,,,,,,,0.0087,1.0,,,0.0037,7.0,,,,,,,,,-0.4041,3.0,,,-0.1366,26.0,,,-0.1242,7.0
2025-12-26,Politics-Political Tension,-0.0155,1.0,-0.0782,1.0,-0.0909,5.0,-0.0028,5.0,-0.0183,29.0,0.0055,2.0,-0.0398,1.0,0.0759,7.0,-0.0112,7.0,,,-0.3837,24.0,-0.2413,7.0,,,-0.0017,1.0,-0.5363,2.0,0.0067,1.0,,,-0.3665,2.0,-0.1134,10.0,0.0062,1.0,,,-0.0069,22.0,0.0185,1.0,,,-0.0251,1.0,0.0063,6.0,0.0357,6.0,,,0.0,502.0,-0.0549,5.0,0.0292,41.0
2025-12-26,Terrorist Attacks,-0.7961,1.0,-0.2259,7.0,-0.8077,3.0,-0.2427,6.0,-0.0331,1.0,-0.4,2.0,-0.588,3.0,-0.6272,202.0,-0.3784,6.0,,,-0.5134,38.0,-0.7537,69.0,-0.8288,3.0,-0.8079,244.0,,,-0.2474,14.0,,,-0.3464,37.0,-0.73,5.0,-0.7248,5.0,-0.4315,2.0,-0.438,13.0,0.0451,11.0,,,-0.0141,1.0,-0.0364,1.0,-0.2371,11.0,-0.4762,60.0,-0.3941,18.0,-0.2903,27.0,-0.4531,99.0
2025-12-26,Wars,,,0.9398,2.0,0.9527,1.0,-0.0014,1.0,0.0219,76.0,,,-0.0728,7.0,0.0051,3.0,-0.0165,13.0,,,0.2044,12.0,0.0749,221.0,0.2426,4.0,0.1909,43.0,-0.25,24.0,-0.0761,1.0,,,0.0702,127.0,-0.0766,20.0,0.6514,14.0,0.0941,11.0,-0.0675,301.0,0.036,12.0,0.5831,1.0,0.2768,5.0,-0.165,3.0,0.0032,2.0,0.3223,3.0,-0.0731,299.0,0.4631,27.0,-0.0544,127.0
2025-12-25,Economic Data,0.4634,2.0,0.1985,2.0,-0.038,5.0,0.0192,5.0,0.0915,80.0,,,0.1333,6.0,0.073,13.0,-0.2238,9.0,-0.0055,2.0,0.4567,41.0,-0.9194,2.0,-0.0564,5.0,0.1662,60.0,0.1952,10.0,-0.0068,4.0,,,,,0.3978,2.0,0.3816,7.0,-0.1322,2.0,0.1035,72.0,0.3285,18.0,,,0.9402,1.0,0.1788,4.0,0.3659,6.0,0.307,3.0,0.476,2.0,-0.0417,73.0,0.1485,124.0
2025-12-25,Economic Data-Consumer Spending,,,,,,,,,,,,,,,0.032,1.0,,,,,,,,,,,,,,,,,,,,,,,,,,,,,,,,,0.006,1.0,,,,,,,,,,,-0.2043,6.0
2025-12-25,Economic Data-Employment,,,0.0122,1.0,0.0195,1.0,,,0.7896,2.0,,,0.4207,1.0,,,0.0069,1.0,,,0.3001,8.0,,,,,0.2505,18.0,-0.908,1.0,,,,,,,,,0.3943,2.0,-0.9043,1.0,-0.0866,7.0,0.3624,1.0,,,,,,,,,0.9418,1.0,,,,,-0.2487,17.0
2025-12-25,Economic Data-GDP,,,,,,,,,-0.89,1.0,,,0.9428,2.0,,,,,,,,,,,,,0.4394,5.0,,,,,,,,,,,-0.9207,1.0,,,0.3239,2.0,,,,,,,,,,,,,,,0.0915,4.0,0.5928,11.0
2025-12-25,Economic Data-Housing,0.1478,1.0,0.8989,2.0,,,0.0072,1.0,-0.1604,13.0,,,0.0129,2.0,0.5658,7.0,,,,,0.1989,7.0,,,-0.4712,1.0,0.2846,6.0,0.2184,14.0,,,,,,,,,0.0309,2.0,,,0.213,12.0,0.0011,1.0,,,,,-0.411,2.0,0.2654,1.0,0.0077,1.0,,,0.0153,16.0,0.0055,19.0
2025-12-25,Economic Data-Inflation,,,,,-0.0035,2.0,,,0.1544,2.0,,,,,,,,,,,,,,,,,0.0015,1.0,,,,,,,,,,,,,,,-0.9201,1.0,,,,,,,,,,,,,,,0.0122,2.0,0.0518,13.0
2025-12-25,Economic Data-Interest Rates,,,,,,,,,-0.0114,3.0,,,-0.2022,22.0,,,0.0085,1.0,,,0.0267,1.0,,,,,0.3328,25.0,-0.2989,7.0,,,,,,,0.9501,1.0,0.4484,8.0,,,,,,,,,,,,,,,,,-0.8581,2.0,0.3739,3.0,0.1492,20.0
2025-12-25,Economic Data-Manufacturing,,,,,,,,,0.5424,6.0,,,,,,,,,,,0.9235,2.0,0.0302,1.0,,,,,,,0.9489,1.0,,,,,,,,,,,0.0129,6.0,,,,,,,,,,,,,,,0.0092,6.0,0.2557,6.0
2025-12-25,Economic Data-Retail Sales,,,,,,,0.002,2.0,,,,,,,0.6238,2.0,,,,,0.3605,1.0,,,,,0.4724,2.0,,,,,,,,,,,,,,,,,,,,,,,,,0.939,2.0,,,,,0.2366,9.0,0.8961,1.0
2025-12-25,Extreme Weather,-0.2936,3.0,-0.2994,6.0,-0.2067,10.0,0.2356,2.0,-0.0158,25.0,,,0.2968,3.0,-0.2727,9.0,-0.0981,8.0,,,-0.3463,24.0,,,-0.2841,12.0,-0.1366,25.0,0.0839,6.0,-0.1491,11.0,,,,,,,-0.1309,16.0,,,-0.0629,28.0,0.4744,2.0,,,0.0473,2.0,-0.1702,22.0,-0.4591,14.0,-0.2366,12.0,-0.2014,3.0,-0.0508,38.0,-0.3118,140.0
2025-12-25,Extreme Weather-Cold,,,,,,,0.0159,6.0,-0.2392,14.0,,,-0.9177,1.0,0.0071,9.0,-0.109,6.0,,,-0.229,18.0,-0.0078,1.0,0.0012,2.0,-0.7281,1.0,-0.1795,14.0,0.0436,4.0,,,,,,,-0.0552,2.0,,,-0.3475,5.0,-0.8684,2.0,,,,,-0.2282,6.0,-0.0375,1.0,-0.2061,6.0,-0.0021,1.0,-0.0432,21.0,-0.1823,36.0
2025-12-25,Extreme Weather-Drought,0.3928,2.0,,,0.0013,1.0,-0.9197,1.0,,,,,,,,,-0.4229,1.0,,,-0.3724,4.0,,,0.0477,1.0,-0.0059,1.0,0.4793,2.0,-0.3092,3.0,,,,,,,0.6339,3.0,,,0.0222,3.0,0.0081,1.0,,,,,,,,,0.005,2.0,0.6592,1.0,,,-0.03,4.0
2025-12-25,Extreme Weather-Heat,,,-0.6255,4.0,-0.0923,12.0,,,0.2546,8.0,,,,,,,,,,,0.0143,3.0,,,0.076,2.0,,,0.0045,1.0,,,,,,,,,-0.1766,1.0,,,0.0162,3.0,-0.0008,2.0,,,,,0.0015,4.0,,,,,,,0.2592,1.0,0.654,12.0
2025-12-25,Fiscal Policy,0.0096,1.0,,,0.6482,6.0,0.066,2.0,0.1137,34.0,0.0062,2.0,-0.4372,2.0,0.1725,3.0,-0.2042,7.0,,,0.2416,28.0,0.0838,3.0,-0.0052,1.0,0.3285,10.0,0.2325,3.0,0.3874,2.0,,,,,0.9012,2.0,0.2441,3.0,,,0.246,9.0,0.0063,1.0,,,,,0.0216,1.0,0.0448,2.0,,,-0.0475,18.0,-0.157,12.0,-0.0294,64.0
2025-12-25,Fiscal Policy-Stimulus Package,0.0086,2.0,,,,,0.9422,1.0,0.0206,3.0,,,0.4321,2.0,-0.3123,3.0,0.0091,1.0,,,0.4596,13.0,0.1431,3.0,0.0025,2.0,0.3339,20.0,,,,,,,-0.1208,3.0,,,0.6919,1.0,,,0.1048,1.0,,,,,,,0.0446,1.0,0.4828,2.0,,,,,,,-0.1223,19.0
2025-12-25,Monetary Policy,0.0096,1.0,,,,,,,0.6332,3.0,,,0.095,15.0,0.0007,1.0,0.0085,1.0,,,0.605,1.0,,,,,0.3957,15.0,-0.0107,5.0,,,,,,,,,0.451,7.0,,,,,,,,,,,,,,,,,-0.3752,3.0,0.56,2.0,0.1125,15.0
2025-12-25,Monetary Policy-Interest Rates,,,,,,,,,,,,,-0.5608,9.0,,,,,,,,,,,,,0.3725,21.0,-0.0091,5.0,,,,,,,,,,,,,,,,,,,,,,,,,,,,,,,,
2025-12-25,Monetary Policy-Quantitative Easing,,,,,0.0199,3.0,,,-0.0449,8.0,,,,,,,,,,,0.9461,1.0,,,,,0.2078,12.0,-0.4567,2.0,,,,,,,,,,,,,0.0355,4.0,0.8961,1.0,,,,,,,,,,,,,0.0036,1.0,0.241,19.0
2025-12-25,Natural Disaster,,,-0.9129,1.0,,,0.0589,3.0,,,,,,,,,,,,,,,,,,,-0.4071,12.0,-0.5413,1.0,0.0714,3.0,,,,,,,-0.172,5.0,,,0.0092,1.0,,,,,,,0.2206,1.0,-0.4681,12.0,-0.284,11.0,0.3006,1.0,-0.1867,1.0,-0.4139,37.0
2025-12-25,Oil Spills,,,,,,,,,,,,,,,,,,,,,,,,,,,,,,,,,,,,,,,,,,,,,,,,,,,,,,,,,,,-0.4566,2.0,,
2025-12-25,Pandemic,-0.2047,2.0,0.2798,4.0,-0.071,39.0,-0.0454,7.0,-0.0627,56.0,0.0125,3.0,0.0741,4.0,-0.0416,13.0,0.0391,28.0,,,0.0932,59.0,0.4097,6.0,-0.1401,13.0,-0.0574,17.0,-0.2603,4.0,-0.2004,16.0,,,-0.1407,5.0,-0.0202,2.0,0.1495,9.0,0.1567,8.0,-0.06,33.0,0.5512,11.0,-0.508,2.0,0.1299,4.0,0.194,8.0,0.115,7.0,0.1339,3.0,-0.3086,25.0,-0.0912,49.0,-0.1218,172.0
2025-12-25,Politics,-0.0203,5.0,-0.0112,9.0,0.1725,163.0,0.1163,12.0,0.0407,147.0,-0.4397,3.0,-0.0214,17.0,-0.0006,56.0,-0.0496,41.0,0.0076,1.0,0.0809,216.0,-0.1498,52.0,-0.1237,27.0,0.0085,44.0,-0.0182,38.0,0.0693,9.0,-0.8851,1.0,-0.1384,10.0,0.0169,40.0,-0.1003,25.0,-0.3159,3.0,-0.0225,266.0,-0.0586,12.0,-0.2604,2.0,-0.0027,11.0,-0.053,16.0,0.112,18.0,-0.1938,17.0,-0.1412,264.0,-0.0618,108.0,-0.0554,394.0
2025-12-25,Politics-Election,,,0.6376,2.0,0.0614,28.0,,,0.0247,1.0,,,0.0028,2.0,0.4147,2.0,,,,,-0.0092,13.0,,,,,0.0038,3.0,-0.0049,1.0,0.0097,1.0,,,,,,,0.0034,1.0,,,,,,,,,,,-0.1794,4.0,,,,,-0.1616,16.0,0.0137,1.0,-0.3303,3.0
2025-12-25,Politics-Political Tension,,,-0.2627,2.0,-0.0213,4.0,0.0099,1.0,-0.1666,20.0,,,,,-0.0417,7.0,-0.12,9.0,-0.0991,3.0,-0.1715,21.0,-0.0043,5.0,,,0.0492,1.0,0.0017,2.0,0.008,1.0,,,0.0552,2.0,0.947,1.0,0.0118,1.0,,,0.0051,31.0,-0.0042,1.0,,,,,-0.1212,3.0,-0.6941,1.0,,,-0.01,62.0,-0.1005,8.0,-0.1415,47.0
2025-12-25,Terrorist Attacks,-0.8361,2.0,-0.3271,61.0,-0.5176,1.0,-0.3854,18.0,-0.7599,4.0,,,-0.0175,1.0,-0.7275,2.0,-0.5766,2.0,,,-0.4931,29.0,-0.1621,11.0,-0.1607,2.0,,,,,-0.2474,13.0,,,-0.6753,156.0,-0.5214,14.0,-0.7328,7.0,-0.0065,1.0,-0.6102,16.0,,,-0.797,1.0,-0.5426,16.0,-0.4681,8.0,0.0038,1.0,-0.3927,170.0,,,-0.3805,24.0,-0.4645,59.0
2025-12-25,Wars,,,0.7821,3.0,-0.1876,2.0,,,-0.0083,46.0,-0.2646,2.0,0.0609,21.0,-0.0283,9.0,-0.0877,26.0,0.0106,1.0,0.3184,27.0,-0.0728,90.0,0.3173,3.0,-0.1362,30.0,-0.273,28.0,-0.5839,1.0,,,0.3525,13.0,-0.1976,14.0,0.0045,2.0,-0.4176,2.0,-0.0479,277.0,-0.1507,11.0,,,0.0023,1.0,0.1803,4.0,,,-0.1445,5.0,-0.0757,320.0,0.1175,5.0,-0.0365,76.0
2025-12-24,Economic Data,-0.0627,7.0,0.1157,12.0,0.4437,14.0,0.0606,12.0,0.2009,140.0,0.9422,2.0,0.7965,7.0,0.4363,5.0,-0.1765,7.0,-0.0124,3.0,0.3744,46.0,0.6316,1.0,0.2344,3.0,-0.0164,75.0,0.1454,34.0,-0.2234,14.0,,,0.3753,3.0,0.4399,4.0,0.2252,14.0,0.2398,4.0,0.0536,81.0,0.709,4.0,0.6311,9.0,0.2038,6.0,0.123,5.0,-0.1431,7.0,0.2669,9.0,-0.2158,2.0,0.0178,148.0,0.0553,351.0
2025-12-24,Economic Data-Consumer Spending,,,0.3653,3.0,,,,,0.003,1.0,,,,,,,,,,,,,,,0.0057,1.0,,,-0.9167,5.0,,,,,,,,,,,,,,,,,,,,,,,,,,,,,0.9279,2.0,0.6318,29.0
2025-12-24,Economic Data-Employment,,,0.0188,1.0,,,,,0.3401,3.0,,,,,0.942,1.0,-0.3672,2.0,,,0.3556,7.0,,,,,0.2022,5.0,0.3166,2.0,-0.9149,1.0,0.5573,2.0,,,,,0.1377,10.0,0.0061,2.0,0.0092,1.0,,,,,,,0.93,1.0,0.1064,1.0,0.9418,1.0,-0.9103,1.0,0.0076,5.0,-0.0844,159.0
2025-12-24,Economic Data-GDP,,,,,0.0279,1.0,0.9295,1.0,0.5337,2.0,,,,,,,,,,,0.5262,11.0,,,0.7646,1.0,0.6027,10.0,,,,,,,,,,,,,,,0.0346,2.0,0.4217,1.0,,,,,0.9367,3.0,,,,,,,0.044,8.0,0.4749,64.0
2025-12-24,Economic Data-Housing,0.1474,1.0,,,-0.0004,1.0,0.1007,21.0,-0.1649,47.0,0.9504,2.0,0.0068,1.0,0.9241,2.0,0.9061,2.0,0.0443,2.0,0.2696,15.0,,,,,0.0294,6.0,-0.6635,5.0,,,-0.0441,1.0,0.4486,1.0,,,0.137,1.0,,,0.1744,6.0,0.3157,3.0,,,,,0.5164,2.0,0.1677,3.0,,,-0.8844,2.0,0.0642,28.0,0.095,42.0
2025-12-24,Economic Data-Inflation,,,,,0.006,1.0,-0.8445,1.0,-0.2668,14.0,,,,,,,,,,,0.0003,1.0,,,,,0.1206,6.0,,,,,,,,,,,-0.9221,1.0,0.0054,1.0,,,,,,,,,,,,,,,,,-0.001,1.0,-0.0916,49.0
2025-12-24,Economic Data-Interest Rates,-0.0114,1.0,0.1179,1.0,,,-0.4221,2.0,0.1039,12.0,,,,,,,-0.5668,1.0,,,0.0085,4.0,-0.0682,1.0,0.8484,2.0,0.1885,25.0,,,,,,,0.0126,2.0,-0.7544,1.0,0.4987,3.0,,,-0.2175,2.0,,,,,,,,,,,,,,,0.3546,5.0,-0.067,111.0
2025-12-24,Economic Data-Manufacturing,,,0.0082,1.0,0.0365,5.0,-0.8281,8.0,0.6517,11.0,,,0.0069,1.0,,,0.9376,1.0,,,0.4813,7.0,0.1584,1.0,,,0.0018,2.0,,,0.9488,1.0,,,0.9118,1.0,,,,,,,-0.0674,6.0,0.0974,1.0,,,,,,,0.9358,2.0,,,,,0.0063,9.0,0.5464,8.0
2025-12-24,Economic Data-Retail Sales,-0.1385,3.0,,,0.9,1.0,,,0.9473,1.0,,,,,,,,,,,,,,,0.9103,1.0,0.0423,1.0,-0.7597,6.0,0.0307,3.0,,,,,,,0.0099,1.0,,,0.063,1.0,,,,,,,,,0.9405,1.0,,,,,0.0062,18.0,-0.2209,4.0
2025-12-24,Extreme Weather,-0.161,5.0,-0.3232,7.0,-0.2678,10.0,-0.1388,5.0,-0.1137,16.0,,,0.049,3.0,-0.2594,20.0,-0.015,7.0,,,-0.0787,33.0,-0.8857,1.0,-0.3122,16.0,0.1797,15.0,0.1559,4.0,0.3452,6.0,,,,,0.2411,1.0,0.0131,18.0,0.017,1.0,0.0003,18.0,-0.0662,12.0,,,0.033,5.0,0.2024,14.0,-0.2767,141.0,-0.3351,7.0,-0.7255,15.0,-0.0684,37.0,-0.0517,174.0
2025-12-24,Extreme Weather-Cold,,,,,-0.7417,1.0,0.0215,6.0,-0.2881,5.0,,,,,-0.0295,10.0,0.0443,9.0,,,-0.3498,16.0,,,,,,,-0.5832,2.0,,,,,,,,,-0.2244,6.0,,,-0.0841,9.0,,,-0.7117,1.0,,,-0.0849,4.0,,,,,-0.5957,7.0,-0.2339,15.0,-0.1405,33.0
2025-12-24,Extreme Weather-Drought,,,,,,,,,0.9475,1.0,,,0.9265,1.0,,,-0.9084,1.0,,,0.2527,4.0,,,-0.9126,1.0,,,,,0.0367,4.0,,,,,0.0753,1.0,0.0085,1.0,,,0.0051,1.0,,,-0.9113,1.0,-0.173,2.0,,,0.8174,1.0,,,,,0.0276,3.0,-0.1628,3.0
2025-12-24,Extreme Weather-Heat,0.7517,1.0,0.0155,4.0,0.002,2.0,,,,,,,,,0.0274,1.0,0.0111,2.0,,,0.054,7.0,,,-0.0016,1.0,,,,,,,,,,,,,,,,,0.8477,1.0,,,,,,,0.0257,4.0,,,0.0065,1.0,,,0.7683,2.0,0.2931,8.0
2025-12-24,Fiscal Policy,-0.1433,7.0,-0.3408,3.0,-0.0067,7.0,-0.4786,6.0,0.2132,15.0,,,0.0928,2.0,0.0466,17.0,-0.0506,10.0,,,0.2931,37.0,0.3334,3.0,-0.1151,8.0,0.3356,19.0,0.1761,20.0,0.1242,9.0,,,-0.0388,9.0,-0.1807,5.0,0.023,7.0,,,0.0509,9.0,0.9279,1.0,0.0375,1.0,-0.1514,3.0,-0.0159,3.0,0.1287,4.0,,,0.1577,21.0,-0.0676,33.0,-0.0685,161.0
2025-12-24,Fiscal Policy-Stimulus Package,-0.5546,1.0,,,-0.4147,2.0,-0.7922,1.0,-0.8319,1.0,,,,,0.0763,23.0,,,,,0.1471,16.0,0.0123,5.0,-0.1466,3.0,0.2395,7.0,0.9472,1.0,0.9121,1.0,,,0.1773,13.0,,,-0.1284,5.0,,,0.4541,2.0,,,,,,,,,,,,,0.452,8.0,0.9486,1.0,-0.0537,55.0
2025-12-24,Monetary Policy,-0.0114,1.0,0.1179,1.0,,,-0.4221,2.0,0.5687,9.0,,,,,0.9279,5.0,,,,,-0.2502,5.0,,,0.5843,4.0,0.0854,29.0,,,,,,,0.0126,2.0,0.0525,3.0,0.4987,3.0,,,-0.2175,2.0,0.6309,1.0,,,,,,,,,,,,,0.1153,12.0,-0.01,59.0
2025-12-24,Monetary Policy-Interest Rates,,,,,,,,,,,,,,,,,,,,,,,,,,,-0.3324,3.0,,,,,,,,,,,,,,,,,,,,,,,,,,,,,,,,,-0.1999,15.0
2025-12-24,Monetary Policy-Quantitative Easing,,,,,0.3205,3.0,,,0.2818,18.0,0.9422,2.0,,,,,0.0622,1.0,,,0.1471,25.0,,,,,0.0122,26.0,0.2513,16.0,,,,,,,,,,,,,-0.1697,2.0,0.0188,2.0,0.0151,1.0,0.0922,3.0,0.0042,1.0,,,,,,,-0.1396,20.0,0.152,54.0
2025-12-24,Natural Disaster,,,,,,,,,,,,,,,-0.8602,1.0,-0.0618,1.0,,,-0.556,2.0,,,,,0.1685,3.0,,,0.4363,2.0,,,,,,,-0.0095,5.0,,,0.0159,1.0,,,,,,,,,-0.4071,134.0,-0.3919,2.0,-0.8992,2.0,-0.2609,7.0,-0.1602,44.0
2025-12-24,Oil Spills,,,,,,,,,0.0405,1.0,,,,,,,,,,,,,,,-0.8786,2.0,,,,,,,,,,,,,,,,,0.085,6.0,,,,,,,,,,,,,-0.3068,1.0,-0.001,1.0,-0.1501,21.0
2025-12-24,Pandemic,-0.2841,9.0,0.2007,12.0,-0.0646,74.0,-0.0288,19.0,-0.1359,61.0,-0.0007,2.0,0.1274,6.0,-0.1839,40.0,-0.1939,11.0,0.2127,4.0,0.0464,81.0,0.0231,5.0,-0.0754,20.0,0.0027,23.0,0.2892,19.0,-0.303,12.0,,,0.0541,10.0,-0.0884,9.0,0.0883,22.0,-0.001,1.0,-0.1553,43.0,0.4664,2.0,0.0047,1.0,0.1275,5.0,-0.0977,18.0,0.1804,8.0,-0.0013,1.0,-0.4053,26.0,-0.0136,68.0,-0.1041,294.0
2025-12-24,Politics,-0.0642,17.0,-0.0674,17.0,-0.0612,139.0,-0.0446,27.0,-0.0636,123.0,-0.3262,1.0,-0.0741,14.0,0.0481,115.0,-0.0583,47.0,-0.9098,5.0,0.0411,228.0,-0.1738,83.0,-0.2127,55.0,0.1835,44.0,0.1892,94.0,0.1431,15.0,-0.8431,1.0,0.0525,64.0,-0.0146,43.0,-0.0782,30.0,-0.0565,12.0,-0.0748,204.0,0.2048,6.0,-0.0094,3.0,-0.1302,10.0,-0.2601,30.0,0.2388,29.0,-0.0771,16.0,-0.1374,431.0,-0.049,78.0,-0.1044,981.0
2025-12-24,Politics-Election,,,,,-0.0009,5.0,-0.9183,3.0,0.0152,3.0,,,,,0.0361,2.0,0.0025,1.0,,,0.0232,16.0,-0.2687,3.0,,,,,,,-0.0001,1.0,,,-0.1917,2.0,,,,,,,,,,,,,0.0043,2.0,0.0274,2.0,-0.0073,1.0,,,-0.0733,5.0,-0.8071,1.0,-0.062,5.0
2025-12-24,Politics-Political Tension,-0.8701,1.0,-0.1679,3.0,0.2558,4.0,-0.3826,4.0,-0.1988,10.0,,,,,-0.1559,29.0,-0.0042,3.0,-0.2256,5.0,-0.0887,16.0,-0.2142,17.0,-0.4486,5.0,0.0384,2.0,-0.0907,1.0,0.0014,2.0,,,-0.4421,4.0,-0.266,2.0,0.0058,2.0,-0.0016,3.0,0.0427,33.0,0.0018,1.0,-0.0052,1.0,0.0108,1.0,-0.0303,6.0,-0.357,4.0,,,-0.0989,94.0,-0.732,3.0,-0.151,102.0
2025-12-24,Terrorist Attacks,-0.1064,3.0,0.0759,49.0,-0.3725,7.0,-0.4573,6.0,0.6278,3.0,0.0183,2.0,-0.8761,2.0,-0.2717,8.0,-0.3714,8.0,,,-0.3383,23.0,0.3488,1.0,-0.5599,4.0,,,-0.6065,3.0,-0.474,8.0,,,-0.5427,108.0,-0.6671,9.0,-0.6445,1.0,,,-0.6747,411.0,,,,,-0.4663,37.0,-0.6288,1.0,0.0639,13.0,-0.616,8.0,-0.1906,5.0,-0.4673,48.0,-0.5586,250.0
2025-12-24,Wars,,,0.0501,4.0,0.0124,2.0,0.0781,3.0,0.0203,69.0,-0.6021,2.0,-0.1829,6.0,-0.0891,17.0,-0.1735,12.0,,,-0.0451,20.0,-0.1081,189.0,0.007,8.0,0.1911,30.0,0.1382,11.0,0.0067,1.0,,,0.0108,3.0,-0.0707,19.0,0.0112,5.0,0.052,8.0,-0.1545,300.0,0.0056,6.0,,,,,0.3196,8.0,0.226,6.0,-0.0919,12.0,-0.1201,486.0,0.2111,14.0,0.0823,216.0
2025-12-23,Economic Data,-0.1735,14.0,0.1493,12.0,0.0301,24.0,0.0845,43.0,0.0388,206.0,,,0.4952,12.0,-0.06,12.0,-0.3123,35.0,-0.4518,3.0,0.1552,46.0,,,0.1979,8.0,0.0204,81.0,0.5002,14.0,0.0259,30.0,0.4587,2.0,0.1733,11.0,0.1332,1.0,0.419,3.0,-0.6022,9.0,-0.5425,19.0,-0.1188,5.0,0.3875,10.0,0.6959,4.0,0.1352,28.0,0.5201,18.0,0.3273,11.0,-0.2282,7.0,-0.004,147.0,0.0309,600.0
2025-12-23,Economic Data-Consumer Spending,,,,,,,0.4378,2.0,0.0075,3.0,-0.9239,1.0,,,,,,,,,0.9374,4.0,,,,,-0.9077,1.0,,,,,,,,,,,,,,,,,,,,,,,0.9441,1.0,,,,,,,-0.1753,4.0,0.4316,68.0
2025-12-23,Economic Data-Employment,0.632,1.0,-0.3439,1.0,,,0.0104,3.0,0.6147,3.0,,,,,0.0027,1.0,-0.352,3.0,,,0.018,4.0,,,,,-0.0514,13.0,-0.2715,4.0,-0.9179,1.0,,,0.0472,1.0,,,-0.9133,1.0,-0.1027,5.0,-0.4256,5.0,,,-0.431,2.0,-0.0054,2.0,0.3314,2.0,0.2291,1.0,,,0.3691,1.0,0.3125,3.0,0.0042,27.0
2025-12-23,Economic Data-GDP,-0.9234,1.0,,,-0.7442,1.0,-0.4322,34.0,-0.0195,13.0,,,,,,,-0.327,3.0,,,0.2637,4.0,,,0.9342,1.0,0.1125,7.0,0.0132,2.0,0.0075,1.0,0.9467,2.0,,,0.0379,1.0,,,,,-0.92,2.0,,,,,,,0.617,55.0,,,,,0.945,1.0,-0.7453,6.0,0.6348,394.0
2025-12-23,Economic Data-Housing,,,0.2972,3.0,,,0.1027,7.0,0.3334,52.0,,,,,,,-0.1011,17.0,,,0.6387,11.0,,,0.3515,6.0,-0.0587,10.0,-0.1069,8.0,0.0278,1.0,0.9138,2.0,0.1447,2.0,,,0.0069,2.0,,,0.0046,1.0,0.2502,5.0,-0.0016,1.0,0.0299,3.0,0.0867,6.0,0.062,1.0,0.0059,1.0,0.7685,1.0,0.0681,26.0,0.2051,227.0
2025-12-23,Economic Data-Inflation,,,-0.0059,1.0,0.0048,2.0,,,-0.7834,15.0,,,-0.4421,2.0,,,-0.3782,10.0,,,,,,,,,0.0013,4.0,,,-0.6107,12.0,,,,,,,,,0.0054,1.0,,,,,0.3144,13.0,,,-0.545,7.0,,,0.9392,1.0,,,-0.3288,2.0,-0.2128,59.0
2025-12-23,Economic Data-Interest Rates,-0.8984,1.0,0.0763,21.0,-0.9018,7.0,-0.4336,29.0,0.4343,15.0,,,0.4225,3.0,,,0.1516,5.0,,,0.0434,18.0,,,0.0094,2.0,0.2907,17.0,-0.3243,6.0,-0.6339,5.0,0.9175,2.0,-0.2608,2.0,,,,,,,-0.885,2.0,0.4912,3.0,,,0.1816,2.0,0.1839,4.0,,,-0.0614,3.0,0.8337,15.0,-0.0959,7.0,0.2205,143.0
2025-12-23,Economic Data-Manufacturing,,,0.0097,1.0,0.8651,12.0,0.9415,1.0,0.1214,40.0,,,,,,,,,,,0.1601,6.0,,,,,0.1356,8.0,,,,,,,0.227,1.0,,,,,,,,,0.606,3.0,,,-0.4864,2.0,,,,,,,,,0.0069,13.0,0.6513,77.0
2025-12-23,Economic Data-Retail Sales,,,,,,,0.4139,12.0,0.0231,4.0,-0.9181,1.0,,,,,0.0103,1.0,,,0.2521,4.0,,,,,0.4685,2.0,0.0432,5.0,0.0133,1.0,,,,,,,,,,,-0.8877,1.0,,,,,0.0186,1.0,,,0.6471,1.0,,,,,0.2768,18.0,0.2908,96.0
2025-12-23,Extreme Weather,-0.1218,9.0,-0.0128,2.0,-0.0013,1.0,0.1876,5.0,0.1587,41.0,,,0.9418,1.0,-0.6586,30.0,0.0757,14.0,,,-0.1551,39.0,-0.8932,1.0,0.0342,8.0,-0.0102,17.0,-0.4479,7.0,0.0667,18.0,,,,,,,-0.0221,7.0,,,-0.0372,5.0,-0.192,22.0,,,-0.1979,6.0,-0.0127,18.0,0.1942,9.0,-0.536,10.0,-0.1974,5.0,-0.2509,40.0,-0.1417,150.0
2025-12-23,Extreme Weather-Cold,,,,,,,-0.1203,13.0,0.0913,17.0,,,,,-0.5131,3.0,-0.0612,4.0,,,-0.557,24.0,,,-0.3272,3.0,,,-0.2185,4.0,-0.2081,7.0,,,,,,,,,,,-0.2569,5.0,-0.3848,6.0,,,,,-0.2213,5.0,,,,,,,-0.1471,7.0,-0.1367,45.0
2025-12-23,Extreme Weather-Drought,-0.4281,2.0,0.5234,4.0,,,0.0012,1.0,0.1652,2.0,,,,,,,0.9231,1.0,,,0.2762,4.0,,,0.7918,2.0,,,,,-0.6045,3.0,,,0.009,1.0,,,,,,,0.0314,2.0,0.9256,1.0,,,-0.5977,2.0,0.9054,1.0,,,,,,,-0.897,5.0,0.022,5.0
2025-12-23,Extreme Weather-Heat,,,-0.0022,1.0,0.9435,1.0,,,,,,,,,,,0.0181,1.0,,,-0.8507,1.0,,,0.0028,2.0,,,,,,,,,,,,,,,,,,,,,,,,,0.004,2.0,,,,,,,0.8251,38.0,0.3877,11.0
2025-12-23,Fiscal Policy,0.0682,10.0,0.0738,3.0,0.4006,9.0,0.1739,9.0,0.2497,48.0,0.2726,1.0,0.703,18.0,-0.001,42.0,-0.0742,14.0,-0.9101,1.0,-0.1101,33.0,0.4607,1.0,0.214,15.0,0.0136,15.0,0.5464,3.0,0.1293,15.0,,,0.3028,9.0,-0.1137,6.0,0.2849,3.0,-0.3452,3.0,0.0044,1.0,0.2692,4.0,,,-0.2748,4.0,0.5358,17.0,0.494,4.0,0.0033,1.0,-0.1613,18.0,0.0052,33.0,-0.0144,152.0
2025-12-23,Fiscal Policy-Stimulus Package,-0.5769,3.0,,,-0.2676,3.0,0.3292,4.0,0.2219,6.0,,,,,0.0165,87.0,-0.4536,6.0,,,0.4061,13.0,,,0.0448,14.0,0.0622,5.0,0.2812,1.0,-0.2031,3.0,,,0.121,7.0,-0.9104,1.0,0.1607,6.0,,,,,0.0077,1.0,-0.0024,2.0,-0.7731,1.0,0.3277,4.0,,,,,0.1901,8.0,0.0939,21.0,-0.0894,54.0
2025-12-23,Monetary Policy,0.2193,4.0,-0.0347,16.0,-0.9018,7.0,-0.2791,29.0,0.6696,7.0,,,0.5801,10.0,0.0044,1.0,-0.1076,2.0,,,0.0296,10.0,,,0.0138,3.0,0.0901,18.0,-0.3245,6.0,-0.7896,4.0,0.9175,2.0,0.3367,2.0,,,,,0.0158,1.0,,,0.4963,3.0,,,0.1816,2.0,0.0084,1.0,,,-0.0614,3.0,0.4889,2.0,-0.1284,7.0,0.2035,104.0
2025-12-23,Monetary Policy-Interest Rates,,,-0.0998,5.0,-0.9107,1.0,-0.0418,1.0,,,,,,,,,0.5015,2.0,,,0.9248,1.0,,,,,0.2057,10.0,,,,,,,-0.7955,1.0,,,,,,,,,,,,,,,,,,,,,,,-0.215,1.0,-0.1297,34.0
2025-12-23,Monetary Policy-Quantitative Easing,-0.0196,1.0,,,0.0046,1.0,,,0.3861,22.0,,,0.0169,1.0,0.002,1.0,0.5214,7.0,,,0.2515,19.0,,,,,0.1675,81.0,0.201,12.0,0.6302,1.0,,,,,,,,,,,0.0252,4.0,-0.917,1.0,,,0.9465,3.0,0.0029,1.0,,,0.003,1.0,0.2363,1.0,0.08,17.0,0.198,68.0
2025-12-23,Natural Disaster,-0.8732,1.0,,,,,,,-0.1855,2.0,,,,,-0.8453,10.0,,,,,,,,,,,-0.2688,7.0,,,0.191,4.0,,,,,,,-0.0896,2.0,,,-0.0059,1.0,,,,,-0.3438,3.0,,,,,-0.867,5.0,,,-0.4966,21.0,-0.4441,9.0
2025-12-23,Oil Spills,,,,,,,,,,,,,,,,,,,,,,,,,,,,,,,,,,,,,,,,,,,,,,,,,,,,,,,,,,,-0.4613,2.0,,
2025-12-23,Pandemic,-0.2801,8.0,-0.0756,22.0,-0.0345,58.0,0.0128,37.0,0.0577,73.0,-0.0028,1.0,0.1876,5.0,-0.1226,35.0,-0.2504,27.0,0.1224,1.0,-0.0474,92.0,0.2629,11.0,-0.1608,19.0,0.1699,102.0,-0.0287,10.0,-0.0509,13.0,,,0.2078,14.0,-0.0162,3.0,0.1294,11.0,0.0829,8.0,-0.3761,39.0,0.0983,8.0,-0.0098,5.0,-0.2364,7.0,-0.2149,30.0,0.1472,12.0,0.0302,2.0,-0.2515,42.0,-0.135,56.0,-0.0624,413.0
2025-12-23,Politics,0.0097,30.0,-0.0379,47.0,0.0399,140.0,-0.106,96.0,-0.015,142.0,-0.2047,2.0,0.2863,18.0,-0.041,181.0,-0.1804,62.0,-0.439,2.0,-0.0644,227.0,-0.1947,108.0,-0.0317,102.0,0.1298,53.0,0.2031,60.0,-0.0736,42.0,-0.0001,5.0,0.1295,38.0,-0.0628,23.0,0.2144,26.0,-0.2733,9.0,-0.1242,196.0,0.0627,10.0,-0.896,3.0,-0.1226,16.0,0.1406,43.0,0.0902,22.0,0.0835,9.0,-0.1848,180.0,-0.3156,115.0,-0.0536,1121.0
2025-12-23,Politics-Election,0.0451,1.0,,,0.0535,2.0,0.0037,7.0,,,,,,,-0.0024,4.0,,,,,-0.016,39.0,,,,,,,,,0.2595,2.0,,,0.0025,1.0,,,0.3209,1.0,0.3299,1.0,0.022,1.0,0.0058,1.0,,,,,-0.0102,1.0,0.3431,3.0,,,-0.0342,24.0,-0.0698,2.0,-0.1752,17.0
2025-12-23,Politics-Political Tension,0.0912,4.0,0.0349,1.0,-0.01,1.0,0.275,3.0,-0.3994,13.0,,,,,0.2199,17.0,-0.1163,15.0,-0.0729,2.0,-0.2645,39.0,-0.0202,31.0,-0.3511,5.0,0.2769,4.0,0.0858,4.0,0.0018,1.0,,,-0.0013,2.0,-0.1518,7.0,-0.2755,2.0,-0.9086,7.0,-0.048,28.0,0.4759,3.0,0.0509,1.0,-0.8846,1.0,0.0036,1.0,-0.1706,3.0,0.0079,4.0,0.0894,64.0,0.0307,11.0,-0.0786,126.0
2025-12-23,Terrorist Attacks,-0.2488,5.0,0.073,38.0,-0.3494,1.0,-0.5542,6.0,-0.066,4.0,,,-0.3887,2.0,-0.6113,16.0,-0.3324,27.0,,,-0.461,13.0,,,-0.723,2.0,-0.821,5.0,,,-0.634,4.0,,,-0.5135,41.0,-0.8304,71.0,-0.7434,4.0,,,-0.6525,33.0,,,,,-0.1964,25.0,-0.3638,11.0,-0.0879,21.0,-0.0063,2.0,-0.4866,1.0,-0.4723,100.0,-0.4578,145.0
2025-12-23,Wars,,,0.3591,5.0,0.3292,4.0,0.0201,4.0,0.0067,115.0,-0.4071,1.0,0.0121,5.0,0.2196,9.0,0.0034,18.0,,,0.1766,25.0,-0.2085,118.0,0.1128,15.0,-0.1222,37.0,-0.0701,13.0,0.2729,3.0,,,-0.1287,3.0,-0.038,10.0,-0.0539,6.0,0.2232,20.0,-0.1134,308.0,0.4492,15.0,,,,,0.2318,21.0,0.0217,2.0,0.3014,7.0,-0.1497,337.0,0.1666,9.0,0.084,265.0
2025-12-22,Economic Data,-0.0387,8.0,0.0725,20.0,0.0688,13.0,-0.015,38.0,0.0191,260.0,-0.0576,2.0,0.0459,14.0,-0.1096,7.0,-0.2091,60.0,-0.4666,2.0,0.2946,59.0,0.0397,1.0,0.1335,12.0,0.1232,105.0,0.0761,8.0,0.1536,9.0,0.4811,4.0,-0.0766,11.0,-0.1891,6.0,-0.0891,24.0,-0.1074,8.0,0.3642,12.0,0.4623,10.0,0.0075,3.0,0.6249,3.0,-0.0929,7.0,0.3024,7.0,0.9405,1.0,0.4379,4.0,-0.1229,139.0,0.0149,423.0
2025-12-22,Economic Data-Consumer Spending,-0.9192,1.0,,,,,-0.0049,1.0,0.9509,1.0,,,,,,,,,,,0.9425,5.0,,,,,,,0.6833,3.0,-0.4263,5.0,,,,,,,,,,,,,,,,,,,0.9483,4.0,,,,,,,0.4349,2.0,-0.136,6.0
2025-12-22,Economic Data-Employment,,,,,0.0091,1.0,-0.2446,4.0,-0.0304,6.0,,,,,,,0.4636,3.0,,,0.031,13.0,,,,,-0.1966,4.0,,,,,,,,,,,-0.4529,2.0,-0.8934,1.0,-0.7907,5.0,0.9447,1.0,0.5087,9.0,,,-0.4089,2.0,-0.1815,4.0,0.9503,1.0,,,-0.1779,18.0,-0.2234,53.0
2025-12-22,Economic Data-GDP,0.1774,6.0,,,,,-0.6656,3.0,-0.2228,10.0,0.0039,1.0,,,0.9444,1.0,-0.239,3.0,,,0.9316,4.0,,,0.2513,5.0,0.4612,3.0,,,0.3209,4.0,,,-0.0042,1.0,-0.6514,1.0,0.5179,12.0,,,-0.4933,3.0,0.0477,1.0,,,,,0.2382,5.0,0.9517,1.0,,,,,-0.2301,82.0,0.1495,9.0
2025-12-22,Economic Data-Housing,,,-0.1112,1.0,,,0.2363,8.0,-0.3558,26.0,0.92,1.0,-0.1851,4.0,0.2313,6.0,0.1388,3.0,0.9111,1.0,0.6409,6.0,,,0.0047,1.0,-0.029,8.0,0.2785,5.0,,,0.058,3.0,,,,,-0.213,4.0,,,-0.7049,1.0,0.0225,9.0,,,-0.4695,5.0,0.0055,2.0,0.4415,2.0,0.5691,1.0,0.9325,1.0,0.0845,24.0,0.1976,122.0
2025-12-22,Economic Data-Inflation,,,,,0.0161,2.0,0.6231,6.0,-0.4223,5.0,,,,,,,,,,,0.0028,1.0,,,0.8628,2.0,0.0393,6.0,,,,,,,,,,,,,0.0054,1.0,0.9041,1.0,,,,,,,0.005,1.0,,,,,-0.4806,2.0,-0.0006,4.0,0.1946,41.0
2025-12-22,Economic Data-Interest Rates,0.019,2.0,0.0068,1.0,-0.2736,6.0,,,0.1804,104.0,,,0.0048,1.0,0.9457,1.0,-0.0002,20.0,,,-0.2196,18.0,,,0.0952,4.0,0.0609,61.0,-0.0393,2.0,-0.277,1.0,,,0.7912,2.0,,,-0.4439,2.0,0.1449,3.0,-0.343,5.0,0.4436,2.0,,,0.3677,3.0,,,0.6607,1.0,,,0.7651,3.0,0.0512,14.0,0.1747,150.0
2025-12-22,Economic Data-Manufacturing,,,,,-0.5211,1.0,,,-0.0413,39.0,,,,,,,0.4956,3.0,,,0.7337,11.0,,,,,0.394,4.0,,,,,,,,,,,0.9502,1.0,,,,,,,-0.0569,3.0,,,,,0.7393,4.0,,,,,0.0058,8.0,0.291,16.0
2025-12-22,Economic Data-Retail Sales,0.9375,1.0,0.0048,1.0,0.9186,2.0,-0.9202,2.0,-0.329,5.0,,,,,0.9493,1.0,,,,,0.3425,4.0,,,,,,,,,0.2216,1.0,,,,,,,0.8236,2.0,0.9159,2.0,,,,,0.9389,1.0,0.8197,1.0,,,,,,,,,0.1789,11.0,0.0803,16.0
2025-12-22,Extreme Weather,-0.3994,2.0,0.6107,4.0,-0.1584,14.0,-0.0915,11.0,0.0298,22.0,-0.0058,1.0,0.1076,6.0,-0.6016,11.0,0.0513,9.0,0.2218,3.0,-0.3247,69.0,,,0.3247,8.0,-0.2016,13.0,-0.2672,4.0,0.2997,11.0,0.0055,2.0,0.355,3.0,-0.8178,2.0,-0.1056,26.0,0.9016,3.0,0.1408,11.0,-0.1557,20.0,,,-0.159,5.0,0.1149,17.0,0.3787,4.0,,,-0.2011,7.0,-0.2667,69.0,-0.1174,180.0
2025-12-22,Extreme Weather-Cold,-0.0039,1.0,0.5577,2.0,,,-0.5492,5.0,0.1772,8.0,,,,,-0.4446,2.0,0.0211,9.0,,,-0.0969,16.0,,,0.0072,2.0,,,-0.0167,1.0,0.001,5.0,,,,,,,-0.0357,9.0,,,-0.1133,4.0,0.1614,11.0,,,,,-0.0021,4.0,0.7113,1.0,,,,,-0.0653,18.0,0.0325,38.0
2025-12-22,Extreme Weather-Drought,0.0073,1.0,,,-0.1804,1.0,,,0.883,1.0,,,0.0049,1.0,0.0743,1.0,,,,,0.069,7.0,,,,,,,,,0.3095,3.0,,,,,,,-0.0285,4.0,,,,,0.3555,3.0,,,-0.9072,1.0,,,0.0056,1.0,0.0125,1.0,,,0.4662,2.0,0.3066,15.0
2025-12-22,Extreme Weather-Heat,,,-0.0025,1.0,-0.8359,1.0,0.0008,1.0,0.0035,1.0,,,,,0.0005,1.0,0.0093,1.0,,,-0.141,3.0,,,,,0.2373,8.0,,,-0.0049,1.0,,,,,,,,,,,-0.3767,3.0,-0.0118,2.0,,,,,0.0112,4.0,0.1057,2.0,0.0065,1.0,,,0.0084,2.0,0.3639,14.0
2025-12-22,Fiscal Policy,-0.0721,5.0,0.3159,7.0,0.3698,10.0,-0.0561,13.0,0.3162,14.0,0.0021,1.0,0.9457,1.0,0.2512,11.0,-0.0874,18.0,0.0036,1.0,0.1406,65.0,0.553,3.0,0.0598,6.0,0.4137,5.0,,,0.0095,10.0,0.947,2.0,0.3102,4.0,-0.3842,2.0,0.0677,8.0,0.0527,3.0,0.1576,6.0,0.9249,1.0,0.007,1.0,-0.5114,7.0,0.025,14.0,0.424,2.0,0.0007,1.0,0.3496,38.0,-0.326,29.0,0.1081,165.0
2025-12-22,Fiscal Policy-Stimulus Package,0.0272,3.0,-0.8827,3.0,0.4679,11.0,0.1753,13.0,0.3742,11.0,,,0.027,1.0,-0.0649,35.0,-0.1803,10.0,,,-0.1059,7.0,-0.3718,2.0,-0.1699,7.0,0.0343,10.0,0.0358,5.0,0.5405,5.0,,,0.2579,3.0,,,-0.2408,5.0,,,-0.9244,1.0,,,0.1503,1.0,,,-0.2092,9.0,,,-0.0461,1.0,0.5398,11.0,-0.1579,12.0,0.0779,79.0
2025-12-22,Monetary Policy,0.019,2.0,0.0068,1.0,-0.3442,5.0,,,0.213,87.0,,,0.1986,2.0,0.9457,1.0,0.0189,14.0,,,-0.0198,14.0,,,0.1008,1.0,0.0208,47.0,,,,,,,0.6428,1.0,,,-0.4482,2.0,0.0124,3.0,-0.648,4.0,0.0327,2.0,0.0068,1.0,0.0827,2.0,0.947,1.0,0.6607,1.0,,,,,0.2472,10.0,0.3009,72.0
2025-12-22,Monetary Policy-Interest Rates,,,-0.861,1.0,,,,,-0.283,12.0,,,,,,,-0.0191,8.0,-0.8777,1.0,0.8263,1.0,,,-0.029,1.0,-0.0427,12.0,,,,,0.0152,2.0,,,,,,,,,,,,,,,,,,,,,,,,,-0.283,3.0,0.1923,35.0
2025-12-22,Monetary Policy-Quantitative Easing,0.022,1.0,,,0.0071,3.0,,,0.3944,28.0,,,0.0006,1.0,0.0032,8.0,0.1899,17.0,,,0.013,18.0,,,0.479,3.0,-0.0446,48.0,0.0191,1.0,,,,,0.1968,3.0,,,0.0034,1.0,0.0361,1.0,0.6028,4.0,0.0778,4.0,0.0219,12.0,0.0035,1.0,0.001,2.0,,,0.0099,1.0,,,-0.0129,26.0,0.0459,32.0
2025-12-22,Natural Disaster,,,,,,,0.0026,1.0,,,,,,,-0.8696,2.0,,,,,,,,,,,-0.6664,5.0,,,0.0118,6.0,,,,,-0.737,1.0,-0.0038,8.0,,,,,,,,,0.0356,1.0,,,,,,,,,-0.5443,43.0,-0.7067,13.0
2025-12-22,Oil Spills,,,,,,,,,,,,,,,,,,,,,,,,,,,,,,,,,,,,,,,,,-0.8581,1.0,,,,,,,,,,,,,,,,,,,,
2025-12-22,Pandemic,0.4149,6.0,0.1346,31.0,0.1919,12.0,-0.0165,31.0,0.0164,73.0,,,-0.1234,10.0,0.0579,36.0,-0.1969,35.0,0.0036,1.0,-0.1007,86.0,0.0829,17.0,0.0018,20.0,0.4663,78.0,-0.3337,20.0,-0.2437,17.0,0.026,1.0,-0.0374,18.0,-0.2822,10.0,-0.0293,24.0,0.0309,5.0,-0.0704,45.0,0.078,9.0,-0.4175,4.0,0.0425,9.0,0.1113,24.0,0.372,17.0,-0.8711,1.0,-0.2456,30.0,-0.1489,102.0,-0.0175,341.0
2025-12-22,Politics,0.1376,30.0,-0.3937,52.0,0.0618,92.0,0.0838,71.0,-0.0817,183.0,-0.1936,2.0,0.1785,9.0,0.0068,119.0,-0.2045,98.0,-0.1211,7.0,0.0359,282.0,-0.1438,138.0,-0.0404,45.0,0.0055,55.0,-0.1541,61.0,0.142,30.0,-0.188,11.0,-0.0465,28.0,-0.0486,24.0,-0.0441,47.0,-0.2948,12.0,0.0163,236.0,0.1485,15.0,-0.2289,4.0,-0.2372,19.0,-0.0812,92.0,0.2324,14.0,-0.1778,19.0,0.0133,294.0,0.0392,117.0,-0.0511,885.0
2025-12-22,Politics-Election,,,,,0.3089,3.0,0.0226,2.0,0.4419,1.0,,,0.1711,1.0,0.0134,3.0,,,-0.2584,12.0,0.3009,30.0,,,,,,,0.0164,1.0,-0.0003,1.0,,,0.851,1.0,,,,,,,,,,,,,,,-0.3765,14.0,-0.7935,1.0,,,0.0367,26.0,0.0055,5.0,-0.062,27.0
2025-12-22,Politics-Political Tension,0.0017,2.0,0.0099,2.0,0.054,5.0,,,-0.2719,18.0,0.0066,1.0,0.0026,2.0,-0.0304,18.0,-0.0973,5.0,,,-0.0799,52.0,0.0156,35.0,0.006,1.0,0.0009,2.0,-0.0442,6.0,,,,,0.359,3.0,-0.8313,2.0,0.0037,3.0,-0.002,1.0,0.1296,29.0,,,,,,,-0.8997,1.0,0.559,6.0,-0.2727,13.0,-0.0328,106.0,-0.2294,18.0,-0.1237,106.0
2025-12-22,Terrorist Attacks,-0.4139,3.0,-0.0325,248.0,,,-0.3866,8.0,-0.3337,6.0,,,-0.0229,2.0,-0.5176,28.0,-0.3293,17.0,,,-0.2728,25.0,-0.023,2.0,,,-0.2544,10.0,,,-0.5182,9.0,-0.1128,2.0,-0.3528,55.0,-0.8242,6.0,-0.1489,6.0,,,-0.7034,557.0,,,-0.4933,6.0,-0.6241,51.0,-0.8826,1.0,-0.009,81.0,-0.3553,9.0,-0.2713,2.0,-0.1434,25.0,-0.2821,68.0
2025-12-22,Wars,0.1562,1.0,-0.1143,11.0,-0.3777,3.0,0.3173,3.0,0.0708,88.0,0.2595,13.0,-0.0615,13.0,0.342,58.0,0.0537,42.0,,,0.2503,14.0,-0.0611,94.0,-0.0068,5.0,0.1338,27.0,0.1353,5.0,-0.0071,1.0,,,0.2353,5.0,0.1631,25.0,0.2107,4.0,0.2729,12.0,-0.0803,400.0,0.4808,29.0,,,0.3848,1.0,0.045,4.0,0.0984,4.0,-0.3494,16.0,-0.0726,420.0,-0.2431,8.0,0.0599,121.0
2025-12-21,Economic Data,-0.823,1.0,0.0194,8.0,0.4417,9.0,-0.0535,12.0,0.1702,40.0,,,0.176,6.0,-0.0489,7.0,-0.1203,27.0,,,0.6084,19.0,0.3898,5.0,0.0099,3.0,-0.0832,29.0,0.6249,4.0,,,,,,,-0.3561,1.0,0.4406,9.0,0.0457,2.0,0.0387,18.0,0.1917,8.0,-0.0884,4.0,0.8797,1.0,0.1507,6.0,0.947,3.0,,,0.2277,3.0,0.0458,140.0,-0.0576,116.0
2025-12-21,Economic Data-Consumer Spending,,,,,,,0.8857,1.0,-0.7791,1.0,,,,,,,-0.9173,1.0,,,0.1646,1.0,,,,,-0.0003,2.0,,,,,,,,,,,,,,,,,,,,,,,0.0107,1.0,,,,,,,0.0114,1.0,0.0763,2.0
2025-12-21,Economic Data-Employment,,,0.0009,1.0,0.0066,1.0,,,0.3894,4.0,,,,,,,-0.3522,2.0,,,0.2606,5.0,,,0.0308,1.0,-0.2351,4.0,,,,,,,,,-0.8915,1.0,,,,,,,,,0.0137,4.0,,,-0.2859,3.0,,,,,,,0.0078,1.0,-0.0219,18.0
2025-12-21,Economic Data-GDP,0.065,1.0,,,,,,,,,,,,,,,,,,,0.8999,4.0,,,,,,,,,-0.168,2.0,,,,,-0.6852,1.0,0.2859,3.0,,,-0.0273,1.0,,,,,,,,,-0.9148,2.0,,,,,-0.8583,3.0,-0.456,6.0
2025-12-21,Economic Data-Housing,,,,,0.3865,3.0,0.0243,6.0,0.1114,9.0,,,,,-0.0147,1.0,0.001,2.0,,,0.4839,6.0,,,,,0.0065,5.0,0.3317,10.0,0.3565,2.0,,,,,,,0.0173,3.0,,,,,0.5635,7.0,,,0.4795,2.0,0.0029,1.0,,,0.944,2.0,,,0.0735,26.0,0.0221,20.0
2025-12-21,Economic Data-Inflation,,,,,,,,,-0.9217,1.0,,,,,,,,,,,,,,,,,,,,,,,,,,,,,,,,,,,,,,,,,,,,,,,,,,,0.0364,17.0
2025-12-21,Economic Data-Interest Rates,,,0.0046,1.0,-0.0175,1.0,,,,,,,,,,,0.4493,2.0,,,0.1632,3.0,,,-0.3283,1.0,0.0923,26.0,,,,,0.1919,2.0,,,,,-0.5559,1.0,,,0.4277,1.0,,,,,,,,,,,,,,,,,0.0576,65.0
2025-12-21,Economic Data-Manufacturing,,,,,,,,,-0.3184,3.0,,,,,,,,,,,0.5515,3.0,,,,,,,,,,,,,,,,,,,,,,,,,,,,,,,,,,,,,0.0082,11.0,-0.5077,2.0
2025-12-21,Economic Data-Retail Sales,,,,,0.013,1.0,,,-0.0155,3.0,,,,,,,-0.9173,1.0,,,,,,,,,,,,,-0.0362,2.0,,,,,,,,,,,,,,,,,,,0.0107,1.0,,,,,,,0.0691,14.0,0.9498,1.0
2025-12-21,Extreme Weather,0.0999,4.0,,,0.0004,11.0,-0.2288,9.0,0.2378,23.0,-0.8869,1.0,0.1575,13.0,0.0022,9.0,0.1502,6.0,,,-0.4627,55.0,,,-0.9099,1.0,-0.3707,28.0,-0.7474,2.0,-0.0335,6.0,0.0039,2.0,,,-0.3945,7.0,-0.1704,22.0,,,-0.2313,6.0,0.1458,7.0,,,0.0994,1.0,0.133,11.0,0.1011,13.0,,,-0.8943,3.0,-0.04,38.0,-0.2136,159.0
2025-12-21,Extreme Weather-Cold,-0.0058,1.0,,,,,-0.2826,3.0,-0.545,6.0,,,,,,,-0.3012,3.0,,,-0.2945,22.0,,,,,0.4796,2.0,-0.4485,1.0,-0.0157,1.0,,,,,,,-0.0541,2.0,,,0.0155,3.0,-0.0364,9.0,,,,,-0.069,5.0,0.2711,1.0,,,,,-0.2537,9.0,-0.1058,19.0
2025-12-21,Extreme Weather-Drought,,,,,0.0118,1.0,,,,,,,,,-0.0143,2.0,,,,,-0.3774,3.0,,,-0.9162,1.0,,,,,-0.3342,3.0,,,,,,,0.3932,5.0,,,0.945,1.0,,,,,,,0.9146,1.0,,,,,,,0.4143,2.0,-0.1756,6.0
2025-12-21,Extreme Weather-Heat,0.1882,1.0,0.224,3.0,0.1819,6.0,0.0061,1.0,0.4578,1.0,,,,,,,,,,,-0.1722,8.0,,,-0.4212,2.0,,,,,,,,,,,,,0.5285,1.0,,,,,-0.0003,2.0,,,,,0.0013,2.0,0.3778,3.0,,,,,0.0088,5.0,0.3165,3.0
2025-12-21,Fiscal Policy,0.0039,1.0,-0.0683,6.0,0.9072,2.0,-0.0145,4.0,-0.2039,7.0,,,0.5897,1.0,-0.2713,11.0,0.007,7.0,,,0.1101,31.0,0.1109,1.0,0.1409,5.0,0.0995,12.0,-0.1106,1.0,,,,,0.4738,2.0,0.9496,2.0,0.1455,7.0,,,-0.1458,7.0,0.2535,2.0,-0.4037,1.0,-0.8298,2.0,0.1069,1.0,,,,,-0.2087,15.0,-0.2021,17.0,0.1349,48.0
2025-12-21,Fiscal Policy-Stimulus Package,0.0335,5.0,-0.671,1.0,,,,,0.4412,2.0,0.7603,1.0,0.8853,1.0,-0.2123,6.0,0.0107,1.0,,,0.1277,7.0,,,0.7011,1.0,0.0037,1.0,,,0.0007,2.0,-0.9088,1.0,,,0.584,3.0,-0.2667,3.0,-0.0007,2.0,,,,,,,-0.9142,1.0,,,,,-0.0461,2.0,-0.2571,5.0,0.3168,3.0,-0.109,19.0
2025-12-21,Monetary Policy,,,,,,,,,-0.0012,1.0,,,,,,,-0.0202,2.0,,,,,,,0.0022,1.0,0.0697,15.0,,,,,,,,,,,-0.5559,1.0,,,0.32,2.0,,,,,,,,,,,,,,,,,0.2075,33.0
2025-12-21,Monetary Policy-Interest Rates,,,,,,,,,,,,,,,,,0.9222,1.0,,,,,,,,,-0.2267,8.0,,,,,,,,,,,,,,,,,,,,,,,,,,,,,,,,,-0.1634,29.0
2025-12-21,Monetary Policy-Quantitative Easing,,,,,,,,,0.5481,3.0,,,-0.0088,1.0,,,,,,,-0.9094,1.0,,,,,-0.2571,3.0,0.7736,1.0,,,,,,,,,-0.1021,1.0,,,0.8661,1.0,0.0211,3.0,,,,,,,,,,,,,,,-0.1286,14.0
2025-12-21,Natural Disaster,0.4,1.0,,,,,,,,,,,,,,,,,,,-0.3018,1.0,,,,,-0.5153,22.0,,,0.0178,4.0,,,,,-0.4625,2.0,-0.2885,8.0,,,-0.0017,4.0,,,,,0.0994,1.0,,,-0.2585,9.0,,,,,,,-0.62,8.0
2025-12-21,Pandemic,-0.0644,29.0,-0.0509,40.0,0.0021,6.0,-0.2891,5.0,-0.0667,46.0,,,-0.5887,7.0,-0.1987,23.0,-0.2914,34.0,,,-0.1171,65.0,-0.1037,11.0,-0.1893,10.0,0.0096,15.0,-0.0591,9.0,-0.1396,5.0,-0.3079,2.0,-0.2379,7.0,-0.6333,3.0,-0.121,17.0,0.0081,2.0,0.0642,13.0,0.2807,4.0,-0.7301,3.0,-0.217,9.0,0.0333,8.0,0.2422,5.0,-0.214,3.0,0.0661,25.0,-0.1678,50.0,0.0448,143.0
2025-12-21,Politics,-0.0822,42.0,-0.3832,55.0,0.0228,18.0,-0.0567,24.0,0.0608,38.0,0.358,2.0,0.2799,17.0,-0.1992,64.0,-0.1325,63.0,-0.0578,3.0,0.0664,190.0,-0.1664,27.0,-0.1113,25.0,0.0462,30.0,-0.2951,19.0,-0.2748,17.0,-0.3779,12.0,-0.115,9.0,-0.3632,49.0,-0.0839,36.0,-0.0336,10.0,0.0684,151.0,0.0516,9.0,0.0842,4.0,-0.1079,7.0,-0.1226,40.0,-0.6108,3.0,-0.071,10.0,-0.1473,152.0,-0.1507,84.0,-0.0216,380.0
2025-12-21,Politics-Election,-0.1731,1.0,,,-0.1988,1.0,,,,,,,-0.112,1.0,0.0025,1.0,0.0224,1.0,,,0.3665,45.0,,,,,,,,,0.0474,1.0,,,0.66,1.0,,,0.0056,1.0,,,-0.0081,5.0,,,,,,,0.0108,5.0,-0.8758,3.0,,,0.1991,3.0,0.8916,1.0,0.0481,21.0
2025-12-21,Politics-Political Tension,0.0334,3.0,-0.0535,2.0,0.1193,3.0,-0.0004,1.0,-0.2787,7.0,,,0.0191,1.0,0.1854,11.0,-0.276,3.0,,,-0.0386,19.0,-0.2283,13.0,0.0032,3.0,-0.8773,1.0,-0.2293,3.0,,,,,,,-0.1231,1.0,,,,,0.1079,47.0,0.8058,2.0,,,-0.1889,3.0,-0.0056,2.0,-0.2367,2.0,-0.2661,4.0,-0.0091,46.0,-0.0044,10.0,0.0464,64.0
2025-12-21,Terrorist Attacks,-0.5819,2.0,-0.0074,132.0,-0.6569,3.0,-0.6401,4.0,-0.3916,8.0,,,,,-0.6347,25.0,-0.3747,20.0,,,-0.347,12.0,-0.3921,4.0,-0.7554,3.0,-0.2783,1.0,,,-0.7992,3.0,-0.0221,2.0,-0.4897,38.0,-0.5023,11.0,-0.0394,20.0,,,-0.5828,3.0,,,-0.6696,13.0,-0.731,499.0,-0.4398,3.0,-0.1299,55.0,-0.8761,6.0,-0.1429,1.0,-0.2873,28.0,-0.4713,78.0
2025-12-21,Wars,,,0.2248,2.0,-0.0017,1.0,0.0475,4.0,-0.1966,22.0,,,0.0662,5.0,0.3351,92.0,-0.1141,21.0,,,-0.0516,10.0,0.0807,49.0,0.0245,1.0,0.0375,18.0,0.0048,2.0,-0.0285,3.0,-0.1252,1.0,-0.4011,2.0,0.3061,18.0,-0.0469,4.0,0.0564,2.0,-0.1119,172.0,0.334,8.0,,,,,0.1534,3.0,-0.0266,2.0,0.2336,15.0,-0.1274,182.0,-0.1058,6.0,0.0382,112.0
2025-12-20,Economic Data,0.0114,4.0,0.0037,1.0,0.4497,45.0,-0.1441,3.0,0.1828,47.0,,,0.4796,4.0,-0.5194,8.0,-0.0977,14.0,,,0.1131,32.0,0.9458,1.0,0.4672,3.0,-0.0695,14.0,0.4139,4.0,-0.3337,3.0,,,,,,,0.3208,12.0,,,-0.499,22.0,0.1787,3.0,,,0.3463,2.0,0.2015,12.0,0.3483,2.0,,,-0.4784,2.0,0.0294,120.0,0.0871,128.0
2025-12-20,Economic Data-Consumer Spending,,,,,,,-0.0028,3.0,0.1829,3.0,,,,,-0.9065,1.0,,,,,,,,,,,,,,,,,,,,,,,,,,,,,,,,,,,,,,,,,,,0.4057,4.0,0.018,3.0
2025-12-20,Economic Data-Employment,-0.533,1.0,0.0106,1.0,,,-0.8653,3.0,0.0074,4.0,,,0.6599,1.0,,,-0.0008,2.0,,,0.4592,9.0,,,,,0.9341,1.0,0.9005,1.0,0.0177,1.0,,,,,,,0.4666,2.0,,,,,,,0.3269,1.0,,,,,0.9468,1.0,,,,,-0.2538,6.0,0.0172,33.0
2025-12-20,Economic Data-GDP,,,,,,,,,,,,,,,0.9428,1.0,0.0043,2.0,,,,,,,,,0.9303,1.0,,,,,,,-0.6373,1.0,,,,,,,0.0169,1.0,,,,,,,0.3561,1.0,,,,,,,,,-0.1314,2.0
2025-12-20,Economic Data-Housing,0.0023,1.0,,,,,-0.2504,5.0,-0.0518,9.0,,,,,-0.0324,1.0,,,,,0.2167,7.0,,,0.0547,4.0,0.0017,1.0,0.2258,8.0,-0.3709,2.0,,,,,,,,,,,,,0.9323,1.0,0.5621,1.0,,,0.0185,5.0,-0.8652,1.0,,,0.0006,1.0,0.1233,19.0,0.2477,25.0
2025-12-20,Economic Data-Inflation,,,,,,,,,0.0027,2.0,,,,,,,,,,,,,,,,,,,,,0.0125,1.0,,,,,,,0.9339,1.0,,,,,,,,,,,,,,,,,,,-0.0033,2.0,-0.181,22.0
2025-12-20,Economic Data-Interest Rates,0.9316,1.0,0.8288,1.0,-0.0029,1.0,,,0.2422,5.0,,,,,0.7926,1.0,0.1823,9.0,,,-0.0356,2.0,0.014,1.0,,,0.1095,43.0,,,,,,,,,,,,,,,-0.1455,4.0,,,,,,,,,,,,,0.5108,2.0,-0.4331,4.0,0.3384,14.0
2025-12-20,Economic Data-Manufacturing,,,,,0.1281,1.0,,,0.4573,2.0,,,,,,,,,,,0.9051,4.0,,,,,,,,,,,,,,,,,,,,,,,,,,,,,,,0.0539,1.0,,,,,0.0245,11.0,0.9331,6.0
2025-12-20,Economic Data-Retail Sales,,,,,,,0.5962,1.0,0.0096,1.0,,,,,,,,,,,,,,,,,,,-0.9088,1.0,,,,,,,,,-0.9086,1.0,,,-0.754,1.0,,,,,,,,,,,,,,,0.0103,20.0,-0.1364,3.0
2025-12-20,Extreme Weather,0.0209,8.0,-0.1796,1.0,-0.1946,15.0,-0.3388,6.0,0.1095,17.0,,,0.3827,2.0,-0.1563,3.0,-0.0599,9.0,,,-0.3369,53.0,,,-0.363,5.0,-0.1005,16.0,-0.2544,3.0,-0.092,16.0,,,,,,,-0.1328,22.0,,,0.0069,3.0,-0.1056,5.0,,,0.0259,4.0,-0.0365,26.0,-0.0558,1.0,0.9311,1.0,-0.003,2.0,-0.0902,19.0,-0.1032,91.0
2025-12-20,Extreme Weather-Cold,,,,,,,-0.8128,1.0,0.1758,5.0,,,,,-0.0076,1.0,-0.2698,8.0,,,-0.5664,26.0,,,,,0.0339,1.0,,,-0.0144,2.0,,,,,,,-0.0751,5.0,,,0.0042,3.0,,,,,,,0.0194,4.0,,,,,-0.0077,1.0,0.0678,4.0,-0.0479,28.0
2025-12-20,Extreme Weather-Drought,0.0048,1.0,0.0323,1.0,,,,,-0.0056,1.0,,,0.8036,1.0,,,,,,,0.3563,3.0,-0.4333,1.0,0.0036,1.0,0.86,2.0,,,0.0114,1.0,,,,,,,-0.0467,6.0,,,,,0.9128,1.0,,,-0.6105,4.0,,,,,,,,,0.2619,3.0,-0.0811,10.0
2025-12-20,Extreme Weather-Heat,,,0.0019,1.0,-0.0113,3.0,,,,,,,,,,,0.0078,2.0,,,0.3038,2.0,,,-0.0001,1.0,0.0121,1.0,,,,,,,,,,,-0.3367,1.0,,,0.9308,1.0,,,,,,,0.0008,4.0,,,-0.0017,1.0,,,,,0.1994,3.0
2025-12-20,Fiscal Policy,-0.189,4.0,-0.0898,4.0,0.2823,28.0,0.0056,1.0,0.1321,10.0,,,,,-0.4927,6.0,-0.4865,3.0,0.0051,1.0,-0.0131,54.0,,,0.0418,6.0,,,0.195,2.0,0.0747,6.0,-0.8827,1.0,0.0173,2.0,0.0872,4.0,0.0356,5.0,0.2481,4.0,-0.6923,13.0,0.0302,1.0,0.9396,1.0,0.0139,1.0,0.0065,1.0,-0.0184,1.0,,,0.0249,38.0,-0.0657,13.0,-0.0087,97.0
2025-12-20,Fiscal Policy-Stimulus Package,0.5624,2.0,0.0103,1.0,,,-0.1347,4.0,0.9384,2.0,,,,,-0.1711,9.0,-0.0844,4.0,,,0.2829,5.0,,,-0.0058,1.0,-0.1928,6.0,,,,,,,0.0052,1.0,-0.0696,1.0,0.0493,1.0,,,-0.301,4.0,0.8817,1.0,0.0075,3.0,,,0.0372,1.0,,,,,0.1818,18.0,-0.1061,9.0,-0.0211,38.0
2025-12-20,Monetary Policy,0.9316,1.0,,,,,,,0.9367,1.0,,,,,-0.0413,2.0,-0.0198,7.0,,,-0.0731,1.0,0.014,1.0,0.0035,1.0,0.2646,32.0,-0.002,1.0,,,,,,,,,,,,,-0.0392,3.0,,,,,,,,,,,,,0.2481,5.0,-0.1952,4.0,0.006,3.0
2025-12-20,Monetary Policy-Interest Rates,,,,,-0.0029,1.0,,,0.0084,3.0,,,,,,,-0.1083,2.0,,,,,,,,,-0.2547,11.0,,,,,,,,,,,,,,,-0.6749,2.0,,,,,,,,,,,,,,,,,0.027,6.0
2025-12-20,Monetary Policy-Quantitative Easing,,,,,,,,,-0.0672,4.0,,,,,-0.9106,1.0,-0.1554,2.0,,,,,,,0.0193,1.0,0.7278,3.0,,,,,,,,,,,,,,,-0.1552,4.0,,,,,,,,,,,,,0.0098,1.0,0.0136,2.0,0.2125,16.0
2025-12-20,Natural Disaster,,,,,-0.377,3.0,,,,,,,,,,,,,,,,,,,,,-0.2078,8.0,-0.8785,1.0,-0.0029,9.0,,,,,,,-0.0143,1.0,,,,,,,,,,,0.0856,3.0,,,,,,,-0.4487,3.0,-0.4916,4.0
2025-12-20,Oil Spills,,,,,,,,,,,,,,,,,,,,,,,,,,,,,,,0.003,1.0,,,,,,,,,,,-0.8754,1.0,,,,,,,,,,,,,,,,,,
2025-12-20,Pandemic,-0.0107,7.0,-0.1692,25.0,-0.1228,25.0,-0.2369,13.0,0.2314,18.0,0.4592,4.0,0.062,3.0,-0.1668,29.0,0.043,22.0,,,-0.0522,64.0,,,0.0494,7.0,-0.3725,20.0,-0.9176,1.0,0.1421,13.0,,,0.2494,2.0,-0.1321,17.0,-0.2482,23.0,-0.14,6.0,-0.12,8.0,0.0813,4.0,0.0435,1.0,0.281,3.0,-0.1745,10.0,0.0898,4.0,-0.4408,2.0,-0.6348,21.0,-0.0352,41.0,0.1171,183.0
2025-12-20,Politics,-0.0683,22.0,0.047,24.0,0.0939,154.0,-0.0872,26.0,-0.0025,59.0,-0.3642,2.0,0.0138,20.0,-0.2173,65.0,-0.1227,37.0,-0.0106,4.0,-0.0623,269.0,-0.2152,30.0,0.0373,24.0,-0.0089,17.0,0.0389,18.0,-0.0087,26.0,-0.4921,2.0,-0.1007,12.0,-0.5303,155.0,0.0015,27.0,0.3193,13.0,-0.1596,181.0,0.2028,10.0,0.2968,5.0,-0.0563,3.0,-0.0347,29.0,0.0525,7.0,-0.1383,2.0,-0.1261,217.0,-0.0901,71.0,-0.0449,596.0
2025-12-20,Politics-Election,0.9414,1.0,,,-0.1684,2.0,-0.0035,1.0,0.0107,1.0,,,,,0.0036,1.0,,,,,0.1364,12.0,,,,,,,-0.0083,1.0,,,,,0.4686,2.0,,,-0.0001,1.0,,,-0.0392,1.0,,,,,,,-0.0394,3.0,,,,,-0.1322,14.0,-0.0133,1.0,0.0209,35.0
2025-12-20,Politics-Political Tension,0.2677,4.0,0.0,2.0,0.0979,16.0,0.8808,1.0,-0.1217,14.0,-0.0035,1.0,,,-0.1548,18.0,-0.0997,8.0,,,-0.1285,47.0,-0.0679,9.0,-0.5624,4.0,0.0685,5.0,,,-0.0518,2.0,,,-0.3027,1.0,,,,,-0.0105,2.0,-0.2102,48.0,,,,,-0.2974,3.0,,,-0.1258,1.0,,,0.0806,35.0,-0.0835,2.0,0.0248,66.0
2025-12-20,Terrorist Attacks,,,-0.044,32.0,-0.6426,1.0,-0.4675,25.0,-0.1397,19.0,-0.0342,4.0,,,-0.6291,40.0,-0.132,27.0,,,-0.4651,19.0,,,-0.5756,10.0,-0.0921,1.0,,,-0.3157,13.0,,,-0.7253,1.0,-0.5801,7.0,0.002,19.0,-0.6688,2.0,-0.4828,8.0,-0.0273,1.0,-0.5249,4.0,,,-0.7165,1.0,-0.5127,269.0,,,-0.7806,4.0,-0.3067,47.0,-0.3453,104.0
2025-12-20,Wars,0.0015,1.0,0.3261,6.0,0.9323,1.0,,,-0.0994,19.0,0.2197,3.0,0.1199,15.0,-0.3451,6.0,-0.0226,14.0,,,-0.1386,11.0,-0.2022,42.0,-0.2742,3.0,-0.1522,25.0,-0.0774,4.0,0.5942,5.0,,,0.0155,1.0,0.0245,3.0,0.1409,5.0,0.0419,6.0,-0.1608,204.0,-0.2849,3.0,-0.2305,1.0,-0.1865,1.0,-0.0187,4.0,0.1614,4.0,-0.2206,15.0,-0.1585,257.0,0.1371,12.0,0.0349,126.0
2025-12-19,Economic Data,0.0273,5.0,0.5271,14.0,-0.0214,38.0,0.1079,31.0,-0.0354,172.0,0.0967,2.0,0.0255,2.0,-0.2046,27.0,-0.0114,123.0,0.9364,2.0,0.0886,52.0,,,0.1128,28.0,0.1975,137.0,0.1588,18.0,-0.0522,12.0,0.8484,28.0,0.1831,4.0,-0.9209,1.0,0.3018,22.0,0.408,3.0,0.1466,48.0,0.1751,4.0,0.3579,3.0,0.5229,7.0,0.3112,22.0,0.4407,12.0,-0.4424,9.0,-0.0026,4.0,0.0303,138.0,0.0106,520.0
2025-12-19,Economic Data-Consumer Spending,0.7766,1.0,0.5811,5.0,,,0.9237,1.0,-0.8375,1.0,,,,,,,-0.606,5.0,,,0.0184,1.0,,,-0.3778,1.0,,,,,0.4719,2.0,0.5095,2.0,,,,,0.4723,3.0,,,,,,,,,,,0.9396,4.0,,,,,,,0.2276,12.0,-0.205,17.0
2025-12-19,Economic Data-Employment,-0.0193,2.0,,,0.4077,2.0,-0.157,10.0,0.1841,11.0,,,0.7493,2.0,,,-0.3263,13.0,,,0.5443,13.0,,,0.1674,3.0,,,-0.4451,3.0,,,,,,,,,0.0808,12.0,0.0495,2.0,0.0134,1.0,,,,,0.6762,1.0,-0.5035,4.0,,,,,,,-0.0894,18.0,-0.0786,42.0
2025-12-19,Economic Data-GDP,-0.4405,2.0,,,-0.31,3.0,0.8822,2.0,0.0039,5.0,,,,,0.546,23.0,-0.0812,36.0,,,0.6989,1.0,0.9462,1.0,0.3802,7.0,0.4846,5.0,,,,,,,,,,,0.9353,3.0,,,-0.1388,10.0,,,,,,,0.938,1.0,0.9456,1.0,,,,,-0.9171,1.0,0.1609,7.0
2025-12-19,Economic Data-Housing,0.4762,1.0,0.0292,3.0,0.9411,1.0,0.023,36.0,-0.0523,20.0,,,0.0208,1.0,0.0645,3.0,-0.2664,5.0,,,0.0741,8.0,0.9474,1.0,0.9429,2.0,0.2873,8.0,-0.1586,4.0,0.1387,3.0,0.4118,4.0,,,,,0.0359,4.0,,,0.1086,3.0,-0.1803,5.0,,,0.4721,2.0,0.0655,7.0,,,,,,,0.0832,42.0,0.0607,137.0
2025-12-19,Economic Data-Inflation,-0.0026,1.0,0.5191,1.0,,,,,-0.3817,3.0,,,,,0.5534,4.0,-0.27,8.0,,,,,,,,,0.1633,24.0,0.9228,1.0,0.287,1.0,,,,,,,,,0.0054,1.0,-0.8724,2.0,,,,,,,0.0001,1.0,,,,,,,,,0.0132,93.0
2025-12-19,Economic Data-Interest Rates,0.9114,1.0,0.3873,13.0,0.1981,3.0,0.1037,3.0,0.469,7.0,-0.0397,1.0,0.9494,1.0,0.543,13.0,0.0624,52.0,,,0.0026,13.0,,,-0.2805,1.0,0.3572,525.0,0.0795,2.0,-0.0167,2.0,,,0.3299,3.0,0.2529,11.0,0.0349,5.0,,,-0.3733,63.0,,,,,,,0.6811,8.0,0.9052,2.0,,,0.3395,25.0,-0.0747,50.0,0.1366,114.0
2025-12-19,Economic Data-Manufacturing,,,-0.0819,1.0,,,0.9051,3.0,0.2331,10.0,,,,,,,0.4006,2.0,,,0.6865,19.0,0.0831,1.0,-0.5665,5.0,0.0133,1.0,,,,,,,,,,,0.0621,1.0,,,,,,,0.8346,2.0,,,,,-0.896,2.0,,,,,0.0284,8.0,0.6747,13.0
2025-12-19,Economic Data-Retail Sales,,,,,,,0.3613,30.0,0.4689,18.0,,,,,,,-0.7098,22.0,,,,,,,0.8089,4.0,0.9329,1.0,,,0.0095,1.0,0.9206,4.0,,,,,-0.0115,2.0,,,,,,,,,,,,,0.0057,1.0,0.0183,1.0,,,-0.1026,71.0,0.1997,40.0
2025-12-19,Extreme Weather,-0.0025,2.0,0.0506,9.0,0.1891,11.0,0.0203,17.0,0.1518,33.0,0.1236,5.0,0.5267,3.0,-0.0479,7.0,-0.1528,14.0,0.1041,1.0,-0.5294,61.0,-0.1335,1.0,-0.4208,2.0,-0.3663,35.0,0.0218,1.0,-0.122,10.0,,,,,,,0.1295,18.0,,,-0.171,7.0,0.0073,9.0,0.3329,3.0,0.1547,6.0,-0.0791,23.0,-0.2302,7.0,0.019,2.0,-0.1654,5.0,-0.1882,54.0,-0.1848,151.0
2025-12-19,Extreme Weather-Cold,0.0013,1.0,,,,,-0.4637,7.0,0.1803,11.0,,,,,-0.0025,1.0,0.0162,2.0,,,-0.3351,15.0,,,,,,,0.0032,1.0,-0.0464,2.0,,,,,,,-0.0072,6.0,,,0.0441,3.0,-0.2041,13.0,,,,,-0.0122,1.0,,,,,,,-0.2166,7.0,-0.1839,27.0
2025-12-19,Extreme Weather-Drought,0.0015,1.0,0.9415,1.0,,,,,0.1104,1.0,,,,,0.0631,1.0,,,,,-0.4678,9.0,,,0.3711,1.0,,,,,0.0045,1.0,0.6332,1.0,,,-0.2109,1.0,0.0194,3.0,,,,,,,,,-0.0405,9.0,-0.0014,2.0,,,,,,,-0.2089,4.0,-0.0389,13.0
2025-12-19,Extreme Weather-Heat,,,-0.2242,2.0,,,,,0.6007,2.0,,,,,,,,,,,-0.16,2.0,,,0.0026,2.0,-0.859,2.0,,,0.0042,1.0,,,,,,,,,,,0.0003,4.0,,,,,0.0011,1.0,-0.0002,3.0,,,0.0041,1.0,-0.0007,1.0,0.0067,1.0,0.1621,7.0
2025-12-19,Fiscal Policy,0.0004,14.0,0.1637,7.0,0.002,20.0,0.2523,24.0,0.1716,26.0,,,0.0022,2.0,-0.1355,105.0,-0.0816,37.0,-0.0015,1.0,0.0712,46.0,,,0.1028,13.0,0.5233,22.0,0.0075,1.0,0.1826,12.0,0.9447,1.0,0.0581,4.0,0.2764,4.0,0.3648,27.0,0.2933,7.0,-0.1161,38.0,0.2544,1.0,-0.7836,1.0,0.0179,1.0,-0.1062,4.0,0.9121,1.0,0.1133,5.0,0.2296,403.0,0.1253,34.0,0.0197,164.0
2025-12-19,Fiscal Policy-Stimulus Package,-0.2142,4.0,,,0.1069,3.0,0.104,11.0,0.0974,6.0,,,0.0053,1.0,-0.405,42.0,0.0194,17.0,,,0.3846,21.0,,,0.0001,4.0,0.5267,7.0,0.005,1.0,-0.0624,5.0,,,-0.2353,16.0,0.9093,1.0,0.067,13.0,0.007,1.0,0.5513,7.0,,,-0.8879,1.0,,,-0.4037,2.0,0.0034,1.0,,,0.2757,106.0,-0.2332,21.0,0.0557,102.0
2025-12-19,Monetary Policy,0.9114,1.0,0.5675,9.0,-0.0752,3.0,0.1037,3.0,0.0406,9.0,-0.0397,1.0,0.9494,1.0,0.6251,4.0,-0.104,47.0,,,0.0478,16.0,,,0.0037,9.0,0.3811,409.0,0.0344,4.0,-0.0167,2.0,,,0.4921,2.0,0.3376,10.0,0.0121,3.0,,,-0.5287,52.0,,,,,0.1145,1.0,0.835,13.0,0.9052,2.0,-0.0177,5.0,0.2511,34.0,-0.1241,48.0,0.0597,72.0
2025-12-19,Monetary Policy-Interest Rates,,,-0.7039,1.0,0.0589,1.0,,,0.9058,1.0,,,,,,,0.0207,20.0,,,-0.4821,1.0,,,,,0.2401,132.0,,,,,,,,,,,-0.8304,1.0,,,-0.2871,21.0,,,,,,,0.0924,1.0,,,,,,,-0.4715,9.0,-0.0989,23.0
2025-12-19,Monetary Policy-Quantitative Easing,,,,,0.1373,10.0,0.0226,1.0,0.0054,52.0,,,,,-0.536,8.0,0.2249,43.0,,,0.5201,27.0,,,0.1977,6.0,0.051,57.0,0.1038,20.0,,,,,,,0.005,4.0,-0.0084,1.0,,,0.0776,12.0,-0.0063,1.0,0.0121,2.0,0.92,2.0,0.0027,1.0,-0.0089,2.0,,,0.0581,6.0,-0.0304,21.0,0.0619,71.0
2025-12-19,Natural Disaster,,,,,,,-0.2405,2.0,-0.6775,1.0,,,,,,,,,,,,,,,-0.0611,1.0,-0.6864,22.0,,,0.0769,4.0,,,,,,,-0.0007,4.0,,,,,,,,,,,0.0908,1.0,-0.9095,2.0,,,,,-0.434,22.0,-0.4056,14.0
2025-12-19,Oil Spills,,,,,-0.8395,1.0,,,,,,,-0.804,1.0,,,0.0017,1.0,,,,,,,,,,,,,,,,,,,,,,,,,0.1583,2.0,,,,,,,,,,,,,,,,,-0.9195,1.0
2025-12-19,Pandemic,0.0527,6.0,0.1656,17.0,0.2505,19.0,0.0659,44.0,0.1323,60.0,0.0,1.0,0.5487,3.0,-0.0852,74.0,0.0021,32.0,,,0.112,89.0,,,0.1141,16.0,0.0998,24.0,-0.2113,14.0,0.0466,21.0,0.5942,26.0,0.2434,10.0,0.0411,14.0,-0.1061,32.0,0.0026,6.0,0.0673,19.0,0.1792,2.0,-0.2507,6.0,-0.5747,14.0,-0.0953,21.0,0.2932,5.0,-0.3008,4.0,-0.2852,20.0,-0.1608,87.0,0.0596,477.0
2025-12-19,Politics,-0.2041,28.0,-0.023,43.0,-0.0608,135.0,0.0725,87.0,0.0805,128.0,0.0022,1.0,-0.079,18.0,-0.1425,354.0,-0.0654,147.0,0.0058,7.0,-0.0034,248.0,-0.0562,59.0,-0.1224,47.0,-0.1011,59.0,-0.2038,42.0,0.0996,36.0,0.3318,11.0,-0.0466,47.0,0.0958,24.0,0.1433,69.0,0.0525,38.0,0.0065,666.0,-0.1214,12.0,-0.3687,7.0,-0.3637,8.0,-0.1282,62.0,-0.3234,33.0,-0.077,6.0,0.1603,679.0,-0.0928,204.0,-0.0032,1236.0
2025-12-19,Politics-Election,,,,,-0.2606,6.0,0.0021,1.0,,,,,-0.3559,2.0,0.0847,1.0,-0.0025,1.0,,,-0.0385,35.0,,,,,,,0.476,2.0,0.0111,1.0,,,0.013,4.0,,,0.005,4.0,,,0.1783,2.0,,,,,,,0.0055,4.0,,,,,-0.2358,9.0,-0.1252,5.0,-0.0029,58.0
2025-12-19,Politics-Political Tension,0.0366,1.0,0.2917,3.0,-0.12,22.0,-0.2319,4.0,0.1909,8.0,,,,,-0.4137,54.0,-0.0824,14.0,,,-0.1491,42.0,0.0049,2.0,0.1989,13.0,-0.4089,8.0,-0.2556,3.0,-0.1088,1.0,-0.0307,5.0,-0.4334,1.0,0.0023,3.0,0.0725,4.0,-0.1682,15.0,0.0292,150.0,,,-0.8931,1.0,0.0216,3.0,0.0282,2.0,-0.1839,7.0,,,-0.1183,149.0,0.0707,15.0,-0.0288,92.0
2025-12-19,Terrorist Attacks,-0.2174,4.0,-0.1484,96.0,-0.6406,1.0,-0.2241,24.0,-0.4005,28.0,-0.1078,10.0,,,-0.3241,7.0,-0.1172,12.0,,,-0.4307,24.0,-0.8487,1.0,-0.1711,5.0,-0.0859,4.0,,,-0.5715,5.0,,,-0.4493,4.0,-0.6688,32.0,-0.2818,18.0,-0.864,2.0,,,,,-0.1096,1.0,-0.0093,1.0,,,-0.7198,326.0,-0.1879,2.0,-0.6681,2.0,-0.3141,33.0,-0.4139,317.0
2025-12-19,Wars,-0.0208,1.0,0.185,42.0,-0.006,3.0,0.0573,1.0,-0.0011,31.0,0.4356,10.0,-0.0131,7.0,-0.1992,20.0,0.2404,50.0,,,0.0734,23.0,-0.1199,57.0,-0.0537,7.0,-0.0293,95.0,0.1034,9.0,0.1915,2.0,,,0.3715,4.0,-0.0262,17.0,0.0728,7.0,0.1317,34.0,-0.039,410.0,0.1681,9.0,,,-0.0052,1.0,-0.0414,10.0,0.0103,8.0,-0.1078,9.0,-0.0579,218.0,0.009,12.0,-0.0245,114.0
2025-12-18,Economic Data,0.232,25.0,0.4735,28.0,0.054,26.0,0.0045,68.0,0.0642,226.0,0.8984,1.0,0.0476,7.0,0.0879,53.0,0.0117,64.0,0.9027,1.0,0.1731,47.0,0.1261,5.0,0.114,23.0,0.0703,65.0,0.2806,20.0,0.0602,15.0,0.2535,10.0,0.0152,6.0,0.2142,7.0,0.2894,38.0,0.0804,104.0,0.162,13.0,0.3926,15.0,0.1128,6.0,0.3961,11.0,0.2404,24.0,0.3155,14.0,-0.0191,38.0,0.0315,8.0,-0.0315,127.0,0.037,683.0
2025-12-18,Economic Data-Consumer Spending,0.943,1.0,0.9274,3.0,,,-0.3736,2.0,,,,,,,0.9459,1.0,,,,,,,,,,,,,0.0258,1.0,,,0.9445,1.0,,,,,-0.9122,1.0,0.038,1.0,,,,,,,,,,,,,,,,,-0.559,9.0,0.3198,3.0
2025-12-18,Economic Data-Employment,-0.2127,5.0,,,,,0.1569,6.0,-0.4702,28.0,,,,,0.0028,1.0,,,,,0.4787,11.0,,,-0.0025,1.0,0.8747,1.0,-0.0758,1.0,0.0042,2.0,,,-0.1887,1.0,,,0.0179,1.0,0.1325,3.0,0.0146,1.0,,,,,,,0.2876,3.0,0.8759,1.0,0.0073,1.0,,,0.0642,3.0,-0.2375,137.0
2025-12-18,Economic Data-GDP,0.9099,1.0,0.7903,4.0,0.2086,2.0,,,0.3074,9.0,,,0.0689,1.0,0.5897,5.0,0.079,21.0,,,,,,,-0.7068,1.0,0.9457,1.0,,,0.0512,2.0,0.8331,21.0,,,0.9294,1.0,-0.4624,4.0,-0.9144,2.0,-0.0818,3.0,,,,,0.0868,2.0,,,0.9426,1.0,,,,,-0.0008,1.0,0.1192,16.0
2025-12-18,Economic Data-Housing,0.0034,1.0,0.2673,7.0,0.045,3.0,0.036,11.0,-0.0778,29.0,,,,,-0.1215,5.0,0.4757,4.0,,,-0.053,10.0,,,0.0458,1.0,0.244,11.0,0.015,1.0,,,0.9375,1.0,,,0.0477,1.0,-0.4145,3.0,0.1342,14.0,-0.1993,8.0,0.3535,5.0,0.0079,2.0,0.0057,1.0,0.3539,7.0,-0.8826,1.0,0.0079,1.0,,,-0.1072,25.0,0.0215,200.0
2025-12-18,Economic Data-Inflation,,,,,,,,,-0.8804,3.0,,,,,,,,,,,,,,,,,0.1475,8.0,0.9134,1.0,0.0569,10.0,,,,,,,0.9156,1.0,-0.4581,2.0,,,,,,,0.7644,7.0,,,,,,,,,-0.7158,6.0,0.0487,357.0
2025-12-18,Economic Data-Interest Rates,0.948,1.0,-0.2546,9.0,0.1154,9.0,0.4908,6.0,-0.1775,12.0,0.5265,7.0,0.9063,2.0,0.0054,5.0,0.1688,303.0,-0.2719,2.0,0.2813,20.0,-0.2441,2.0,0.0071,2.0,0.146,62.0,,,-0.2878,13.0,-0.221,4.0,-0.3934,2.0,,,-0.1902,37.0,-0.9075,1.0,-0.0076,1.0,,,-0.0702,2.0,0.0095,3.0,0.0029,2.0,0.5369,21.0,,,0.015,1.0,-0.0185,318.0,0.2089,195.0
2025-12-18,Economic Data-Manufacturing,,,0.4702,2.0,0.474,2.0,,,0.5757,6.0,,,,,0.4735,8.0,-0.1352,1.0,,,0.417,11.0,,,,,,,,,,,,,,,,,,,-0.0003,12.0,,,0.4851,3.0,,,0.9467,1.0,0.5305,1.0,0.9447,1.0,0.0064,4.0,,,-0.0784,8.0,0.1992,32.0
2025-12-18,Economic Data-Retail Sales,-0.9223,1.0,,,0.0048,1.0,,,0.0799,10.0,,,0.0061,1.0,0.9419,1.0,,,,,0.7531,2.0,,,0.9389,1.0,0.003,1.0,,,0.264,8.0,0.9427,3.0,,,,,0.6071,6.0,0.2734,3.0,,,,,,,,,,,,,,,,,-0.2914,9.0,-0.1856,8.0
2025-12-18,Extreme Weather,-0.0029,3.0,-0.0932,7.0,-0.1475,16.0,-0.4635,19.0,0.2154,41.0,-0.0028,1.0,0.3237,4.0,0.1746,8.0,-0.2044,12.0,0.1931,13.0,-0.3456,94.0,0.0014,1.0,-0.0049,3.0,0.2034,5.0,0.6004,3.0,-0.0392,21.0,,,-0.0067,1.0,0.0674,1.0,0.0301,21.0,0.0436,9.0,0.0875,8.0,-0.0087,26.0,0.9429,2.0,0.1104,11.0,-0.0354,30.0,-0.3166,23.0,0.007,11.0,0.0066,3.0,-0.1519,30.0,-0.1093,182.0
2025-12-18,Extreme Weather-Cold,,,,,,,-0.4058,7.0,0.058,7.0,,,,,-0.7868,1.0,0.0097,4.0,,,-0.5953,9.0,,,,,,,,,0.0013,3.0,,,,,,,-0.1804,5.0,,,0.2142,2.0,-0.2866,9.0,,,,,0.3373,2.0,0.0203,1.0,,,-0.9143,8.0,0.0082,3.0,-0.3987,27.0
2025-12-18,Extreme Weather-Drought,-0.4181,2.0,,,0.312,1.0,0.0032,2.0,0.0493,4.0,,,,,,,,,,,-0.1765,5.0,,,0.9411,2.0,,,,,-0.0259,2.0,,,,,-0.0008,1.0,-0.3957,2.0,0.4062,2.0,,,-0.0029,2.0,,,0.4651,5.0,0.9415,1.0,0.2412,2.0,,,,,-0.9004,1.0,0.2177,6.0
2025-12-18,Extreme Weather-Heat,,,-0.0022,1.0,,,-0.3582,5.0,0.4555,4.0,,,0.0026,1.0,0.0884,2.0,,,,,-0.3372,5.0,,,0.0118,3.0,0.0118,1.0,,,0.2978,3.0,,,,,,,-0.8928,1.0,,,,,-0.0012,1.0,,,,,0.0584,14.0,,,0.0066,3.0,0.5216,1.0,-0.0076,12.0,0.2441,11.0
2025-12-18,Fiscal Policy,0.0518,27.0,-0.0861,9.0,0.1534,109.0,-0.042,24.0,0.2212,27.0,,,0.0052,3.0,-0.0944,55.0,0.2992,32.0,-0.1395,1.0,0.302,49.0,,,-0.0935,51.0,0.1939,15.0,0.0833,6.0,0.2709,4.0,0.012,2.0,-0.2051,10.0,-0.2873,5.0,0.1512,14.0,-0.1056,15.0,-0.0443,9.0,0.3849,8.0,,,0.0884,2.0,-0.0318,13.0,0.931,2.0,-0.0214,1.0,0.1158,169.0,-0.0934,26.0,0.0323,329.0
2025-12-18,Fiscal Policy-Stimulus Package,-0.0781,8.0,-0.1046,7.0,0.9116,1.0,0.3775,9.0,0.5664,6.0,,,,,0.0642,7.0,0.2945,22.0,,,0.3814,11.0,,,-0.1522,6.0,0.554,13.0,,,-0.0936,6.0,,,-0.1297,11.0,-0.9121,1.0,0.0041,10.0,-0.8967,1.0,,,,,,,,,0.0174,2.0,-0.0445,1.0,,,-0.1297,48.0,-0.0749,14.0,0.1567,122.0
2025-12-18,Monetary Policy,0.9133,2.0,-0.287,3.0,-0.0214,10.0,0.0679,8.0,0.1364,10.0,0.6344,5.0,0.9494,1.0,,,0.171,264.0,,,0.2076,9.0,,,0.0071,2.0,0.1352,41.0,,,-0.2285,9.0,0.0071,3.0,-0.3934,2.0,,,-0.183,23.0,-0.294,3.0,-0.0014,2.0,,,,,0.8499,1.0,0.0057,1.0,0.4449,19.0,,,0.6548,4.0,-0.0983,216.0,0.2258,116.0
2025-12-18,Monetary Policy-Interest Rates,,,,,-0.3444,2.0,,,0.4582,2.0,0.6045,3.0,,,,,0.192,85.0,,,0.9302,1.0,,,,,0.2411,22.0,,,0.1254,4.0,,,,,,,-0.2839,12.0,,,,,,,,,-0.8209,1.0,,,0.2219,3.0,,,,,-0.2679,110.0,0.1517,46.0
2025-12-18,Monetary Policy-Quantitative Easing,-0.9046,1.0,,,-0.2177,7.0,0.1132,2.0,0.0821,21.0,,,,,,,0.0406,69.0,-0.0855,2.0,0.2052,18.0,,,0.0048,1.0,0.4139,14.0,-0.0258,4.0,-0.0038,1.0,,,0.0054,1.0,,,-0.0939,2.0,,,-0.2266,21.0,0.0041,1.0,,,0.4689,6.0,0.0028,1.0,-0.1278,7.0,,,-0.0164,4.0,-0.074,33.0,0.129,75.0
2025-12-18,Natural Disaster,,,-0.3157,1.0,-0.4359,2.0,,,,,,,,,,,-0.8908,1.0,,,-0.8816,4.0,,,,,0.0052,1.0,,,0.186,11.0,,,-0.0067,1.0,,,0.0019,6.0,,,0.0001,1.0,,,,,,,0.1008,1.0,-0.4067,20.0,,,,,-0.875,2.0,-0.4922,9.0
2025-12-18,Oil Spills,,,,,-0.9005,1.0,,,,,,,,,,,,,,,,,,,,,,,,,,,,,,,,,,,,,,,,,,,,,,,,,0.0043,1.0,,,-0.9132,1.0,-0.9238,1.0
2025-12-18,Pandemic,-0.011,19.0,0.0648,43.0,0.0059,20.0,0.1326,31.0,0.29,75.0,,,-0.0065,1.0,-0.1757,106.0,-0.1967,44.0,-0.4352,2.0,0.0617,88.0,0.0042,3.0,-0.1546,26.0,-0.0822,17.0,0.0539,9.0,0.0016,20.0,,,0.1383,15.0,-0.0614,8.0,-0.0218,38.0,-0.1232,21.0,-0.278,16.0,0.1398,17.0,-0.0929,6.0,-0.0909,9.0,-0.0687,35.0,0.6423,6.0,-0.0052,22.0,-0.2003,41.0,-0.1233,99.0,0.0662,389.0
2025-12-18,Politics,-0.0727,68.0,-0.042,146.0,0.2306,250.0,-0.0153,82.0,0.1903,177.0,-0.5328,7.0,-0.0999,17.0,-0.1187,175.0,-0.0635,101.0,-0.3971,5.0,-0.0512,292.0,-0.0771,91.0,-0.1169,112.0,-0.1052,79.0,-0.0269,59.0,-0.0011,41.0,0.8864,8.0,-0.0738,50.0,-0.0356,44.0,-0.006,54.0,-0.1666,71.0,-0.1097,262.0,0.2672,27.0,-0.0616,10.0,0.049,8.0,-0.1308,73.0,0.3219,20.0,-0.2471,9.0,-0.0438,626.0,-0.1462,166.0,0.0198,1630.0
2025-12-18,Politics-Election,0.0011,1.0,-0.0143,1.0,0.5851,4.0,,,,,,,,,0.0151,2.0,-0.0118,2.0,,,0.2126,18.0,,,-0.004,1.0,,,0.8494,1.0,0.0369,2.0,,,0.9297,1.0,,,0.0097,4.0,,,,,,,,,0.4583,2.0,0.0147,4.0,,,,,0.0088,6.0,-0.1596,6.0,0.1985,30.0
2025-12-18,Politics-Political Tension,-0.0237,16.0,-0.4253,2.0,-0.2622,36.0,-0.6959,6.0,0.2178,14.0,-0.2254,1.0,-0.001,2.0,-0.1627,57.0,-0.2717,6.0,0.0146,1.0,-0.1661,37.0,-0.0313,11.0,-0.0571,34.0,-0.4155,7.0,0.0395,7.0,-0.0449,4.0,0.0243,2.0,-0.5652,3.0,-0.0905,4.0,-0.0156,2.0,-0.3122,45.0,-0.0042,37.0,,,0.0439,1.0,,,-0.2127,11.0,0.0061,5.0,0.0213,1.0,-0.1036,136.0,-0.1525,11.0,-0.0889,132.0
2025-12-18,Terrorist Attacks,-0.4393,2.0,-0.0521,284.0,-0.5748,2.0,-0.4307,1.0,-0.3258,2.0,,,,,-0.5846,21.0,-0.2625,60.0,,,-0.2441,28.0,-0.0088,3.0,-0.4654,4.0,-0.0927,4.0,,,-0.3689,6.0,,,-0.6649,14.0,-0.7497,2.0,-0.3677,37.0,,,-0.2636,13.0,,,-0.0314,2.0,-0.3616,4.0,-0.4796,10.0,-0.0149,1.0,,,-0.7863,3.0,-0.2408,44.0,-0.4242,164.0
2025-12-18,Wars,-0.039,4.0,-0.0137,2.0,-0.8128,2.0,0.3065,7.0,-0.0207,68.0,0.0745,1.0,0.3916,7.0,0.1203,14.0,0.1762,57.0,0.0988,3.0,0.0269,22.0,-0.1027,62.0,0.1386,16.0,-0.0588,33.0,0.2812,6.0,0.046,4.0,,,0.9447,1.0,0.2692,6.0,-0.4102,7.0,-0.0066,31.0,-0.061,368.0,0.2963,11.0,-0.008,1.0,0.0089,1.0,0.1931,12.0,0.6096,30.0,0.048,9.0,-0.1303,366.0,-0.2132,26.0,-0.0478,184.0
2025-12-17,Economic Data,-0.0327,17.0,0.1219,7.0,0.0684,26.0,-0.044,47.0,0.2166,240.0,0.0146,3.0,0.5815,19.0,-0.0719,58.0,-0.4009,108.0,-0.4265,2.0,0.1391,92.0,-0.5915,1.0,-0.3984,60.0,0.2109,115.0,-0.4191,28.0,0.2885,19.0,-0.0534,15.0,0.274,10.0,0.6078,3.0,0.1838,38.0,0.1576,166.0,-0.2593,10.0,0.3272,16.0,0.6938,23.0,0.1883,10.0,-0.09,20.0,0.4818,9.0,-0.0213,43.0,0.0844,9.0,-0.0068,249.0,0.1053,525.0
2025-12-17,Economic Data-Consumer Spending,,,0.9297,5.0,,,,,-0.912,1.0,,,,,,,,,,,-0.7567,1.0,,,,,,,,,-0.155,2.0,,,,,,,,,,,,,,,,,-0.1194,1.0,,,,,,,,,0.317,3.0,-0.2957,5.0
2025-12-17,Economic Data-Employment,,,0.9024,1.0,,,-0.0577,8.0,0.0689,14.0,,,,,-0.0474,2.0,-0.2677,5.0,,,0.3137,15.0,0.9516,1.0,0.6181,3.0,-0.2894,4.0,-0.1972,2.0,,,,,,,,,0.4744,2.0,0.0159,4.0,0.9467,1.0,0.0171,2.0,0.7974,5.0,-0.5794,4.0,-0.7666,5.0,,,0.9396,1.0,,,0.2454,14.0,-0.1008,126.0
2025-12-17,Economic Data-GDP,0.5319,8.0,-0.4498,5.0,,,,,0.2004,7.0,,,0.861,1.0,-0.2885,10.0,0.3095,18.0,,,0.5,14.0,,,0.5093,1.0,0.9452,6.0,,,,,0.6344,32.0,0.1105,1.0,0.0098,1.0,0.4946,3.0,,,0.3354,1.0,,,0.9058,17.0,0.9308,4.0,,,,,,,,,0.0554,3.0,-0.2696,18.0
2025-12-17,Economic Data-Housing,-0.4614,2.0,0.0486,4.0,0.008,1.0,0.3059,27.0,0.1155,31.0,,,,,-0.1203,8.0,0.6376,3.0,,,0.3525,14.0,0.0204,1.0,0.2137,6.0,0.0243,15.0,0.6741,8.0,0.0421,2.0,,,-0.6789,1.0,,,0.062,4.0,0.0118,3.0,-0.9111,1.0,0.0287,6.0,-0.0204,4.0,0.0992,2.0,0.2882,14.0,0.0029,2.0,0.9221,1.0,,,0.014,34.0,0.0237,143.0
2025-12-17,Economic Data-Inflation,,,0.0044,1.0,,,0.9089,1.0,0.4865,6.0,,,,,,,0.0957,3.0,,,,,,,,,-0.2879,3.0,0.0144,1.0,,,,,0.7189,1.0,,,,,0.0054,1.0,0.3463,6.0,,,,,-0.0118,17.0,,,,,,,,,-0.4511,114.0,0.1144,80.0
2025-12-17,Economic Data-Interest Rates,0.5433,1.0,-0.1259,15.0,0.006,1.0,0.2831,6.0,-0.2308,15.0,,,,,-0.0011,4.0,0.0541,29.0,-0.0535,4.0,-0.3003,24.0,,,0.4768,2.0,0.3088,30.0,0.067,4.0,0.9404,4.0,-0.3574,3.0,-0.4099,7.0,,,0.2028,2.0,-0.0375,1.0,-0.9102,1.0,,,0.9391,1.0,0.8715,2.0,,,,,,,0.0099,2.0,-0.2905,102.0,-0.1681,171.0
2025-12-17,Economic Data-Manufacturing,0.9362,1.0,0.9138,1.0,0.4799,2.0,,,0.3531,10.0,,,,,0.0075,1.0,0.0781,2.0,,,0.1215,3.0,,,,,0.4342,16.0,0.5216,1.0,0.0037,1.0,,,,,,,,,0.0541,17.0,,,0.8319,2.0,,,,,,,,,0.0083,4.0,,,-0.5533,9.0,0.6726,31.0
2025-12-17,Economic Data-Retail Sales,,,-0.2584,1.0,,,0.182,1.0,0.3196,18.0,,,,,0.2472,1.0,0.8876,1.0,,,-0.4026,3.0,,,,,0.2642,2.0,0.0941,2.0,0.946,1.0,,,,,,,-0.0553,4.0,0.2105,16.0,,,,,,,0.799,1.0,,,,,,,,,0.5977,5.0,0.4293,19.0
2025-12-17,Extreme Weather,-0.2338,4.0,0.4102,15.0,-0.1523,34.0,-0.0706,29.0,0.1536,25.0,,,,,-0.1735,5.0,-0.052,20.0,,,-0.3418,55.0,-0.8385,1.0,-0.1774,9.0,0.0329,19.0,-0.44,2.0,0.0169,20.0,,,,,0.0077,1.0,0.1271,16.0,0.0027,19.0,-0.0308,10.0,-0.0617,19.0,-0.1785,2.0,0.4928,10.0,-0.1096,29.0,0.3868,7.0,-0.1924,11.0,0.0364,1.0,-0.1508,52.0,-0.1785,160.0
2025-12-17,Extreme Weather-Cold,,,,,,,-0.424,17.0,0.1243,21.0,-0.0006,1.0,-0.9033,1.0,-0.0058,1.0,0.0281,1.0,,,-0.2144,14.0,,,,,-0.4578,1.0,,,-0.017,1.0,,,,,,,-0.01,3.0,,,-0.1658,5.0,-0.0738,3.0,,,,,0.0821,3.0,,,,,0.0418,1.0,-0.0533,5.0,0.0425,23.0
2025-12-17,Extreme Weather-Drought,,,0.0247,3.0,-0.5222,5.0,0.4284,6.0,0.3924,4.0,,,0.0086,1.0,0.0152,1.0,,,,,-0.1616,5.0,0.5796,2.0,,,,,0.1693,1.0,0.3012,3.0,,,,,-0.2873,3.0,-0.4661,2.0,,,,,-0.4159,2.0,,,-0.52,2.0,-0.3475,7.0,0.01,2.0,-0.4484,2.0,,,-0.6331,4.0,0.2578,20.0
2025-12-17,Extreme Weather-Heat,,,-0.0289,6.0,,,,,0.0148,1.0,,,,,0.2144,3.0,,,,,-0.0017,1.0,,,-0.0,2.0,0.9436,1.0,0.2349,2.0,0.035,2.0,,,,,,,0.0214,1.0,0.0077,2.0,,,,,-0.5775,3.0,-0.0065,1.0,0.0377,6.0,0.0113,1.0,0.0083,2.0,,,0.6684,29.0,-0.1499,5.0
2025-12-17,Fiscal Policy,0.0086,13.0,0.0507,7.0,0.3066,18.0,0.3619,28.0,0.3216,21.0,,,,,-0.0969,29.0,0.1436,54.0,0.1676,3.0,0.171,41.0,,,-0.2567,36.0,0.3858,5.0,-0.2163,5.0,-0.0058,16.0,-0.0736,6.0,0.2621,9.0,0.0033,2.0,0.1065,16.0,-0.0252,5.0,0.1355,5.0,0.77,25.0,0.7837,2.0,-0.2183,2.0,-0.2576,12.0,-0.1253,3.0,,,-0.0132,55.0,0.0736,60.0,0.019,201.0
2025-12-17,Fiscal Policy-Stimulus Package,0.0171,4.0,0.0358,3.0,0.6525,5.0,0.2572,16.0,0.2564,13.0,,,0.6041,2.0,-0.2014,28.0,-0.0976,30.0,,,-0.0248,19.0,0.9454,1.0,-0.061,7.0,0.3082,41.0,-0.92,1.0,0.1698,9.0,,,-0.4487,5.0,,,0.5093,5.0,0.0142,1.0,0.3538,4.0,,,0.0871,3.0,-0.0038,1.0,,,,,,,0.1408,5.0,0.0351,19.0,0.1754,124.0
2025-12-17,Monetary Policy,0.4715,2.0,-0.0742,12.0,0.4782,3.0,,,-0.1344,7.0,,,-0.0006,1.0,,,0.0419,25.0,-0.1895,2.0,-0.1042,20.0,,,0.0066,1.0,0.2468,21.0,,,0.9404,4.0,-0.0992,5.0,-0.8519,1.0,,,0.0235,2.0,,,-0.8461,7.0,0.4738,2.0,0.0024,1.0,0.8715,2.0,,,,,,,-0.2848,2.0,-0.2718,74.0,0.0539,113.0
2025-12-17,Monetary Policy-Interest Rates,,,-0.2677,2.0,0.0035,1.0,-0.1435,1.0,,,,,,,,,0.2642,8.0,0.0123,1.0,-0.2882,4.0,,,,,0.0178,8.0,,,,,-0.7871,1.0,-0.4819,1.0,,,-0.5319,1.0,,,,,,,,,,,,,,,,,,,-0.4904,46.0,-0.4335,46.0
2025-12-17,Monetary Policy-Quantitative Easing,0.1061,12.0,,,0.4793,3.0,0.0093,3.0,0.3291,28.0,,,0.604,1.0,-0.0002,1.0,0.0507,18.0,0.0016,1.0,0.5397,42.0,,,0.0048,3.0,0.1119,13.0,-0.3237,21.0,,,,,,,0.0714,2.0,0.009,2.0,0.0644,1.0,-0.4742,17.0,,,,,0.9334,2.0,0.0027,1.0,,,,,,,0.0438,20.0,0.0919,92.0
2025-12-17,Natural Disaster,,,,,-0.6209,11.0,,,,,,,-0.8618,1.0,,,,,,,-0.5845,4.0,,,,,-0.2353,5.0,,,0.0353,5.0,,,,,,,0.0002,1.0,,,-0.2196,3.0,-0.1029,7.0,,,,,-0.8976,1.0,-0.8064,1.0,-0.7908,5.0,,,-0.8804,3.0,-0.6021,22.0
2025-12-17,Oil Spills,,,,,,,,,,,,,,,,,,,,,,,,,,,,,,,0.0168,1.0,,,,,,,,,,,,,,,,,,,,,,,,,,,,,0.0045,1.0
2025-12-17,Pandemic,-0.0021,4.0,0.0675,50.0,-0.0139,20.0,0.011,73.0,-0.0414,78.0,-0.0027,1.0,-0.2642,3.0,-0.1754,67.0,-0.0256,39.0,,,0.053,62.0,0.7266,4.0,0.1343,23.0,-0.0416,16.0,-0.2078,11.0,-0.0173,32.0,,,-0.3029,12.0,-0.4137,7.0,-0.0446,34.0,0.0386,25.0,-0.0291,34.0,-0.1634,34.0,0.0105,19.0,-0.0631,6.0,-0.1971,33.0,0.236,8.0,-0.0855,35.0,-0.1681,45.0,-0.3331,159.0,-0.0187,467.0
2025-12-17,Politics,0.1564,26.0,-0.0522,85.0,-0.0335,114.0,0.165,94.0,-0.032,158.0,0.4152,19.0,0.2149,24.0,-0.1562,258.0,-0.0361,192.0,-0.2556,7.0,-0.1325,270.0,0.0354,95.0,-0.0392,124.0,0.1385,75.0,0.0573,35.0,-0.0494,49.0,0.5759,11.0,-0.1617,54.0,-0.1099,47.0,-0.0311,49.0,0.0043,17.0,-0.022,322.0,0.1273,43.0,0.3076,20.0,0.0482,17.0,-0.1494,60.0,-0.1042,14.0,-0.0291,10.0,0.0015,359.0,-0.0601,326.0,-0.0466,1233.0
2025-12-17,Politics-Election,,,,,0.0069,1.0,,,,,0.3233,1.0,0.0062,1.0,0.0128,4.0,-0.0295,7.0,,,-0.1019,24.0,,,,,0.0041,1.0,0.0068,2.0,0.2501,4.0,,,0.6973,2.0,,,0.0209,1.0,,,,,,,,,,,-0.156,3.0,0.003,1.0,-0.0009,1.0,-0.05,4.0,-0.8848,1.0,0.2064,23.0
2025-12-17,Politics-Political Tension,0.0102,4.0,-0.0849,5.0,-0.0626,13.0,-0.3854,7.0,-0.1786,11.0,0.0357,1.0,-0.4505,2.0,-0.1317,36.0,-0.0407,18.0,-0.3861,7.0,-0.1826,38.0,-0.0693,10.0,-0.3449,66.0,-0.6941,8.0,-0.3908,6.0,-0.2427,19.0,,,-0.0613,8.0,-0.6574,3.0,-0.2968,14.0,-0.3753,4.0,0.0093,80.0,0.0092,2.0,0.0084,1.0,,,-0.0194,14.0,-0.2917,6.0,-0.0588,5.0,-0.1387,64.0,-0.1487,26.0,-0.1359,91.0
2025-12-17,Terrorist Attacks,-0.0102,1.0,-0.1968,400.0,-0.6093,2.0,-0.381,12.0,,,,,-0.4739,3.0,-0.2563,21.0,-0.3175,15.0,,,-0.3755,48.0,-0.494,4.0,-0.4444,8.0,-0.3535,2.0,,,-0.6417,4.0,,,-0.8012,25.0,-0.4365,5.0,0.0151,45.0,-0.5073,7.0,-0.4741,9.0,,,0.7548,1.0,-0.3726,18.0,-0.6327,8.0,,,0.0028,1.0,-0.4236,4.0,-0.3031,44.0,-0.4318,170.0
2025-12-17,Wars,0.0111,3.0,-0.1664,4.0,0.3782,3.0,0.182,4.0,0.0527,70.0,0.3436,1.0,0.0157,4.0,0.0338,13.0,0.2365,73.0,,,0.3625,26.0,-0.1619,74.0,0.0381,6.0,0.0151,30.0,0.2223,15.0,-0.0012,3.0,,,0.6137,4.0,-0.1582,14.0,-0.1541,13.0,0.1677,26.0,-0.0171,439.0,0.1487,10.0,0.0277,1.0,0.9274,1.0,-0.0323,4.0,0.676,3.0,-0.19,4.0,-0.0789,478.0,-0.1388,17.0,-0.0205,179.0
2025-12-16,Economic Data,0.1095,23.0,-0.3475,31.0,0.1916,38.0,-0.0119,39.0,0.0756,177.0,-0.1048,9.0,0.0389,3.0,-0.0897,126.0,-0.0841,125.0,-0.3542,3.0,0.3387,96.0,0.5126,18.0,-0.0036,42.0,0.3002,66.0,0.015,12.0,0.1582,17.0,-0.2375,31.0,0.362,6.0,0.0543,3.0,0.2404,40.0,0.0316,165.0,-0.043,18.0,0.4526,17.0,-0.4501,2.0,-0.1543,10.0,0.4594,16.0,0.3639,7.0,0.2318,8.0,-0.042,3.0,0.2199,172.0,-0.0646,700.0
2025-12-16,Economic Data-Consumer Spending,0.0074,1.0,-0.833,7.0,,,0.6587,3.0,-0.3591,2.0,,,,,,,,,,,0.9453,1.0,,,,,,,,,,,0.7387,3.0,,,,,,,,,,,,,,,,,,,,,,,,,0.0079,1.0,0.3411,3.0
2025-12-16,Economic Data-Employment,,,0.0209,1.0,-0.4566,5.0,0.2432,5.0,0.0859,11.0,,,-0.1501,1.0,,,-0.1966,5.0,,,-0.1513,15.0,,,0.3391,2.0,-0.1694,3.0,0.457,2.0,-0.0848,1.0,,,,,,,0.875,1.0,,,-0.9182,1.0,0.0229,3.0,0.0042,2.0,,,0.0059,1.0,,,,,0.5336,2.0,0.0317,110.0,-0.1858,674.0
2025-12-16,Economic Data-GDP,0.1071,18.0,0.0159,4.0,-0.0797,5.0,0.5693,1.0,-0.1673,13.0,,,,,-0.5059,23.0,-0.086,27.0,,,0.2312,22.0,0.9462,1.0,-0.83,5.0,-0.4576,6.0,,,0.95,1.0,0.93,1.0,,,,,-0.2599,10.0,0.936,1.0,-0.8597,1.0,,,,,,,-0.8793,1.0,,,,,0.0287,1.0,0.7905,6.0,-0.3456,27.0
2025-12-16,Economic Data-Housing,,,-0.4491,2.0,0.0823,4.0,0.0616,41.0,-0.0552,50.0,,,,,0.0061,3.0,0.1285,9.0,,,0.3865,10.0,,,0.0647,6.0,0.2871,9.0,-0.2427,13.0,0.2991,3.0,0.2297,10.0,,,,,0.0818,7.0,0.1804,8.0,,,0.1955,7.0,0.0085,1.0,,,-0.0251,20.0,0.9436,1.0,-0.9217,1.0,0.0096,1.0,0.1954,25.0,0.268,124.0
2025-12-16,Economic Data-Inflation,0.037,1.0,,,0.9404,2.0,0.3258,3.0,-0.2915,10.0,-0.8774,2.0,,,,,,,-0.68,4.0,,,,,0.0174,15.0,0.0023,4.0,,,,,,,0.3104,1.0,,,,,0.0703,3.0,,,,,,,,,,,,,,,0.9059,1.0,0.0154,3.0,-0.0822,56.0
2025-12-16,Economic Data-Interest Rates,0.2419,4.0,-0.2007,19.0,0.1401,25.0,-0.3529,4.0,0.2426,6.0,,,0.0174,4.0,-0.182,3.0,-0.12,12.0,0.0398,9.0,0.2496,8.0,-0.5072,3.0,0.0186,12.0,-0.0155,67.0,0.0734,4.0,0.0073,1.0,-0.2092,8.0,0.0185,1.0,0.1201,2.0,,,0.0061,2.0,,,0.9483,1.0,,,,,0.0025,1.0,,,,,,,-0.036,18.0,0.0166,175.0
2025-12-16,Economic Data-Manufacturing,,,0.2118,10.0,,,0.9447,2.0,0.1658,9.0,,,,,0.1386,11.0,-0.1152,14.0,,,0.6337,3.0,,,,,-0.2096,22.0,,,0.1245,1.0,,,,,,,,,0.1647,18.0,0.0038,1.0,0.428,2.0,,,0.012,1.0,0.943,1.0,0.58,4.0,0.0074,1.0,,,-0.3059,8.0,0.5546,28.0
2025-12-16,Economic Data-Retail Sales,,,-0.4857,9.0,0.0082,1.0,0.1241,3.0,-0.4593,3.0,,,,,0.0153,4.0,-0.921,1.0,,,0.3936,3.0,,,,,0.5582,14.0,0.005,3.0,0.0144,1.0,,,,,,,0.1614,2.0,0.0463,9.0,,,0.9468,1.0,-0.7577,1.0,,,,,,,,,,,0.2464,2.0,0.379,125.0
2025-12-16,Extreme Weather,-0.0031,2.0,-0.1189,10.0,-0.5278,87.0,-0.2658,17.0,0.0105,21.0,,,-0.2957,3.0,0.0251,24.0,0.3183,17.0,,,-0.1656,58.0,-0.8385,1.0,0.048,18.0,0.1647,72.0,,,-0.1056,28.0,0.0124,1.0,,,-0.0238,16.0,-0.1108,8.0,0.0432,12.0,0.0262,3.0,0.3075,23.0,-0.5755,8.0,0.0073,2.0,-0.1283,20.0,0.0154,2.0,0.2832,2.0,0.0715,22.0,-0.0863,19.0,-0.1579,226.0
2025-12-16,Extreme Weather-Cold,,,,,-0.024,2.0,-0.356,7.0,-0.444,9.0,,,,,0.2626,2.0,-0.3754,2.0,,,-0.217,8.0,,,0.0032,1.0,0.0071,2.0,,,0.0008,5.0,,,,,,,-0.1624,10.0,,,0.0062,4.0,,,,,,,-0.0236,3.0,0.2053,2.0,,,-0.3782,3.0,-0.5008,3.0,-0.1711,36.0
2025-12-16,Extreme Weather-Drought,,,0.9249,1.0,-0.3261,9.0,0.0141,1.0,0.1226,2.0,,,,,0.0047,1.0,-0.0692,1.0,,,-0.2715,6.0,0.0769,2.0,0.3815,8.0,0.0131,1.0,,,-0.8072,1.0,0.0032,1.0,,,,,-0.0196,9.0,,,,,0.6825,5.0,-0.1952,1.0,,,,,,,,,,,-0.8766,15.0,0.1541,20.0
2025-12-16,Extreme Weather-Heat,,,-0.0012,1.0,,,0.0007,1.0,0.0294,2.0,,,,,0.006,2.0,,,,,-0.3031,3.0,,,0.0021,2.0,,,,,0.0695,1.0,0.0145,1.0,,,,,,,,,0.6595,1.0,,,,,0.0078,1.0,0.1195,8.0,,,-0.0025,1.0,,,-0.2841,1.0,0.4169,9.0
2025-12-16,Fiscal Policy,0.0081,9.0,0.17,13.0,0.4342,19.0,0.2741,26.0,0.022,34.0,0.2038,2.0,0.6276,3.0,-0.0858,54.0,-0.1289,27.0,,,0.0858,73.0,0.0061,2.0,0.1104,15.0,0.4125,14.0,0.3729,7.0,0.053,7.0,-0.5327,17.0,0.3041,7.0,0.922,2.0,0.1971,15.0,0.102,2.0,0.5344,5.0,,,0.3086,1.0,,,0.4269,15.0,0.3995,5.0,0.0361,1.0,0.1765,45.0,0.1129,68.0,0.069,170.0
2025-12-16,Fiscal Policy-Stimulus Package,0.1023,11.0,-0.1581,8.0,0.0058,8.0,0.1753,16.0,0.28,7.0,,,0.0166,3.0,-0.1477,50.0,0.3791,4.0,,,0.3169,18.0,0.0015,5.0,-0.453,2.0,0.2857,35.0,0.011,3.0,0.2009,12.0,-0.2562,7.0,0.0846,3.0,,,0.0923,10.0,,,0.2543,3.0,,,-0.905,2.0,,,-0.8951,1.0,0.1816,1.0,,,0.0245,6.0,0.1045,24.0,0.048,69.0
2025-12-16,Monetary Policy,0.3133,14.0,-0.1097,12.0,0.4276,29.0,0.9309,1.0,-0.1149,15.0,,,-0.1176,5.0,0.0201,5.0,-0.0419,10.0,0.0092,5.0,0.4952,11.0,,,0.0513,3.0,0.0039,63.0,0.0055,2.0,,,0.0043,15.0,,,0.1201,2.0,,,0.0048,1.0,-0.9032,1.0,0.9483,1.0,,,,,0.9458,2.0,,,0.0155,1.0,,,-0.0063,14.0,-0.038,115.0
2025-12-16,Monetary Policy-Interest Rates,,,-0.764,12.0,0.2003,7.0,-0.8762,1.0,,,,,,,,,0.003,2.0,0.0053,4.0,,,,,,,0.7419,2.0,0.0104,1.0,,,-0.058,3.0,,,,,,,,,,,,,,,,,,,,,,,,,-0.3934,9.0,-0.2316,51.0
2025-12-16,Monetary Policy-Quantitative Easing,0.3141,17.0,-0.0052,1.0,-0.1321,24.0,0.3435,16.0,0.3142,16.0,,,,,0.0288,4.0,-0.1045,12.0,-0.3127,14.0,-0.0233,56.0,,,0.0037,1.0,0.1488,16.0,-0.2789,11.0,,,-0.2972,7.0,,,,,0.7489,2.0,0.0056,1.0,-0.4531,5.0,,,0.3031,6.0,,,0.0029,1.0,0.7099,1.0,,,,,0.162,9.0,0.0809,143.0
2025-12-16,Natural Disaster,,,-0.9028,1.0,-0.599,40.0,,,,,,,,,-0.0228,1.0,,,,,-0.1356,1.0,,,,,0.1942,37.0,,,0.0337,10.0,,,,,-0.1316,14.0,-0.2897,3.0,,,,,,,,,,,-0.871,2.0,,,0.561,1.0,,,0.1009,1.0,-0.4937,42.0
2025-12-16,Oil Spills,,,,,0.8832,1.0,,,,,,,,,,,-0.0054,1.0,,,,,,,,,,,,,,,,,,,,,,,,,,,,,,,,,,,,,,,,,,,-0.1908,1.0
2025-12-16,Pandemic,-0.5086,5.0,-0.0421,57.0,0.0036,24.0,0.4253,42.0,0.0509,89.0,0.0076,4.0,0.6642,5.0,-0.0956,83.0,-0.2511,33.0,0.0152,1.0,-0.2699,95.0,0.4659,12.0,0.0927,17.0,0.0538,19.0,0.0135,22.0,-0.1625,36.0,-0.2111,2.0,0.3128,7.0,-0.5025,19.0,0.0696,44.0,0.0577,32.0,-0.0052,28.0,0.033,11.0,0.0037,2.0,-0.1122,5.0,-0.1696,19.0,0.1925,17.0,-0.0722,4.0,-0.2717,28.0,-0.1426,141.0,-0.0145,406.0
2025-12-16,Politics,-0.05,53.0,-0.0081,95.0,0.0244,61.0,0.1699,138.0,0.0138,186.0,-0.1386,16.0,0.0889,8.0,-0.122,264.0,-0.0843,141.0,-0.174,7.0,-0.0007,340.0,-0.137,83.0,-0.1115,63.0,0.1169,73.0,0.0972,49.0,0.0192,81.0,-0.4073,15.0,0.1123,31.0,-0.251,48.0,0.084,68.0,-0.1744,41.0,-0.064,223.0,0.4164,16.0,-0.0887,7.0,-0.26,15.0,-0.0346,62.0,0.2785,13.0,-0.001,13.0,-0.0119,482.0,-0.0214,271.0,-0.0869,1210.0
2025-12-16,Politics-Election,,,,,0.4007,23.0,0.0037,2.0,,,,,,,,,-0.0947,2.0,,,-0.1003,28.0,,,,,,,,,,,0.0529,1.0,0.1797,5.0,,,-0.0017,1.0,,,0.0037,13.0,,,,,-0.2873,2.0,0.0938,4.0,,,,,0.1337,16.0,,,0.0246,20.0
2025-12-16,Politics-Political Tension,-0.0464,7.0,0.0053,6.0,-0.173,9.0,,,0.0763,8.0,0.0075,3.0,,,-0.3018,26.0,-0.0251,32.0,-0.1485,3.0,0.0005,34.0,-0.153,16.0,0.1128,17.0,-0.6108,5.0,0.0149,3.0,-0.3087,69.0,0.0341,1.0,-0.107,5.0,-0.4487,2.0,-0.2497,16.0,-0.1292,10.0,0.0053,32.0,,,,,0.2208,4.0,0.2088,7.0,-0.3101,11.0,0.9267,1.0,-0.0338,118.0,-0.0111,63.0,-0.1433,113.0
2025-12-16,Terrorist Attacks,,,-0.0492,652.0,-0.5119,2.0,-0.3258,17.0,-0.2532,5.0,,,-0.5426,1.0,-0.3915,19.0,-0.2701,21.0,-0.0159,1.0,-0.2973,91.0,-0.2363,5.0,,,-0.4962,4.0,,,-0.3131,4.0,-0.017,1.0,-0.8352,16.0,-0.2653,53.0,-0.0199,105.0,-0.6038,82.0,-0.6429,117.0,,,-0.2921,2.0,-0.6727,5.0,-0.0774,3.0,,,,,-0.7101,16.0,-0.1787,70.0,-0.3661,232.0
2025-12-16,Wars,,,-0.1681,11.0,-0.0568,5.0,0.3865,2.0,0.0442,37.0,,,0.565,5.0,-0.0029,20.0,0.1419,56.0,0.0026,2.0,0.087,43.0,-0.1549,90.0,0.1406,6.0,0.3312,33.0,-0.5719,2.0,-0.1166,8.0,,,-0.0831,7.0,-0.049,22.0,-0.1367,11.0,-0.2467,12.0,-0.0618,337.0,0.3454,10.0,,,0.1181,6.0,0.0019,2.0,-0.0568,4.0,-0.2421,40.0,-0.0277,655.0,0.0422,24.0,-0.0602,274.0
2025-12-15,Economic Data,0.1527,26.0,-0.1023,24.0,0.4138,12.0,0.2519,53.0,-0.0393,351.0,0.807,1.0,0.1469,8.0,-0.1913,33.0,0.0774,55.0,0.7321,2.0,0.0206,120.0,0.9095,5.0,0.3047,16.0,0.1593,87.0,-0.4316,8.0,0.0724,14.0,-0.0387,11.0,0.6304,6.0,0.0985,14.0,0.1069,48.0,0.0486,173.0,0.4582,16.0,0.1567,28.0,0.3943,17.0,0.0115,13.0,-0.2514,16.0,0.6226,10.0,0.8911,1.0,0.1481,11.0,-0.0275,85.0,-0.0538,520.0
2025-12-15,Economic Data-Consumer Spending,,,,,,,,,-0.5537,28.0,,,,,,,,,,,0.9504,1.0,,,,,-0.0242,1.0,0.8395,1.0,,,,,,,0.8753,7.0,,,,,,,,,0.9512,3.0,,,,,,,,,,,-0.9188,3.0,0.3719,9.0
2025-12-15,Economic Data-Employment,-0.1323,1.0,0.0001,2.0,0.2348,2.0,0.638,8.0,-0.105,32.0,,,,,-0.003,1.0,-0.0498,2.0,,,-0.3966,4.0,,,,,0.5615,4.0,-0.0153,1.0,,,,,,,,,0.0062,1.0,0.0075,5.0,0.0129,1.0,0.079,2.0,0.5592,2.0,0.458,2.0,0.0026,2.0,,,,,,,-0.6239,8.0,-0.0833,84.0
2025-12-15,Economic Data-GDP,0.0025,1.0,,,0.1247,14.0,,,-0.284,47.0,,,,,0.0017,1.0,-0.4155,16.0,,,0.9438,7.0,,,,,-0.6439,1.0,,,-0.3457,1.0,,,0.9414,1.0,0.9401,6.0,-0.5589,15.0,,,0.4785,2.0,,,,,0.5213,3.0,,,,,,,-0.1078,1.0,-0.0916,3.0,-0.1578,24.0
2025-12-15,Economic Data-Housing,-0.9206,2.0,0.0245,2.0,0.2158,2.0,0.428,89.0,-0.4873,112.0,0.9495,1.0,0.0043,1.0,0.926,1.0,-0.0107,2.0,,,0.1335,11.0,,,0.2899,6.0,0.0238,2.0,-0.5737,3.0,0.0002,1.0,0.9045,5.0,-0.1214,3.0,,,-0.287,12.0,0.0071,12.0,-0.3922,1.0,0.3725,5.0,-0.7849,5.0,0.9321,1.0,-0.4723,28.0,0.0164,1.0,,,,,-0.091,54.0,0.2351,121.0
2025-12-15,Economic Data-Inflation,0.9432,1.0,,,0.0261,5.0,0.0633,70.0,-0.1072,6.0,,,,,,,0.4223,11.0,,,0.9183,4.0,,,,,-0.0096,3.0,,,0.0712,1.0,,,0.3953,7.0,0.5329,17.0,,,0.0091,5.0,,,0.3766,12.0,,,,,,,,,,,,,0.1645,10.0,0.0609,42.0
2025-12-15,Economic Data-Interest Rates,0.9471,1.0,0.4155,8.0,0.4235,4.0,0.1251,25.0,-0.3548,17.0,-0.0917,1.0,0.9247,1.0,0.0145,1.0,0.1828,31.0,,,-0.1276,5.0,,,,,0.3018,94.0,0.9274,7.0,-0.724,2.0,0.0238,10.0,0.8194,2.0,-0.1845,31.0,-0.2733,1.0,0.0053,2.0,-0.2698,3.0,0.4391,6.0,,,0.5238,2.0,0.0306,4.0,,,-0.2377,7.0,,,0.061,57.0,0.0742,195.0
2025-12-15,Economic Data-Manufacturing,,,,,0.9222,1.0,-0.6138,23.0,0.0404,68.0,,,,,,,0.1619,2.0,,,0.4642,15.0,,,0.0017,1.0,0.5919,22.0,,,-0.9102,1.0,,,,,,,0.9293,3.0,0.0633,20.0,0.9518,4.0,,,,,-0.9187,1.0,0.184,1.0,0.445,3.0,,,,,0.15,2.0,-0.0305,50.0
2025-12-15,Economic Data-Retail Sales,,,,,,,,,-0.5456,73.0,,,,,,,0.0136,5.0,,,0.9515,1.0,,,,,0.9351,18.0,,,,,,,,,,,0.2682,2.0,0.0178,8.0,,,,,,,0.9368,2.0,0.012,1.0,0.9233,1.0,,,,,-0.6545,5.0,0.4724,10.0
2025-12-15,Extreme Weather,0.0374,6.0,-0.2837,8.0,-0.3658,24.0,-0.0052,3.0,0.0351,33.0,,,-0.8441,2.0,0.2537,6.0,-0.059,9.0,0.0158,1.0,-0.4735,103.0,,,0.1077,10.0,-0.0255,32.0,0.1402,3.0,-0.0408,8.0,,,,,-0.0673,17.0,-0.0168,23.0,0.0765,16.0,-0.277,18.0,-0.8903,2.0,,,-0.1573,4.0,-0.1227,22.0,-0.0725,3.0,-0.0946,6.0,-0.265,14.0,0.0023,16.0,-0.0985,181.0
2025-12-15,Extreme Weather-Cold,,,,,,,0.1892,3.0,-0.0061,1.0,,,,,,,-0.0208,2.0,,,-0.1421,20.0,,,,,,,,,-0.2358,8.0,,,,,,,-0.0399,6.0,0.0034,1.0,-0.3541,5.0,0.0069,1.0,,,,,-0.0312,1.0,0.0051,1.0,0.0055,2.0,-0.9057,1.0,-0.3016,11.0,-0.1628,98.0
2025-12-15,Extreme Weather-Drought,-0.0213,2.0,,,-0.1853,9.0,0.3291,2.0,0.3618,8.0,,,-0.3046,5.0,-0.5803,3.0,,,,,-0.1066,2.0,,,0.9034,3.0,,,,,0.1737,3.0,,,,,,,0.0472,6.0,0.0054,1.0,,,-0.0186,3.0,0.3202,4.0,-0.2774,3.0,-0.2046,4.0,-0.9018,1.0,,,,,-0.391,5.0,-0.1733,17.0
2025-12-15,Extreme Weather-Heat,0.0298,1.0,-0.0674,5.0,,,,,0.3122,3.0,,,,,0.4027,10.0,,,,,-0.324,2.0,,,-0.0003,2.0,0.0406,1.0,0.4702,1.0,,,,,,,,,,,,,0.1484,1.0,-0.0238,1.0,,,0.01,1.0,0.0008,3.0,-0.8988,1.0,,,,,0.0006,1.0,0.5053,7.0
2025-12-15,Fiscal Policy,0.2554,6.0,-0.0117,7.0,0.2267,42.0,0.2545,15.0,-0.1064,66.0,0.193,19.0,,,-0.0694,27.0,0.1135,28.0,0.059,3.0,-0.045,40.0,0.0341,2.0,0.1749,7.0,-0.099,14.0,-0.0194,6.0,0.1083,12.0,,,0.475,3.0,-0.0995,8.0,0.1381,31.0,-0.0126,3.0,0.2231,16.0,,,0.2862,1.0,-0.1281,6.0,0.2472,11.0,0.4555,7.0,0.2332,3.0,0.1143,32.0,-0.0086,43.0,-0.0405,112.0
2025-12-15,Fiscal Policy-Stimulus Package,0.0121,1.0,,,-0.7576,1.0,0.533,7.0,-0.038,14.0,0.0179,4.0,0.2566,2.0,0.1249,25.0,-0.0471,5.0,,,0.185,8.0,0.0033,1.0,0.0346,2.0,0.1441,9.0,,,0.586,4.0,,,0.7,1.0,,,-0.4418,6.0,-0.1253,7.0,,,0.9245,1.0,,,0.4505,4.0,0.3277,5.0,-0.1071,1.0,,,-0.2365,7.0,0.3529,7.0,-0.0226,55.0
2025-12-15,Monetary Policy,0.1656,2.0,0.5518,7.0,0.2907,3.0,0.2139,19.0,0.0998,13.0,0.0013,3.0,0.9247,1.0,0.0145,1.0,0.2348,32.0,,,0.372,9.0,0.0167,1.0,-0.9153,1.0,0.3592,82.0,0.6536,17.0,-0.8065,1.0,0.0282,9.0,0.8194,2.0,-0.21,29.0,-0.2733,1.0,0.0037,2.0,-0.2473,7.0,0.3427,4.0,,,0.5238,2.0,0.9064,4.0,,,-0.7708,9.0,,,-0.0017,42.0,0.0627,161.0
2025-12-15,Monetary Policy-Interest Rates,,,-0.4424,3.0,,,-0.58,4.0,,,,,,,0.008,1.0,0.2844,8.0,,,,,,,,,0.32,19.0,,,,,0.4716,4.0,,,0.2598,7.0,,,,,,,,,,,,,,,,,,,,,-0.0775,10.0,-0.0436,33.0
2025-12-15,Monetary Policy-Quantitative Easing,0.0366,17.0,0.0159,1.0,0.1845,11.0,,,0.2232,18.0,-0.0015,1.0,,,-0.0007,10.0,0.4916,24.0,,,-0.1164,43.0,,,0.1106,1.0,0.3591,38.0,0.1481,11.0,,,0.0046,1.0,,,0.1721,4.0,-0.0152,2.0,,,-0.1781,8.0,0.4927,3.0,0.0395,11.0,0.5084,6.0,-0.0309,2.0,,,,,,,-0.0335,15.0,-0.044,139.0
2025-12-15,Natural Disaster,,,-0.8836,4.0,-0.708,4.0,,,-0.9069,4.0,,,,,,,,,,,-0.6088,13.0,,,,,0.07,15.0,,,0.0452,6.0,,,,,-0.0884,16.0,-0.0229,7.0,,,-0.1133,7.0,,,,,-0.8027,1.0,,,,,-0.1831,3.0,-0.5135,2.0,0.1009,1.0,-0.4062,32.0
2025-12-15,Oil Spills,,,,,,,,,,,,,,,,,,,,,,,,,,,,,,,-0.8864,3.0,,,-0.0086,5.0,,,,,0.0069,1.0,,,,,,,,,,,,,,,,,,,,
2025-12-15,Pandemic,-0.0069,11.0,-0.0046,61.0,0.0085,29.0,-0.1356,31.0,-0.2047,83.0,-0.0028,2.0,0.1485,7.0,-0.1668,115.0,-0.0632,29.0,-0.3191,2.0,-0.0977,55.0,-0.1417,6.0,0.1487,17.0,0.2404,20.0,-0.4015,25.0,0.0023,18.0,,,-0.1095,8.0,0.0757,10.0,-0.0216,31.0,0.0495,23.0,-0.1118,42.0,0.3269,21.0,0.2807,15.0,-0.0556,9.0,0.0641,20.0,-0.2823,6.0,-0.4365,5.0,-0.2753,17.0,-0.1675,134.0,-0.0002,352.0
2025-12-15,Politics,-0.074,26.0,-0.0676,127.0,-0.0956,123.0,0.2784,68.0,-0.0097,255.0,-0.0104,69.0,-0.0206,11.0,-0.0075,173.0,-0.0032,201.0,-0.1723,10.0,0.0237,216.0,-0.109,72.0,-0.0854,48.0,-0.0578,49.0,-0.2456,86.0,-0.0128,43.0,-0.444,4.0,0.0445,41.0,-0.104,23.0,0.0007,65.0,0.0336,26.0,-0.0611,322.0,0.1406,21.0,0.0096,11.0,-0.1105,27.0,-0.0686,80.0,0.1308,33.0,0.1307,10.0,0.0259,636.0,-0.0701,166.0,-0.0294,881.0
2025-12-15,Politics-Election,,,,,,,0.0052,1.0,,,0.003,1.0,0.9403,1.0,0.0046,1.0,,,,,0.0236,40.0,,,,,,,0.0013,3.0,0.0059,1.0,,,0.0043,1.0,,,,,,,,,,,,,,,0.0097,5.0,,,-0.0101,1.0,-0.413,8.0,0.0026,2.0,-0.0605,31.0
2025-12-15,Politics-Political Tension,-0.2041,4.0,-0.0112,8.0,-0.0653,14.0,,,-0.1254,24.0,0.1062,28.0,,,-0.3464,28.0,-0.0474,54.0,0.059,3.0,-0.3433,27.0,-0.1109,19.0,0.021,4.0,-0.2559,4.0,-0.2317,5.0,0.1139,12.0,,,-0.3922,4.0,0.9497,1.0,-0.1882,7.0,-0.2239,6.0,-0.0593,22.0,0.0146,2.0,0.0138,1.0,-0.1624,5.0,-0.2895,11.0,0.001,10.0,0.0077,2.0,0.0935,179.0,0.0005,8.0,-0.1529,137.0
2025-12-15,Terrorist Attacks,,,-0.1152,1214.0,-0.3144,4.0,-0.4292,34.0,-0.0326,10.0,,,-0.0093,4.0,-0.4517,31.0,-0.365,66.0,,,-0.3507,29.0,-0.0063,2.0,,,-0.6238,63.0,-0.7882,3.0,-0.66,6.0,,,-0.6731,24.0,-0.1987,46.0,-0.6998,2.0,-0.7066,2.0,-0.6282,5.0,-0.0459,1.0,-0.1885,2.0,-0.3831,8.0,-0.4481,8.0,,,,,-0.5288,12.0,-0.2867,54.0,-0.2357,377.0
2025-12-15,Wars,-0.3887,2.0,-0.2339,22.0,0.8373,1.0,0.4779,2.0,-0.0332,72.0,,,0.0093,1.0,-0.0689,14.0,-0.1114,48.0,0.0786,4.0,0.214,23.0,-0.3316,68.0,-0.1785,3.0,0.0223,28.0,-0.311,26.0,0.009,4.0,0.9414,1.0,-0.3982,2.0,0.4985,10.0,-0.0591,3.0,0.0352,14.0,-0.1215,489.0,0.1507,8.0,,,-0.0014,1.0,-0.0574,1.0,-0.1593,11.0,-0.3287,65.0,0.0414,607.0,-0.1667,38.0,0.124,166.0
2025-12-14,Economic Data,,,0.0918,11.0,-0.022,6.0,0.2839,6.0,0.1721,77.0,,,,,-0.259,39.0,-0.4982,8.0,,,0.2343,22.0,0.015,1.0,-0.3754,5.0,-0.1428,15.0,-0.4937,10.0,0.1904,7.0,-0.4718,2.0,-0.4222,2.0,,,0.0119,9.0,0.0405,117.0,-0.1141,6.0,0.2046,11.0,-0.5361,5.0,-0.1439,4.0,0.279,8.0,0.3806,5.0,,,-0.4547,2.0,-0.1078,15.0,-0.1193,104.0
2025-12-14,Economic Data-Consumer Spending,,,,,,,,,0.6363,3.0,,,,,,,,,,,,,,,,,,,,,,,,,,,,,0.0071,1.0,,,,,,,,,,,,,,,,,,,,,0.0047,1.0
2025-12-14,Economic Data-Employment,,,,,0.0183,1.0,-0.6085,3.0,-0.2514,8.0,,,,,,,-0.2313,3.0,,,,,,,,,0.0032,1.0,,,,,,,,,,,0.885,2.0,-0.0281,3.0,,,0.0562,1.0,-0.0056,1.0,0.0015,1.0,-0.5564,1.0,,,,,,,-0.8925,1.0,0.0516,16.0
2025-12-14,Economic Data-GDP,,,,,,,,,,,,,,,,,-0.005,3.0,,,,,,,,,,,,,,,,,,,,,,,,,,,,,,,,,,,,,,,,,-0.7696,1.0,0.0055,4.0
2025-12-14,Economic Data-Housing,0.2929,3.0,,,0.3121,2.0,0.9068,4.0,-0.572,8.0,,,,,-0.0068,1.0,0.0181,11.0,,,0.2661,5.0,,,0.0107,4.0,0.6017,2.0,-0.0475,4.0,0.0105,2.0,,,,,,,0.5202,2.0,0.0099,8.0,0.0008,1.0,0.0139,12.0,0.0094,1.0,,,,,0.4398,2.0,,,0.4114,1.0,0.2383,9.0,0.0807,21.0
2025-12-14,Economic Data-Inflation,,,0.0011,2.0,,,,,-0.9002,1.0,,,,,,,,,,,,,,,,,,,,,,,,,,,,,,,,,,,,,,,,,,,,,,,,,,,-0.1596,9.0
2025-12-14,Economic Data-Interest Rates,0.6482,1.0,,,-0.9093,1.0,,,-0.7238,16.0,,,,,,,0.929,1.0,,,0.2196,7.0,,,,,0.3232,13.0,,,,,,,0.9169,1.0,,,-0.6131,5.0,0.0066,2.0,,,0.785,2.0,,,,,0.9469,1.0,,,,,-0.0036,1.0,-0.7042,8.0,-0.188,32.0
2025-12-14,Economic Data-Manufacturing,,,,,,,,,0.1297,23.0,,,,,,,-0.8748,1.0,,,,,,,0.1509,1.0,,,,,,,,,,,,,0.4184,2.0,0.0036,11.0,,,0.9528,1.0,0.9447,2.0,,,0.9521,2.0,,,,,,,,,0.8498,1.0
2025-12-14,Economic Data-Retail Sales,,,,,,,0.3152,1.0,,,,,,,,,,,,,,,,,,,,,,,0.0161,3.0,,,,,,,,,0.004,15.0,,,,,,,,,,,,,,,,,,,0.952,2.0
2025-12-14,Extreme Weather,-0.0008,5.0,-0.0029,1.0,-0.1293,10.0,-0.2114,3.0,-0.1258,31.0,,,-0.0468,3.0,-0.0778,8.0,0.0443,9.0,0.0059,1.0,-0.3809,60.0,,,0.0021,5.0,-0.2764,24.0,-0.2843,3.0,0.1385,8.0,,,,,-0.6713,10.0,0.0458,16.0,-0.0209,23.0,-0.5743,9.0,-0.033,4.0,-0.3165,2.0,,,-0.3009,27.0,0.102,4.0,-0.3371,8.0,-0.0155,7.0,-0.3296,11.0,-0.0927,99.0
2025-12-14,Extreme Weather-Cold,,,,,0.4679,2.0,-0.2488,6.0,-0.2602,14.0,,,,,-0.006,1.0,-0.3143,3.0,,,0.0637,12.0,,,,,0.4663,2.0,-0.0005,1.0,-0.3166,5.0,,,,,,,-0.4067,7.0,,,0.0009,1.0,,,,,,,,,,,,,-0.2018,3.0,-0.4604,7.0,-0.227,100.0
2025-12-14,Extreme Weather-Drought,,,,,,,0.6114,1.0,-0.2234,5.0,,,,,,,,,,,0.0055,5.0,,,,,,,,,-0.5479,1.0,,,,,,,-0.0479,5.0,0.0097,2.0,,,-0.0555,3.0,-0.0061,1.0,-0.9015,2.0,-0.4548,4.0,-0.4431,1.0,,,,,-0.0887,5.0,-0.0099,3.0
2025-12-14,Extreme Weather-Heat,,,-0.0035,1.0,,,,,,,,,,,,,-0.0102,1.0,,,-0.44,3.0,,,0.0024,2.0,,,,,,,,,,,,,,,,,,,,,,,-0.5891,1.0,0.0014,4.0,,,0.0039,1.0,0.0346,1.0,0.9085,1.0,0.0403,1.0
2025-12-14,Fiscal Policy,0.0265,2.0,0.0061,7.0,-0.072,6.0,-0.6739,2.0,0.1758,18.0,,,,,-0.1633,29.0,0.0825,5.0,0.0011,1.0,-0.0045,18.0,,,-0.182,5.0,0.1373,5.0,-0.0271,1.0,0.0831,7.0,,,0.0867,2.0,-0.8808,1.0,0.3843,6.0,,,-0.0707,7.0,,,,,-0.0067,4.0,0.0732,8.0,0.0463,7.0,,,0.084,10.0,0.228,5.0,0.0035,45.0
2025-12-14,Fiscal Policy-Stimulus Package,,,0.1248,8.0,0.6226,1.0,0.2017,1.0,0.5893,9.0,,,0.0267,1.0,0.0608,4.0,0.0488,1.0,,,0.4607,4.0,,,-0.7451,1.0,-0.362,2.0,,,-0.181,3.0,,,,,-0.0812,3.0,0.0154,2.0,,,0.3257,3.0,,,-0.8825,3.0,0.0099,1.0,,,,,,,,,-0.1367,5.0,0.0701,22.0
2025-12-14,Monetary Policy,0.6482,1.0,,,-0.9093,1.0,,,0.5462,10.0,,,,,,,0.929,1.0,,,0.2158,7.0,,,,,0.2005,16.0,0.9496,1.0,,,,,0.9169,1.0,,,-0.6131,5.0,0.0073,2.0,,,0.785,2.0,,,,,0.9469,1.0,,,,,0.0007,2.0,-0.4629,1.0,-0.1888,27.0
2025-12-14,Monetary Policy-Interest Rates,,,,,,,,,,,,,,,,,,,,,,,,,,,0.0244,4.0,,,,,,,,,,,,,,,,,,,,,,,,,,,,,,,-0.7645,7.0,0.0017,6.0
2025-12-14,Monetary Policy-Quantitative Easing,,,,,0.0067,2.0,,,0.7202,5.0,,,,,,,0.4667,2.0,,,0.0092,1.0,,,0.0094,1.0,0.1119,5.0,0.0057,3.0,,,,,,,,,,,,,0.0949,13.0,-0.9074,4.0,,,,,,,,,,,,,,,-0.0492,22.0
2025-12-14,Natural Disaster,,,,,-0.3244,2.0,,,-0.7242,5.0,,,,,,,-0.2444,1.0,,,-0.864,6.0,,,,,-0.3388,6.0,,,0.4225,2.0,,,,,,,-0.0447,3.0,-0.8749,1.0,,,,,-0.6702,1.0,,,,,,,-0.48,6.0,0.2737,6.0,,,-0.2277,3.0
2025-12-14,Oil Spills,,,,,,,,,0.2343,1.0,,,,,,,,,,,,,,,,,,,,,,,,,,,,,,,,,,,,,,,,,,,,,,,,,,,,
2025-12-14,Pandemic,-0.4476,3.0,-0.1213,69.0,-0.0642,15.0,-0.4622,7.0,-0.0398,55.0,0.0031,2.0,0.0846,1.0,-0.1299,32.0,-0.0978,18.0,-0.8832,12.0,-0.2206,43.0,0.3342,2.0,-0.1654,7.0,-0.1423,11.0,-0.5898,11.0,0.0405,12.0,,,-0.1209,3.0,-0.2372,3.0,-0.1153,10.0,0.0065,22.0,-0.2923,25.0,0.3556,9.0,0.5643,4.0,-0.5033,5.0,-0.0347,3.0,-0.2102,4.0,-0.2149,4.0,-0.189,11.0,-0.0563,39.0,-0.1758,125.0
2025-12-14,Politics,0.1936,8.0,-0.0454,104.0,-0.0921,52.0,0.0941,18.0,0.1659,90.0,0.0141,1.0,0.0076,5.0,-0.1551,107.0,-0.0061,97.0,-0.2834,28.0,-0.152,217.0,-0.2157,50.0,-0.1868,45.0,0.0872,23.0,-0.3885,33.0,0.0036,24.0,,,-0.0117,7.0,-0.3226,17.0,0.0537,21.0,0.1243,12.0,-0.142,132.0,0.2558,8.0,-0.9152,1.0,-0.1718,14.0,-0.0546,31.0,-0.0038,14.0,-0.4505,3.0,0.0427,304.0,-0.0275,61.0,-0.0318,399.0
2025-12-14,Politics-Election,,,,,,,,,,,,,,,0.0174,3.0,0.0017,1.0,,,0.0751,49.0,,,,,,,,,,,,,0.1772,6.0,,,,,,,,,,,,,0.006,1.0,,,0.0272,3.0,,,0.0107,6.0,-0.0917,1.0,-0.2521,26.0
2025-12-14,Politics-Political Tension,0.0079,1.0,0.0046,1.0,-0.2326,10.0,-0.7823,1.0,-0.1737,8.0,-0.0113,1.0,,,-0.4273,43.0,-0.1337,19.0,-0.1515,2.0,-0.1195,22.0,-0.135,19.0,-0.0401,7.0,-0.0239,1.0,-0.1224,7.0,-0.0113,1.0,,,,,0.0166,1.0,0.0038,5.0,-0.466,1.0,-0.1558,15.0,,,,,0.0914,1.0,-0.0405,8.0,0.0125,1.0,,,0.0741,113.0,-0.19,9.0,-0.054,37.0
2025-12-14,Terrorist Attacks,-0.7726,1.0,-0.2944,2734.0,,,-0.4899,9.0,-0.3866,1.0,,,-0.4989,2.0,-0.3759,7.0,-0.4613,138.0,,,-0.3514,22.0,-0.2187,7.0,-0.8747,1.0,-0.7364,22.0,,,-0.6368,6.0,-0.0034,1.0,,,-0.4733,10.0,-0.676,4.0,,,-0.5984,5.0,,,,,0.0131,2.0,-0.2433,3.0,,,,,0.0006,1.0,-0.2754,81.0,-0.3702,527.0
2025-12-14,Wars,-0.0646,3.0,-0.0748,22.0,-0.2603,3.0,-0.0247,3.0,0.1548,26.0,,,-0.171,5.0,0.0322,8.0,0.1262,58.0,0.0028,2.0,0.2247,10.0,-0.4298,102.0,0.0076,7.0,0.4312,14.0,0.0187,3.0,,,,,,,-0.1432,10.0,-0.0949,3.0,0.0704,8.0,-0.1453,216.0,-0.2768,7.0,-0.0188,1.0,,,0.0674,3.0,-0.0064,4.0,0.2803,5.0,-0.1086,367.0,0.059,2.0,0.0131,83.0
2025-12-13,Economic Data,-0.0786,5.0,-0.0245,8.0,0.2054,7.0,0.0237,4.0,0.3917,82.0,,,0.3303,3.0,-0.2753,6.0,0.0694,11.0,,,0.3496,38.0,0.2975,1.0,-0.4555,3.0,0.3061,27.0,0.0371,5.0,-0.0539,9.0,,,0.0116,1.0,-0.9142,1.0,-0.1952,5.0,0.006,97.0,0.3006,3.0,0.0256,2.0,0.0005,1.0,0.3902,4.0,-0.0826,8.0,0.0545,6.0,-0.3861,2.0,-0.0046,2.0,0.2464,16.0,-0.0932,131.0
2025-12-13,Economic Data-Consumer Spending,,,,,,,,,,,,,,,,,,,,,,,,,,,,,,,,,,,,,,,,,,,,,,,,,,,,,,,,,,,,,0.0073,3.0
2025-12-13,Economic Data-Employment,,,,,,,-0.0086,2.0,0.1592,4.0,,,,,0.9446,1.0,-0.4984,2.0,,,0.0544,8.0,,,,,,,,,,,,,,,,,0.491,1.0,0.0043,1.0,,,,,,,,,-0.0143,1.0,,,,,,,0.0451,1.0,0.1393,20.0
2025-12-13,Economic Data-GDP,,,,,,,,,0.5355,14.0,,,,,,,-0.7852,1.0,,,-0.5139,5.0,,,0.9338,2.0,,,,,,,,,,,,,0.1641,1.0,,,-0.4534,2.0,,,,,,,,,,,,,,,-0.581,4.0,0.0117,1.0
2025-12-13,Economic Data-Housing,-0.4159,2.0,-0.0363,2.0,,,-0.0999,13.0,0.0167,4.0,,,-0.897,1.0,-0.3441,4.0,-0.1498,1.0,,,0.4596,10.0,,,0.1575,2.0,-0.4327,2.0,0.5579,2.0,,,,,,,,,0.9488,1.0,0.0075,6.0,,,0.2665,5.0,0.0349,1.0,0.0151,2.0,0.4768,2.0,,,,,0.219,1.0,0.1229,17.0,0.0317,13.0
2025-12-13,Economic Data-Inflation,,,-0.9052,2.0,,,,,,,,,,,,,,,,,,,,,,,,,,,,,,,,,,,,,,,,,,,,,,,,,,,,,-0.9115,1.0,,,-0.1961,12.0
2025-12-13,Economic Data-Interest Rates,0.0045,1.0,0.1432,5.0,,,,,0.4147,5.0,,,,,,,,,,,-0.1861,5.0,,,,,0.1826,9.0,,,-0.3732,1.0,,,,,,,0.2749,1.0,0.0061,1.0,,,,,,,,,,,,,,,,,0.192,2.0,0.0168,30.0
2025-12-13,Economic Data-Manufacturing,,,,,,,,,,,,,,,,,0.2937,3.0,,,0.1878,1.0,,,,,0.9209,1.0,,,,,,,,,,,,,0.0048,5.0,,,,,,,,,,,,,,,,,,,-0.1953,4.0
2025-12-13,Economic Data-Retail Sales,,,,,,,,,,,,,,,,,0.0017,2.0,,,,,,,,,,,,,,,,,,,,,0.5415,1.0,0.0039,8.0,,,,,,,,,,,,,,,,,0.0086,1.0,0.0204,1.0
2025-12-13,Extreme Weather,-0.0734,7.0,-0.2641,3.0,-0.2038,15.0,-0.0107,3.0,0.1047,45.0,,,,,-0.304,5.0,0.2798,5.0,,,-0.2314,44.0,,,0.4747,2.0,-0.0864,25.0,0.2576,6.0,0.062,22.0,,,,,0.1372,3.0,-0.0473,11.0,0.0069,18.0,-0.1337,5.0,0.0001,1.0,-0.8962,1.0,-0.2444,2.0,-0.1899,27.0,0.0712,1.0,-0.4271,10.0,-0.4266,7.0,-0.0956,14.0,-0.1743,209.0
2025-12-13,Extreme Weather-Cold,,,,,,,0.015,5.0,-0.1302,19.0,-0.0251,1.0,,,,,,,,,0.1209,14.0,0.0121,1.0,,,,,-0.1442,3.0,-0.1929,6.0,,,,,,,,,,,-0.0601,4.0,,,,,,,-0.0003,2.0,,,0.388,1.0,,,0.054,4.0,-0.0846,59.0
2025-12-13,Extreme Weather-Drought,-0.0058,1.0,,,,,0.2601,7.0,0.0092,1.0,,,-0.0014,1.0,,,,,,,0.4579,2.0,,,0.0045,1.0,,,,,-0.7458,1.0,,,,,,,-0.3978,3.0,0.0015,1.0,,,,,-0.0061,1.0,,,0.8242,2.0,,,,,,,0.1575,4.0,-0.0035,4.0
2025-12-13,Extreme Weather-Heat,0.0096,1.0,0.0007,3.0,,,,,0.3563,3.0,,,0.6247,1.0,0.0069,1.0,,,,,-0.1963,4.0,,,,,-0.0045,1.0,0.0323,1.0,0.0126,1.0,,,,,,,0.0011,1.0,,,,,,,,,,,0.0055,1.0,,,0.0069,1.0,,,-0.0295,1.0,-0.7842,2.0
2025-12-13,Fiscal Policy,0.2709,5.0,-0.5724,6.0,0.1752,4.0,0.7145,4.0,0.3745,18.0,-0.1827,3.0,0.2716,1.0,-0.1906,4.0,-0.1636,10.0,,,0.1443,27.0,0.1284,2.0,-0.3412,7.0,,,0.0112,3.0,0.2108,5.0,,,-0.8295,1.0,-0.1862,4.0,-0.2383,5.0,,,-0.1342,4.0,0.9335,1.0,,,-0.4445,3.0,-0.2095,5.0,0.396,3.0,,,-0.1427,9.0,-0.0877,6.0,-0.2093,101.0
2025-12-13,Fiscal Policy-Stimulus Package,-0.6766,1.0,0.016,3.0,0.7364,3.0,-0.6546,6.0,0.6129,9.0,,,,,-0.33,5.0,0.269,4.0,,,0.238,8.0,0.0287,1.0,,,0.9495,1.0,-0.1212,2.0,0.0059,1.0,,,0.0342,3.0,,,0.6334,5.0,,,,,0.0157,1.0,,,0.0218,1.0,,,,,,,0.9408,1.0,0.3057,1.0,-0.0704,32.0
2025-12-13,Monetary Policy,0.0045,1.0,,,,,,,0.3647,13.0,,,,,,,,,,,-0.163,2.0,,,,,0.4221,8.0,,,-0.3732,1.0,,,,,,,,,0.0061,1.0,,,,,,,,,,,,,,,,,-0.4513,4.0,-0.0366,23.0
2025-12-13,Monetary Policy-Interest Rates,,,,,,,,,,,,,,,,,,,,,,,,,,,0.4701,2.0,,,,,,,,,,,,,,,,,,,,,,,,,,,,,,,,,-0.0101,22.0
2025-12-13,Monetary Policy-Quantitative Easing,-0.9141,2.0,,,0.0552,13.0,,,0.1637,5.0,,,,,0.0127,1.0,-0.149,3.0,,,0.9455,8.0,,,,,0.4642,4.0,0.5038,1.0,,,,,,,0.0266,3.0,,,,,-0.1243,20.0,,,,,,,,,,,,,,,0.037,2.0,0.0378,24.0
2025-12-13,Natural Disaster,,,-0.8704,1.0,-0.1563,3.0,-0.8851,1.0,-0.7275,2.0,,,,,,,-0.7739,2.0,,,-0.8284,1.0,,,,,-0.0826,17.0,,,0.0677,10.0,,,,,-0.529,1.0,0.0022,3.0,,,0.0,1.0,,,,,,,-0.8368,1.0,,,-0.2626,7.0,-0.0766,1.0,,,-0.534,43.0
2025-12-13,Pandemic,-0.2895,7.0,-0.0991,11.0,0.0853,17.0,-0.0817,12.0,-0.1066,23.0,,,-0.1146,5.0,0.0152,49.0,-0.3333,27.0,,,-0.0973,45.0,0.4896,4.0,-0.0389,8.0,-0.1977,7.0,-0.2048,4.0,0.0185,11.0,,,-0.1909,4.0,-0.2953,6.0,0.1449,6.0,0.1539,11.0,-0.0976,14.0,-0.2835,4.0,0.0066,2.0,-0.3013,7.0,-0.0961,19.0,,,,,-0.1838,25.0,-0.0985,63.0,-0.1983,192.0
2025-12-13,Politics,0.0512,18.0,-0.0293,26.0,0.2101,26.0,-0.0129,29.0,0.2452,73.0,-0.348,4.0,0.1107,7.0,-0.0036,64.0,-0.1347,83.0,-0.4135,39.0,-0.1513,307.0,-0.117,39.0,0.0357,37.0,-0.2072,24.0,-0.1505,28.0,0.1002,29.0,,,-0.1658,8.0,-0.0424,31.0,0.064,23.0,-0.1228,8.0,-0.097,136.0,-0.0937,5.0,-0.3181,4.0,-0.0399,15.0,-0.171,39.0,0.6055,8.0,0.5551,6.0,0.0099,297.0,-0.0195,78.0,-0.1182,542.0
2025-12-13,Politics-Election,,,,,0.0039,1.0,0.0088,2.0,,,,,0.1007,2.0,,,0.0063,1.0,,,0.3368,69.0,,,,,-0.0011,1.0,,,,,0.0047,1.0,0.0043,4.0,,,0.9364,1.0,,,,,,,,,,,0.0075,4.0,,,,,-0.0986,6.0,,,0.0213,30.0
2025-12-13,Politics-Political Tension,,,,,-0.6867,2.0,-0.2124,6.0,-0.8873,1.0,,,-0.902,1.0,-0.2022,3.0,0.0239,14.0,-0.5206,2.0,-0.231,22.0,-0.3411,5.0,-0.3898,2.0,-0.302,4.0,0.2934,4.0,-0.2713,3.0,,,-0.0753,1.0,-0.0031,3.0,-0.2966,2.0,,,-0.0581,15.0,,,,,-0.1861,5.0,-0.0753,16.0,0.0008,2.0,,,0.0207,92.0,-0.0044,7.0,-0.0351,59.0
2025-12-13,Terrorist Attacks,,,-0.3432,5.0,,,-0.3178,10.0,-0.0286,2.0,,,-0.863,1.0,-0.3341,5.0,-0.512,59.0,,,-0.339,20.0,-0.6002,5.0,-0.7073,3.0,,,-0.059,1.0,-0.4776,1.0,,,-0.8789,2.0,-0.5375,4.0,,,-0.8627,5.0,,,,,-0.7093,4.0,,,-0.2444,4.0,,,-0.8586,1.0,-0.4206,2.0,-0.4412,6.0,-0.4584,318.0
2025-12-13,Wars,0.0062,1.0,0.229,5.0,0.282,2.0,0.304,3.0,0.198,30.0,-0.5008,1.0,-0.3451,2.0,0.3994,8.0,-0.0556,23.0,-0.8945,1.0,0.0103,17.0,-0.2103,88.0,0.0536,10.0,-0.082,20.0,0.1601,3.0,0.0933,6.0,,,0.0653,3.0,-0.0651,21.0,-0.3156,7.0,-0.036,7.0,-0.1091,253.0,-0.0228,3.0,,,,,-0.1459,7.0,0.1269,5.0,-0.2954,12.0,-0.0118,281.0,-0.0822,14.0,0.0076,152.0
2025-12-12,Economic Data,-0.0233,8.0,0.276,15.0,0.4038,29.0,0.0384,40.0,0.1325,277.0,,,0.3297,4.0,-0.1,39.0,-0.1895,64.0,-0.0051,2.0,0.2555,114.0,,,0.0904,10.0,0.2318,52.0,0.8719,15.0,-0.0911,27.0,0.4899,2.0,-0.2042,10.0,-0.7038,2.0,0.1499,69.0,0.0301,96.0,-0.3059,13.0,0.5697,7.0,0.4731,3.0,0.0842,29.0,0.2303,29.0,0.4621,19.0,0.1458,18.0,0.5,2.0,-0.0745,91.0,-0.0213,493.0
2025-12-12,Economic Data-Consumer Spending,,,,,,,,,0.4737,3.0,,,,,,,,,,,,,,,,,,,,,,,,,,,,,0.0177,1.0,,,-0.7951,5.0,,,,,,,,,,,,,,,0.1854,10.0,0.0061,5.0
2025-12-12,Economic Data-Employment,,,-0.1979,3.0,,,0.2742,6.0,-0.436,4.0,,,0.0085,1.0,0.0816,2.0,-0.3987,4.0,,,-0.002,9.0,,,,,0.1322,1.0,-0.5849,4.0,0.0316,1.0,,,0.8053,1.0,-0.8497,1.0,0.4817,3.0,-0.9193,1.0,,,,,-0.0477,6.0,,,-0.016,3.0,,,,,,,0.4823,4.0,-0.137,41.0
2025-12-12,Economic Data-GDP,,,,,,,-0.0001,7.0,0.1378,53.0,,,,,0.0612,3.0,0.2445,6.0,,,0.0107,1.0,,,,,-0.9039,1.0,-0.0111,8.0,,,,,0.9402,1.0,-0.9062,1.0,-0.6198,2.0,,,0.9215,1.0,0.8409,2.0,,,,,,,,,,,,,-0.1815,155.0,-0.3072,7.0
2025-12-12,Economic Data-Housing,-0.9092,2.0,0.1485,4.0,0.2708,4.0,0.1383,30.0,0.2314,37.0,,,,,-0.0593,4.0,0.8902,1.0,,,0.2836,7.0,0.0017,1.0,0.9183,1.0,0.5027,9.0,0.3329,3.0,0.9455,1.0,,,0.006,1.0,0.2212,1.0,0.4937,5.0,0.0078,5.0,0.4349,3.0,,,0.2854,13.0,0.0031,1.0,0.2894,7.0,0.0619,1.0,0.9152,1.0,0.9484,1.0,-0.0897,24.0,0.1808,83.0
2025-12-12,Economic Data-Inflation,0.0684,2.0,,,,,,,-0.3879,12.0,,,,,0.5777,41.0,0.4152,60.0,,,0.4153,18.0,,,-0.9037,1.0,0.0362,4.0,,,-0.0006,2.0,,,,,,,0.8351,2.0,0.0054,1.0,,,,,,,0.2076,1.0,0.2797,23.0,,,,,,,-0.4588,2.0,0.0147,46.0
2025-12-12,Economic Data-Interest Rates,-0.0178,1.0,0.062,3.0,-0.0376,6.0,0.0953,4.0,-0.0731,28.0,,,,,0.0039,1.0,0.2843,33.0,,,0.1951,22.0,,,0.0162,1.0,0.3937,40.0,-0.719,1.0,-0.32,2.0,,,0.0118,1.0,-0.158,3.0,-0.1787,13.0,-0.3833,7.0,0.194,2.0,,,0.1787,3.0,0.0783,2.0,0.3225,2.0,,,-0.3928,7.0,,,0.1335,48.0,-0.0228,209.0
2025-12-12,Economic Data-Manufacturing,,,,,0.9522,2.0,0.4783,9.0,0.3338,11.0,,,,,,,0.9179,4.0,,,0.5241,10.0,,,,,0.4744,22.0,,,0.9065,2.0,0.8707,8.0,,,,,0.0433,8.0,0.0041,14.0,,,0.0369,1.0,,,0.9405,1.0,,,0.5856,2.0,,,,,0.3794,23.0,0.4059,21.0
2025-12-12,Economic Data-Retail Sales,,,,,,,0.839,16.0,0.327,3.0,,,,,-0.0054,1.0,,,,,0.3325,3.0,,,,,,,,,,,,,,,,,0.0839,1.0,0.0029,8.0,,,,,0.0036,3.0,,,,,,,,,,,0.3084,11.0,0.2416,7.0
2025-12-12,Extreme Weather,0.2648,2.0,0.078,10.0,-0.4514,30.0,-0.0347,18.0,0.0891,75.0,,,-0.1977,5.0,-0.1102,13.0,-0.0976,7.0,,,-0.2102,26.0,-0.6397,4.0,0.3352,16.0,-0.1419,507.0,-0.3301,5.0,0.0175,20.0,,,,,-0.7844,1.0,-0.1682,15.0,0.0039,11.0,-0.2776,3.0,-0.1709,2.0,-0.4373,2.0,-0.2595,5.0,-0.0443,30.0,-0.0015,1.0,-0.2221,11.0,-0.5684,22.0,-0.1765,20.0,-0.3335,265.0
2025-12-12,Extreme Weather-Cold,,,,,,,-0.2981,11.0,-0.0575,27.0,,,,,-0.0378,2.0,0.002,2.0,,,-0.0195,15.0,,,,,0.0132,2.0,0.0049,3.0,-0.0117,5.0,,,,,,,-0.5637,2.0,0.0023,1.0,-0.3516,5.0,,,,,0.652,1.0,,,-0.0664,1.0,,,-0.6122,4.0,0.2719,1.0,-0.0549,87.0
2025-12-12,Extreme Weather-Drought,-0.005,1.0,0.337,6.0,-0.1848,2.0,,,-0.4425,5.0,,,,,,,,,,,-0.235,5.0,0.7268,2.0,0.6113,4.0,,,,,-0.4577,2.0,,,0.1982,1.0,-0.0541,1.0,0.203,4.0,,,,,0.5976,5.0,,,-0.8562,1.0,,,,,,,,,-0.0033,4.0,-0.216,5.0
2025-12-12,Extreme Weather-Heat,0.9303,2.0,-0.366,2.0,-0.889,1.0,,,-0.2171,3.0,,,,,-0.0127,1.0,-0.7416,1.0,,,0.1574,4.0,,,0.0013,1.0,0.0284,4.0,,,0.0631,2.0,,,,,,,0.2419,2.0,,,0.0004,1.0,-0.0053,1.0,,,,,-0.0036,5.0,,,0.002,1.0,,,,,0.389,6.0
2025-12-12,Fiscal Policy,-0.0089,8.0,0.0933,8.0,0.0935,14.0,0.0718,22.0,0.2186,79.0,,,,,0.1029,20.0,0.1681,17.0,-0.7514,1.0,0.2595,44.0,0.2533,1.0,-0.2252,40.0,0.1348,7.0,0.21,7.0,-0.1427,14.0,,,0.0894,8.0,-0.4362,11.0,0.1815,39.0,0.0176,6.0,-0.4409,15.0,0.94,8.0,,,0.0029,6.0,0.0593,11.0,-0.124,6.0,,,0.0023,23.0,-0.2999,23.0,0.033,202.0
2025-12-12,Fiscal Policy-Stimulus Package,-0.8622,1.0,,,0.0497,4.0,0.2615,14.0,0.4671,23.0,,,,,-0.0981,5.0,-0.287,2.0,,,0.2699,11.0,0.0202,3.0,-0.4239,10.0,0.0479,2.0,-0.1979,4.0,0.353,8.0,0.0737,1.0,0.0139,2.0,0.0949,9.0,0.1484,6.0,,,,,0.4431,2.0,,,0.0118,2.0,0.2758,3.0,0.5325,6.0,,,,,-0.4557,12.0,-0.0877,69.0
2025-12-12,Monetary Policy,-0.0178,1.0,0.2226,2.0,-0.0257,7.0,0.1397,3.0,0.0107,38.0,,,,,,,0.3781,10.0,,,0.2097,21.0,,,,,0.1988,37.0,-0.719,1.0,0.0094,1.0,,,0.0118,1.0,-0.1116,4.0,-0.1364,12.0,-0.3833,7.0,0.0068,1.0,,,0.1787,3.0,0.0035,1.0,0.3225,2.0,,,-0.2974,8.0,,,-0.0286,41.0,-0.0863,179.0
2025-12-12,Monetary Policy-Interest Rates,,,,,0.9003,1.0,,,,,,,,,,,0.0242,10.0,,,,,,,,,0.7459,17.0,,,-0.6494,1.0,,,,,,,-0.7775,1.0,-0.206,2.0,0.3811,1.0,,,,,,,,,,,-0.1292,1.0,,,-0.4515,8.0,-0.1253,63.0
2025-12-12,Monetary Policy-Quantitative Easing,-0.4582,2.0,0.8889,3.0,,,0.0761,1.0,0.6591,63.0,0.0097,2.0,,,0.1405,1.0,0.1703,35.0,,,-0.0482,33.0,,,-0.0164,1.0,0.1676,13.0,-0.8318,1.0,0.9146,1.0,,,-0.4448,2.0,0.23,9.0,0.0356,8.0,,,-0.3976,54.0,0.9208,1.0,0.1119,2.0,0.3189,4.0,0.0024,3.0,,,0.0902,2.0,,,0.1704,34.0,-0.0281,132.0
2025-12-12,Natural Disaster,,,,,-0.9175,1.0,-0.8535,2.0,-0.8054,1.0,,,-0.9125,1.0,,,,,,,,,,,,,-0.1808,499.0,,,-0.0023,6.0,,,,,,,-0.2767,5.0,,,-0.0013,1.0,,,,,-0.7854,2.0,,,,,-0.4465,8.0,-0.6634,15.0,-0.8043,2.0,-0.5758,81.0
2025-12-12,Oil Spills,,,,,,,,,,,,,,,,,,,,,,,,,,,,,,,,,,,,,,,,,,,-0.573,2.0,,,,,,,,,,,,,-0.9094,2.0,,,,
2025-12-12,Pandemic,-0.2156,8.0,-0.094,28.0,0.1655,23.0,0.0071,35.0,0.0191,137.0,-0.0012,2.0,-0.0425,6.0,-0.2376,83.0,-0.0091,39.0,-0.7965,2.0,-0.0804,119.0,0.1723,5.0,-0.5738,60.0,-0.0421,27.0,-0.1032,7.0,-0.1379,27.0,-0.0009,2.0,0.4008,10.0,-0.1476,9.0,0.1138,40.0,-0.0326,18.0,-0.4293,23.0,-0.0265,6.0,-0.1036,12.0,0.0468,10.0,-0.295,55.0,0.2516,11.0,-0.0081,1.0,-0.1085,17.0,-0.1651,131.0,-0.0728,380.0
2025-12-12,Politics,-0.0733,22.0,-0.104,86.0,0.018,69.0,0.0544,118.0,0.0341,238.0,0.0062,1.0,0.2667,6.0,-0.0124,113.0,-0.1036,70.0,-0.2648,15.0,0.076,274.0,-0.1583,40.0,-0.2197,158.0,0.1273,47.0,-0.2495,63.0,-0.0323,60.0,0.0377,2.0,-0.0289,47.0,-0.2786,68.0,0.1296,79.0,-0.2833,15.0,-0.0801,305.0,0.2439,23.0,-0.1036,5.0,-0.049,27.0,-0.2087,78.0,0.2022,41.0,0.1831,11.0,-0.0466,579.0,-0.1373,198.0,-0.0514,1025.0
2025-12-12,Politics-Election,,,,,-0.2522,2.0,,,-0.673,1.0,,,,,0.0034,2.0,,,,,-0.0246,28.0,0.6383,1.0,,,0.0021,1.0,,,,,,,0.5795,1.0,0.0121,2.0,0.5357,1.0,,,,,,,,,-0.4459,2.0,0.005,4.0,,,,,0.1904,23.0,0.0177,2.0,0.0312,33.0
2025-12-12,Politics-Political Tension,-0.0119,5.0,,,-0.3517,13.0,0.0634,4.0,0.081,16.0,-0.017,1.0,-0.0057,3.0,-0.0902,7.0,0.1732,4.0,-0.0125,4.0,-0.1355,53.0,-0.1856,12.0,-0.2412,10.0,0.0434,4.0,-0.4133,3.0,-0.4495,2.0,0.0359,1.0,-0.4223,2.0,-0.0535,4.0,-0.0255,6.0,,,-0.0838,46.0,,,0.945,1.0,0.0283,3.0,-0.3204,22.0,0.0145,7.0,-0.1917,1.0,-0.1125,160.0,-0.1022,11.0,-0.1373,91.0
2025-12-12,Terrorist Attacks,-0.6299,7.0,-0.0166,4.0,-0.1141,3.0,-0.3074,9.0,-0.6059,2.0,,,,,-0.0833,8.0,-0.5637,13.0,-0.3277,1.0,-0.2313,30.0,-0.0267,2.0,-0.3153,3.0,,,-0.783,1.0,-0.7686,5.0,,,-0.438,2.0,-0.7176,11.0,0.2961,2.0,,,-0.4181,8.0,,,,,-0.0178,1.0,-0.4182,3.0,,,,,-0.838,2.0,-0.2097,22.0,-0.2899,120.0
2025-12-12,Wars,0.0068,1.0,0.629,39.0,,,0.4717,5.0,0.0996,66.0,-0.9107,1.0,0.0174,4.0,0.0267,13.0,0.1355,25.0,0.0102,4.0,0.0848,19.0,0.0051,35.0,0.3116,6.0,-0.0069,29.0,0.0686,7.0,0.3104,6.0,,,0.0465,5.0,-0.1887,22.0,0.0817,7.0,0.4415,6.0,-0.0265,353.0,0.1964,5.0,,,,,0.0265,5.0,0.1586,4.0,0.0542,9.0,-0.028,488.0,0.1434,45.0,-0.0078,201.0
2025-12-11,Economic Data,0.3386,17.0,0.0581,17.0,-0.1018,16.0,-0.0656,95.0,0.1981,271.0,-0.9173,1.0,0.2796,5.0,-0.0375,25.0,-0.2136,43.0,0.4419,14.0,0.3651,92.0,0.1068,5.0,0.2142,25.0,0.2519,50.0,0.4678,18.0,0.4763,18.0,0.4272,10.0,0.136,2.0,0.0066,2.0,0.1514,49.0,0.0388,137.0,-0.0178,23.0,0.2164,10.0,0.3046,7.0,-0.0277,23.0,0.2239,36.0,0.2068,15.0,0.1801,9.0,0.2138,10.0,-0.1438,62.0,-0.0441,659.0
2025-12-11,Economic Data-Consumer Spending,,,0.9085,4.0,,,0.7602,11.0,0.0527,10.0,,,,,,,,,,,0.4591,2.0,,,,,,,,,,,,,,,,,,,0.0028,2.0,,,,,-0.0071,1.0,,,0.9479,1.0,,,,,,,0.0086,1.0,0.7536,5.0
2025-12-11,Economic Data-Employment,0.0171,6.0,-0.4573,43.0,-0.4515,2.0,0.1788,5.0,0.2285,12.0,,,,,0.6959,3.0,-0.2119,3.0,,,0.3182,9.0,,,,,0.5691,3.0,0.9496,2.0,0.5954,1.0,-0.2298,5.0,,,-0.0046,1.0,-0.4129,7.0,0.0036,2.0,0.0033,3.0,0.9325,1.0,0.845,14.0,0.5655,8.0,-0.1118,3.0,-0.046,1.0,,,,,-0.4003,5.0,0.1261,181.0
2025-12-11,Economic Data-GDP,,,,,,,0.4023,4.0,0.0827,25.0,0.9445,1.0,,,0.4744,2.0,-0.6553,44.0,0.6689,2.0,-0.2585,2.0,,,,,0.8443,2.0,-0.9228,1.0,0.0159,1.0,0.9458,4.0,0.9478,1.0,,,-0.2508,4.0,,,,,,,,,,,,,,,,,,,0.2952,3.0,0.4156,20.0
2025-12-11,Economic Data-Housing,0.0046,2.0,-0.8919,2.0,0.9035,10.0,-0.2512,28.0,0.0871,39.0,,,0.4968,2.0,,,0.0419,4.0,,,0.5507,8.0,,,-0.1104,5.0,0.008,7.0,0.4482,5.0,0.9358,1.0,-0.2258,1.0,,,,,0.3189,3.0,0.0512,11.0,,,,,0.1268,2.0,0.1586,2.0,,,0.4343,2.0,0.8225,1.0,,,0.1616,40.0,0.0521,69.0
2025-12-11,Economic Data-Inflation,0.3268,30.0,,,0.9508,1.0,,,0.0494,15.0,,,0.9479,1.0,,,,,-0.0161,4.0,,,,,0.2521,1.0,-0.181,5.0,,,,,,,,,,,0.9374,3.0,0.0054,1.0,-0.6444,4.0,,,,,,,0.873,1.0,,,-0.763,3.0,,,-0.0022,2.0,-0.251,32.0
2025-12-11,Economic Data-Interest Rates,0.5448,2.0,0.3004,11.0,-0.0925,17.0,0.2221,32.0,0.0907,16.0,-0.2715,10.0,,,-0.0351,9.0,-0.0659,23.0,,,0.1545,20.0,0.8515,1.0,0.3875,5.0,0.0711,60.0,0.1931,9.0,0.2908,2.0,0.0152,1.0,,,,,-0.198,52.0,-0.3051,3.0,,,-0.5288,10.0,0.313,7.0,0.0076,1.0,0.4909,2.0,0.8114,1.0,-0.607,42.0,0.0475,10.0,-0.1987,37.0,-0.0679,676.0
2025-12-11,Economic Data-Manufacturing,,,,,,,0.0171,5.0,0.3361,10.0,,,,,,,0.9489,1.0,,,0.6479,5.0,-0.8266,1.0,-0.918,1.0,0.5701,4.0,,,,,0.9418,7.0,,,,,0.8289,7.0,0.0052,19.0,,,0.7142,4.0,,,0.8528,13.0,,,0.0681,2.0,,,,,,,-0.2033,4.0
2025-12-11,Economic Data-Retail Sales,,,0.0042,1.0,0.8412,10.0,0.8749,12.0,0.5751,9.0,,,,,0.0058,1.0,-0.7255,2.0,,,0.5482,5.0,,,,,0.7418,2.0,,,0.2669,5.0,,,,,,,,,0.1204,13.0,,,,,-0.7563,1.0,0.9358,2.0,0.9489,1.0,0.9503,1.0,0.9409,2.0,,,0.0411,2.0,0.3834,43.0
2025-12-11,Extreme Weather,-0.3013,4.0,-0.17,12.0,-0.4804,51.0,-0.1112,15.0,0.1916,29.0,,,,,-0.0239,7.0,-0.4377,17.0,0.0055,2.0,-0.3072,33.0,-0.9092,2.0,0.2327,57.0,-0.2599,58.0,-0.1229,5.0,0.1856,8.0,,,-0.1723,1.0,-0.5968,4.0,-0.0539,13.0,0.0343,16.0,-0.3237,10.0,-0.4081,11.0,,,-0.1604,6.0,-0.0195,24.0,0.2823,9.0,-0.3182,5.0,-0.2355,6.0,-0.0047,18.0,-0.2454,201.0
2025-12-11,Extreme Weather-Cold,,,,,,,0.1223,6.0,-0.0734,25.0,0.0074,1.0,-0.0023,1.0,,,0.53,1.0,,,-0.3304,12.0,,,0.8741,1.0,-0.01,2.0,0.0069,1.0,-0.0041,4.0,,,,,,,-0.2648,9.0,,,-0.0005,1.0,,,,,,,-0.0273,3.0,-0.4019,1.0,,,-0.0058,1.0,-0.2136,5.0,-0.1246,75.0
2025-12-11,Extreme Weather-Drought,,,0.0135,4.0,0.1019,3.0,0.0025,3.0,,,,,,,-0.0302,2.0,,,,,0.2105,5.0,,,0.9368,11.0,,,,,0.2006,4.0,,,,,,,0.1378,2.0,0.3131,5.0,,,0.4016,4.0,,,-0.2872,3.0,-0.0039,1.0,,,,,,,-0.0138,2.0,0.198,10.0
2025-12-11,Extreme Weather-Heat,-0.0325,1.0,0.0049,1.0,,,,,0.4992,2.0,,,,,,,,,,,-0.3019,2.0,,,0.0021,4.0,0.3259,3.0,,,,,,,0.3606,1.0,,,0.0295,1.0,0.0032,2.0,-0.8883,1.0,,,,,0.0742,2.0,-0.0107,3.0,0.0877,1.0,,,0.0117,5.0,-0.6683,4.0,-0.0006,8.0
2025-12-11,Fiscal Policy,0.1115,19.0,-0.0518,25.0,0.144,23.0,0.0209,28.0,0.2808,61.0,-0.0578,4.0,,,-0.0312,26.0,-0.246,19.0,0.0143,2.0,0.1313,66.0,,,0.1542,15.0,0.1054,10.0,0.0874,7.0,0.3987,15.0,,,0.1707,4.0,0.0005,7.0,0.4357,34.0,-0.3334,3.0,0.1909,10.0,0.3324,4.0,-0.0448,2.0,0.6144,6.0,0.0991,9.0,-0.1996,10.0,,,0.0544,26.0,-0.2074,37.0,-0.044,315.0
2025-12-11,Fiscal Policy-Stimulus Package,,,-0.4469,3.0,0.3238,5.0,0.6113,11.0,0.2457,39.0,,,0.9263,2.0,-0.1388,29.0,0.3767,8.0,,,0.4131,7.0,,,0.0283,3.0,0.3386,30.0,,,0.0123,3.0,,,0.4844,2.0,0.5095,5.0,0.2473,14.0,0.0134,2.0,0.1455,4.0,,,0.0223,1.0,0.1866,3.0,-0.0103,5.0,0.9204,1.0,,,0.6102,11.0,-0.2642,24.0,-0.01,134.0
2025-12-11,Monetary Policy,0.0781,2.0,0.3485,6.0,0.0151,11.0,0.2375,22.0,0.0901,25.0,-0.224,7.0,,,-0.1062,7.0,0.0842,57.0,,,0.0875,35.0,,,0.9434,2.0,0.019,48.0,0.7097,3.0,,,,,,,-0.3558,2.0,-0.1963,43.0,0.0039,1.0,,,-0.5005,7.0,0.4719,11.0,0.0122,1.0,0.9485,1.0,0.8114,1.0,-0.61,33.0,0.1628,8.0,-0.3613,26.0,-0.0649,510.0
2025-12-11,Monetary Policy-Interest Rates,,,0.0376,1.0,-0.0032,2.0,0.0165,14.0,,,-0.1236,4.0,,,,,,,,,0.6381,2.0,-0.5982,2.0,,,0.0087,13.0,0.3771,4.0,-0.0358,1.0,,,,,,,-0.3274,13.0,,,,,0.2202,4.0,0.9355,2.0,,,,,,,-0.3259,10.0,-0.4139,2.0,-0.0648,10.0,-0.0588,218.0
2025-12-11,Monetary Policy-Quantitative Easing,0.94,1.0,0.0052,3.0,0.3023,4.0,0.0525,2.0,0.0138,30.0,-0.1682,2.0,,,,,0.1759,36.0,,,0.0509,31.0,0.0432,1.0,0.4417,15.0,0.0366,15.0,0.6354,3.0,-0.0001,3.0,,,0.2476,1.0,,,0.0596,1.0,0.0113,1.0,0.294,30.0,0.3107,4.0,0.0368,2.0,0.9354,1.0,0.0029,1.0,,,0.0068,3.0,0.0088,2.0,0.063,29.0,-0.0092,263.0
2025-12-11,Natural Disaster,,,-0.8929,4.0,-0.5313,6.0,-0.8898,3.0,-0.3294,3.0,,,,,,,0.0109,1.0,,,,,-0.9092,2.0,,,-0.329,42.0,-0.8024,3.0,0.2083,5.0,,,,,,,-0.007,2.0,,,-0.4466,2.0,-0.8271,2.0,,,-0.8948,1.0,-0.0291,1.0,-0.225,1.0,-0.7944,2.0,-0.8937,2.0,-0.0672,1.0,-0.6678,33.0
2025-12-11,Oil Spills,,,,,,,,,,,,,,,,,-0.6735,19.0,,,,,,,,,,,,,,,,,,,,,,,,,,,,,,,,,,,,,,,,,,,0.0035,2.0
2025-12-11,Pandemic,-0.0666,8.0,0.0822,74.0,-0.044,27.0,0.2625,39.0,0.3339,127.0,-0.0361,5.0,0.02,19.0,-0.1187,52.0,-0.2033,25.0,0.3252,3.0,0.0169,91.0,-0.1356,10.0,0.0134,28.0,-0.1005,29.0,0.1835,11.0,0.1064,25.0,0.3283,4.0,0.1982,12.0,-0.567,7.0,-0.0923,53.0,0.0076,19.0,-0.3195,33.0,-0.1752,5.0,-0.0084,8.0,-0.2815,24.0,-0.0411,27.0,0.183,12.0,-0.875,1.0,-0.1603,38.0,-0.1818,122.0,0.0216,529.0
2025-12-11,Politics,0.0047,43.0,-0.0989,89.0,-0.0033,72.0,0.07,82.0,0.0017,256.0,0.1722,7.0,0.1106,9.0,-0.0649,136.0,-0.1069,135.0,-0.1091,56.0,-0.0134,270.0,-0.1262,72.0,0.0938,47.0,0.0811,94.0,-0.1928,119.0,0.229,45.0,0.4641,3.0,0.0151,25.0,-0.0736,50.0,0.0886,60.0,-0.1482,33.0,0.0661,266.0,-0.0057,20.0,0.2216,9.0,0.0777,24.0,-0.1,68.0,-0.0521,23.0,-0.0428,11.0,-0.0218,633.0,-0.0897,215.0,-0.083,1559.0
2025-12-11,Politics-Election,,,0.9231,1.0,-0.1255,4.0,-0.4086,2.0,0.0655,1.0,,,-0.3976,5.0,0.0198,1.0,-0.0573,4.0,,,0.2254,30.0,,,,,,,0.048,1.0,,,,,0.6011,1.0,-0.4101,1.0,-0.0992,1.0,,,0.0483,7.0,,,,,,,0.0133,2.0,,,,,0.0307,58.0,,,0.149,40.0
2025-12-11,Politics-Political Tension,-0.572,3.0,-0.308,3.0,-0.0075,20.0,-0.3298,5.0,0.304,9.0,,,,,-0.3286,8.0,-0.122,13.0,0.4489,4.0,-0.1218,67.0,-0.2303,9.0,-0.0015,1.0,-0.1597,4.0,-0.3954,4.0,-0.0137,2.0,,,0.2315,3.0,-0.3348,6.0,0.0437,5.0,-0.0843,2.0,0.0276,42.0,0.0221,1.0,0.0008,1.0,0.0159,2.0,-0.1371,5.0,-0.4562,4.0,,,-0.1257,167.0,-0.0828,20.0,-0.1145,179.0
2025-12-11,Terrorist Attacks,-0.7557,4.0,-0.3663,6.0,-0.6887,2.0,-0.5542,24.0,-0.8605,2.0,,,,,-0.2191,6.0,-0.5519,7.0,,,-0.363,17.0,-0.187,1.0,-0.2267,5.0,-0.0235,1.0,-0.2185,2.0,-0.6276,4.0,,,-0.4979,9.0,-0.5404,4.0,-0.4681,3.0,-0.6608,4.0,-0.5292,12.0,,,,,-0.0073,1.0,-0.4247,3.0,,,-0.2227,1.0,-0.3085,13.0,-0.2612,29.0,-0.4367,116.0
2025-12-11,Wars,-0.2133,8.0,0.0917,8.0,0.318,3.0,0.8435,2.0,0.1479,63.0,,,0.2829,3.0,-0.0801,17.0,0.0334,43.0,-0.0323,1.0,0.4035,16.0,-0.0619,89.0,0.2412,4.0,-0.0448,38.0,0.1097,10.0,0.1402,4.0,,,0.0242,2.0,-0.2173,21.0,0.0814,21.0,-0.1514,15.0,-0.0359,438.0,-0.0467,14.0,,,-0.0045,2.0,-0.1059,12.0,0.1606,8.0,-0.0893,6.0,-0.0695,503.0,0.0068,17.0,-0.0607,238.0
2025-12-10,Economic Data,-0.2728,5.0,0.1788,28.0,0.0282,46.0,0.0916,53.0,0.0923,460.0,-0.2793,12.0,0.0164,21.0,-0.1447,60.0,0.1603,71.0,-0.2341,9.0,0.345,100.0,0.6754,3.0,-0.0343,51.0,0.058,62.0,0.2936,10.0,0.3804,26.0,,,0.036,10.0,-0.3944,8.0,0.1049,5.0,-0.0398,40.0,-0.2531,29.0,0.5596,24.0,0.1483,6.0,0.29,15.0,0.321,17.0,0.3965,15.0,-0.0517,14.0,-0.1983,9.0,0.147,56.0,0.039,746.0
2025-12-10,Economic Data-Consumer Spending,0.434,1.0,,,,,-0.5647,5.0,0.3815,13.0,,,,,-0.6621,2.0,,,,,,,,,-0.9222,1.0,-0.9219,1.0,,,0.0743,1.0,,,,,,,,,0.0026,1.0,-0.6455,2.0,,,,,0.917,1.0,,,,,,,,,0.6566,2.0,0.8313,7.0
2025-12-10,Economic Data-Employment,0.4713,3.0,0.115,4.0,-0.0356,6.0,0.3328,13.0,-0.2392,8.0,,,,,0.0105,4.0,-0.4554,2.0,,,0.4283,15.0,,,0.6448,2.0,-0.9076,1.0,0.1002,11.0,-0.8772,3.0,0.949,1.0,,,,,0.871,3.0,0.003,1.0,-0.8925,6.0,,,-0.5469,2.0,,,,,-0.9115,1.0,,,-0.3775,1.0,0.0714,5.0,-0.2939,101.0
2025-12-10,Economic Data-GDP,0.2955,3.0,,,-0.2974,2.0,-0.158,2.0,0.5907,110.0,,,0.8465,1.0,0.6592,13.0,0.2471,7.0,,,0.9004,6.0,,,-0.9236,1.0,-0.7995,3.0,,,0.8941,6.0,,,0.9308,2.0,0.0189,1.0,-0.404,1.0,0.9397,2.0,0.9446,2.0,,,,,0.7622,2.0,,,0.9236,1.0,,,0.9479,5.0,0.6965,2.0,0.1788,35.0
2025-12-10,Economic Data-Housing,0.9444,1.0,0.4474,12.0,,,0.1508,16.0,0.2392,56.0,0.4632,2.0,0.4903,7.0,0.0139,3.0,0.0016,14.0,,,0.1128,7.0,0.8986,3.0,,,0.3812,6.0,-0.5911,4.0,0.4656,2.0,0.3882,4.0,,,,,,,0.2673,7.0,0.4266,2.0,0.8883,3.0,0.6887,3.0,0.6561,4.0,,,0.3214,3.0,,,,,0.0495,32.0,0.3297,105.0
2025-12-10,Economic Data-Inflation,0.0768,9.0,,,-0.7349,8.0,,,0.2885,99.0,-0.4435,4.0,0.4919,5.0,,,,,,,,,,,,,0.508,10.0,,,0.8347,1.0,,,,,,,,,0.0054,1.0,-0.8517,10.0,,,,,0.0304,1.0,,,,,-0.9165,1.0,0.7597,1.0,0.0719,2.0,-0.1697,45.0
2025-12-10,Economic Data-Interest Rates,0.9445,1.0,-0.2096,19.0,-0.372,26.0,0.2177,124.0,-0.2869,7.0,,,-0.8355,1.0,0.9202,1.0,0.0824,52.0,0.0165,6.0,0.2733,5.0,,,0.3212,7.0,0.0962,30.0,-0.3015,6.0,0.1681,5.0,,,,,-0.0536,1.0,0.8886,1.0,-0.3974,7.0,-0.4132,9.0,-0.7017,13.0,,,,,-0.8955,1.0,,,-0.3287,5.0,0.7228,2.0,0.0551,24.0,-0.0875,1382.0
2025-12-10,Economic Data-Manufacturing,,,0.1044,1.0,,,,,-0.1438,22.0,,,,,0.0057,6.0,0.3925,24.0,,,0.6873,10.0,,,-0.9105,23.0,,,,,0.9516,1.0,0.9461,1.0,0.01,1.0,0.0805,1.0,,,0.0032,3.0,,,0.8638,5.0,,,,,,,-0.0727,7.0,,,0.9487,1.0,0.683,7.0,0.4245,16.0
2025-12-10,Economic Data-Retail Sales,0.434,1.0,0.7868,2.0,,,,,0.213,4.0,,,,,0.005,3.0,,,,,0.5719,10.0,,,0.8163,2.0,0.945,1.0,,,0.7495,1.0,,,0.95,2.0,,,,,0.0042,5.0,0.5911,2.0,,,,,0.8329,10.0,,,,,,,0.0186,1.0,-0.0131,2.0,0.3681,15.0
2025-12-10,Extreme Weather,-0.0012,5.0,-0.1352,11.0,-0.5375,21.0,0.0028,20.0,0.1734,22.0,,,,,-0.0213,22.0,-0.0912,8.0,0.0077,2.0,0.1228,20.0,-0.5079,5.0,0.0273,8.0,-0.3144,175.0,-0.3704,4.0,-0.0608,22.0,,,,,-0.0847,1.0,-0.0457,7.0,0.0048,14.0,-0.3148,13.0,-0.4858,11.0,,,-0.5031,2.0,0.0354,35.0,0.7199,1.0,,,-0.587,4.0,-0.1913,26.0,-0.1354,167.0
2025-12-10,Extreme Weather-Cold,,,,,,,0.0456,7.0,-0.0948,20.0,,,0.1295,1.0,0.0047,1.0,,,,,-0.1233,16.0,,,,,0.283,4.0,-0.2952,1.0,-0.2482,6.0,,,,,,,,,,,-0.0151,1.0,,,,,,,,,,,,,,,-0.2735,3.0,-0.0762,74.0
2025-12-10,Extreme Weather-Drought,,,,,-0.9187,5.0,-0.6289,3.0,,,,,0.008,2.0,-0.0153,1.0,-0.0052,1.0,,,0.0391,9.0,,,0.9236,6.0,0.0749,1.0,,,-0.2282,4.0,0.0001,1.0,,,-0.7096,1.0,-0.1046,4.0,,,,,0.4207,6.0,,,,,-0.1503,4.0,0.8795,2.0,-0.0852,2.0,,,-0.2908,2.0,0.0551,12.0
2025-12-10,Extreme Weather-Heat,,,-0.0031,2.0,-0.0416,1.0,,,,,,,,,-0.0231,1.0,-0.007,1.0,,,-0.2823,4.0,,,0.0026,3.0,,,,,-0.004,1.0,,,,,,,0.0018,1.0,,,0.005,1.0,,,,,-0.2378,1.0,0.3861,3.0,,,-0.0016,1.0,,,0.0199,1.0,0.4605,2.0
2025-12-10,Fiscal Policy,0.0891,16.0,-0.0359,10.0,0.3876,66.0,0.1575,18.0,0.2874,84.0,-0.1081,3.0,0.0024,1.0,0.0655,54.0,-0.0624,22.0,0.514,8.0,0.1301,36.0,0.0117,5.0,0.4513,21.0,0.0269,13.0,0.6914,10.0,0.2516,13.0,0.0159,1.0,-0.5746,3.0,-0.2728,11.0,0.2828,22.0,0.6497,5.0,-0.0212,3.0,0.2469,4.0,0.147,2.0,0.452,10.0,-0.125,2.0,0.029,3.0,,,-0.1178,18.0,-0.1655,48.0,-0.0046,271.0
2025-12-10,Fiscal Policy-Stimulus Package,0.9348,4.0,0.0383,8.0,0.3267,11.0,0.0701,8.0,0.2641,11.0,,,0.0399,1.0,0.0222,26.0,-0.0718,13.0,0.0082,1.0,0.3883,16.0,0.9173,1.0,-0.7922,1.0,0.1246,4.0,0.172,4.0,-0.1666,2.0,,,0.3366,3.0,0.3016,1.0,-0.2554,7.0,-0.8206,1.0,0.0161,4.0,0.1502,3.0,0.9136,2.0,0.2023,1.0,0.0425,6.0,0.0774,2.0,,,0.0357,17.0,-0.1428,21.0,-0.0399,139.0
2025-12-10,Monetary Policy,0.4068,4.0,-0.1636,8.0,-0.3705,19.0,0.2128,76.0,0.0337,2.0,,,-0.8355,1.0,0.6222,3.0,0.2245,68.0,0.0156,7.0,0.1982,7.0,,,-0.4432,4.0,0.0662,15.0,-0.4514,5.0,0.2531,14.0,-0.0005,1.0,0.9279,1.0,-0.0536,1.0,0.8886,1.0,-0.6326,8.0,-0.1632,13.0,-0.3107,14.0,0.0032,1.0,,,,,,,-0.3287,5.0,0.3989,4.0,-0.0105,12.0,-0.1116,1035.0
2025-12-10,Monetary Policy-Interest Rates,,,-0.1198,13.0,-0.4213,13.0,0.0103,47.0,,,,,,,,,0.2095,15.0,,,,,0.6754,3.0,,,0.0163,5.0,,,-0.0544,1.0,,,,,,,,,-0.3014,8.0,,,-0.8616,1.0,,,,,-0.8955,1.0,,,-0.185,2.0,,,0.0013,1.0,-0.1463,594.0
2025-12-10,Monetary Policy-Quantitative Easing,0.0054,1.0,0.0506,3.0,0.3802,17.0,-0.0336,10.0,0.2485,28.0,-0.2074,1.0,,,0.0277,6.0,0.4365,34.0,,,0.2483,19.0,,,,,0.0182,17.0,0.0549,7.0,0.3141,7.0,,,0.8569,1.0,0.2151,1.0,0.0123,1.0,-0.3035,5.0,-0.1173,20.0,0.9449,2.0,,,0.9448,3.0,0.0028,1.0,0.0733,1.0,-0.0084,1.0,,,0.1471,36.0,0.0216,411.0
2025-12-10,Natural Disaster,,,-0.2132,1.0,-0.8962,3.0,,,,,,,,,,,-0.4835,1.0,,,-0.8424,1.0,,,,,-0.2801,159.0,,,0.0039,6.0,,,,,,,-0.0046,2.0,,,-0.1171,2.0,-0.7743,2.0,,,-0.8831,1.0,0.042,4.0,,,,,,,-0.7604,4.0,-0.4117,12.0
2025-12-10,Oil Spills,,,,,,,,,,,,,,,0.007,1.0,-0.6701,32.0,,,,,,,,,,,,,,,,,,,,,,,,,,,,,,,,,,,-0.8958,1.0,,,,,,,,
2025-12-10,Pandemic,-0.1738,5.0,0.0289,145.0,0.0101,45.0,-0.0137,67.0,0.171,87.0,-0.0008,2.0,-0.3568,3.0,-0.1344,51.0,-0.095,45.0,-0.4087,7.0,0.0161,80.0,-0.0431,11.0,0.2237,17.0,-0.0701,20.0,-0.2527,12.0,-0.0406,54.0,0.0314,6.0,-0.2745,8.0,0.1224,3.0,-0.2541,7.0,0.0008,15.0,0.038,13.0,0.2797,7.0,0.2003,10.0,0.0082,13.0,-0.1249,17.0,-0.0825,16.0,-0.1368,3.0,-0.0092,44.0,-0.1109,154.0,-0.0533,392.0
2025-12-10,Politics,-0.0142,39.0,0.0762,59.0,0.1629,280.0,0.0796,71.0,-0.0215,254.0,-0.0169,22.0,0.0261,6.0,-0.0776,246.0,-0.0767,129.0,0.1026,38.0,0.0236,234.0,-0.1046,67.0,-0.0566,67.0,-0.2323,32.0,-0.1532,79.0,0.0567,74.0,0.0063,2.0,-0.1106,15.0,-0.1089,53.0,0.004,30.0,0.061,16.0,0.0307,177.0,-0.2013,18.0,0.3507,4.0,-0.0091,38.0,-0.0254,80.0,-0.0407,23.0,0.0015,7.0,0.0124,721.0,-0.1079,222.0,-0.0294,1873.0
2025-12-10,Politics-Election,,,,,0.1483,7.0,,,,,,,-0.1596,2.0,-0.2574,2.0,,,0.0059,1.0,0.1738,17.0,,,,,-0.0039,1.0,,,0.0101,1.0,,,0.0035,1.0,,,,,,,0.9245,1.0,,,,,0.004,1.0,0.0155,3.0,,,,,-0.0002,98.0,,,0.294,244.0
2025-12-10,Politics-Political Tension,0.1206,7.0,,,-0.0936,65.0,0.0267,4.0,-0.0288,19.0,-0.0094,1.0,,,-0.1641,62.0,-0.0701,20.0,-0.0594,1.0,-0.1029,43.0,-0.079,8.0,-0.0068,6.0,-0.0194,1.0,0.0005,6.0,0.0941,6.0,,,-0.107,1.0,-0.0232,3.0,-0.0019,1.0,-0.2174,4.0,-0.0392,37.0,0.0034,4.0,0.0785,4.0,-0.4558,2.0,-0.2988,12.0,-0.3548,7.0,,,-0.0324,155.0,-0.0359,33.0,-0.081,139.0
2025-12-10,Terrorist Attacks,-0.4486,2.0,-0.1597,4.0,-0.142,5.0,-0.0911,20.0,-0.4572,3.0,,,,,-0.4073,10.0,-0.3178,4.0,,,-0.5703,43.0,-0.3918,10.0,-0.0382,1.0,,,0.0398,1.0,-0.5671,8.0,,,-0.673,6.0,-0.5481,4.0,-0.4158,6.0,,,-0.6765,3.0,,,,,-0.0916,1.0,-0.6452,3.0,,,,,-0.592,29.0,-0.2147,24.0,-0.4223,135.0
2025-12-10,Wars,0.2226,4.0,-0.0646,9.0,-0.0491,6.0,-0.2185,5.0,-0.0162,73.0,-0.0012,1.0,0.1303,6.0,0.2486,9.0,0.1741,41.0,0.3157,3.0,0.087,24.0,-0.1724,58.0,0.0395,6.0,-0.0461,36.0,0.0411,7.0,0.2063,9.0,-0.8999,1.0,0.2316,5.0,-0.0639,17.0,0.2968,2.0,-0.2011,19.0,-0.0509,202.0,0.1834,6.0,0.4691,3.0,,,0.1293,17.0,-0.0219,4.0,-0.024,4.0,-0.0623,438.0,-0.0699,34.0,-0.0035,364.0
2025-12-09,Economic Data,0.0294,12.0,-0.1219,30.0,0.0757,19.0,0.3626,32.0,0.195,277.0,0.2374,2.0,0.1409,7.0,0.0086,182.0,-0.1316,100.0,-0.0981,17.0,0.0041,79.0,0.8263,5.0,0.0398,10.0,-0.0766,48.0,0.3569,21.0,0.0817,14.0,0.0,1.0,0.476,4.0,0.4314,6.0,0.0773,33.0,0.0007,12.0,0.0538,14.0,0.3115,8.0,0.027,10.0,0.2595,7.0,0.1574,16.0,0.2855,18.0,0.1399,7.0,-0.3391,10.0,0.0185,116.0,0.0653,606.0
2025-12-09,Economic Data-Consumer Spending,,,,,,,,,,,,,,,,,,,,,,,,,,,,,,,,,,,,,,,,,,,,,,,,,0.9179,4.0,,,,,,,,,-0.2515,20.0,-0.1362,17.0
2025-12-09,Economic Data-Employment,0.9317,2.0,0.0386,2.0,-0.2221,1.0,0.482,20.0,-0.5248,5.0,,,,,0.0038,3.0,0.4953,4.0,,,0.1954,9.0,,,,,-0.1318,9.0,0.5478,6.0,-0.3444,4.0,,,0.055,1.0,,,0.2829,10.0,,,,,,,-0.9167,2.0,0.1695,2.0,-0.1559,3.0,,,,,0.2279,1.0,-0.5132,7.0,0.056,196.0
2025-12-09,Economic Data-GDP,-0.0027,2.0,,,0.3158,2.0,0.9398,2.0,-0.1759,12.0,,,,,0.1709,18.0,0.6381,15.0,,,,,,,,,-0.2868,7.0,-0.8951,3.0,,,,,,,,,0.1206,5.0,,,,,,,,,0.8781,1.0,,,0.9422,1.0,,,,,0.0074,1.0,-0.0816,25.0
2025-12-09,Economic Data-Housing,0.0961,5.0,-0.114,11.0,0.0024,1.0,0.3382,23.0,-0.2353,21.0,,,0.4771,3.0,0.0244,17.0,-0.4148,11.0,,,0.5797,25.0,-0.001,1.0,0.0058,4.0,0.2078,5.0,-0.0282,5.0,-0.1242,3.0,0.945,1.0,,,,,,,,,0.0028,1.0,0.9392,1.0,,,0.0077,3.0,0.2725,4.0,0.9415,1.0,-0.7743,1.0,-0.0402,1.0,0.2678,25.0,0.4511,113.0
2025-12-09,Economic Data-Inflation,,,,,-0.4635,3.0,,,-0.0695,10.0,,,,,,,-0.0038,1.0,-0.3441,4.0,-0.8791,1.0,,,,,0.3458,9.0,0.2509,1.0,0.7259,4.0,,,,,,,0.6724,28.0,,,,,,,,,,,,,,,,,0.4642,4.0,-0.222,3.0,0.0334,52.0
2025-12-09,Economic Data-Interest Rates,,,0.0226,80.0,0.1656,8.0,0.1436,22.0,-0.2966,17.0,,,0.9474,1.0,-0.0603,6.0,-0.1263,35.0,,,0.0744,17.0,,,,,0.3594,31.0,0.0196,1.0,0.4693,1.0,0.0337,1.0,,,,,0.5806,3.0,-0.1876,13.0,,,0.3054,4.0,,,0.9413,1.0,,,,,,,0.0115,2.0,-0.0709,52.0,-0.0137,375.0
2025-12-09,Economic Data-Manufacturing,-0.9201,6.0,-0.0597,2.0,-0.9175,1.0,,,0.1721,28.0,,,,,0.0044,16.0,-0.0272,38.0,0.0194,1.0,0.3239,8.0,0.8656,1.0,,,0.6504,11.0,,,0.0028,1.0,,,,,0.4765,1.0,,,,,,,,,,,,,,,0.9389,1.0,0.9148,1.0,,,0.9513,5.0,0.5416,13.0
2025-12-09,Economic Data-Retail Sales,,,-0.4537,5.0,,,,,0.7283,11.0,,,,,-0.021,20.0,0.3499,4.0,,,0.2353,3.0,,,,,-0.5431,3.0,,,,,,,,,,,,,,,,,,,0.735,1.0,0.4348,9.0,0.0221,1.0,0.0066,4.0,,,,,-0.2224,15.0,0.1171,26.0
2025-12-09,Extreme Weather,0.056,6.0,-0.1806,9.0,-0.344,14.0,0.2703,15.0,0.0993,22.0,,,0.3852,12.0,-0.0417,47.0,0.0031,14.0,,,0.1217,31.0,-0.4164,1.0,0.409,5.0,-0.2378,776.0,0.4623,2.0,-0.1858,8.0,0.025,1.0,,,,,-0.1376,25.0,,,-0.0724,7.0,-0.5148,11.0,0.4436,2.0,-0.1942,9.0,-0.1421,56.0,0.8531,1.0,0.408,2.0,-0.8069,16.0,-0.3458,91.0,-0.0131,188.0
2025-12-09,Extreme Weather-Cold,,,,,,,0.0794,12.0,-0.1113,7.0,,,-0.6663,1.0,,,-0.094,1.0,,,-0.2172,14.0,0.0344,2.0,,,-0.1199,1.0,0.0525,3.0,-0.3891,2.0,,,,,,,-0.491,3.0,0.0199,1.0,-0.1358,4.0,,,,,,,,,-0.7918,1.0,,,0.0038,1.0,-0.1363,6.0,-0.0724,73.0
2025-12-09,Extreme Weather-Drought,-0.0433,3.0,-0.4781,1.0,-0.2174,2.0,0.0054,1.0,0.9477,2.0,,,,,0.019,1.0,,,,,0.473,7.0,,,,,-0.0021,1.0,,,0.047,4.0,,,,,0.8141,1.0,-0.4339,2.0,,,0.9497,1.0,0.6738,4.0,,,0.4336,2.0,-0.0018,2.0,,,,,-0.917,2.0,-0.0066,2.0,0.0035,6.0
2025-12-09,Extreme Weather-Heat,,,-0.3548,5.0,,,,,,,,,,,0.1288,7.0,0.0045,2.0,,,0.009,4.0,,,-0.0002,1.0,0.001,2.0,,,,,,,0.0211,2.0,,,0.0029,1.0,,,0.1661,6.0,,,,,0.0169,1.0,0.4799,4.0,,,,,,,0.4608,3.0,-0.0058,7.0
2025-12-09,Fiscal Policy,-0.016,24.0,0.2033,13.0,0.0088,10.0,-0.0732,17.0,-0.1419,74.0,0.3193,3.0,0.4774,3.0,0.2437,53.0,0.2413,26.0,0.3307,16.0,-0.0527,61.0,-0.1342,4.0,0.0695,2.0,0.0759,5.0,0.4822,23.0,0.0681,14.0,0.9466,2.0,-0.1365,5.0,0.3635,13.0,-0.214,52.0,0.5659,3.0,-0.0541,11.0,-0.0549,6.0,-0.0066,1.0,0.314,3.0,0.1248,11.0,-0.257,3.0,-0.314,6.0,0.0868,29.0,-0.0667,37.0,-0.0055,242.0
2025-12-09,Fiscal Policy-Stimulus Package,-0.0396,1.0,-0.0128,2.0,,,0.198,7.0,0.0151,8.0,0.0797,1.0,,,0.0486,56.0,0.0479,5.0,-0.0919,4.0,0.1203,15.0,,,-0.0409,3.0,0.0018,4.0,0.8856,1.0,0.0046,2.0,0.0222,1.0,0.0559,4.0,0.6744,44.0,0.1841,8.0,0.6415,1.0,0.2545,8.0,0.0268,2.0,0.0009,1.0,-0.0882,3.0,0.6062,7.0,,,,,0.5329,3.0,0.0072,19.0,0.1667,130.0
2025-12-09,Monetary Policy,0.0035,3.0,0.01,66.0,-0.4405,3.0,0.1632,16.0,-0.039,15.0,,,0.5808,2.0,-0.1442,4.0,0.0041,47.0,,,-0.0185,13.0,0.0151,1.0,,,0.2901,30.0,0.4793,2.0,0.4693,1.0,0.0017,3.0,,,,,0.3677,5.0,-0.1876,13.0,,,0.9016,3.0,0.2676,2.0,0.9413,1.0,0.0105,2.0,,,,,0.0101,7.0,-0.1084,34.0,-0.0166,291.0
2025-12-09,Monetary Policy-Interest Rates,,,0.1105,18.0,0.0165,1.0,0.1363,2.0,,,,,,,,,-0.3609,2.0,,,0.4496,2.0,,,,,0.1439,5.0,,,,,,,,,,,,,-0.4889,4.0,,,-0.8869,1.0,,,,,,,,,,,,,-0.0163,11.0,-0.0867,159.0
2025-12-09,Monetary Policy-Quantitative Easing,0.0017,1.0,-0.8915,1.0,0.0676,6.0,0.0592,1.0,0.3867,23.0,,,0.0022,1.0,0.003,5.0,-0.0729,56.0,,,-0.1161,24.0,-0.9252,1.0,0.0826,2.0,0.1828,38.0,-0.1116,12.0,0.0202,1.0,0.0004,2.0,0.6353,11.0,,,0.0109,2.0,,,0.1891,9.0,,,0.0041,1.0,0.0695,2.0,0.0021,3.0,,,0.4355,5.0,0.3961,7.0,-0.0395,34.0,0.0539,263.0
2025-12-09,Natural Disaster,,,-0.8872,1.0,,,,,0.0084,1.0,,,,,-0.8953,1.0,,,,,,,,,,,-0.2336,778.0,,,-0.1558,4.0,,,,,,,-0.2935,4.0,,,-0.6281,3.0,-0.7829,2.0,,,,,-0.8273,7.0,0.8531,1.0,,,,,-0.6243,10.0,-0.3112,14.0
2025-12-09,Oil Spills,,,,,,,,,,,,,,,,,,,,,,,,,,,,,,,,,,,,,,,,,,,,,,,,,,,,,,,,,-0.8976,2.0,,,,
2025-12-09,Pandemic,-0.2962,12.0,-0.1431,88.0,-0.27,18.0,0.2811,51.0,0.0735,66.0,-0.0025,2.0,0.4207,2.0,-0.0138,59.0,-0.1745,30.0,-0.0005,3.0,-0.0516,86.0,0.0035,13.0,-0.0513,27.0,-0.2793,38.0,0.0109,11.0,-0.1876,18.0,0.4861,5.0,-0.0322,14.0,0.095,5.0,-0.1414,36.0,0.2469,10.0,0.044,33.0,0.0356,5.0,0.8667,12.0,-0.4155,10.0,-0.1841,44.0,0.1615,14.0,-0.0062,1.0,-0.1895,30.0,-0.0985,130.0,0.0898,412.0
2025-12-09,Politics,0.0073,42.0,-0.0727,43.0,-0.0496,117.0,0.0837,91.0,-0.0541,369.0,0.0632,212.0,-0.0517,8.0,-0.0849,274.0,0.016,122.0,0.3613,34.0,-0.0326,309.0,-0.1524,79.0,0.0391,23.0,-0.051,49.0,0.1893,55.0,-0.1171,42.0,0.195,4.0,0.0707,11.0,0.2167,93.0,-0.2592,202.0,0.1921,11.0,0.0452,230.0,0.0165,16.0,0.2355,7.0,0.0425,17.0,-0.0772,54.0,-0.1651,17.0,-0.1327,15.0,-0.031,665.0,-0.076,174.0,-0.0581,1318.0
2025-12-09,Politics-Election,0.919,1.0,,,0.1138,30.0,,,,,0.0032,1.0,,,-0.0039,1.0,-0.0031,1.0,,,0.0267,40.0,,,-0.0131,1.0,,,0.0044,2.0,0.4604,1.0,,,0.0052,1.0,,,,,,,0.0243,1.0,,,,,,,0.0113,3.0,,,,,0.0353,95.0,-0.0155,2.0,0.1239,134.0
2025-12-09,Politics-Political Tension,-0.8603,2.0,-0.1525,1.0,-0.1718,4.0,0.1715,7.0,0.3021,30.0,0.0768,8.0,,,-0.2485,45.0,-0.0542,5.0,0.3979,5.0,-0.1378,47.0,-0.0873,15.0,-0.0171,7.0,-0.2198,5.0,-0.2723,12.0,-0.3628,4.0,,,-0.0383,1.0,-0.3142,9.0,0.0302,9.0,,,-0.0062,47.0,,,,,0.0138,1.0,-0.1577,4.0,-0.5693,2.0,,,-0.0261,209.0,-0.1094,27.0,0.0738,134.0
2025-12-09,Terrorist Attacks,-0.8291,2.0,-0.3882,5.0,-0.2941,12.0,-0.4048,23.0,,,,,-0.5407,1.0,-0.5332,10.0,-0.3505,11.0,,,-0.4201,46.0,-0.2562,3.0,-0.8288,2.0,,,,,-0.2596,6.0,,,-0.6016,10.0,-0.8144,20.0,-0.094,10.0,,,-0.5003,8.0,,,,,-0.4895,2.0,-0.7921,1.0,-0.6507,1.0,-0.4422,5.0,-0.6603,16.0,-0.3779,29.0,-0.4026,135.0
2025-12-09,Wars,0.0065,1.0,0.0828,8.0,0.0218,7.0,0.321,6.0,0.0536,74.0,,,-0.0088,3.0,0.0337,9.0,0.1121,50.0,0.4957,5.0,0.1373,18.0,-0.3481,160.0,0.3366,5.0,0.0788,43.0,0.0909,2.0,0.52,1.0,,,-0.4111,9.0,-0.0017,32.0,0.1583,19.0,0.3103,7.0,-0.1382,265.0,0.3655,18.0,0.0018,1.0,0.0029,1.0,0.0321,3.0,0.3026,3.0,0.2356,9.0,-0.1061,394.0,-0.0596,28.0,-0.0717,178.0
2025-12-08,Economic Data,0.1907,6.0,0.376,31.0,0.1712,10.0,0.2045,25.0,0.3174,522.0,0.0135,1.0,0.0198,10.0,-0.0245,109.0,-0.381,47.0,-0.4989,5.0,0.4199,124.0,0.9438,1.0,0.108,9.0,0.0774,107.0,0.0108,15.0,0.0893,16.0,-0.0136,6.0,0.6705,4.0,0.8415,2.0,0.0792,18.0,0.2867,15.0,-0.0018,18.0,0.5513,9.0,-0.1577,4.0,0.7249,7.0,0.1054,13.0,0.5207,6.0,0.0394,5.0,0.3293,10.0,-0.11,54.0,0.0376,487.0
2025-12-08,Economic Data-Consumer Spending,,,,,,,,,0.1031,2.0,,,,,0.0429,1.0,,,,,0.0174,1.0,,,,,-0.4567,2.0,,,,,0.7062,4.0,,,,,,,,,,,,,,,0.0236,1.0,,,0.9403,1.0,,,,,0.3194,4.0,0.167,20.0
2025-12-08,Economic Data-Employment,,,0.3031,6.0,,,0.0036,7.0,0.9413,1.0,0.2916,4.0,,,0.169,5.0,0.4701,3.0,,,0.4225,6.0,,,0.2506,3.0,-0.0983,9.0,-0.9152,3.0,0.3214,5.0,0.8471,2.0,,,-0.137,1.0,0.0374,5.0,0.3137,5.0,0.4887,4.0,-0.4925,1.0,-0.9037,1.0,0.8997,1.0,0.9467,1.0,0.9404,5.0,,,0.0005,2.0,-0.5648,13.0,0.1726,23.0
2025-12-08,Economic Data-GDP,,,0.9421,1.0,,,,,0.5147,35.0,,,0.9424,2.0,-0.0016,4.0,,,,,0.5609,3.0,0.949,1.0,,,-0.1013,119.0,,,0.9403,1.0,,,0.0401,1.0,,,-0.9018,1.0,,,0.8833,4.0,0.8578,11.0,0.3536,1.0,0.5872,1.0,0.0041,1.0,,,,,,,,,0.6895,9.0
2025-12-08,Economic Data-Housing,,,0.1426,7.0,,,0.3194,15.0,-0.1526,24.0,,,0.8869,1.0,0.0067,10.0,0.2127,5.0,-0.0341,1.0,0.3013,10.0,,,-0.4528,2.0,0.311,6.0,-0.1704,5.0,0.0817,2.0,,,,,,,0.3079,4.0,,,-0.4361,2.0,0.3718,5.0,-0.8916,1.0,0.6246,6.0,0.9511,6.0,0.0365,6.0,0.8626,1.0,,,0.1557,39.0,0.0985,98.0
2025-12-08,Economic Data-Inflation,0.0146,1.0,,,,,0.1443,1.0,-0.89,6.0,,,0.9483,1.0,,,-0.7177,1.0,,,-0.0455,3.0,,,,,0.0021,2.0,,,,,,,,,,,,,,,0.726,1.0,,,,,,,,,,,,,0.9365,2.0,-0.001,1.0,0.0974,44.0
2025-12-08,Economic Data-Interest Rates,,,-0.1232,14.0,0.2403,6.0,-0.1191,24.0,-0.235,8.0,,,,,-0.2297,7.0,0.0557,61.0,-0.8941,1.0,0.0024,19.0,-0.4883,9.0,,,0.0979,45.0,0.0157,2.0,-0.5748,1.0,0.1849,3.0,0.0015,1.0,,,-0.5489,3.0,0.4728,2.0,,,0.6217,8.0,0.3878,6.0,-0.2728,8.0,,,,,,,,,-0.1247,18.0,-0.0761,423.0
2025-12-08,Economic Data-Manufacturing,,,0.8969,3.0,,,-0.9253,1.0,0.4014,16.0,0.9316,6.0,0.943,1.0,0.004,6.0,0.7829,78.0,,,0.6526,7.0,,,,,0.9233,1.0,0.8093,3.0,,,,,,,,,,,,,,,,,,,,,,,0.9431,2.0,,,,,0.9472,1.0,0.2708,18.0
2025-12-08,Economic Data-Retail Sales,,,,,-0.4277,2.0,,,0.172,5.0,,,,,0.0097,13.0,,,,,,,,,,,0.0042,4.0,,,0.0353,1.0,,,,,,,,,,,,,,,,,,,,,,,,,,,0.7706,2.0,0.3457,12.0
2025-12-08,Extreme Weather,-0.4249,6.0,-0.6408,21.0,-0.1298,10.0,0.2102,28.0,0.1384,20.0,,,-0.3881,8.0,-0.0205,29.0,-0.0022,18.0,,,0.2162,25.0,0.0021,1.0,-0.1466,6.0,-0.2799,1131.0,,,0.2347,20.0,,,,,-0.7983,1.0,-0.3425,12.0,0.0162,2.0,-0.0075,11.0,-0.0629,2.0,,,0.0053,4.0,-0.2532,30.0,-0.0087,14.0,-0.307,16.0,-0.2352,3.0,0.0358,59.0,-0.0415,183.0
2025-12-08,Extreme Weather-Cold,,,,,,,-0.0361,15.0,0.1966,5.0,,,,,0.0114,1.0,-0.0012,1.0,,,-0.4735,23.0,,,,,0.2515,2.0,,,-0.1612,5.0,,,,,,,-0.3439,3.0,,,-0.2176,6.0,,,,,,,-0.0013,1.0,,,,,-0.4218,2.0,-0.0425,3.0,-0.1106,88.0
2025-12-08,Extreme Weather-Drought,0.0019,2.0,-0.0335,1.0,-0.0051,1.0,0.0028,1.0,0.2658,5.0,,,,,0.0062,2.0,-0.5932,1.0,-0.0034,2.0,0.63,3.0,,,,,-0.0372,1.0,0.0023,1.0,,,,,,,-0.9175,5.0,-0.2094,5.0,,,,,-0.2743,5.0,,,-0.8953,3.0,-0.0018,1.0,,,,,,,-0.2816,3.0,0.0802,16.0
2025-12-08,Extreme Weather-Heat,0.0413,1.0,-0.0019,1.0,,,,,0.2174,6.0,,,,,-0.2154,7.0,0.0031,2.0,,,-0.7819,2.0,,,-0.0006,2.0,,,-0.0053,1.0,,,,,,,,,,,,,,,,,,,,,0.0846,6.0,0.2805,2.0,-0.0014,1.0,,,-0.4353,3.0,0.2991,5.0
2025-12-08,Fiscal Policy,0.077,8.0,0.3006,4.0,-0.0281,5.0,0.1255,31.0,0.4474,92.0,0.2244,3.0,0.1752,5.0,0.0384,44.0,-0.3419,13.0,-0.2851,3.0,0.0213,53.0,,,0.0219,1.0,-0.1571,15.0,0.2813,5.0,0.0299,12.0,-0.388,1.0,0.0663,5.0,0.3252,19.0,0.0256,12.0,0.4645,2.0,0.0054,17.0,0.9387,1.0,-0.3597,1.0,-0.2893,2.0,0.2929,5.0,-0.4406,4.0,0.0158,1.0,0.0316,52.0,-0.1882,35.0,-0.0132,173.0
2025-12-08,Fiscal Policy-Stimulus Package,0.0023,2.0,0.2058,4.0,,,0.2467,12.0,0.1654,79.0,,,0.71,2.0,0.0759,11.0,-0.2851,2.0,0.1147,4.0,0.2191,15.0,,,,,0.3293,3.0,,,0.6089,3.0,,,-0.8387,1.0,0.2472,6.0,0.0504,4.0,0.6328,1.0,0.1744,3.0,,,,,,,-0.0293,1.0,0.9509,1.0,-0.0476,1.0,0.0516,11.0,0.1087,9.0,0.1354,138.0
2025-12-08,Monetary Policy,,,0.0741,9.0,0.3332,5.0,-0.4015,16.0,0.0953,6.0,,,,,-0.2297,7.0,0.0454,31.0,,,-0.057,25.0,-0.3138,17.0,0.0287,1.0,0.0472,37.0,0.0157,2.0,,,0.1849,3.0,0.0015,1.0,0.8894,3.0,-0.3203,3.0,0.4865,2.0,0.7979,1.0,0.798,10.0,0.3188,4.0,-0.6007,3.0,0.008,4.0,,,,,,,-0.038,13.0,-0.1434,334.0
2025-12-08,Monetary Policy-Interest Rates,,,0.4743,2.0,0.9386,1.0,-0.028,3.0,,,,,,,,,0.0553,10.0,,,,,-0.3611,3.0,,,0.4271,5.0,,,,,,,,,,,,,,,,,,,,,,,,,,,-0.7387,1.0,,,-0.061,3.0,-0.1661,182.0
2025-12-08,Monetary Policy-Quantitative Easing,0.1482,5.0,-0.1472,2.0,0.3874,4.0,0.4799,2.0,0.2968,35.0,,,0.9467,13.0,0.2239,8.0,0.0363,43.0,,,0.0246,16.0,0.0141,1.0,,,0.208,21.0,,,,,,,,,,,0.0242,1.0,0.0349,2.0,-0.1709,18.0,-0.9179,2.0,0.2436,6.0,0.0333,6.0,0.0024,3.0,,,,,0.8687,2.0,-0.0364,20.0,0.0701,226.0
2025-12-08,Natural Disaster,-0.9056,2.0,-0.8012,12.0,-0.828,1.0,-0.3006,9.0,,,,,-0.8658,2.0,,,,,,,-0.0045,1.0,,,,,-0.3291,1125.0,,,0.1316,9.0,,,,,,,-0.437,5.0,,,0.0089,3.0,-0.8834,1.0,,,,,-0.6555,10.0,-0.2782,9.0,-0.2579,14.0,,,0.0942,1.0,-0.2717,33.0
2025-12-08,Oil Spills,,,,,,,,,,,,,,,,,,,,,,,,,,,,,,,-0.9124,1.0,,,,,,,,,,,,,,,,,,,,,,,,,,,,,,
2025-12-08,Pandemic,-0.4312,5.0,-0.1074,29.0,-0.1697,30.0,0.0786,59.0,0.0565,142.0,-0.0021,2.0,-0.2506,6.0,-0.0054,48.0,-0.2141,34.0,-0.8782,1.0,-0.104,81.0,-0.1144,10.0,-0.2189,15.0,-0.0298,38.0,0.0073,7.0,-0.0186,29.0,-0.23,8.0,-0.1272,13.0,-0.0199,3.0,0.0079,22.0,0.0134,12.0,-0.2743,43.0,-0.1832,9.0,0.4205,28.0,0.1006,10.0,-0.2887,10.0,-0.0565,6.0,-0.4347,3.0,-0.0343,24.0,-0.1068,97.0,0.0361,451.0
2025-12-08,Politics,0.0064,18.0,0.0295,48.0,-0.0533,64.0,0.0653,103.0,0.1029,405.0,-0.0996,7.0,0.1032,11.0,-0.046,132.0,-0.1285,103.0,0.1577,52.0,-0.0624,260.0,-0.1092,88.0,0.118,31.0,-0.0835,74.0,0.0821,46.0,0.0311,46.0,-0.6644,6.0,-0.0763,29.0,0.0585,51.0,-0.0354,69.0,-0.0744,22.0,0.0528,207.0,0.0479,8.0,-0.0928,10.0,-0.0854,24.0,-0.0405,43.0,0.1862,13.0,0.0088,28.0,-0.0974,489.0,-0.0542,184.0,-0.0249,1253.0
2025-12-08,Politics-Election,,,,,0.0248,7.0,0.4474,4.0,0.0028,1.0,,,-0.2994,2.0,0.101,3.0,0.2731,2.0,0.0021,1.0,0.0608,21.0,,,,,,,0.4023,4.0,,,,,0.1569,1.0,,,0.0057,1.0,,,,,,,,,,,-0.0349,5.0,,,,,,,0.004,3.0,0.0552,130.0
2025-12-08,Politics-Political Tension,-0.0771,2.0,0.0004,6.0,-0.1024,8.0,0.1479,10.0,0.1426,18.0,,,-0.1918,1.0,-0.2784,18.0,-0.1573,10.0,-0.0347,10.0,-0.0373,62.0,0.0046,26.0,0.0092,1.0,-0.0195,2.0,0.0435,5.0,-0.0525,9.0,,,-0.2809,4.0,-0.22,9.0,-0.2902,2.0,-0.3167,4.0,0.1555,20.0,,,,,,,0.0006,1.0,-0.0545,5.0,0.0187,4.0,-0.2797,267.0,-0.0758,25.0,-0.082,257.0
2025-12-08,Terrorist Attacks,-0.3681,5.0,-0.3789,5.0,-0.4294,15.0,-0.6914,4.0,-0.5072,1.0,,,-0.8298,1.0,-0.2735,21.0,-0.4431,7.0,,,-0.4927,49.0,,,,,0.0079,1.0,-0.8924,1.0,-0.5475,20.0,,,-0.315,37.0,-0.6947,9.0,-0.1155,10.0,-0.8296,4.0,-0.4787,4.0,,,-0.8958,3.0,-0.5698,10.0,-0.7351,3.0,,,-0.4703,20.0,-0.506,1.0,-0.4506,38.0,-0.4186,101.0
2025-12-08,Wars,-0.2052,3.0,0.2315,16.0,-0.1409,6.0,0.331,8.0,0.1188,53.0,,,0.2175,6.0,0.0151,14.0,0.0063,25.0,-0.1563,3.0,0.3359,21.0,-0.0292,160.0,-0.0416,5.0,-0.1256,55.0,0.0377,5.0,0.3911,3.0,0.0274,1.0,0.3125,6.0,0.1652,22.0,0.138,5.0,0.0258,12.0,-0.0755,229.0,0.2317,12.0,,,-0.0186,4.0,0.0146,6.0,-0.0053,5.0,0.0173,6.0,-0.1523,378.0,0.0426,29.0,0.0249,222.0
2025-12-07,Economic Data,-0.6277,5.0,0.4615,2.0,0.0352,6.0,0.0746,4.0,-0.2577,47.0,,,0.3372,5.0,0.2783,4.0,0.1524,6.0,,,0.317,35.0,-0.9117,1.0,0.2397,8.0,-0.3632,10.0,0.2504,7.0,0.4442,7.0,0.021,1.0,-0.0875,4.0,,,0.4998,9.0,0.2651,21.0,-0.105,7.0,0.1722,9.0,0.0111,3.0,0.0042,2.0,0.0643,6.0,0.2503,4.0,,,0.0162,1.0,0.1568,8.0,-0.0359,144.0
2025-12-07,Economic Data-Consumer Spending,,,,,,,,,,,,,,,,,-0.0009,3.0,,,,,,,,,-0.0669,1.0,,,,,,,,,,,,,,,,,,,,,,,,,,,,,,,-0.0245,3.0,0.0114,5.0
2025-12-07,Economic Data-Employment,,,,,,,0.4669,3.0,0.1525,5.0,,,0.0175,1.0,,,0.0053,2.0,,,0.0193,2.0,,,-0.0005,3.0,0.0535,1.0,0.0956,1.0,0.4719,2.0,-0.3937,1.0,,,,,0.0113,1.0,0.7999,1.0,-0.2461,4.0,,,-0.2401,3.0,0.0041,2.0,0.9393,1.0,,,,,0.0299,1.0,0.0465,3.0,-0.3028,15.0
2025-12-07,Economic Data-GDP,0.0083,1.0,,,0.1409,2.0,,,0.4425,1.0,,,,,0.9421,17.0,,,,,,,,,,,-0.4612,5.0,,,-0.3309,2.0,0.9473,4.0,,,,,-0.218,3.0,0.0199,1.0,,,,,,,,,,,,,,,,,0.9475,1.0,0.4805,14.0
2025-12-07,Economic Data-Housing,,,0.159,8.0,0.4734,2.0,0.0402,1.0,0.0568,5.0,,,,,0.1174,3.0,0.0451,4.0,,,0.3427,3.0,,,0.0657,1.0,0.0602,4.0,0.6102,4.0,0.9427,1.0,-0.5475,1.0,,,,,0.0189,1.0,0.4396,3.0,,,0.0084,3.0,,,,,-0.2678,2.0,0.0113,2.0,,,,,-0.0288,5.0,0.4551,29.0
2025-12-07,Economic Data-Inflation,0.0051,1.0,,,,,,,-0.9092,3.0,,,,,,,,,,,,,,,,,,,0.9459,1.0,,,,,,,,,,,,,-0.2325,1.0,,,,,,,,,,,,,,,,,-0.161,10.0
2025-12-07,Economic Data-Interest Rates,,,0.3102,3.0,0.9323,1.0,0.0347,1.0,,,,,,,,,-0.2742,3.0,,,0.3772,3.0,,,,,-0.915,1.0,,,,,,,,,,,-0.3528,2.0,,,,,,,,,,,,,,,,,0.4355,2.0,-0.5543,2.0,0.0445,56.0
2025-12-07,Economic Data-Manufacturing,,,0.2702,1.0,,,,,0.5271,4.0,,,,,,,0.7841,2.0,,,0.7869,1.0,,,,,,,,,,,,,,,,,,,0.2839,2.0,,,0.9266,2.0,,,,,,,,,,,,,,,0.1811,7.0
2025-12-07,Economic Data-Retail Sales,-0.917,1.0,,,,,,,-0.0067,1.0,,,,,,,,,,,,,,,,,0.013,1.0,,,0.5887,2.0,,,,,,,0.9467,1.0,0.0275,5.0,,,0.0009,1.0,,,0.9472,1.0,,,,,,,,,0.1266,1.0,,
2025-12-07,Extreme Weather,-0.0022,2.0,-0.0534,26.0,-0.0247,10.0,-0.1178,10.0,0.2499,24.0,,,-0.7432,9.0,-0.0958,5.0,0.1336,9.0,,,-0.3854,17.0,-0.4522,2.0,-0.0127,3.0,-0.1989,5.0,,,-0.0617,17.0,,,,,-0.8782,1.0,-0.3402,15.0,0.149,1.0,0.1153,9.0,-0.8347,1.0,-0.5204,8.0,-0.1929,5.0,-0.0569,15.0,0.3805,3.0,-0.8268,1.0,-0.5533,17.0,-0.3279,18.0,-0.1372,162.0
2025-12-07,Extreme Weather-Cold,,,,,,,-0.0004,7.0,-0.1671,13.0,,,,,,,,,,,-0.1559,11.0,,,,,,,-0.0126,1.0,-0.1463,5.0,,,,,,,-0.3383,2.0,,,-0.0067,4.0,0.908,1.0,,,,,,,,,,,,,0.0052,4.0,-0.0467,64.0
2025-12-07,Extreme Weather-Drought,,,,,,,,,-0.284,3.0,,,,,0.0402,1.0,-0.0198,1.0,,,0.4161,2.0,,,,,-0.4235,2.0,,,0.002,1.0,,,,,,,-0.2302,3.0,,,,,-0.1304,1.0,,,-0.9174,1.0,-0.0451,1.0,0.9503,1.0,,,,,-0.0249,4.0,-0.0129,4.0
2025-12-07,Extreme Weather-Heat,,,,,,,,,0.0037,1.0,,,,,0.0052,2.0,0.0032,2.0,,,-0.3025,3.0,,,-0.0006,1.0,0.0108,1.0,,,,,,,,,,,,,,,,,-0.0014,2.0,,,,,0.4282,4.0,0.1497,1.0,0.0037,1.0,,,0.0243,2.0,0.705,4.0
2025-12-07,Fiscal Policy,0.0038,1.0,0.0651,9.0,0.4938,2.0,0.0093,4.0,-0.4918,33.0,,,0.0166,2.0,0.152,8.0,-0.1196,9.0,,,0.0205,24.0,0.004,1.0,-0.3459,4.0,0.1637,2.0,,,0.71,3.0,,,0.0283,1.0,0.059,2.0,0.0213,3.0,,,-0.0882,8.0,,,,,0.9163,1.0,,,0.308,4.0,,,-0.5053,10.0,-0.1693,29.0,-0.194,101.0
2025-12-07,Fiscal Policy-Stimulus Package,,,,,0.1724,3.0,0.0225,4.0,0.9261,1.0,,,0.8562,1.0,-0.8729,1.0,0.1283,3.0,,,0.1477,3.0,-0.0016,2.0,0.0065,1.0,,,,,0.1734,3.0,,,,,0.6267,4.0,0.2554,5.0,,,-0.8717,1.0,0.4932,2.0,,,,,,,,,,,-0.1106,1.0,-0.2529,8.0,-0.1893,37.0
2025-12-07,Monetary Policy,,,0.0322,2.0,0.9323,1.0,,,,,,,,,,,-0.2742,3.0,,,0.2232,2.0,,,,,0.86,1.0,,,,,,,,,,,-0.0993,1.0,,,,,,,,,,,,,,,,,0.4355,2.0,-0.5543,2.0,0.0514,42.0
2025-12-07,Monetary Policy-Interest Rates,,,0.0121,1.0,,,,,,,,,,,,,,,,,,,,,,,,,,,,,,,,,,,,,,,,,,,,,,,,,,,,,,,,,0.0377,43.0
2025-12-07,Monetary Policy-Quantitative Easing,0.007,1.0,,,,,0.0088,1.0,0.2596,31.0,,,0.9356,1.0,,,0.4595,2.0,,,,,,,0.471,2.0,-0.605,7.0,0.0395,1.0,,,,,,,,,,,,,-0.4141,2.0,-0.1168,3.0,,,,,,,,,,,,,,,0.0684,40.0
2025-12-07,Natural Disaster,,,-0.073,19.0,-0.087,1.0,-0.1521,8.0,,,,,-0.8974,9.0,-0.9051,1.0,-0.4039,1.0,,,,,,,-0.0184,2.0,0.0358,2.0,,,-0.1331,7.0,,,,,-0.8782,1.0,-0.2592,4.0,,,-0.0022,1.0,,,,,,,-0.8776,1.0,,,,,,,,,-0.1565,87.0
2025-12-07,Oil Spills,,,,,,,,,,,,,,,,,,,,,,,,,,,,,,,-0.2216,1.0,,,,,,,,,,,,,,,,,,,,,,,,,,,,,,
2025-12-07,Pandemic,0.0061,3.0,0.1183,8.0,-0.1242,19.0,-0.1027,23.0,-0.0033,47.0,,,-0.4759,7.0,0.1876,13.0,-0.2337,19.0,0.0024,1.0,-0.1956,49.0,-0.2605,7.0,-0.1194,7.0,-0.3042,31.0,0.0129,3.0,0.091,10.0,-0.913,1.0,-0.2178,3.0,-0.1796,4.0,0.131,10.0,0.2398,8.0,-0.3285,9.0,0.0626,7.0,-0.006,2.0,-0.0282,3.0,-0.0347,20.0,0.5226,7.0,,,-0.1938,12.0,-0.1641,27.0,-0.1024,165.0
2025-12-07,Politics,0.1122,9.0,0.0418,21.0,-0.0422,57.0,-0.1021,41.0,-0.1612,111.0,,,0.1986,7.0,-0.0178,89.0,-0.0576,85.0,-0.056,6.0,-0.0265,141.0,-0.0887,131.0,-0.1022,33.0,-0.2691,21.0,-0.0637,39.0,0.0402,32.0,0.6304,4.0,-0.0003,7.0,-0.2338,25.0,-0.0349,17.0,0.1807,11.0,0.0329,134.0,0.1688,6.0,0.0197,3.0,-0.0906,18.0,0.0422,19.0,0.1768,16.0,0.0549,23.0,-0.0299,178.0,0.0008,105.0,-0.0772,677.0
2025-12-07,Politics-Election,,,,,0.0155,10.0,-0.3924,1.0,,,,,,,-0.2982,3.0,0.0191,10.0,,,0.0888,12.0,,,,,0.3379,1.0,,,,,,,,,,,,,,,,,,,,,,,,,0.0108,1.0,,,,,,,0.1146,28.0
2025-12-07,Politics-Political Tension,0.0038,1.0,0.4736,1.0,-0.0043,1.0,-0.0506,7.0,0.0031,14.0,,,,,-0.1628,13.0,-0.2613,8.0,0.008,3.0,0.0696,22.0,-0.0536,67.0,0.015,1.0,-0.2949,5.0,-0.3967,6.0,0.241,4.0,,,0.0117,3.0,-0.085,1.0,-0.0279,1.0,-0.288,6.0,-0.065,13.0,-0.0553,1.0,-0.4444,2.0,-0.021,1.0,-0.2345,3.0,-0.4545,2.0,-0.0419,3.0,-0.2476,75.0,-0.3354,20.0,-0.0784,160.0
2025-12-07,Terrorist Attacks,,,-0.8694,1.0,-0.5535,8.0,-0.4156,1.0,-0.0362,1.0,,,,,-0.776,10.0,-0.3732,7.0,,,-0.7319,179.0,,,,,,,,,-0.55,61.0,-0.7077,2.0,-0.7812,12.0,-0.5251,10.0,-0.4514,23.0,0.0025,1.0,-0.3114,3.0,,,-0.8717,1.0,-0.7093,38.0,-0.3809,4.0,,,,,,,-0.6232,59.0,-0.4066,103.0
2025-12-07,Wars,-0.085,4.0,-0.0361,4.0,-0.0035,2.0,,,0.0564,54.0,,,0.0003,2.0,0.0566,8.0,0.1007,21.0,0.0428,3.0,0.2387,21.0,-0.0371,145.0,0.0927,6.0,-0.1542,29.0,-0.2422,6.0,0.2301,2.0,0.0088,4.0,-0.3648,3.0,-0.3757,11.0,0.3369,3.0,0.0759,4.0,-0.0772,186.0,0.1943,14.0,,,-0.2452,6.0,-0.1097,2.0,-0.0539,4.0,0.0486,4.0,-0.0757,249.0,-0.0367,24.0,0.0664,201.0
2025-12-06,Economic Data,0.1693,7.0,-0.1545,5.0,0.009,3.0,0.016,10.0,0.4432,53.0,,,0.8445,2.0,0.0791,8.0,0.0376,85.0,-0.1135,4.0,0.1449,62.0,,,0.2365,15.0,-0.1027,9.0,-0.1614,3.0,0.1578,11.0,,,0.9473,1.0,0.0406,3.0,-0.0288,5.0,0.9398,1.0,0.0014,3.0,-0.0006,2.0,0.0183,1.0,,,-0.3159,4.0,0.8841,1.0,,,0.0434,3.0,0.0102,22.0,0.013,213.0
2025-12-06,Economic Data-Consumer Spending,,,,,,,,,,,,,,,0.017,1.0,,,,,,,,,0.8808,1.0,,,,,0.8434,1.0,,,,,,,,,,,,,,,,,,,,,,,,,,,0.8793,1.0,0.3901,11.0
2025-12-06,Economic Data-Employment,,,,,,,-0.0771,11.0,0.2987,6.0,,,,,,,0.0073,3.0,,,0.404,13.0,,,0.4457,4.0,0.0072,4.0,,,,,,,,,,,-0.2022,3.0,,,-0.4505,2.0,,,,,,,,,,,,,,,0.046,1.0,0.2303,19.0
2025-12-06,Economic Data-GDP,0.9321,1.0,,,,,,,-0.6129,1.0,,,0.948,1.0,,,0.0025,2.0,,,0.7282,7.0,,,,,,,,,0.0988,4.0,,,,,,,-0.2146,3.0,,,0.4529,2.0,,,,,,,-0.0036,1.0,,,,,,,,,-0.0073,5.0
2025-12-06,Economic Data-Housing,-0.0371,2.0,0.3214,3.0,,,0.0546,5.0,0.5133,10.0,,,,,0.0011,1.0,-0.2811,4.0,,,0.0474,1.0,,,0.0207,2.0,-0.1678,3.0,-0.7974,6.0,,,,,0.6414,1.0,,,0.7159,3.0,,,,,0.0857,14.0,-0.4191,2.0,-0.8504,1.0,0.5723,2.0,,,,,,,0.1544,9.0,0.2506,44.0
2025-12-06,Economic Data-Inflation,,,,,,,,,,,,,,,,,0.9397,1.0,,,-0.0028,1.0,,,,,0.8121,1.0,,,,,,,,,,,-0.9136,2.0,,,,,,,,,,,,,,,,,,,-0.0023,1.0,0.0938,12.0
2025-12-06,Economic Data-Interest Rates,,,0.8455,1.0,,,-0.0319,2.0,0.0504,1.0,,,,,-0.0011,1.0,0.0189,4.0,-0.9068,1.0,-0.1591,8.0,,,,,0.7403,3.0,,,,,,,0.4144,2.0,,,,,,,,,,,,,0.9246,1.0,,,,,,,,,0.0054,1.0,0.0609,49.0
2025-12-06,Economic Data-Manufacturing,-0.9211,1.0,,,,,,,0.3099,3.0,,,,,,,0.0064,11.0,,,0.4815,2.0,,,,,0.7338,6.0,-0.0269,1.0,,,,,,,,,,,,,,,,,,,,,,,,,,,,,,,0.1735,5.0
2025-12-06,Economic Data-Retail Sales,,,,,,,0.2173,2.0,0.0802,6.0,,,,,,,0.0034,6.0,,,,,,,,,,,,,,,,,,,,,,,,,,,,,,,,,0.0265,1.0,,,,,,,0.0126,2.0,0.3749,5.0
2025-12-06,Extreme Weather,0.1035,6.0,-0.6076,44.0,0.0023,11.0,-0.1896,8.0,0.1409,20.0,-0.003,1.0,-0.437,2.0,-0.1527,8.0,0.0042,10.0,0.0,1.0,-0.18,30.0,,,,,-0.186,11.0,0.0033,1.0,0.1878,14.0,,,,,0.8377,1.0,-0.062,32.0,,,-0.4342,7.0,0.2217,3.0,0.0081,3.0,0.0035,12.0,0.0371,20.0,0.262,5.0,0.0002,1.0,-0.8921,1.0,-0.1695,19.0,-0.0163,177.0
2025-12-06,Extreme Weather-Cold,,,,,,,0.2779,3.0,0.3552,2.0,,,-0.0032,2.0,-0.0005,1.0,-0.0008,1.0,,,-0.1745,18.0,,,,,-0.2249,2.0,0.0033,1.0,-0.2732,4.0,,,,,,,-0.0523,8.0,,,-0.0586,4.0,,,,,,,-0.0012,1.0,,,,,-0.0009,1.0,0.0359,8.0,0.0505,47.0
2025-12-06,Extreme Weather-Drought,-0.0075,1.0,,,-0.5647,1.0,-0.5951,10.0,0.8375,1.0,,,,,,,,,,,0.4478,4.0,,,,,,,,,0.0098,1.0,,,,,,,0.0275,3.0,,,-0.0082,1.0,0.3262,4.0,-0.1706,3.0,0.0052,1.0,0.2125,3.0,,,,,,,-0.0806,3.0,-0.3983,2.0
2025-12-06,Extreme Weather-Heat,0.0063,2.0,-0.4304,7.0,0.0058,1.0,0.1786,16.0,,,,,,,,,0.0018,2.0,,,-0.4055,2.0,,,-0.0011,2.0,,,,,,,,,,,,,,,,,,,,,,,,,0.0001,5.0,,,,,,,0.0433,2.0,-0.025,1.0
2025-12-06,Fiscal Policy,0.004,5.0,-0.1209,2.0,-0.0351,1.0,0.3236,3.0,0.3669,9.0,,,0.6191,1.0,-0.0121,4.0,-0.0159,13.0,-0.8283,6.0,0.4006,20.0,,,0.0736,4.0,-0.0061,2.0,,,0.0758,5.0,,,,,0.0663,5.0,0.0303,7.0,-0.0297,1.0,0.4479,5.0,,,,,,,0.0817,3.0,,,,,0.1506,8.0,0.1353,23.0,0.0731,60.0
2025-12-06,Fiscal Policy-Stimulus Package,0.0023,1.0,0.5843,1.0,-0.5072,1.0,-0.0221,6.0,,,,,,,-0.0749,6.0,-0.1175,4.0,-0.8947,4.0,0.6133,12.0,,,,,0.0036,1.0,0.0461,3.0,0.9348,1.0,,,,,,,0.812,1.0,,,,,,,,,,,0.2589,3.0,,,,,,,-0.0153,4.0,-0.0766,24.0
2025-12-06,Monetary Policy,,,,,,,0.8088,1.0,-0.0831,2.0,,,,,-0.0011,1.0,0.0204,5.0,-0.9068,1.0,0.2372,8.0,,,,,0.7403,3.0,,,,,,,0.4144,2.0,,,,,,,,,,,,,0.9246,1.0,,,,,,,,,0.9519,1.0,0.1897,29.0
2025-12-06,Monetary Policy-Interest Rates,,,,,,,,,,,,,,,,,,,,,0.0216,2.0,,,,,-0.7708,1.0,,,,,,,,,,,,,,,,,,,,,,,,,,,,,,,,,-0.027,26.0
2025-12-06,Monetary Policy-Quantitative Easing,0.0055,2.0,,,,,,,0.3422,4.0,,,,,0.0087,1.0,0.2003,3.0,,,0.0001,5.0,,,,,-0.0449,5.0,,,,,,,0.0178,1.0,0.2454,3.0,,,,,0.0281,11.0,0.0352,2.0,,,,,,,,,,,,,-0.2934,1.0,0.0042,28.0
2025-12-06,Natural Disaster,,,-0.6108,38.0,,,-0.3405,3.0,-0.0578,3.0,,,,,,,,,,,-0.8487,2.0,,,,,-0.5633,3.0,,,0.2325,12.0,,,,,0.8377,1.0,-0.1011,9.0,,,-0.0,1.0,,,,,,,,,,,,,,,-0.3459,2.0,-0.0988,82.0
2025-12-06,Oil Spills,,,,,,,,,,,,,,,-0.0111,1.0,,,,,-0.8831,1.0,,,,,,,,,,,,,,,,,,,,,,,,,,,,,,,,,,,,,,,,
2025-12-06,Pandemic,-0.9199,1.0,-0.1971,10.0,0.2277,8.0,-0.2339,10.0,-0.0874,21.0,0.9385,2.0,0.2442,8.0,-0.233,30.0,-0.0536,36.0,-0.1389,2.0,-0.2222,55.0,-0.2145,2.0,-0.1187,7.0,-0.4473,11.0,,,-0.2327,15.0,,,-0.004,2.0,0.2767,3.0,0.1641,10.0,-0.4295,5.0,-0.4023,19.0,-0.1239,8.0,,,0.017,5.0,-0.196,15.0,0.081,9.0,,,-0.0266,47.0,-0.1714,19.0,-0.1071,295.0
2025-12-06,Politics,0.115,8.0,-0.1299,27.0,-0.037,77.0,0.001,37.0,0.0224,67.0,0.0226,2.0,0.1582,8.0,-0.0513,95.0,0.0192,109.0,-0.633,17.0,0.0997,190.0,-0.1062,72.0,-0.0924,18.0,-0.0289,32.0,-0.2599,19.0,0.0091,48.0,,,-0.2201,7.0,-0.1519,26.0,-0.003,21.0,-0.1621,10.0,0.0125,137.0,0.0064,4.0,-0.1149,13.0,-0.1279,10.0,-0.0422,36.0,0.165,11.0,0.2853,7.0,-0.001,141.0,-0.0469,89.0,-0.0605,706.0
2025-12-06,Politics-Election,0.012,1.0,,,0.0134,19.0,,,0.0102,1.0,,,0.9139,3.0,-0.2493,3.0,0.0016,1.0,,,0.0269,5.0,,,,,-0.2622,3.0,,,0.0082,1.0,,,-0.2126,2.0,,,,,,,,,,,,,,,0.0043,1.0,0.1004,3.0,,,,,,,-0.1855,12.0
2025-12-06,Politics-Political Tension,0.0121,3.0,0.0315,2.0,-0.468,2.0,0.1768,4.0,-0.0653,20.0,,,,,-0.1139,16.0,-0.3034,7.0,,,-0.1307,32.0,-0.0299,21.0,-0.1672,4.0,-0.3408,7.0,0.4658,5.0,0.1997,16.0,,,,,-0.1629,3.0,-0.0482,4.0,-0.1335,7.0,-0.2007,39.0,0.0202,3.0,,,,,0.0326,17.0,,,,,-0.0425,55.0,-0.1407,24.0,-0.0731,192.0
2025-12-06,Terrorist Attacks,,,-0.5641,1.0,-0.6858,3.0,-0.2943,7.0,0.8284,1.0,,,-0.4374,2.0,-0.8718,2.0,-0.5653,9.0,-0.6865,1.0,-0.4744,52.0,-0.8604,2.0,,,,,,,-0.6909,27.0,,,-0.5157,8.0,-0.7245,6.0,-0.6526,16.0,,,-0.4361,5.0,,,,,-0.8151,312.0,-0.0059,1.0,-0.6079,1.0,,,-0.0626,1.0,-0.3985,34.0,-0.4072,86.0
2025-12-06,Wars,0.4429,15.0,-0.1058,12.0,0.0772,1.0,0.0002,2.0,0.0875,32.0,,,0.0877,9.0,-0.0259,18.0,0.016,22.0,0.0031,1.0,0.0116,17.0,-0.127,69.0,0.1501,6.0,0.0785,20.0,0.8246,7.0,0.445,3.0,,,0.0277,3.0,-0.3726,31.0,0.0097,3.0,-0.1594,6.0,-0.0956,178.0,,,,,0.0168,1.0,-0.0536,4.0,0.7554,2.0,-0.3892,11.0,-0.0894,236.0,-0.1594,9.0,-0.0156,126.0
2025-12-05,Economic Data,-0.2585,13.0,-0.2476,24.0,-0.0301,20.0,0.3625,47.0,0.2525,206.0,0.5061,5.0,0.313,2.0,-0.1785,49.0,0.031,230.0,-0.4468,3.0,0.3033,75.0,0.0082,2.0,0.0704,17.0,0.0561,50.0,0.1389,22.0,0.051,24.0,0.4659,2.0,0.7097,8.0,-0.6079,6.0,-0.1581,17.0,0.536,10.0,0.0057,19.0,-0.179,4.0,-0.0175,5.0,0.2054,10.0,0.2642,32.0,-0.1704,16.0,0.4777,6.0,-0.0819,13.0,0.3038,76.0,0.1368,626.0
2025-12-05,Economic Data-Consumer Spending,,,0.4095,4.0,,,,,0.5889,4.0,,,,,,,0.0038,1.0,,,,,,,,,-0.479,27.0,,,,,,,,,,,,,,,,,,,,,,,,,,,,,,,-0.8378,2.0,0.2171,88.0
2025-12-05,Economic Data-Employment,,,0.936,5.0,,,-0.2224,66.0,0.7252,9.0,,,,,0.0029,1.0,-0.2211,4.0,,,0.2915,9.0,,,,,,,,,-0.4564,3.0,,,,,,,,,-0.8785,1.0,0.0228,2.0,,,0.9187,1.0,,,0.0057,1.0,0.2459,3.0,,,,,-0.579,8.0,-0.0475,74.0
2025-12-05,Economic Data-GDP,,,,,-0.4366,5.0,0.8579,8.0,0.0079,1.0,,,0.9099,16.0,-0.7326,15.0,0.0496,12.0,,,0.9188,10.0,,,0.8401,18.0,0.3697,11.0,,,0.078,5.0,,,-0.8865,1.0,,,,,,,,,,,,,,,,,,,,,,,,,0.3766,14.0
2025-12-05,Economic Data-Housing,0.0095,2.0,0.0199,7.0,0.0054,1.0,0.1133,28.0,-0.2576,17.0,,,,,-0.4122,2.0,0.0358,24.0,,,-0.0143,18.0,,,0.0913,1.0,0.4882,7.0,-0.9003,2.0,0.0977,2.0,,,,,,,0.9484,1.0,0.9451,1.0,0.0101,2.0,0.18,30.0,-0.6573,1.0,0.9479,1.0,,,0.4755,2.0,,,,,-0.0753,40.0,0.2399,112.0
2025-12-05,Economic Data-Inflation,,,,,,,,,-0.0516,12.0,,,,,,,,,,,-0.0172,5.0,,,,,0.1175,5.0,,,,,,,,,,,0.1872,10.0,,,-0.3661,2.0,,,,,,,0.8154,2.0,-0.5253,6.0,-0.6017,1.0,,,0.9487,3.0,0.0901,128.0
2025-12-05,Economic Data-Interest Rates,0.4781,6.0,-0.1886,27.0,-0.2154,3.0,-0.2035,17.0,-0.0682,14.0,,,,,0.2339,6.0,0.1156,5.0,-0.8968,3.0,0.0096,182.0,,,0.4194,1.0,0.0727,45.0,,,,,0.9298,4.0,0.6138,2.0,,,-0.1083,4.0,,,,,0.014,1.0,,,0.2491,2.0,,,0.0451,2.0,0.027,1.0,0.1413,3.0,-0.1112,15.0,-0.0039,288.0
2025-12-05,Economic Data-Manufacturing,,,0.2436,1.0,,,-0.081,5.0,0.4543,7.0,,,0.9495,1.0,0.4692,26.0,0.2575,86.0,-0.921,5.0,0.6073,4.0,,,,,,,0.9434,3.0,,,,,0.6052,1.0,0.0033,1.0,,,,,,,,,,,,,0.6793,17.0,-0.1038,6.0,,,,,0.944,2.0,0.1789,25.0
2025-12-05,Economic Data-Retail Sales,,,0.0095,1.0,0.953,1.0,0.0063,4.0,0.2392,3.0,0.9444,4.0,,,0.0011,1.0,0.0638,20.0,,,0.802,1.0,,,0.3966,11.0,,,,,0.5566,8.0,,,,,,,0.5803,7.0,,,,,,,0.4694,11.0,0.1975,1.0,,,0.0093,2.0,,,,,-0.0041,1.0,0.68,63.0
2025-12-05,Extreme Weather,0.0101,5.0,0.0023,4.0,0.1564,10.0,-0.2538,9.0,0.0634,32.0,0.1129,1.0,0.0275,4.0,0.0137,10.0,-0.0899,35.0,,,-0.2051,41.0,0.0061,1.0,0.0054,4.0,-0.3343,38.0,-0.6594,7.0,0.0151,31.0,0.1988,6.0,0.0235,1.0,0.0002,4.0,-0.1973,24.0,0.075,1.0,0.1573,4.0,0.3117,2.0,-0.4564,3.0,-0.2326,2.0,-0.0289,35.0,0.4549,2.0,,,0.0268,6.0,-0.139,23.0,-0.0211,130.0
2025-12-05,Extreme Weather-Cold,,,,,,,-0.0075,6.0,0.1765,5.0,,,,,-0.0041,1.0,-0.0146,5.0,,,-0.5223,11.0,,,,,0.0001,1.0,-0.509,13.0,-0.4605,7.0,,,,,,,,,,,-0.0201,5.0,,,,,,,,,,,,,-0.8767,1.0,0.0046,6.0,-0.246,124.0
2025-12-05,Extreme Weather-Drought,,,-0.4082,1.0,0.0826,5.0,,,0.2835,5.0,,,-0.0298,1.0,0.0186,1.0,0.0068,3.0,,,-0.1424,11.0,,,,,,,,,-0.3667,4.0,,,,,,,-0.8862,2.0,,,,,0.0801,1.0,,,0.0352,1.0,-0.0021,3.0,,,,,,,-0.9131,1.0,0.0453,24.0
2025-12-05,Extreme Weather-Heat,-0.633,1.0,-0.2752,11.0,0.0107,2.0,-0.0176,4.0,,,,,,,0.0026,2.0,0.0016,5.0,,,-0.0021,1.0,,,0.0013,1.0,0.0148,3.0,,,,,-0.8341,1.0,,,,,,,,,,,0.0012,1.0,0.0051,1.0,,,0.0048,4.0,-0.449,1.0,0.0055,1.0,,,0.003,1.0,-0.1213,14.0
2025-12-05,Fiscal Policy,0.2271,12.0,0.5981,7.0,0.0238,4.0,0.2573,24.0,0.0722,34.0,,,,,0.1619,34.0,0.0801,127.0,-0.4419,1.0,-0.2291,37.0,0.1266,13.0,-0.273,15.0,0.1316,8.0,0.8459,1.0,0.1167,21.0,,,0.285,10.0,-0.0396,4.0,-0.1303,3.0,-0.0139,3.0,-0.1162,7.0,0.022,3.0,0.95,4.0,0.676,3.0,0.0084,9.0,-0.0404,5.0,,,-0.1503,21.0,0.1811,39.0,0.037,139.0
2025-12-05,Fiscal Policy-Stimulus Package,0.0035,1.0,-0.0036,3.0,-0.45,2.0,-0.0464,9.0,0.3513,2.0,0.0111,1.0,,,0.2455,18.0,0.155,34.0,,,0.4933,10.0,0.1255,14.0,,,-0.0249,12.0,,,-0.1665,2.0,0.5977,1.0,0.2531,3.0,,,-0.268,3.0,-0.8999,1.0,0.8387,1.0,,,0.017,3.0,0.2278,4.0,,,0.0003,1.0,,,0.0403,11.0,-0.026,30.0,0.1497,63.0
2025-12-05,Monetary Policy,0.1394,12.0,0.0705,14.0,-0.4511,2.0,-0.1472,15.0,0.0408,16.0,,,,,0.1083,4.0,0.0743,8.0,-0.8951,1.0,0.0824,165.0,,,,,0.1288,38.0,,,0.1514,1.0,0.9298,4.0,0.9433,1.0,,,-0.6983,2.0,,,0.0604,5.0,,,,,0.0348,4.0,0.9253,1.0,,,0.027,1.0,-0.0782,3.0,0.1848,15.0,-0.0399,229.0
2025-12-05,Monetary Policy-Interest Rates,,,-0.3221,7.0,,,0.527,3.0,,,,,,,,,0.0001,2.0,,,0.0821,26.0,,,,,0.5486,11.0,,,,,,,,,,,,,,,,,,,,,,,,,,,,,,,-0.8925,1.0,-0.0762,78.0
2025-12-05,Monetary Policy-Quantitative Easing,0.2022,6.0,-0.6207,2.0,-0.0106,1.0,0.71,6.0,-0.0495,27.0,,,,,0.1223,9.0,-0.0191,21.0,,,0.194,54.0,,,0.0009,3.0,-0.2823,29.0,,,0.0354,1.0,,,,,,,0.2419,4.0,0.9362,2.0,0.0211,23.0,0.0161,4.0,,,0.594,16.0,,,0.0094,1.0,0.9469,1.0,0.3904,5.0,0.1591,30.0,0.0235,135.0
2025-12-05,Natural Disaster,0.0454,1.0,,,,,,,-0.8943,1.0,,,,,,,,,,,,,,,0.0049,1.0,-0.418,22.0,,,-0.0402,11.0,,,,,-0.0164,1.0,-0.882,2.0,0.075,1.0,,,,,-0.7729,1.0,-0.4707,1.0,-0.7097,3.0,,,,,,,-0.0683,1.0,-0.3251,18.0
2025-12-05,Pandemic,0.0545,2.0,0.1388,57.0,-0.0313,18.0,-0.1277,29.0,-0.1045,48.0,-0.0253,4.0,0.1455,7.0,-0.1301,62.0,-0.0275,83.0,0.0093,2.0,-0.1053,86.0,-0.1314,5.0,-0.191,13.0,0.1254,15.0,-0.1932,12.0,-0.1152,23.0,0.9502,1.0,0.07,11.0,0.2623,4.0,0.1172,11.0,-0.0021,4.0,0.1011,14.0,0.3518,4.0,0.1715,9.0,-0.542,13.0,0.0492,43.0,-0.1441,16.0,,,0.0013,19.0,-0.2203,60.0,-0.0538,391.0
2025-12-05,Politics,-0.0575,11.0,-0.0485,33.0,-0.0135,116.0,0.049,113.0,0.1416,141.0,-0.019,21.0,-0.0423,18.0,-0.0352,148.0,-0.009,379.0,-0.7827,7.0,0.0664,206.0,-0.1624,168.0,-0.0936,57.0,0.1579,82.0,0.1648,34.0,-0.0063,70.0,0.2231,5.0,0.021,50.0,-0.2192,61.0,-0.0891,23.0,-0.0427,14.0,0.0346,365.0,0.0276,9.0,0.2651,17.0,0.081,26.0,0.0234,47.0,-0.0491,17.0,-0.1236,11.0,-0.074,264.0,-0.0069,151.0,-0.0464,1244.0
2025-12-05,Politics-Election,,,,,-0.0525,63.0,-0.2176,1.0,,,,,0.0544,3.0,0.0529,2.0,0.005,2.0,,,0.1774,12.0,0.9358,2.0,,,,,0.942,1.0,,,,,0.0366,2.0,,,,,,,,,,,0.0264,1.0,0.1028,1.0,,,0.0024,1.0,,,0.0122,3.0,-0.008,1.0,0.1401,81.0
2025-12-05,Politics-Political Tension,0.0608,5.0,-0.4167,3.0,0.0126,4.0,-0.0319,10.0,-0.1005,9.0,0.0035,2.0,0.0139,1.0,0.0284,14.0,-0.058,12.0,-0.4419,1.0,-0.2017,27.0,-0.0864,22.0,-0.2048,2.0,-0.0371,9.0,-0.7985,1.0,0.1735,29.0,,,-0.4474,2.0,,,,,0.4546,2.0,-0.0833,61.0,0.0118,4.0,,,0.0068,3.0,-0.4371,3.0,-0.1171,2.0,,,-0.149,62.0,0.1034,26.0,-0.006,130.0
2025-12-05,Terrorist Attacks,,,-0.5308,2.0,-0.7433,3.0,-0.6102,16.0,0.2571,2.0,,,-0.5388,2.0,-0.1983,5.0,-0.424,8.0,,,-0.4431,32.0,,,-0.7046,3.0,-0.236,7.0,,,-0.6992,5.0,,,0.4272,8.0,0.0302,1.0,-0.375,2.0,-0.5923,1.0,-0.6124,5.0,,,,,-0.4972,1.0,-0.3681,3.0,,,-0.2981,1.0,,,-0.4448,32.0,-0.3301,182.0
2025-12-05,Wars,0.0469,1.0,0.3903,27.0,0.7417,1.0,-0.4009,1.0,0.2197,44.0,0.0045,3.0,0.1588,11.0,-0.0791,118.0,0.0046,76.0,-0.1869,2.0,0.2104,19.0,-0.1345,115.0,0.1876,17.0,0.1228,19.0,0.3493,8.0,0.0758,4.0,,,0.4792,5.0,-0.0625,36.0,-0.2061,4.0,-0.1474,8.0,-0.0876,258.0,0.0043,2.0,-0.3936,2.0,-0.5201,2.0,0.1902,6.0,0.3809,4.0,-0.4627,7.0,-0.1272,319.0,0.3637,15.0,-0.0372,249.0
2025-12-04,Economic Data,-0.1582,15.0,0.3412,42.0,0.2124,25.0,-0.0907,60.0,0.193,237.0,0.0696,14.0,0.3269,7.0,0.1453,87.0,-0.0426,114.0,0.4497,18.0,0.119,57.0,,,0.0235,28.0,0.0533,65.0,0.1073,14.0,0.39,13.0,0.33,12.0,0.4762,4.0,0.0332,3.0,0.3424,52.0,0.2757,42.0,0.078,22.0,0.3034,10.0,0.131,6.0,0.0889,16.0,0.0429,22.0,0.6661,11.0,0.1163,11.0,-0.449,13.0,0.2004,107.0,0.0119,666.0
2025-12-04,Economic Data-Consumer Spending,,,0.6362,25.0,,,,,0.1718,4.0,,,,,,,0.0145,2.0,,,,,,,,,-0.4635,7.0,0.7409,2.0,,,,,,,,,0.6722,1.0,,,,,,,,,0.9352,1.0,,,,,,,,,-0.295,3.0,-0.0122,15.0
2025-12-04,Economic Data-Employment,0.0511,1.0,,,0.3802,1.0,-0.1337,20.0,0.5519,3.0,-0.8529,1.0,,,,,-0.549,3.0,,,0.433,8.0,,,-0.8136,2.0,0.4864,6.0,0.363,1.0,,,,,-0.0019,2.0,,,0.2919,6.0,-0.4537,2.0,-0.2955,4.0,0.4249,3.0,0.221,9.0,0.003,6.0,-0.047,3.0,,,,,,,-0.472,15.0,-0.3546,325.0
2025-12-04,Economic Data-GDP,0.7998,5.0,-0.1171,13.0,0.112,38.0,-0.019,5.0,0.2857,16.0,,,,,0.0017,1.0,-0.6964,3.0,,,0.5445,12.0,0.9435,1.0,0.0151,4.0,,,,,0.8631,1.0,,,0.0225,2.0,,,0.3263,3.0,,,0.9476,1.0,,,,,0.0408,3.0,0.9462,2.0,,,0.91,1.0,,,-0.5446,3.0,0.2393,10.0
2025-12-04,Economic Data-Housing,-0.4397,2.0,0.2478,16.0,0.5071,4.0,0.1446,44.0,0.4261,44.0,,,0.149,4.0,-0.4524,5.0,-0.1687,13.0,,,0.0095,8.0,,,0.2755,4.0,0.1564,8.0,0.0288,5.0,0.8456,1.0,0.2879,12.0,-0.1522,1.0,,,0.3468,2.0,,,-0.444,2.0,0.2666,5.0,-0.2767,2.0,0.8553,1.0,0.7043,3.0,-0.3227,3.0,,,,,-0.2103,46.0,0.1405,178.0
2025-12-04,Economic Data-Inflation,0.0211,1.0,,,,,,,0.9462,2.0,0.6941,3.0,,,,,,,,,,,,,,,0.0007,2.0,,,,,,,,,,,,,0.0186,5.0,-0.891,4.0,,,,,,,-0.8949,1.0,,,,,,,0.5804,2.0,-0.2534,60.0
2025-12-04,Economic Data-Interest Rates,0.4069,4.0,0.4469,24.0,-0.0961,10.0,0.6778,14.0,0.2955,12.0,,,0.1649,1.0,0.2407,4.0,0.7314,7.0,,,-0.0052,29.0,0.0041,3.0,0.3212,1.0,0.2285,107.0,,,,,0.0025,1.0,,,,,0.5206,12.0,-0.4871,27.0,-0.7376,1.0,,,0.3411,1.0,-0.3856,2.0,,,,,,,0.4943,4.0,0.0276,42.0,-0.0188,259.0
2025-12-04,Economic Data-Manufacturing,,,,,0.8509,1.0,,,0.484,8.0,,,,,0.0632,3.0,-0.2022,5.0,,,0.2853,8.0,,,,,,,0.0207,1.0,,,,,,,,,0.9095,3.0,,,,,,,0.2194,1.0,0.0684,1.0,0.1668,3.0,,,,,,,0.8414,8.0,0.4011,61.0
2025-12-04,Economic Data-Retail Sales,0.9452,1.0,-0.8491,3.0,0.8539,7.0,,,0.6003,8.0,,,,,0.0937,1.0,0.0065,6.0,0.9429,8.0,0.0149,2.0,,,,,-0.9142,2.0,,,0.2782,3.0,0.9488,1.0,,,,,0.3634,2.0,0.4468,3.0,,,,,,,0.6548,3.0,0.0135,1.0,,,0.0063,1.0,,,0.4774,2.0,0.2642,31.0
2025-12-04,Extreme Weather,-0.0006,4.0,0.0301,17.0,-0.0473,15.0,0.1127,16.0,-0.1369,49.0,,,,,-0.0358,17.0,0.0249,43.0,0.386,2.0,-0.3996,29.0,,,-0.2704,14.0,0.142,9.0,-0.2221,4.0,-0.0506,26.0,0.0066,1.0,0.056,1.0,,,-0.1392,22.0,0.0896,2.0,0.0604,6.0,,,0.0095,6.0,0.1614,7.0,0.077,24.0,-0.1084,4.0,0.006,3.0,-0.2771,4.0,-0.1486,86.0,-0.0255,143.0
2025-12-04,Extreme Weather-Cold,,,,,,,-0.0824,8.0,-0.551,11.0,,,,,,,-0.1193,3.0,0.0101,1.0,-0.2323,12.0,,,,,-0.3237,2.0,-0.4202,4.0,-0.0226,2.0,,,,,0.0433,1.0,-0.1169,4.0,,,0.233,1.0,,,,,,,-0.0002,1.0,,,,,,,-0.3427,8.0,-0.0829,133.0
2025-12-04,Extreme Weather-Drought,,,0.7259,1.0,0.9288,1.0,-0.0032,1.0,0.0595,3.0,,,,,,,0.008,1.0,,,0.2937,7.0,,,,,,,,,0.0559,2.0,,,,,-0.0051,3.0,0.2624,3.0,,,,,,,,,0.3779,2.0,0.9087,1.0,,,,,-0.0852,1.0,0.4682,4.0,0.0171,17.0
2025-12-04,Extreme Weather-Heat,-0.0007,5.0,0.0026,1.0,,,,,0.0186,1.0,,,,,0.0201,2.0,0.0076,3.0,,,0.4732,2.0,,,-0.0029,4.0,,,-0.1396,3.0,,,,,,,,,0.0099,1.0,,,,,,,,,0.0462,1.0,0.0008,4.0,,,,,,,-0.0285,1.0,0.0065,1.0
2025-12-04,Fiscal Policy,0.0069,4.0,0.2387,7.0,0.1413,9.0,0.1059,32.0,0.2721,33.0,,,0.4522,5.0,0.0636,18.0,-0.0305,27.0,0.1159,4.0,0.1192,23.0,-0.016,10.0,-0.0126,11.0,0.2106,4.0,0.4606,2.0,0.37,15.0,0.4886,3.0,0.2969,7.0,0.0609,17.0,-0.1397,16.0,0.1393,6.0,0.5432,7.0,0.0048,1.0,0.329,3.0,-0.1139,6.0,0.2468,8.0,0.4241,4.0,,,0.132,34.0,0.173,41.0,-0.011,170.0
2025-12-04,Fiscal Policy-Stimulus Package,0.9366,1.0,-0.2327,3.0,-0.1315,7.0,0.2761,23.0,0.0079,5.0,0.0443,1.0,0.4682,2.0,0.116,13.0,0.0854,19.0,,,0.3475,5.0,,,0.2033,5.0,-0.0327,13.0,,,0.1445,3.0,,,0.1377,12.0,0.1685,3.0,-0.2673,4.0,,,,,0.1415,2.0,,,0.029,1.0,-0.0504,7.0,,,,,0.4366,13.0,0.0714,18.0,0.0815,93.0
2025-12-04,Monetary Policy,0.4069,4.0,0.6242,12.0,0.3615,10.0,0.3485,11.0,0.4796,11.0,,,0.1649,1.0,0.0644,5.0,0.0507,4.0,,,0.1136,23.0,0.0004,1.0,0.3212,1.0,0.0408,67.0,,,0.4267,1.0,,,0.377,2.0,,,0.7088,11.0,-0.5088,28.0,-0.7376,1.0,,,0.3411,1.0,-0.4144,3.0,-0.1391,5.0,,,,,0.6472,6.0,0.247,39.0,-0.0011,198.0
2025-12-04,Monetary Policy-Interest Rates,,,0.933,1.0,-0.8778,2.0,0.8764,1.0,,,0.9185,3.0,,,,,,,,,-0.6931,7.0,,,,,0.1426,31.0,,,,,,,,,,,,,-0.3031,7.0,,,,,,,,,,,,,,,,,0.0023,2.0,-0.1689,64.0
2025-12-04,Monetary Policy-Quantitative Easing,0.3886,10.0,,,0.016,5.0,,,0.0748,73.0,,,,,,,0.2907,17.0,,,-0.192,23.0,,,0.0324,2.0,0.2645,18.0,0.6326,2.0,0.0082,3.0,,,-0.3851,2.0,0.036,4.0,0.1604,3.0,-0.1158,14.0,0.0197,26.0,0.1494,2.0,0.4518,3.0,0.0353,7.0,0.004,2.0,,,0.0047,1.0,0.4688,6.0,0.0184,16.0,0.1047,125.0
2025-12-04,Natural Disaster,,,-0.7948,3.0,,,-0.0109,2.0,-0.3626,34.0,,,,,-0.9145,1.0,,,,,-0.7707,1.0,,,,,,,,,-0.0139,13.0,,,,,,,-0.0052,5.0,,,0.587,2.0,,,0.0095,6.0,,,-0.0146,1.0,-0.1684,3.0,,,,,-0.154,66.0,-0.4183,23.0
2025-12-04,Oil Spills,,,,,,,,,,,,,,,,,,,,,,,,,,,,,,,,,,,,,,,,,,,,,0.0081,1.0,,,,,,,,,,,,,,,-0.9065,1.0
2025-12-04,Pandemic,-0.1343,18.0,-0.3028,71.0,0.0633,18.0,0.1258,54.0,-0.0128,99.0,-0.594,3.0,0.1402,6.0,-0.0612,93.0,0.0747,60.0,-0.1526,1.0,-0.1472,106.0,-0.0764,13.0,-0.0261,22.0,0.0688,15.0,-0.4191,10.0,0.0572,18.0,-0.358,2.0,-0.0995,28.0,-0.1545,4.0,-0.0307,23.0,-0.3578,7.0,-0.2185,19.0,0.2161,8.0,-0.256,5.0,-0.146,18.0,-0.0264,51.0,-0.2001,8.0,0.532,23.0,-0.307,61.0,-0.0727,122.0,-0.0437,433.0
2025-12-04,Politics,0.0342,25.0,-0.1002,26.0,0.0097,54.0,-0.0554,110.0,0.0203,195.0,0.1357,64.0,0.1586,12.0,-0.0455,137.0,-0.0447,127.0,0.2009,19.0,-0.0927,195.0,-0.0338,187.0,-0.0866,83.0,0.1324,110.0,0.0061,40.0,0.1236,45.0,-0.0143,12.0,-0.0205,57.0,0.0972,58.0,0.0095,63.0,0.0666,16.0,-0.0351,447.0,0.38,12.0,-0.3002,18.0,-0.104,61.0,-0.0244,73.0,0.1125,19.0,0.2375,16.0,-0.0423,303.0,-0.0054,181.0,-0.0295,1275.0
2025-12-04,Politics-Election,0.9144,1.0,,,0.009,1.0,,,,,0.0235,1.0,0.006,1.0,0.0724,7.0,-0.0266,8.0,,,0.0392,9.0,,,,,,,0.6879,1.0,0.0092,1.0,,,,,,,0.0173,1.0,,,,,,,,,0.1007,1.0,,,0.9113,1.0,0.8918,2.0,,,0.0206,2.0,0.193,78.0
2025-12-04,Politics-Political Tension,-0.1463,7.0,,,0.1399,3.0,-0.1299,18.0,-0.0794,22.0,0.1911,5.0,0.0022,1.0,0.0218,24.0,-0.0861,16.0,0.009,3.0,0.0319,25.0,-0.2473,6.0,-0.0006,2.0,-0.2009,5.0,-0.0171,5.0,-0.1797,19.0,,,-0.1822,4.0,-0.1664,8.0,-0.2675,4.0,0.0162,3.0,0.1017,122.0,,,0.2019,1.0,0.0087,5.0,-0.1197,8.0,-0.3238,3.0,-0.8936,1.0,-0.0701,81.0,-0.0782,35.0,-0.109,82.0
2025-12-04,Terrorist Attacks,-0.8957,1.0,-0.5336,12.0,,,-0.4921,9.0,-0.5696,1.0,,,-0.0369,1.0,-0.3058,14.0,-0.2629,3.0,,,-0.3517,31.0,-0.429,3.0,-0.7483,1.0,-0.7731,1.0,-0.5731,10.0,-0.4597,5.0,-0.0679,2.0,-0.3279,5.0,0.138,10.0,-0.4232,2.0,-0.4396,2.0,-0.6211,9.0,,,-0.5299,4.0,-0.125,1.0,-0.1286,5.0,,,-0.2981,2.0,-0.5026,11.0,-0.4146,79.0,-0.4224,201.0
2025-12-04,Wars,-0.0905,6.0,0.2978,3.0,0.3366,7.0,0.3226,9.0,0.086,81.0,0.4528,3.0,0.1055,5.0,0.0707,11.0,0.0709,25.0,0.0229,2.0,0.0486,45.0,-0.2106,159.0,-0.1371,6.0,0.0303,36.0,0.1213,13.0,-0.176,4.0,,,-0.4161,8.0,0.1152,37.0,0.0176,9.0,0.1498,10.0,-0.1071,445.0,0.0238,2.0,,,,,0.0085,2.0,0.2417,4.0,0.1143,15.0,-0.1423,346.0,-0.0028,24.0,-0.0904,237.0
2025-12-03,Economic Data,0.214,16.0,0.2458,43.0,0.1343,22.0,0.1886,40.0,0.0621,299.0,-0.03,3.0,0.6339,19.0,0.0918,92.0,0.0313,136.0,0.6906,5.0,0.3504,90.0,-0.0052,1.0,0.0742,42.0,0.2189,65.0,0.733,12.0,0.3733,109.0,-0.2189,24.0,0.52,5.0,0.1413,6.0,0.2816,7.0,0.3309,14.0,0.4652,37.0,0.2342,26.0,0.2355,9.0,0.17,24.0,0.3131,40.0,0.1351,9.0,0.2206,13.0,,,0.1165,98.0,-0.0795,842.0
2025-12-03,Economic Data-Consumer Spending,,,0.9282,2.0,,,0.4718,2.0,,,,,,,,,,,,,,,,,,,0.0116,1.0,,,,,,,,,,,,,,,,,,,,,0.946,1.0,,,,,,,,,-0.001,2.0,0.0888,9.0
2025-12-03,Economic Data-Employment,,,-0.3744,10.0,-0.9223,1.0,0.0876,21.0,0.0072,3.0,,,,,0.3427,1.0,,,,,0.3182,13.0,,,0.0134,2.0,0.0045,1.0,0.9514,1.0,-0.0354,6.0,,,,,,,-0.3423,1.0,0.005,1.0,0.7004,12.0,,,-0.4672,5.0,-0.4417,4.0,-0.4448,2.0,0.6402,6.0,0.9423,6.0,,,-0.2684,11.0,-0.2917,249.0
2025-12-03,Economic Data-GDP,0.0304,2.0,0.0161,53.0,0.4942,5.0,,,0.0662,35.0,,,0.8341,1.0,0.6282,8.0,-0.5299,4.0,,,0.5693,5.0,,,0.9353,4.0,0.0093,1.0,0.9211,24.0,0.6862,4.0,0.7309,8.0,0.9436,2.0,,,-0.002,4.0,,,0.7206,7.0,,,0.9388,1.0,-0.2887,5.0,0.3873,9.0,0.002,1.0,,,,,-0.3353,8.0,-0.2955,19.0
2025-12-03,Economic Data-Housing,,,-0.0004,6.0,0.4601,3.0,-0.1263,18.0,0.0756,45.0,0.0007,3.0,-0.6081,2.0,-0.0088,1.0,-0.6243,3.0,,,0.1676,20.0,,,-0.142,1.0,0.0099,4.0,-0.1711,3.0,0.0061,1.0,0.62,6.0,-0.9099,1.0,,,0.5911,3.0,,,0.2801,5.0,0.6021,4.0,0.4594,11.0,0.3915,3.0,0.2644,6.0,0.8336,2.0,,,0.9479,1.0,0.1427,44.0,0.2042,143.0
2025-12-03,Economic Data-Inflation,,,,,,,,,0.2843,8.0,,,,,,,-0.7344,2.0,,,,,-0.0008,1.0,,,-0.014,6.0,0.8834,2.0,0.4907,1.0,,,,,,,,,0.0054,1.0,-0.9204,3.0,,,,,-0.0274,1.0,,,,,-0.5719,18.0,,,-0.154,15.0,-0.127,72.0
2025-12-03,Economic Data-Interest Rates,0.0166,6.0,0.0309,20.0,0.0262,33.0,0.1889,7.0,0.0367,14.0,-0.0037,3.0,-0.9129,1.0,0.0088,3.0,0.2517,13.0,,,0.0077,12.0,,,0.4994,3.0,-0.2638,12.0,,,,,,,,,,,-0.4626,10.0,-0.1215,32.0,-0.42,5.0,,,,,-0.1882,4.0,0.0569,4.0,,,,,,,0.1802,23.0,0.1082,259.0
2025-12-03,Economic Data-Manufacturing,,,-0.7221,5.0,,,0.5119,2.0,0.6081,17.0,,,,,0.0423,13.0,0.2068,8.0,,,0.5808,7.0,,,,,,,0.1752,1.0,,,,,,,0.0066,2.0,0.9315,1.0,,,,,0.4878,2.0,0.7,5.0,,,,,0.4267,8.0,,,,,0.9462,6.0,0.4914,124.0
2025-12-03,Economic Data-Retail Sales,,,,,,,,,0.383,7.0,,,,,0.0097,3.0,,,,,0.9448,2.0,,,,,0.0697,3.0,,,-0.0061,2.0,0.9488,1.0,,,,,,,,,0.9446,4.0,,,,,0.8501,3.0,0.942,1.0,,,,,,,0.0158,3.0,0.3512,26.0
2025-12-03,Extreme Weather,-0.1776,6.0,0.2863,8.0,-0.2115,11.0,-0.0593,12.0,0.1614,27.0,,,-0.0696,2.0,-0.0184,11.0,0.1429,14.0,,,-0.0592,36.0,,,-0.0883,13.0,0.0333,9.0,-0.5301,5.0,0.0482,18.0,0.0036,1.0,0.006,1.0,-0.9097,1.0,0.0674,22.0,0.0115,6.0,0.1441,5.0,-0.0016,1.0,-0.0011,1.0,-0.5527,3.0,-0.0222,27.0,0.4576,11.0,0.0072,3.0,-0.2697,1.0,-0.035,23.0,0.0483,150.0
2025-12-03,Extreme Weather-Cold,,,0.0105,4.0,,,-0.0511,4.0,-0.0047,7.0,,,,,-0.0065,2.0,-0.1902,4.0,,,-0.4026,14.0,,,,,-0.0006,4.0,-0.2914,5.0,0.1361,8.0,,,,,0.0702,1.0,0.0051,1.0,,,-0.0027,1.0,0.1953,1.0,,,,,0.0026,3.0,-0.4588,2.0,,,-0.9048,1.0,-0.1411,7.0,-0.1571,92.0
2025-12-03,Extreme Weather-Drought,0.0028,2.0,0.0061,1.0,0.2853,2.0,-0.7629,1.0,-0.1616,4.0,,,0.0285,1.0,0.9476,1.0,0.006,2.0,,,-0.5211,5.0,0.0099,1.0,,,0.0095,1.0,0.8416,1.0,-0.3065,1.0,,,,,,,0.5261,2.0,,,,,-0.5596,1.0,,,-0.9198,2.0,0.396,2.0,-0.424,2.0,,,,,0.0326,2.0,0.2689,27.0
2025-12-03,Extreme Weather-Heat,0.3047,3.0,0.2863,3.0,,,0.019,1.0,0.3171,2.0,0.843,1.0,0.0013,1.0,0.5873,1.0,0.8578,1.0,,,0.0274,3.0,,,0.0014,2.0,0.0293,1.0,,,,,-0.825,4.0,,,,,0.0005,1.0,0.0064,1.0,,,,,-0.1464,5.0,0.017,1.0,-0.0198,6.0,,,-0.0012,1.0,,,,,0.0525,10.0
2025-12-03,Fiscal Policy,0.0073,4.0,-0.4018,1.0,0.5338,15.0,-0.1542,22.0,0.0011,34.0,,,0.1748,6.0,0.0931,19.0,0.0892,32.0,0.4477,5.0,0.0465,54.0,-0.1165,2.0,0.2009,9.0,-0.3438,5.0,0.3244,3.0,0.1048,15.0,,,0.1685,9.0,0.1563,7.0,0.5595,17.0,0.9195,2.0,-0.0165,8.0,0.3591,12.0,0.0138,9.0,-0.0616,8.0,0.333,26.0,0.3376,19.0,-0.0001,1.0,0.1232,56.0,-0.18,46.0,-0.0591,247.0
2025-12-03,Fiscal Policy-Stimulus Package,,,-0.3484,2.0,0.133,1.0,0.0252,16.0,0.2713,7.0,,,0.0257,1.0,0.0293,9.0,0.1755,6.0,,,0.4436,23.0,0.0142,3.0,0.0016,1.0,0.3669,7.0,0.3816,6.0,-0.4316,2.0,,,0.2215,9.0,,,0.0039,1.0,-0.9139,4.0,,,0.2394,11.0,0.3435,3.0,,,-0.1399,8.0,0.1919,1.0,,,0.1973,59.0,0.0466,24.0,-0.0939,113.0
2025-12-03,Monetary Policy,0.0152,6.0,0.094,18.0,0.2409,20.0,0.3778,5.0,-0.0797,15.0,,,-0.9129,1.0,0.0088,3.0,0.1069,24.0,0.9375,2.0,0.0181,20.0,,,0.3916,7.0,0.1474,9.0,,,,,,,0.4654,1.0,,,-0.7,8.0,-0.123,20.0,-0.2071,7.0,,,,,0.8545,2.0,0.4588,5.0,,,,,0.0071,1.0,0.1612,14.0,0.0924,187.0
2025-12-03,Monetary Policy-Interest Rates,,,0.0277,1.0,,,,,,,-0.0183,4.0,,,,,,,,,,,,,,,-0.7319,3.0,,,,,,,,,,,0.0362,2.0,-0.3075,12.0,-0.83,1.0,,,,,,,,,,,,,,,,,-0.1351,83.0
2025-12-03,Monetary Policy-Quantitative Easing,0.0151,2.0,,,0.0214,2.0,-0.0619,6.0,0.3502,34.0,,,0.9477,1.0,0.5617,2.0,0.221,39.0,,,-0.3919,20.0,,,,,0.22,5.0,0.5713,12.0,0.0066,5.0,,,0.5301,2.0,,,-0.4982,1.0,0.0021,12.0,0.2027,16.0,0.488,2.0,0.7993,1.0,-0.4519,4.0,0.0027,3.0,0.0332,5.0,-0.0006,1.0,0.0075,2.0,0.3121,24.0,0.0263,150.0
2025-12-03,Natural Disaster,,,,,-0.8426,1.0,,,,,,,-0.9041,1.0,,,,,,,-0.8877,1.0,,,,,-0.0029,1.0,-0.6653,2.0,0.0917,13.0,,,,,,,-0.0478,5.0,,,,,,,,,,,0.0045,1.0,0.0062,1.0,,,,,,,-0.262,13.0
2025-12-03,Oil Spills,,,,,,,,,,,,,,,-0.7318,2.0,,,,,,,,,,,,,,,,,,,,,,,,,,,,,,,,,,,,,,,,,,,,,-0.7605,1.0
2025-12-03,Pandemic,-0.0916,8.0,-0.2446,56.0,0.3132,22.0,-0.0585,37.0,-0.1026,80.0,-0.0668,2.0,0.2174,7.0,-0.034,59.0,-0.0594,39.0,-0.0317,4.0,-0.249,186.0,-0.3426,6.0,-0.0436,28.0,0.1294,29.0,0.4325,8.0,-0.0823,49.0,-0.7436,1.0,-0.0503,16.0,0.189,13.0,0.068,9.0,0.0336,7.0,-0.0931,28.0,0.0448,10.0,-0.3763,9.0,0.1875,18.0,-0.226,76.0,0.364,22.0,-0.0611,14.0,-0.1758,26.0,-0.1571,96.0,-0.0963,635.0
2025-12-03,Politics,0.2634,30.0,-0.0947,57.0,0.0516,58.0,-0.1148,93.0,-0.0094,208.0,,,0.0983,18.0,-0.0154,121.0,-0.0296,167.0,0.0697,27.0,-0.0759,346.0,-0.2136,94.0,0.0369,58.0,-0.0503,52.0,0.004,224.0,0.0781,141.0,0.3007,6.0,0.0897,71.0,-0.1793,52.0,0.0219,30.0,-0.1342,34.0,0.0171,415.0,0.0929,34.0,0.2317,13.0,-0.1231,19.0,0.0288,108.0,0.1885,49.0,0.1194,13.0,-0.0267,525.0,-0.1075,227.0,-0.0391,1488.0
2025-12-03,Politics-Election,0.0279,14.0,,,-0.1618,3.0,0.5424,1.0,,,,,-0.2242,7.0,-0.0364,2.0,0.0032,1.0,,,0.0458,44.0,,,,,,,0.0044,1.0,,,,,0.0055,2.0,,,-0.895,1.0,,,,,,,,,0.1204,1.0,0.0129,1.0,-0.1168,2.0,0.9463,1.0,0.003,1.0,0.0013,1.0,0.1149,333.0
2025-12-03,Politics-Political Tension,0.3118,3.0,-0.1987,2.0,0.1645,13.0,-0.0183,9.0,-0.0393,20.0,,,,,-0.1188,35.0,-0.0467,32.0,-0.0499,8.0,-0.1981,34.0,-0.0953,12.0,0.0559,9.0,-0.2262,3.0,-0.3137,22.0,0.0028,8.0,,,-0.1327,4.0,-0.2998,3.0,-0.0233,5.0,-0.1166,2.0,0.0372,200.0,,,0.0064,2.0,-0.1122,5.0,0.1077,10.0,0.4856,5.0,0.0052,1.0,-0.0622,152.0,-0.0662,22.0,-0.1056,136.0
2025-12-03,Terrorist Attacks,-0.2117,2.0,-0.6941,8.0,-0.6371,4.0,-0.333,8.0,-0.7374,9.0,,,-0.1185,2.0,0.091,8.0,-0.5066,37.0,,,-0.4282,29.0,-0.6255,3.0,,,,,-0.8701,5.0,-0.6657,9.0,0.0017,2.0,-0.4375,2.0,-0.7759,46.0,-0.7615,1.0,,,-0.52,6.0,,,,,-0.0501,2.0,-0.4417,11.0,,,,,,,-0.4257,7.0,-0.4148,141.0
2025-12-03,Wars,0.1317,1.0,0.404,8.0,0.3992,3.0,0.1593,3.0,0.0457,52.0,-0.0261,2.0,0.119,22.0,0.1564,19.0,0.155,49.0,-0.2922,6.0,0.2054,32.0,-0.1327,151.0,-0.1819,26.0,0.2037,34.0,-0.0121,119.0,0.2393,2.0,,,-0.013,11.0,-0.119,23.0,0.0095,1.0,0.0574,7.0,-0.078,377.0,0.3058,17.0,,,,,0.0161,8.0,0.2757,6.0,0.0527,12.0,-0.0966,463.0,-0.208,17.0,-0.0062,226.0
2025-12-02,Economic Data,-0.0714,7.0,0.13,35.0,0.2672,19.0,0.2534,64.0,0.1549,183.0,-0.0026,3.0,0.2325,13.0,0.0286,21.0,0.0878,84.0,-0.9153,1.0,0.0312,61.0,,,-0.3211,11.0,-0.0368,54.0,0.4781,27.0,-0.0356,11.0,-0.2151,12.0,0.714,4.0,0.0306,7.0,0.1192,22.0,0.24,12.0,-0.1127,46.0,0.7121,5.0,0.2572,5.0,0.1756,15.0,0.236,27.0,0.423,23.0,0.3659,12.0,0.3086,23.0,0.0034,103.0,0.0343,515.0
2025-12-02,Economic Data-Consumer Spending,,,0.006,1.0,,,,,-0.4551,3.0,,,,,,,-0.9167,1.0,,,,,,,0.8501,1.0,0.575,8.0,,,,,,,,,,,,,,,,,,,,,,,,,,,,,0.0208,1.0,0.9201,2.0,0.5194,31.0
2025-12-02,Economic Data-Employment,-0.4424,3.0,0.9374,1.0,0.9484,2.0,-0.7816,1.0,-0.1332,3.0,,,-0.481,1.0,-0.8148,1.0,-0.9149,1.0,,,0.2009,5.0,0.1606,1.0,-0.9109,18.0,0.3725,1.0,0.001,1.0,0.0006,1.0,,,0.9065,1.0,-0.8221,1.0,0.4562,2.0,,,-0.2605,3.0,0.9345,1.0,0.2214,3.0,0.0173,1.0,0.0177,28.0,0.0119,1.0,0.9349,7.0,0.0404,1.0,-0.1287,29.0,0.2748,23.0
2025-12-02,Economic Data-GDP,-0.5271,3.0,0.1636,20.0,0.3829,8.0,-0.1647,13.0,-0.3752,7.0,,,,,0.472,4.0,-0.2749,40.0,0.648,7.0,0.4236,5.0,,,-0.9126,1.0,0.9445,4.0,0.935,7.0,-0.7784,4.0,,,0.9467,1.0,,,-0.3189,8.0,0.9293,1.0,0.2454,4.0,0.8301,7.0,,,0.521,14.0,-0.02,1.0,,,,,0.4416,5.0,-0.0149,19.0,0.1826,23.0
2025-12-02,Economic Data-Housing,,,-0.0061,28.0,0.9446,1.0,0.141,16.0,-0.0033,32.0,,,0.1588,3.0,0.3175,1.0,0.0224,11.0,,,0.633,4.0,,,0.3533,1.0,-0.2499,3.0,0.0019,1.0,-0.1002,3.0,-0.8475,1.0,0.7899,1.0,,,0.0663,1.0,0.3189,2.0,0.0478,1.0,0.308,2.0,,,0.103,2.0,-0.0683,2.0,,,,,,,0.1558,65.0,0.0967,154.0
2025-12-02,Economic Data-Inflation,,,-0.4391,2.0,-0.0001,2.0,,,0.1981,20.0,,,,,,,,,,,,,,,,,0.0016,3.0,0.6162,11.0,-0.0022,1.0,,,,,,,,,0.0054,1.0,0.2471,6.0,,,,,,,,,,,,,,,0.0027,6.0,-0.1481,40.0
2025-12-02,Economic Data-Interest Rates,,,-0.1132,8.0,-0.2908,5.0,0.5383,19.0,-0.198,13.0,0.3718,3.0,0.0051,2.0,,,0.2046,21.0,0.9353,1.0,-0.577,7.0,,,0.0072,1.0,0.0342,54.0,-0.0244,7.0,,,-0.8432,1.0,,,,,-0.4384,2.0,,,0.6287,4.0,0.0097,4.0,,,0.0096,3.0,,,-0.9161,1.0,-0.9177,3.0,-0.0011,1.0,0.1951,130.0,0.0393,158.0
2025-12-02,Economic Data-Manufacturing,,,0.0044,1.0,-0.0939,9.0,0.9477,5.0,0.2145,13.0,,,0.7227,2.0,0.9454,3.0,-0.1358,25.0,,,-0.1027,7.0,,,,,0.4706,1.0,0.0091,1.0,,,,,,,,,,,,,-0.9207,1.0,0.2066,3.0,0.9363,4.0,-0.891,1.0,,,-0.1312,1.0,,,,,0.3752,4.0,0.0975,24.0
2025-12-02,Economic Data-Retail Sales,,,,,,,,,0.3934,6.0,,,-0.4499,2.0,,,0.1599,5.0,,,0.8501,2.0,0.9423,1.0,-0.0051,1.0,0.5708,5.0,,,0.4386,12.0,,,,,,,0.9496,1.0,,,,,,,0.0013,1.0,0.0165,1.0,0.5474,4.0,,,,,,,0.4763,10.0,0.5916,92.0
2025-12-02,Extreme Weather,-0.1724,5.0,-0.0459,8.0,-0.2526,11.0,0.1276,5.0,0.0148,24.0,-0.0067,1.0,0.0042,3.0,-0.0546,14.0,-0.4256,8.0,,,-0.2808,49.0,-0.9085,1.0,0.0515,10.0,0.15,6.0,,,0.0968,11.0,-0.3302,3.0,,,0.7308,1.0,-0.1173,16.0,0.018,2.0,-0.1575,5.0,0.3367,2.0,-0.0011,1.0,-0.3503,10.0,0.0123,23.0,0.3351,5.0,-0.2045,6.0,-0.4551,6.0,0.2424,28.0,-0.0021,164.0
2025-12-02,Extreme Weather-Cold,,,,,,,-0.2261,5.0,0.4151,6.0,,,,,,,-0.0037,6.0,,,-0.0674,14.0,,,-0.9077,4.0,-0.5225,2.0,-0.24,8.0,0.0331,5.0,,,,,,,0.0684,4.0,,,,,,,,,-0.6637,1.0,-0.0251,3.0,-0.0825,4.0,0.0093,1.0,,,-0.0089,6.0,-0.2048,167.0
2025-12-02,Extreme Weather-Drought,,,-0.8909,1.0,-0.2773,3.0,-0.0052,1.0,-0.1462,2.0,,,,,,,-0.0024,1.0,,,-0.4967,2.0,,,,,0.0053,2.0,,,,,,,-0.0107,1.0,,,0.0055,1.0,,,,,,,,,0.0001,2.0,-0.2182,2.0,,,,,,,-0.0062,5.0,-0.0658,5.0
2025-12-02,Extreme Weather-Heat,,,0.0004,2.0,-0.0331,3.0,0.0918,1.0,0.0675,1.0,,,,,,,0.2268,2.0,,,0.0024,1.0,,,,,-0.5452,4.0,,,0.0027,1.0,,,,,,,,,,,0.035,1.0,,,,,,,0.4584,3.0,,,-0.0016,1.0,,,-0.0419,8.0,0.0022,6.0
2025-12-02,Fiscal Policy,-0.1957,8.0,-0.207,27.0,0.0932,24.0,0.0914,25.0,0.2297,43.0,,,0.0318,6.0,-0.1675,17.0,0.0003,38.0,0.2161,1.0,-0.1769,30.0,0.0088,1.0,0.503,7.0,0.1814,10.0,,,0.0125,13.0,,,0.2694,4.0,0.3145,4.0,-0.0226,16.0,-0.2519,6.0,0.1065,16.0,0.3135,26.0,0.1165,2.0,0.033,6.0,0.0677,7.0,0.3618,10.0,0.0024,1.0,0.0031,24.0,-0.2084,73.0,-0.0116,208.0
2025-12-02,Fiscal Policy-Stimulus Package,0.2131,3.0,0.9371,6.0,0.7172,3.0,0.2547,24.0,-0.0054,5.0,,,0.6086,2.0,0.0464,20.0,0.1953,2.0,0.3843,3.0,0.1813,9.0,,,0.2322,6.0,-0.0278,18.0,0.4517,2.0,-0.8079,1.0,,,0.0142,1.0,,,0.094,6.0,,,0.4684,2.0,0.0519,65.0,-0.9219,2.0,-0.4333,2.0,0.601,3.0,-0.3174,2.0,,,0.0233,9.0,-0.0507,59.0,-0.1678,75.0
2025-12-02,Monetary Policy,,,-0.111,7.0,0.011,4.0,0.4067,6.0,0.4726,11.0,0.3718,3.0,0.0051,2.0,-0.4458,3.0,0.1677,22.0,,,-0.3071,13.0,,,0.0072,1.0,-0.0251,47.0,-0.2391,2.0,,,-0.2735,5.0,,,-0.6641,1.0,-0.8783,1.0,,,0.593,10.0,0.0088,3.0,0.0037,2.0,0.0124,1.0,0.4179,3.0,-0.9161,1.0,-0.4476,4.0,,,0.2291,151.0,0.1619,124.0
2025-12-02,Monetary Policy-Interest Rates,,,-0.0276,1.0,,,,,,,0.8965,1.0,,,,,0.9099,3.0,,,-0.8426,1.0,,,,,0.1174,12.0,-0.4753,4.0,,,,,,,,,,,,,,,,,,,,,,,,,,,,,-0.476,3.0,-0.1138,27.0
2025-12-02,Monetary Policy-Quantitative Easing,-0.1708,3.0,0.0131,1.0,0.492,7.0,0.9422,2.0,-0.113,19.0,,,0.4789,6.0,-0.4518,3.0,0.0425,29.0,0.8229,1.0,-0.1403,30.0,0.2249,1.0,,,-0.1627,27.0,0.0415,2.0,0.0134,2.0,,,,,,,,,0.012,5.0,0.1171,51.0,,,0.0024,2.0,-0.4362,3.0,0.004,1.0,,,0.3572,7.0,0.9487,2.0,0.1212,43.0,0.0437,121.0
2025-12-02,Natural Disaster,,,-0.8059,1.0,,,,,-0.0318,1.0,,,,,,,,,,,0.1064,2.0,,,-0.8661,1.0,-0.2581,4.0,,,0.1445,6.0,,,,,,,-0.0116,1.0,,,0.0037,2.0,,,,,-0.8399,1.0,,,,,,,,,0.4074,5.0,-0.0971,9.0
2025-12-02,Oil Spills,,,,,,,,,,,,,,,,,,,,,,,,,,,,,,,,,,,,,,,,,,,,,,,,,,,,,,,,,,,,,0.3198,10.0
2025-12-02,Pandemic,-0.2523,11.0,-0.0177,61.0,0.0553,5.0,0.0053,49.0,0.1232,135.0,,,-0.0533,5.0,-0.0095,47.0,-0.0283,47.0,-0.3155,3.0,-0.1816,118.0,0.1809,11.0,0.1716,11.0,0.0328,41.0,0.2457,6.0,0.142,30.0,-0.02,3.0,-0.1694,8.0,-0.049,14.0,0.2438,31.0,-0.0264,8.0,-0.2168,21.0,0.3591,8.0,-0.0813,6.0,0.0914,21.0,-0.1574,43.0,0.3891,14.0,-0.2343,8.0,-0.0401,38.0,-0.0373,104.0,0.0601,564.0
2025-12-02,Politics,-0.207,23.0,0.2286,79.0,0.1283,77.0,0.0805,88.0,-0.1305,200.0,,,0.0883,18.0,-0.2103,149.0,-0.1677,168.0,0.1663,20.0,-0.0909,274.0,-0.0553,78.0,0.0439,29.0,-0.0026,76.0,-0.0746,90.0,-0.0627,45.0,-0.1601,6.0,-0.2159,70.0,-0.2038,116.0,0.0057,45.0,-0.2237,23.0,-0.0042,443.0,0.1892,84.0,-0.0286,9.0,0.0456,19.0,0.0249,61.0,0.1793,37.0,0.0318,13.0,-0.0378,458.0,-0.1047,271.0,-0.0657,1232.0
2025-12-02,Politics-Election,0.3122,3.0,0.0178,2.0,-0.423,2.0,-0.0128,3.0,,,,,0.0106,4.0,0.0453,5.0,0.009,1.0,0.8572,1.0,0.0348,32.0,,,,,-0.0014,2.0,,,,,,,0.0888,1.0,0.0562,1.0,,,,,,,,,,,-0.1724,2.0,-0.0001,2.0,,,,,-0.2643,1.0,0.004,1.0,-0.0159,199.0
2025-12-02,Politics-Political Tension,,,0.0618,2.0,0.0848,25.0,0.1393,3.0,-0.1552,15.0,,,-0.037,6.0,-0.1795,31.0,-0.065,22.0,,,-0.3847,23.0,-0.045,45.0,-0.5425,2.0,-0.2444,14.0,-0.1137,8.0,-0.0212,6.0,,,,,0.0421,6.0,-0.155,4.0,-0.8722,1.0,-0.1027,209.0,,,,,-0.3151,2.0,0.4005,6.0,0.1467,5.0,0.0073,1.0,-0.0471,115.0,-0.1886,28.0,-0.1065,118.0
2025-12-02,Terrorist Attacks,,,-0.4391,9.0,-0.0617,1.0,-0.3765,19.0,-0.7156,5.0,,,-0.8218,1.0,-0.5753,13.0,-0.5381,32.0,,,-0.6068,21.0,-0.9045,4.0,-0.5524,6.0,-0.7495,2.0,-0.8801,2.0,-0.7452,3.0,,,-0.4903,5.0,-0.6412,36.0,-0.3069,2.0,-0.1677,4.0,-0.4972,3.0,,,-0.0049,1.0,-0.0092,3.0,-0.3291,11.0,,,,,0.0944,3.0,-0.4017,13.0,-0.283,165.0
2025-12-02,Wars,0.0039,2.0,,,0.2219,12.0,0.37,12.0,-0.0324,70.0,0.0075,1.0,0.0942,23.0,0.0101,15.0,0.0263,48.0,-0.0491,4.0,0.4549,40.0,-0.2112,43.0,0.0367,7.0,0.0361,34.0,0.037,44.0,0.005,3.0,,,-0.784,29.0,-0.1917,28.0,0.7291,7.0,0.0259,5.0,-0.0467,429.0,0.5898,10.0,,,,,0.5074,13.0,0.2271,20.0,-0.0422,33.0,-0.1066,500.0,0.0885,16.0,-0.0285,190.0
2025-12-01,Economic Data,-0.0757,13.0,-0.1627,48.0,0.0966,19.0,0.0917,30.0,-0.0235,249.0,0.0004,1.0,0.5312,5.0,-0.0718,37.0,-0.0645,41.0,0.1707,7.0,0.4076,84.0,,,0.2171,9.0,-0.063,115.0,0.3672,72.0,0.2116,24.0,-0.0019,6.0,0.2642,9.0,-0.5272,7.0,-0.2884,4.0,0.4358,17.0,-0.5974,18.0,0.3017,16.0,0.6197,6.0,-0.3662,15.0,-0.1795,29.0,-0.1274,12.0,-0.4941,4.0,0.1147,27.0,0.0083,123.0,-0.0402,497.0
2025-12-01,Economic Data-Consumer Spending,,,,,,,,,,,,,,,,,-0.6609,9.0,,,0.9148,1.0,,,,,-0.6713,5.0,,,,,,,,,,,,,0.9469,3.0,,,,,,,,,0.8397,2.0,,,,,,,,,0.2356,26.0
2025-12-01,Economic Data-Employment,0.0639,1.0,-0.0307,10.0,,,0.2566,13.0,0.2764,6.0,,,,,0.0125,2.0,-0.3081,7.0,,,0.1139,10.0,,,,,-0.4429,2.0,0.0149,1.0,0.9387,1.0,,,0.1834,1.0,,,0.0478,2.0,,,,,0.9425,1.0,0.877,3.0,0.2083,1.0,0.0124,1.0,0.5345,2.0,,,,,0.2081,7.0,0.0042,32.0
2025-12-01,Economic Data-GDP,,,,,0.8766,1.0,-0.2357,9.0,-0.6037,3.0,0.9502,1.0,,,0.4733,2.0,-0.8411,1.0,0.9358,3.0,0.3367,17.0,,,,,,,0.296,6.0,-0.5621,8.0,,,0.8865,12.0,-0.9182,1.0,-0.5758,8.0,0.9025,7.0,-0.7533,1.0,,,,,,,,,,,0.4039,19.0,,,0.4707,4.0,-0.1606,11.0
2025-12-01,Economic Data-Housing,,,0.0773,23.0,,,-0.0859,18.0,-0.2614,51.0,,,,,-0.0071,3.0,0.2473,8.0,0.0065,1.0,0.6287,8.0,,,,,0.2581,8.0,-0.1737,5.0,,,-0.5616,7.0,,,,,0.4663,2.0,,,0.6372,1.0,0.4241,5.0,0.314,5.0,-0.457,6.0,0.0076,4.0,-0.6559,2.0,0.0055,1.0,,,0.0323,36.0,0.0462,89.0
2025-12-01,Economic Data-Inflation,,,0.328,6.0,0.3563,4.0,,,0.0842,8.0,,,,,,,0.4796,2.0,,,,,,,,,0.0023,8.0,0.6201,9.0,,,,,,,-0.2798,9.0,,,0.0054,1.0,,,,,,,,,0.0019,2.0,,,0.7879,4.0,0.9385,1.0,0.9457,1.0,0.0439,39.0
2025-12-01,Economic Data-Interest Rates,,,0.2073,12.0,0.1714,13.0,-0.0847,22.0,-0.3786,7.0,,,0.0104,1.0,-0.8891,3.0,0.0598,28.0,,,-0.003,53.0,,,0.4546,4.0,0.1867,164.0,-0.4314,3.0,0.0916,1.0,0.2192,11.0,0.0107,3.0,,,0.6295,3.0,-0.3224,10.0,-0.1642,14.0,0.4179,9.0,0.919,1.0,,,,,0.6953,1.0,-0.7632,1.0,-0.1607,3.0,-0.0065,37.0,-0.0989,142.0
2025-12-01,Economic Data-Manufacturing,,,0.4706,8.0,,,-0.3243,7.0,-0.5696,105.0,0.2887,6.0,,,-0.3286,26.0,-0.5842,39.0,,,0.1118,30.0,,,0.8829,13.0,-0.2726,27.0,-0.4361,13.0,,,,,,,0.399,1.0,-0.7243,9.0,0.4717,3.0,-0.9181,9.0,0.3707,12.0,,,-0.4686,6.0,0.0675,8.0,0.296,8.0,0.0208,4.0,,,0.6423,45.0,-0.297,94.0
2025-12-01,Economic Data-Retail Sales,,,0.5931,1.0,,,0.9485,1.0,0.3307,16.0,0.8827,1.0,0.0003,1.0,,,-0.0557,15.0,,,0.8703,7.0,,,0.0161,1.0,0.9417,5.0,0.662,14.0,0.6989,5.0,,,,,,,,,,,,,,,,,0.9458,1.0,0.0131,2.0,,,,,,,0.8898,12.0,0.4613,67.0
2025-12-01,Extreme Weather,-0.096,5.0,-0.2581,13.0,-0.136,11.0,0.2631,7.0,-0.0474,25.0,0.0003,2.0,-0.001,1.0,0.2347,17.0,0.0031,18.0,,,-0.0358,55.0,-0.0012,5.0,0.0085,4.0,-0.3606,20.0,0.8907,1.0,0.0887,24.0,,,-0.6964,1.0,-0.8731,1.0,-0.1917,9.0,0.0338,1.0,-0.2372,7.0,0.0031,1.0,-0.0072,3.0,-0.3036,7.0,0.0284,23.0,-0.1073,1.0,,,,,-0.1624,24.0,0.0365,195.0
2025-12-01,Extreme Weather-Cold,0.0017,1.0,,,0.8797,2.0,0.0363,4.0,-0.1175,5.0,,,,,-0.0436,2.0,-0.0006,1.0,,,-0.0969,23.0,,,,,,,-0.171,5.0,-0.1139,2.0,,,,,,,,,0.0003,1.0,0.0253,1.0,,,,,0.0704,1.0,0.0162,2.0,,,,,,,0.1409,5.0,-0.1545,177.0
2025-12-01,Extreme Weather-Drought,0.0073,1.0,0.9391,1.0,,,-0.2069,3.0,-0.1249,4.0,,,,,-0.8094,2.0,-0.0532,1.0,,,0.2223,5.0,,,,,,,-0.7562,1.0,0.6789,1.0,0.0379,1.0,,,,,0.4631,2.0,,,,,0.2894,1.0,0.0146,1.0,,,0.0219,3.0,0.9366,2.0,,,,,-0.2538,21.0,-0.0381,17.0
2025-12-01,Extreme Weather-Heat,,,0.0007,1.0,0.0109,1.0,,,0.0004,1.0,,,,,0.0285,1.0,-0.2863,1.0,,,0.0041,2.0,0.5152,4.0,-0.0019,1.0,-0.5779,5.0,0.0162,1.0,,,,,,,,,,,,,,,,,,,,,0.0672,5.0,,,0.0003,1.0,,,-0.0095,2.0,-0.3,3.0
2025-12-01,Fiscal Policy,0.0094,1.0,0.1096,4.0,0.1812,14.0,0.2408,22.0,0.2397,35.0,,,0.0156,1.0,-0.0546,16.0,-0.1032,12.0,-0.135,5.0,0.023,58.0,0.0379,15.0,0.3016,6.0,0.6189,8.0,-0.3301,5.0,-0.007,10.0,0.0038,1.0,0.3554,6.0,-0.3196,5.0,-0.4207,19.0,0.0154,1.0,0.2202,8.0,0.0104,2.0,-0.0183,5.0,0.5832,3.0,0.3014,10.0,-0.0962,4.0,,,-0.2051,57.0,-0.1684,189.0,0.1009,142.0
2025-12-01,Fiscal Policy-Stimulus Package,0.9423,1.0,0.0203,3.0,0.5554,6.0,-0.1352,7.0,,,0.1798,4.0,0.0556,1.0,-0.1319,10.0,0.0355,4.0,-0.0003,1.0,0.1462,27.0,,,-0.3136,5.0,0.2311,3.0,-0.644,1.0,0.0773,2.0,0.0146,1.0,-0.421,2.0,,,-0.4145,2.0,-0.0714,1.0,0.3312,2.0,0.3571,2.0,0.0038,1.0,0.3255,4.0,-0.1488,5.0,,,,,0.1921,14.0,-0.0984,152.0,-0.0048,48.0
2025-12-01,Monetary Policy,,,0.2726,7.0,0.2492,11.0,-0.2237,15.0,-0.0207,4.0,,,0.0073,3.0,-0.8938,2.0,0.2512,18.0,,,0.0181,41.0,,,,,0.2486,133.0,-0.2093,2.0,,,0.118,12.0,0.2371,3.0,,,0.0056,1.0,-0.3802,10.0,0.1015,17.0,0.306,5.0,0.5381,4.0,,,,,,,-0.1922,3.0,-0.0754,4.0,-0.1245,31.0,-0.1629,104.0
2025-12-01,Monetary Policy-Interest Rates,,,-0.7973,3.0,,,,,,,,,,,-0.8844,1.0,0.1913,5.0,,,-0.3204,7.0,,,,,-0.0162,54.0,-0.071,1.0,,,-0.6892,1.0,0.6213,1.0,,,,,-0.0481,3.0,-0.8617,1.0,,,,,,,,,,,,,,,-0.3976,6.0,-0.0439,22.0
2025-12-01,Monetary Policy-Quantitative Easing,,,,,-0.4276,3.0,-0.0327,2.0,0.329,34.0,,,,,0.0426,14.0,-0.1058,14.0,0.0052,4.0,-0.1872,20.0,0.6368,4.0,-0.0193,3.0,0.0249,29.0,0.1757,21.0,,,,,0.1244,1.0,,,,,0.0417,5.0,0.2201,18.0,0.3944,10.0,0.0108,1.0,0.0025,4.0,0.3267,3.0,,,0.0184,1.0,0.0969,7.0,-0.0672,23.0,-0.0204,90.0
2025-12-01,Natural Disaster,,,,,,,,,-0.097,1.0,,,,,,,,,,,-0.0027,2.0,,,,,-0.6314,3.0,,,0.0141,5.0,,,-0.6964,1.0,-0.8731,1.0,-0.8563,1.0,,,,,,,,,-0.8902,1.0,,,,,,,,,0.2985,1.0,-0.0099,4.0
2025-12-01,Oil Spills,,,,,,,,,,,,,,,,,,,,,,,,,,,,,,,,,,,,,,,,,,,0.0122,1.0,,,,,,,,,-0.8761,1.0,,,,,-0.7884,1.0,0.0071,1.0
2025-12-01,Pandemic,-0.1596,15.0,-0.0655,28.0,0.0033,18.0,0.1649,46.0,0.0758,44.0,0.0079,2.0,0.4738,3.0,-0.1335,43.0,-0.351,40.0,,,-0.12,86.0,-0.4358,4.0,-0.1442,15.0,-0.1191,26.0,-0.0772,11.0,-0.0079,47.0,0.9431,2.0,-0.2977,20.0,-0.1482,5.0,0.1472,7.0,-0.166,12.0,-0.0387,20.0,0.2156,15.0,-0.1172,5.0,-0.0972,10.0,0.1375,72.0,-0.1794,8.0,-0.3264,8.0,-0.1925,30.0,0.02,79.0,0.088,332.0
2025-12-01,Politics,0.1093,23.0,-0.0572,35.0,-0.0275,35.0,-0.0543,87.0,-0.0888,186.0,0.0893,5.0,0.1649,16.0,-0.0082,125.0,-0.0307,99.0,-0.3068,9.0,-0.0045,250.0,-0.0649,369.0,-0.1102,28.0,-0.0199,64.0,-0.285,99.0,0.0452,46.0,0.112,5.0,-0.1399,46.0,-0.371,47.0,-0.2861,48.0,-0.0618,16.0,-0.0362,261.0,0.1593,18.0,0.0486,11.0,0.0018,34.0,-0.0766,80.0,-0.2229,21.0,-0.1179,12.0,0.0073,592.0,-0.1929,486.0,-0.0466,1007.0
2025-12-01,Politics-Election,,,0.2136,7.0,,,0.3147,4.0,0.86,1.0,,,-0.4742,7.0,0.0117,1.0,,,,,-0.0134,32.0,,,,,,,0.4217,2.0,,,,,-0.0283,2.0,,,,,,,,,,,0.0072,1.0,-0.3465,3.0,-0.0519,1.0,0.0175,1.0,,,-0.0022,7.0,,,0.0203,90.0
2025-12-01,Politics-Political Tension,,,0.0178,4.0,-0.0084,2.0,-0.0453,6.0,0.0097,23.0,-0.2477,1.0,0.0216,2.0,0.0488,33.0,-0.2124,23.0,0.1284,2.0,-0.0436,59.0,-0.1255,124.0,-0.0558,4.0,-0.1292,5.0,0.004,1.0,-0.1458,2.0,,,-0.0043,2.0,-0.1443,16.0,-0.6651,3.0,-0.5108,10.0,-0.1055,62.0,,,0.0068,1.0,-0.0089,7.0,-0.3132,14.0,-0.2211,4.0,,,0.1168,308.0,-0.2285,28.0,-0.0336,89.0
2025-12-01,Terrorist Attacks,-0.0227,1.0,-0.5862,7.0,-0.0033,2.0,-0.3254,4.0,-0.5936,2.0,,,-0.8144,1.0,-0.5471,44.0,-0.2675,10.0,,,-0.3966,31.0,-0.3491,3.0,-0.0091,2.0,,,-0.4472,2.0,-0.0117,5.0,,,-0.4819,29.0,-0.7103,37.0,-0.3271,1.0,-0.003,1.0,-0.3395,8.0,,,,,-0.2808,2.0,-0.4119,23.0,,,,,-0.6654,4.0,-0.4275,12.0,-0.4082,120.0
2025-12-01,Wars,,,0.4094,4.0,,,0.3886,14.0,0.0555,72.0,,,0.2211,25.0,-0.0125,11.0,0.1363,15.0,0.4322,3.0,0.2422,26.0,-0.1463,77.0,-0.002,3.0,0.1743,16.0,0.0237,7.0,-0.0008,1.0,,,-0.2311,15.0,-0.3536,16.0,0.8086,2.0,-0.1719,8.0,-0.0398,494.0,0.2403,5.0,,,-0.0031,6.0,0.0597,5.0,0.3808,11.0,-0.2043,39.0,-0.0071,504.0,-0.294,16.0,0.0356,142.0
2025-11-30,Economic Data,-0.1197,6.0,-0.1788,5.0,0.536,4.0,0.1472,4.0,-0.0214,107.0,,,0.3618,8.0,0.1837,4.0,-0.0857,9.0,,,0.2476,15.0,-0.4571,2.0,0.2525,4.0,0.1236,30.0,0.0862,8.0,-0.2361,9.0,0.429,1.0,0.947,1.0,-0.6049,4.0,0.3282,7.0,0.2897,4.0,-0.1498,6.0,0.1698,6.0,0.7277,6.0,0.3184,3.0,-0.4145,6.0,0.2319,2.0,,,0.4668,2.0,-0.0208,18.0,0.2024,147.0
2025-11-30,Economic Data-Consumer Spending,,,,,,,,,0.9045,1.0,,,,,,,,,,,,,,,,,,,,,,,,,,,,,,,,,-0.146,1.0,,,,,,,,,,,,,,,,,0.2438,13.0
2025-11-30,Economic Data-Employment,,,,,-0.0026,1.0,0.0067,1.0,0.491,4.0,,,,,0.0027,2.0,-0.9052,1.0,,,0.1491,11.0,,,,,0.0083,3.0,0.0045,1.0,,,,,,,,,0.1681,4.0,,,,,,,,,,,-0.9181,1.0,,,,,,,0.0224,3.0,-0.1014,23.0
2025-11-30,Economic Data-GDP,,,,,,,,,-0.1582,11.0,,,,,,,,,,,0.9468,1.0,,,,,,,,,,,,,,,,,,,,,-0.2802,4.0,,,,,,,0.9511,1.0,-0.3453,1.0,,,,,,,0.1061,2.0
2025-11-30,Economic Data-Housing,,,0.3564,9.0,0.0174,2.0,0.3138,6.0,0.2941,3.0,,,0.5467,2.0,0.0036,1.0,,,,,0.6036,7.0,,,0.8477,1.0,-0.8913,1.0,-0.4582,6.0,,,-0.3706,5.0,,,,,,,,,,,0.3495,3.0,0.3885,2.0,0.9005,1.0,-0.6779,2.0,,,,,,,0.1937,8.0,0.392,41.0
2025-11-30,Economic Data-Inflation,,,,,,,,,,,,,,,,,,,,,,,,,,,0.437,2.0,,,,,,,,,,,,,,,,,,,,,,,,,,,,,,,,,0.1252,7.0
2025-11-30,Economic Data-Interest Rates,-0.865,2.0,,,,,0.4291,2.0,0.0137,1.0,,,,,,,0.5803,1.0,,,0.1324,7.0,,,0.0095,1.0,0.007,2.0,,,,,-0.0448,5.0,-0.9106,1.0,,,,,-0.1206,3.0,,,,,,,,,,,,,,,,,0.7124,2.0,0.2714,22.0
2025-11-30,Economic Data-Manufacturing,,,,,,,,,-0.0781,123.0,,,,,0.1784,1.0,-0.4248,1.0,,,,,,,,,,,,,,,,,,,,,,,,,,,0.006,1.0,0.1806,14.0,,,0.0714,1.0,-0.1695,1.0,,,,,,,-0.9155,1.0
2025-11-30,Economic Data-Retail Sales,,,,,0.3939,1.0,,,0.9356,6.0,,,,,,,,,,,,,,,,,0.0467,1.0,,,-0.7722,1.0,,,,,,,,,,,,,,,,,,,,,,,,,,,0.6336,2.0,0.1605,19.0
2025-11-30,Extreme Weather,-0.1915,8.0,-0.6435,3.0,0.0048,12.0,0.2537,9.0,0.0387,19.0,,,,,0.0251,6.0,-0.2613,9.0,,,-0.2257,51.0,0.0021,1.0,0.2115,3.0,-0.1216,5.0,,,0.2144,4.0,,,,,,,-0.3478,14.0,,,-0.1994,5.0,0.2292,5.0,,,-0.2972,6.0,-0.1348,16.0,-0.687,1.0,,,-0.3409,1.0,-0.2814,18.0,-0.1769,124.0
2025-11-30,Extreme Weather-Cold,,,,,,,0.2475,6.0,0.5217,2.0,,,,,,,0.0063,5.0,,,-0.0856,12.0,,,,,,,,,-0.6143,4.0,,,,,,,-0.1911,4.0,,,0.05,1.0,-0.2431,2.0,-0.7703,1.0,,,-0.1281,2.0,,,,,0.0006,2.0,-0.2607,7.0,-0.15,115.0
2025-11-30,Extreme Weather-Drought,0.0042,1.0,,,,,,,,,,,,,,,,,,,-0.0029,1.0,,,,,,,,,,,,,0.0162,1.0,,,0.0371,2.0,,,,,,,,,-0.5907,3.0,0.0143,1.0,0.5727,1.0,,,,,-0.4235,19.0,-0.1022,7.0
2025-11-30,Extreme Weather-Heat,,,0.0072,4.0,0.0014,1.0,,,0.0374,1.0,,,0.0016,1.0,0.0031,1.0,0.0058,2.0,,,-0.1764,4.0,,,0.0025,2.0,,,,,,,,,,,,,,,,,-0.6505,1.0,-0.001,1.0,,,,,0.0086,1.0,,,0.0034,1.0,,,,,-0.0331,5.0
2025-11-30,Fiscal Policy,0.0021,7.0,-0.9109,1.0,-0.0675,1.0,-0.1433,6.0,0.0936,16.0,,,-0.0072,3.0,-0.2908,7.0,-0.0115,4.0,,,-0.0287,19.0,0.0176,9.0,,,0.5919,2.0,,,0.0031,7.0,,,0.025,2.0,-0.9054,1.0,-0.2492,47.0,0.1859,2.0,-0.1998,6.0,0.4557,1.0,-0.0513,3.0,0.1949,3.0,-0.1238,10.0,0.1619,1.0,,,-0.2416,16.0,-0.1049,72.0,-0.005,34.0
2025-11-30,Fiscal Policy-Stimulus Package,,,,,,,-0.5378,4.0,0.5151,3.0,,,,,0.0923,8.0,-0.1961,10.0,,,0.0704,2.0,,,,,0.6369,3.0,,,0.0081,1.0,,,,,0.0676,1.0,0.9437,2.0,,,0.1937,3.0,,,,,,,0.1679,2.0,,,,,,,0.1016,36.0,0.035,11.0
2025-11-30,Monetary Policy,-0.865,2.0,0.0163,1.0,,,,,,,,,,,0.5304,4.0,,,,,0.0697,3.0,,,0.0095,1.0,0.007,2.0,,,,,,,-0.5111,2.0,,,,,,,,,,,,,,,,,,,,,,,0.182,4.0,0.1378,10.0
2025-11-30,Monetary Policy-Interest Rates,,,-0.8674,2.0,,,,,,,,,,,,,0.5803,1.0,,,,,,,,,,,,,,,,,,,,,,,-0.8358,1.0,,,,,,,,,,,,,,,,,,,0.4047,14.0
2025-11-30,Monetary Policy-Quantitative Easing,0.0022,1.0,,,0.0008,3.0,,,0.164,5.0,,,0.9487,1.0,,,0.0063,2.0,,,,,,,,,-0.0031,3.0,,,,,,,,,,,0.0201,2.0,,,-0.0288,4.0,-0.8518,4.0,,,,,0.9493,1.0,,,0.1298,1.0,,,0.946,2.0,0.2577,24.0
2025-11-30,Natural Disaster,,,,,,,,,,,,,,,,,,,,,-0.7041,8.0,,,,,-0.2022,2.0,,,0.2832,3.0,,,,,,,-0.5639,3.0,,,,,,,,,,,,,,,,,,,,,-0.3327,3.0
2025-11-30,Pandemic,-0.0292,5.0,-0.1946,6.0,-0.1969,4.0,-0.1696,13.0,-0.191,27.0,-0.9075,1.0,-0.1485,5.0,-0.2074,39.0,-0.1361,19.0,-0.4433,2.0,-0.0368,44.0,0.008,9.0,-0.2911,8.0,-0.0464,11.0,-0.0026,1.0,0.0613,8.0,,,0.0041,2.0,-0.3808,5.0,-0.0753,16.0,0.04,3.0,0.3103,10.0,0.3788,16.0,-0.0675,1.0,0.1899,5.0,-0.0901,14.0,0.1223,7.0,0.0153,3.0,-0.1718,21.0,-0.0592,33.0,-0.11,138.0
2025-11-30,Politics,0.0242,21.0,0.0105,39.0,0.1087,17.0,-0.1766,29.0,-0.02,108.0,0.3477,3.0,-0.1544,29.0,-0.0728,90.0,-0.1686,98.0,-0.0151,6.0,-0.0499,148.0,-0.0304,681.0,-0.0505,18.0,-0.0465,35.0,-0.2074,13.0,-0.0237,35.0,,,-0.1496,6.0,-0.297,56.0,-0.1755,107.0,-0.2194,4.0,-0.0502,134.0,-0.1258,6.0,-0.0557,4.0,0.1293,17.0,-0.161,74.0,-0.052,22.0,0.0294,25.0,-0.0872,393.0,-0.0575,188.0,-0.0439,409.0
2025-11-30,Politics-Election,,,0.003,2.0,0.0911,2.0,0.003,1.0,,,,,-0.8184,5.0,-0.0092,1.0,,,,,-0.0315,15.0,,,,,-0.4173,1.0,,,,,,,-0.0026,1.0,,,,,,,,,,,,,0.7687,1.0,-0.0283,1.0,0.9314,1.0,,,0.0191,1.0,0.0021,3.0,-0.0939,32.0
2025-11-30,Politics-Political Tension,-0.1692,20.0,0.8088,1.0,0.0169,2.0,0.008,1.0,-0.0398,15.0,,,0.4816,2.0,-0.2262,9.0,-0.3247,8.0,,,-0.1355,26.0,-0.1053,110.0,-0.0143,1.0,-0.3086,5.0,-0.819,2.0,-0.0027,3.0,,,-0.0021,1.0,-0.0155,6.0,-0.1389,25.0,-0.4119,14.0,-0.0685,25.0,,,-0.2283,3.0,-0.0241,6.0,-0.2604,50.0,-0.59,2.0,,,-0.0408,313.0,-0.0761,13.0,0.0245,91.0
2025-11-30,Terrorist Attacks,,,-0.2561,2.0,-0.8346,1.0,-0.0234,1.0,-0.861,2.0,,,-0.7254,1.0,-0.5393,19.0,-0.4563,5.0,,,-0.4855,24.0,-0.686,1.0,,,,,-0.6704,1.0,-0.6663,12.0,,,-0.4728,37.0,-0.6328,14.0,-0.6879,15.0,,,-0.8132,5.0,,,-0.7639,1.0,-0.4388,2.0,-0.4889,3.0,,,,,-0.7088,12.0,-0.2445,23.0,-0.6135,383.0
2025-11-30,Wars,-0.0636,5.0,0.0036,1.0,0.2759,5.0,0.0096,2.0,-0.2716,20.0,0.0207,1.0,0.1926,11.0,0.1127,8.0,-0.1395,11.0,,,0.2082,19.0,-0.1498,83.0,0.1393,2.0,-0.1543,14.0,-0.1266,6.0,0.0016,1.0,,,0.234,3.0,-0.2868,26.0,0.2965,3.0,0.012,4.0,-0.1608,173.0,0.225,6.0,,,-0.8333,1.0,0.0051,1.0,0.0886,7.0,-0.0084,43.0,-0.0478,309.0,-0.0531,11.0,-0.1343,93.0
2025-11-29,Economic Data,0.3283,4.0,0.3937,4.0,0.4664,6.0,0.0952,10.0,0.2293,39.0,,,0.8855,2.0,0.1761,12.0,0.1588,17.0,,,0.091,28.0,,,0.3606,6.0,-0.2756,14.0,-0.173,3.0,0.4306,6.0,0.2466,2.0,-0.3817,2.0,,,0.4913,9.0,0.3828,4.0,-0.0845,8.0,0.6066,3.0,0.4906,2.0,0.0267,9.0,0.2477,8.0,0.5851,17.0,0.0107,1.0,0.0059,2.0,-0.1154,21.0,0.1863,186.0
2025-11-29,Economic Data-Consumer Spending,,,,,,,,,0.9148,1.0,,,,,,,,,,,,,,,,,,,0.9418,1.0,,,,,,,,,-0.5857,1.0,,,,,,,,,,,,,,,,,,,,,0.4674,48.0
2025-11-29,Economic Data-Employment,,,0.0047,1.0,-0.8978,1.0,0.0046,1.0,0.2816,7.0,,,,,,,-0.3875,4.0,,,0.2354,6.0,,,0.2312,1.0,0.3212,1.0,,,-0.43,5.0,0.9413,1.0,-0.4555,2.0,-0.9119,5.0,-0.1747,1.0,,,,,0.3766,1.0,-0.1365,3.0,0.3684,1.0,-0.4548,2.0,-0.4499,2.0,,,,,0.1887,4.0,-0.32,7.0
2025-11-29,Economic Data-GDP,,,,,,,0.0394,4.0,0.0499,3.0,,,,,0.9472,1.0,-0.6288,3.0,,,0.6051,21.0,,,0.91,1.0,,,,,,,,,0.9462,1.0,,,-0.0025,1.0,-0.9034,4.0,-0.4601,2.0,,,,,0.0257,2.0,0.002,1.0,,,,,,,-0.4301,2.0,-0.4272,7.0
2025-11-29,Economic Data-Housing,0.9409,1.0,0.3933,3.0,0.8533,1.0,0.3561,5.0,0.0963,7.0,,,,,,,-0.4531,2.0,,,0.0343,5.0,0.0058,1.0,0.696,1.0,0.3379,2.0,0.2903,8.0,-0.0738,9.0,,,0.233,1.0,,,0.7772,1.0,,,-0.8946,1.0,,,0.0808,2.0,0.4078,4.0,0.0884,2.0,0.0041,2.0,0.5171,1.0,0.0962,2.0,0.0747,11.0,0.4076,49.0
2025-11-29,Economic Data-Inflation,,,,,,,,,,,,,,,,,0.4796,2.0,,,,,,,,,,,0.0088,1.0,,,,,,,,,,,,,,,,,,,,,,,,,,,,,,,0.1706,8.0
2025-11-29,Economic Data-Interest Rates,,,0.0186,2.0,,,0.0098,1.0,0.9423,4.0,,,0.2765,2.0,,,0.0014,1.0,,,0.1583,9.0,,,,,0.3535,1.0,,,,,,,,,,,,,,,-0.915,1.0,,,,,,,,,,,,,,,-0.0388,4.0,0.082,27.0
2025-11-29,Economic Data-Manufacturing,,,,,,,,,0.0849,7.0,,,0.7574,1.0,,,-0.0042,1.0,,,0.441,3.0,0.0019,1.0,,,,,,,,,,,,,,,,,,,,,0.9494,1.0,,,,,,,0.9452,3.0,,,,,,,0.1342,2.0
2025-11-29,Economic Data-Retail Sales,,,,,0.5042,2.0,-0.0043,1.0,0.6371,3.0,,,,,,,-0.9194,1.0,,,0.8427,1.0,,,,,0.0093,1.0,,,,,,,,,,,,,,,,,,,,,,,0.9394,1.0,,,,,,,0.4766,2.0,0.3471,42.0
2025-11-29,Extreme Weather,-0.0006,4.0,-0.6733,2.0,-0.372,10.0,0.2675,3.0,-0.0556,7.0,,,,,-0.2095,4.0,-0.1515,13.0,,,-0.2843,66.0,,,0.2956,3.0,0.0035,1.0,0.04,2.0,0.3469,5.0,,,,,,,-0.2867,13.0,,,-0.2899,12.0,-0.0035,3.0,0.3151,4.0,-0.111,2.0,-0.1239,22.0,-0.0447,1.0,-0.0099,1.0,-0.229,5.0,-0.1992,18.0,-0.0434,105.0
2025-11-29,Extreme Weather-Cold,,,,,,,0.0224,2.0,-0.6987,3.0,,,,,0.0044,2.0,-0.5736,2.0,,,-0.3369,10.0,0.0116,4.0,-0.3502,2.0,0.0015,1.0,-0.0005,1.0,,,,,,,,,-0.3173,10.0,-0.0766,1.0,0.0912,4.0,,,,,,,,,,,,,,,-0.0697,7.0,-0.2248,100.0
2025-11-29,Extreme Weather-Drought,-0.0042,1.0,-0.1361,1.0,,,0.0004,1.0,0.1552,3.0,,,,,-0.576,2.0,-0.1629,1.0,,,-0.0716,6.0,,,,,,,,,0.9433,1.0,,,,,-0.9095,2.0,0.8739,1.0,,,,,,,,,,,-0.5593,3.0,,,,,,,-0.1475,4.0,-0.3868,12.0
2025-11-29,Extreme Weather-Heat,,,-0.0018,1.0,0.0036,1.0,,,0.4204,2.0,,,,,,,0.7618,1.0,,,-0.5416,6.0,,,0.0029,2.0,,,,,,,,,,,,,,,,,0.3662,1.0,-0.0018,1.0,,,,,0.0021,2.0,0.7908,1.0,0.0011,1.0,,,,,-0.2229,4.0
2025-11-29,Fiscal Policy,-0.0013,7.0,0.0319,3.0,0.1669,5.0,-0.1872,13.0,0.1031,6.0,,,0.0075,1.0,0.0522,4.0,-0.053,19.0,,,0.0325,24.0,0.9418,2.0,0.2181,6.0,-0.6195,7.0,0.0197,1.0,0.2057,6.0,,,0.3955,4.0,,,0.1389,7.0,0.4778,1.0,0.0015,6.0,,,0.0672,2.0,0.0257,2.0,-0.2259,3.0,0.0088,2.0,,,-0.291,14.0,-0.3133,36.0,-0.1113,145.0
2025-11-29,Fiscal Policy-Stimulus Package,,,,,,,0.1735,5.0,-0.8526,2.0,,,,,-0.4504,4.0,0.2799,6.0,,,0.2124,10.0,0.8791,1.0,,,0.9427,1.0,,,0.2462,3.0,,,,,,,0.0848,1.0,0.9512,1.0,0.287,2.0,0.0156,1.0,,,-0.9026,1.0,0.6628,1.0,0.87,1.0,,,0.0031,2.0,-0.276,24.0,-0.018,19.0
2025-11-29,Monetary Policy,-0.1531,1.0,,,0.0048,1.0,0.0098,1.0,0.9423,4.0,,,0.5344,1.0,0.1694,1.0,0.4699,2.0,,,0.2703,3.0,,,,,0.3535,1.0,,,,,,,,,,,,,,,,,,,,,,,0.1109,1.0,,,,,,,0.2978,2.0,-0.0701,27.0
2025-11-29,Monetary Policy-Interest Rates,,,,,,,0.0422,1.0,,,,,0.0185,1.0,,,0.9411,1.0,,,-0.5408,2.0,,,,,,,,,,,,,,,,,,,,,,,,,,,,,,,,,,,,,,,0.0034,8.0
2025-11-29,Monetary Policy-Quantitative Easing,,,,,0.0041,2.0,,,0.3044,15.0,,,,,,,-0.5872,3.0,,,-0.9153,1.0,,,,,0.9366,2.0,,,-0.9003,1.0,,,,,,,,,,,,,,,,,,,,,,,,,0.0188,1.0,-0.0663,4.0,0.0851,17.0
2025-11-29,Natural Disaster,,,-0.8858,1.0,,,,,,,,,,,,,,,,,-0.0372,15.0,,,,,,,,,0.2875,3.0,,,,,,,-0.0126,1.0,,,-0.0004,1.0,0.0498,1.0,,,,,-0.017,4.0,,,,,,,-0.191,1.0,-0.181,7.0
2025-11-29,Oil Spills,,,,,,,,,,,,,,,,,,,,,,,,,,,,,,,-0.46,1.0,,,,,,,,,,,,,,,,,,,,,,,,,,,-0.8426,4.0,,
2025-11-29,Pandemic,0.211,5.0,-0.5268,11.0,-0.1892,8.0,-0.0404,20.0,-0.3995,34.0,-0.4271,5.0,-0.102,4.0,-0.4848,52.0,-0.3063,30.0,-0.891,1.0,-0.0018,96.0,-0.5114,2.0,-0.0744,17.0,-0.2803,24.0,-0.3753,15.0,-0.244,14.0,0.1765,7.0,0.134,8.0,0.0152,2.0,-0.2252,19.0,-0.3781,3.0,-0.1957,15.0,-0.0064,5.0,-0.3234,4.0,-0.3087,6.0,-0.3522,30.0,-0.478,2.0,-0.7705,3.0,-0.2061,36.0,-0.3084,60.0,-0.213,163.0
2025-11-29,Politics,-0.1139,11.0,0.0465,91.0,-0.1278,71.0,-0.0163,37.0,-0.1155,54.0,-0.4389,4.0,-0.0872,9.0,-0.1845,79.0,-0.0806,251.0,-0.5951,4.0,0.0135,204.0,-0.0863,49.0,-0.1276,32.0,-0.0387,32.0,-0.1524,16.0,0.077,32.0,0.5067,2.0,0.0718,23.0,-0.2182,47.0,0.0168,43.0,-0.061,17.0,-0.0926,137.0,0.0592,10.0,0.0312,2.0,-0.2006,22.0,-0.0569,32.0,0.4073,15.0,0.1021,39.0,-0.1998,478.0,-0.1507,143.0,-0.1023,517.0
2025-11-29,Politics-Election,,,0.0092,2.0,-0.091,1.0,,,-0.4424,2.0,,,0.0015,1.0,0.0229,1.0,0.0859,5.0,0.0036,1.0,-0.0034,22.0,,,,,0.838,1.0,0.4277,1.0,,,,,,,,,0.004,1.0,,,,,,,,,,,,,0.3246,2.0,,,0.0113,1.0,-0.5717,4.0,-0.0548,22.0
2025-11-29,Politics-Political Tension,0.1242,5.0,0.1556,1.0,-0.427,1.0,-0.0433,4.0,0.1283,13.0,-0.004,1.0,0.836,1.0,-0.0894,12.0,-0.3349,16.0,0.0964,1.0,-0.2321,45.0,-0.4367,5.0,0.142,8.0,-0.0852,2.0,-0.0083,1.0,0.2513,4.0,,,-0.3211,2.0,-0.3529,8.0,-0.1978,5.0,-0.0039,1.0,-0.0721,37.0,,,,,-0.5406,1.0,-0.3452,3.0,0.0112,1.0,0.1855,5.0,-0.279,206.0,-0.114,20.0,-0.0866,100.0
2025-11-29,Terrorist Attacks,-0.0063,1.0,,,-0.7353,5.0,-0.447,10.0,-0.8824,2.0,,,,,-0.3107,41.0,-0.4855,24.0,,,-0.2994,41.0,-0.7003,6.0,-0.0893,5.0,,,,,-0.7177,8.0,-0.0649,1.0,-0.5423,5.0,-0.0196,1.0,-0.0314,1.0,-0.8536,1.0,-0.7809,13.0,-0.854,1.0,-0.8216,2.0,-0.8533,1.0,-0.2821,4.0,-0.8952,1.0,-0.8775,2.0,-0.3742,9.0,-0.1297,6.0,-0.3494,116.0
2025-11-29,Wars,0.0014,6.0,0.2845,7.0,0.4935,2.0,0.0013,1.0,-0.0524,38.0,-0.0816,2.0,-0.0135,8.0,0.0202,8.0,-0.0208,23.0,0.0826,1.0,0.3181,28.0,-0.1682,116.0,0.0113,2.0,-0.207,14.0,0.0149,4.0,0.3184,3.0,,,0.017,2.0,0.0127,23.0,0.0112,3.0,0.0651,9.0,-0.2764,272.0,0.2323,4.0,0.3714,3.0,0.4813,3.0,,,-0.0002,5.0,-0.2072,37.0,-0.1771,312.0,-0.1913,8.0,-0.2015,96.0
2025-11-28,Economic Data,0.124,4.0,0.2307,16.0,0.1202,16.0,0.2522,52.0,0.0533,191.0,0.8282,7.0,-0.0304,7.0,0.0232,45.0,-0.023,95.0,0.0052,1.0,0.2689,88.0,,,0.4604,15.0,0.1611,64.0,-0.376,12.0,0.2463,22.0,0.2787,5.0,0.4748,3.0,0.2491,4.0,0.0559,43.0,-0.0232,13.0,0.031,16.0,0.4821,5.0,-0.1958,15.0,-0.0175,28.0,0.0067,55.0,0.6823,13.0,0.184,11.0,0.0134,1.0,-0.0864,88.0,0.0742,457.0
2025-11-28,Economic Data-Consumer Spending,,,,,-0.0055,1.0,0.003,2.0,,,0.0148,1.0,,,0.5283,25.0,0.9131,1.0,,,0.9489,1.0,0.9241,1.0,,,0.7226,3.0,,,,,0.9264,1.0,,,,,,,,,,,,,,,0.9383,2.0,0.9105,1.0,,,,,,,0.3123,5.0,0.0554,20.0
2025-11-28,Economic Data-Employment,,,-0.4789,1.0,-0.7142,15.0,-0.1198,10.0,0.0032,17.0,,,,,-0.2148,18.0,-0.1915,91.0,,,0.388,27.0,0.9405,1.0,,,0.1498,17.0,,,-0.4506,5.0,,,,,-0.9137,2.0,0.0804,14.0,,,0.265,2.0,0.938,1.0,-0.1228,16.0,-0.5406,4.0,-0.422,2.0,0.3342,3.0,-0.9062,7.0,,,0.1359,17.0,0.1231,36.0
2025-11-28,Economic Data-GDP,0.872,2.0,,,,,0.2913,103.0,0.5443,3.0,0.9101,24.0,0.9462,3.0,0.5196,47.0,0.9342,1.0,,,0.6942,98.0,,,0.874,25.0,,,0.916,1.0,,,,,,,-0.0747,1.0,0.0235,4.0,,,-0.7826,6.0,,,,,,,0.0165,3.0,0.8915,18.0,,,,,-0.4334,10.0,0.1668,11.0
2025-11-28,Economic Data-Housing,,,0.4168,11.0,0.9035,2.0,0.1312,26.0,-0.1701,38.0,,,,,-0.1424,6.0,0.1398,7.0,,,0.5675,7.0,,,0.3038,3.0,0.3085,13.0,0.0036,6.0,,,-0.8396,2.0,-0.0816,1.0,-0.9137,2.0,0.0244,1.0,,,-0.4412,2.0,,,0.2184,6.0,-0.3596,3.0,-0.8444,1.0,,,,,,,-0.0093,47.0,0.1373,69.0
2025-11-28,Economic Data-Inflation,,,,,0.9407,1.0,,,-0.0565,20.0,,,,,0.1662,47.0,0.3209,75.0,,,,,,,0.3957,18.0,0.2974,12.0,,,,,,,,,,,-0.3796,8.0,-0.4573,2.0,,,,,0.939,1.0,-0.6578,1.0,-0.0175,31.0,,,,,,,-0.1822,4.0,-0.1055,35.0
2025-11-28,Economic Data-Interest Rates,,,0.5794,15.0,-0.2783,6.0,0.0587,10.0,-0.0797,17.0,0.5796,2.0,,,-0.4091,4.0,-0.1305,37.0,,,0.1363,37.0,,,,,0.4038,27.0,0.9313,1.0,0.0048,1.0,-0.2658,9.0,0.4492,2.0,,,-0.1617,1.0,0.2429,2.0,-0.9096,1.0,,,0.6091,5.0,0.5587,2.0,-0.443,2.0,,,-0.2259,1.0,,,0.1376,18.0,0.1225,175.0
2025-11-28,Economic Data-Manufacturing,,,0.6831,1.0,-0.1354,4.0,-0.0618,4.0,0.149,49.0,,,,,-0.9212,2.0,0.0087,11.0,,,0.0418,4.0,,,,,0.6511,32.0,-0.8137,9.0,,,,,,,,,0.8702,1.0,,,,,,,,,0.8637,1.0,,,0.937,1.0,,,,,,,0.821,5.0
2025-11-28,Economic Data-Retail Sales,0.1345,1.0,0.9321,2.0,0.9376,1.0,,,0.6313,10.0,,,,,,,-0.3929,21.0,,,0.5509,6.0,,,,,0.6634,17.0,0.9464,5.0,0.9436,3.0,0.8856,4.0,,,,,,,,,0.9423,1.0,0.0145,1.0,,,0.5941,4.0,0.5005,10.0,,,,,,,-0.39,2.0,0.2635,71.0
2025-11-28,Extreme Weather,-0.2158,5.0,-0.4168,2.0,-0.0423,8.0,-0.4415,19.0,-0.046,20.0,,,0.4805,2.0,-0.0893,6.0,0.1614,22.0,0.875,2.0,-0.2259,48.0,,,-0.0189,6.0,0.2425,12.0,0.003,1.0,0.0209,17.0,,,,,-0.7359,1.0,-0.0029,22.0,,,-0.1727,8.0,-0.1727,3.0,-0.6865,1.0,0.0222,13.0,-0.038,26.0,0.3652,4.0,0.0149,1.0,-0.1923,4.0,-0.1768,18.0,0.0243,179.0
2025-11-28,Extreme Weather-Cold,,,,,,,-0.0161,1.0,,,,,,,-0.9184,1.0,0.1844,2.0,,,-0.1565,11.0,,,,,,,,,0.0159,5.0,,,,,,,-0.2094,7.0,-0.6716,1.0,0.0763,3.0,,,,,,,,,,,,,,,-0.106,13.0,-0.1751,96.0
2025-11-28,Extreme Weather-Drought,-0.1601,2.0,,,-0.8617,1.0,0.0128,1.0,0.1175,4.0,,,,,-0.539,4.0,-0.0433,4.0,,,-0.1968,7.0,0.8404,1.0,,,,,,,0.6789,1.0,0.0442,2.0,0.0154,1.0,,,-0.0319,5.0,,,,,0.8808,1.0,,,0.4676,4.0,-0.0662,2.0,,,,,0.0887,1.0,-0.4007,15.0,-0.2985,6.0
2025-11-28,Extreme Weather-Heat,,,0.0075,1.0,,,,,-0.8702,1.0,,,,,,,0.5229,3.0,,,-0.3461,4.0,,,,,-0.4625,2.0,,,,,,,,,-0.7709,1.0,,,,,,,-0.0019,1.0,,,0.1095,1.0,0.3321,1.0,0.255,1.0,0.0024,4.0,,,,,0.0412,4.0
2025-11-28,Fiscal Policy,0.4445,5.0,0.483,6.0,0.144,30.0,0.0113,35.0,0.2576,20.0,0.8227,5.0,,,-0.1413,14.0,-0.054,29.0,,,0.1153,51.0,-0.2326,3.0,-0.4665,9.0,0.1779,15.0,-0.561,3.0,0.0923,22.0,,,0.3028,6.0,0.119,3.0,0.0587,26.0,0.2032,1.0,0.1196,18.0,0.0329,2.0,0.0622,7.0,0.2473,4.0,-0.0728,9.0,0.1838,5.0,,,0.0395,32.0,-0.3399,71.0,-0.1531,242.0
2025-11-28,Fiscal Policy-Stimulus Package,0.7815,4.0,0.2993,2.0,0.3082,7.0,0.5004,25.0,0.1495,7.0,0.5882,6.0,,,-0.3578,7.0,0.2996,47.0,,,0.1073,16.0,0.8587,3.0,-0.1421,3.0,0.2226,27.0,,,0.0089,4.0,,,0.538,7.0,-0.6804,1.0,0.2664,6.0,0.1674,1.0,0.3998,9.0,0.1651,1.0,,,-0.8917,4.0,-0.5669,6.0,0.9468,1.0,,,0.3447,10.0,-0.2361,80.0,-0.0474,80.0
2025-11-28,Monetary Policy,0.0068,2.0,0.5794,15.0,-0.2081,8.0,0.1599,9.0,0.0969,8.0,0.7632,4.0,,,-0.5462,3.0,-0.1193,23.0,,,0.1045,31.0,,,,,0.3411,31.0,,,,,-0.361,6.0,0.4492,2.0,,,,,0.1685,3.0,-0.9096,1.0,,,,,0.3481,3.0,0.0059,4.0,,,-0.1085,5.0,,,0.4443,13.0,0.1057,137.0
2025-11-28,Monetary Policy-Interest Rates,,,0.1748,1.0,,,-0.0398,2.0,,,0.0703,1.0,,,,,-0.0993,7.0,,,0.3459,3.0,,,,,0.7269,2.0,0.6009,3.0,,,,,,,,,,,,,,,,,0.6409,3.0,0.1679,1.0,,,,,,,,,,,0.0974,38.0
2025-11-28,Monetary Policy-Quantitative Easing,,,0.5341,2.0,0.0221,2.0,,,0.0579,29.0,0.9399,1.0,,,0.2941,13.0,0.1875,17.0,,,-0.0807,28.0,,,,,0.2222,12.0,,,-0.0006,1.0,,,0.0049,1.0,,,0.9231,1.0,0.1837,1.0,-0.047,5.0,0.4748,3.0,,,-0.134,8.0,0.0028,2.0,0.2894,1.0,,,,,-0.3628,5.0,-0.1655,118.0
2025-11-28,Natural Disaster,-0.8576,1.0,,,,,-0.6652,3.0,,,,,,,,,,,,,0.0348,3.0,,,,,-0.0326,2.0,,,0.0354,6.0,,,,,,,-0.2683,6.0,,,,,,,-0.6865,1.0,-0.867,1.0,,,,,,,,,,,-0.1589,27.0
2025-11-28,Oil Spills,,,,,,,,,,,,,,,,,,,,,,,,,,,,,,,,,,,,,,,,,,,,,,,,,,,,,,,0.1432,1.0,,,,,,
2025-11-28,Pandemic,-0.2021,16.0,-0.2922,32.0,-0.0204,18.0,0.3003,70.0,0.1368,56.0,,,-0.4431,3.0,-0.286,69.0,-0.0624,36.0,,,-0.1434,61.0,0.0082,1.0,-0.1265,14.0,-0.2016,57.0,0.1362,10.0,0.0271,15.0,,,0.0556,15.0,0.2118,1.0,-0.0659,27.0,-0.1952,11.0,-0.1447,27.0,-0.3584,7.0,-0.1661,10.0,-0.0926,6.0,-0.2526,26.0,0.6566,10.0,-0.0894,12.0,-0.1625,53.0,-0.3304,72.0,-0.1734,276.0
2025-11-28,Politics,-0.1668,23.0,0.1555,31.0,-0.0415,102.0,-0.0078,141.0,-0.1081,141.0,0.5414,21.0,-0.3693,3.0,-0.0277,130.0,0.1071,146.0,0.3407,6.0,0.0411,321.0,-0.1084,36.0,-0.2692,50.0,0.0508,122.0,-0.2718,39.0,0.0349,74.0,0.3116,3.0,0.2842,27.0,-0.1527,110.0,-0.0558,119.0,-0.1377,16.0,-0.0965,476.0,-0.2125,9.0,0.1023,10.0,-0.0654,47.0,-0.0485,72.0,0.3767,35.0,0.0645,84.0,-0.0978,1043.0,-0.3041,306.0,-0.0662,816.0
2025-11-28,Politics-Election,,,0.0039,1.0,0.0052,1.0,,,0.0432,4.0,,,0.0019,1.0,-0.0447,4.0,0.2142,4.0,,,-0.0121,35.0,,,0.0131,1.0,0.838,1.0,,,,,,,,,,,,,,,,,,,0.0083,1.0,0.0092,2.0,-0.0292,2.0,,,,,,,,,-0.0184,34.0
2025-11-28,Politics-Political Tension,-0.0396,1.0,0.1367,4.0,-0.2814,13.0,-0.1675,12.0,-0.09,25.0,,,0.1346,2.0,-0.0307,16.0,-0.05,30.0,0.071,13.0,-0.0834,53.0,-0.199,5.0,-0.2394,7.0,-0.5687,3.0,-0.4279,4.0,0.129,13.0,,,-0.4297,3.0,-0.1646,10.0,0.0216,11.0,-0.0074,2.0,0.0271,123.0,,,0.0069,2.0,-0.2646,10.0,-0.1121,4.0,-0.196,9.0,0.2159,3.0,-0.3166,292.0,-0.3807,41.0,-0.0999,201.0
2025-11-28,Terrorist Attacks,,,-0.6413,14.0,-0.8123,4.0,-0.4755,13.0,-0.2723,10.0,,,-0.3354,2.0,-0.0891,71.0,-0.2315,38.0,,,-0.3923,40.0,-0.8535,2.0,-0.4198,4.0,-0.7156,5.0,-0.2704,2.0,-0.8092,2.0,,,-0.5646,6.0,-0.679,6.0,-0.5838,6.0,-0.1798,17.0,-0.46,4.0,,,,,,,-0.4004,6.0,-0.7036,1.0,-0.0958,3.0,-0.7518,5.0,-0.5149,15.0,-0.291,199.0
2025-11-28,Wars,0.0115,1.0,0.1354,7.0,0.089,4.0,0.2536,7.0,-0.0498,43.0,0.9462,2.0,0.3678,4.0,0.0591,31.0,0.1162,56.0,0.4486,2.0,0.1679,32.0,-0.1955,179.0,-0.017,14.0,-0.1273,10.0,0.3431,9.0,0.228,5.0,0.0583,1.0,0.2625,3.0,0.0793,21.0,-0.4072,4.0,0.0209,8.0,-0.1586,266.0,0.0569,7.0,0.1366,4.0,-0.3916,3.0,0.1132,7.0,0.0209,8.0,0.0631,22.0,-0.1405,334.0,-0.0665,21.0,-0.0464,124.0
2025-11-27,Economic Data,-0.2687,6.0,0.0824,19.0,0.1399,17.0,-0.0802,66.0,0.0713,187.0,0.4401,2.0,0.4071,11.0,0.2034,18.0,0.0464,53.0,0.4731,2.0,0.303,54.0,0.0275,2.0,-0.1027,21.0,0.1707,41.0,-0.0677,27.0,-0.0514,21.0,0.2116,32.0,0.7356,1.0,-0.2592,9.0,0.6029,17.0,-0.214,5.0,-0.0668,18.0,0.3817,7.0,0.1065,10.0,0.2991,20.0,0.165,24.0,0.4222,17.0,-0.0029,4.0,0.0452,6.0,-0.0368,158.0,0.0937,436.0
2025-11-27,Economic Data-Consumer Spending,,,0.8115,6.0,,,0.8838,8.0,0.7091,13.0,,,,,,,0.6666,11.0,,,,,,,-0.0352,3.0,,,,,,,,,,,,,,,,,,,,,,,,,,,,,,,,,-0.0413,2.0,-0.1523,16.0
2025-11-27,Economic Data-Employment,,,0.9243,1.0,-0.7904,8.0,-0.2409,12.0,0.3544,5.0,,,,,-0.9064,3.0,-0.2405,1.0,,,0.0335,17.0,0.9477,1.0,-0.7604,1.0,-0.0524,5.0,0.0004,1.0,,,0.2814,2.0,,,,,0.9176,3.0,,,,,0.9486,1.0,-0.2039,6.0,0.0984,1.0,0.6333,3.0,,,,,,,-0.2178,18.0,-0.0355,60.0
2025-11-27,Economic Data-GDP,-0.673,1.0,,,,,-0.1642,2.0,-0.2938,3.0,,,0.9458,15.0,0.0492,4.0,0.7482,1.0,,,0.7425,14.0,,,0.0366,2.0,,,0.7641,12.0,0.1525,6.0,-0.0027,1.0,0.8889,1.0,-0.2377,2.0,0.3264,10.0,0.9511,1.0,,,,,0.9397,2.0,0.5445,1.0,-0.8551,2.0,,,0.008,1.0,,,-0.7203,1.0,-0.2724,11.0
2025-11-27,Economic Data-Housing,0.2369,3.0,0.0839,8.0,-0.9223,1.0,0.0069,33.0,-0.3866,44.0,0.0092,3.0,0.0181,2.0,0.4417,2.0,0.0665,19.0,,,0.2953,14.0,,,0.4749,3.0,0.4738,9.0,-0.1026,16.0,-0.1552,1.0,-0.6858,13.0,,,,,0.3067,2.0,,,0.0029,1.0,0.7308,5.0,,,-0.7255,1.0,0.0393,5.0,,,,,,,0.2668,33.0,0.1503,73.0
2025-11-27,Economic Data-Inflation,,,,,0.2915,2.0,,,-0.3966,39.0,,,,,,,0.9313,4.0,,,,,,,0.0055,2.0,0.1366,8.0,0.5066,10.0,,,,,-0.9135,1.0,,,,,0.0028,2.0,-0.9169,1.0,,,,,0.6977,8.0,,,,,,,,,0.4266,5.0,-0.0669,39.0
2025-11-27,Economic Data-Interest Rates,,,0.0903,17.0,-0.4526,15.0,,,-0.2726,22.0,-0.0266,4.0,,,0.0084,3.0,0.1509,64.0,,,-0.0027,21.0,,,0.1212,7.0,0.1594,26.0,0.1142,56.0,,,-0.7569,5.0,0.8478,1.0,,,0.6393,4.0,-0.2234,8.0,-0.8944,6.0,0.3298,3.0,,,,,,,,,,,,,0.0248,27.0,-0.1532,128.0
2025-11-27,Economic Data-Manufacturing,,,0.2703,3.0,,,,,-0.2255,70.0,,,-0.0592,1.0,0.0056,1.0,0.0344,3.0,,,0.5203,4.0,,,-0.0939,9.0,0.9471,3.0,,,,,,,,,,,,,,,0.9461,3.0,0.7663,11.0,-0.0862,1.0,0.9064,2.0,,,0.9499,1.0,0.8606,1.0,,,,,0.6133,13.0
2025-11-27,Economic Data-Retail Sales,,,0.0233,2.0,0.5838,3.0,0.0015,2.0,0.2373,9.0,,,0.5941,1.0,,,0.7051,33.0,,,0.5486,7.0,,,-0.4598,15.0,0.6322,3.0,0.9472,5.0,0.3415,3.0,0.9354,7.0,,,,,0.9462,2.0,,,,,,,0.8196,1.0,0.0347,2.0,0.3854,1.0,-0.104,1.0,,,,,0.6965,4.0,0.0247,22.0
2025-11-27,Extreme Weather,-0.1141,5.0,-0.061,18.0,0.0,12.0,0.2605,14.0,0.2846,24.0,-0.0009,6.0,-0.9091,1.0,-0.2368,17.0,0.1332,20.0,-0.2546,1.0,-0.226,39.0,,,-0.38,7.0,-0.2925,12.0,-0.901,1.0,-0.0071,8.0,0.5827,1.0,0.0034,1.0,,,0.0338,16.0,0.2099,2.0,0.1838,6.0,0.1564,9.0,-0.451,2.0,0.0455,4.0,-0.1212,18.0,0.3273,6.0,,,-0.0777,9.0,-0.1021,30.0,-0.0953,176.0
2025-11-27,Extreme Weather-Cold,,,,,,,0.0184,9.0,-0.0691,4.0,,,,,0.002,2.0,0.0924,3.0,,,0.1665,3.0,,,,,,,,,-0.4217,2.0,0.0135,1.0,,,,,-0.2256,3.0,,,,,,,,,,,-0.0081,2.0,,,,,,,-0.5937,4.0,-0.247,76.0
2025-11-27,Extreme Weather-Drought,0.0005,1.0,-0.4909,3.0,-0.0227,1.0,0.0351,2.0,,,,,0.9111,1.0,0.0096,2.0,,,,,-0.5458,6.0,0.131,1.0,,,0.0025,1.0,,,0.185,7.0,,,,,0.9501,1.0,0.0074,3.0,,,-0.6247,1.0,0.3649,2.0,,,0.326,4.0,,,,,,,,,-0.0369,1.0,-0.0011,1.0
2025-11-27,Extreme Weather-Heat,,,0.0801,4.0,,,-0.0269,1.0,-0.2728,2.0,,,0.0282,1.0,0.456,11.0,,,,,0.2986,3.0,,,0.0059,1.0,,,,,,,,,,,,,0.0065,1.0,,,,,,,,,,,-0.304,3.0,,,-0.0005,1.0,,,-0.1736,3.0,0.0138,3.0
2025-11-27,Fiscal Policy,-0.0523,5.0,0.1624,23.0,0.019,33.0,0.1113,72.0,0.1039,28.0,0.7038,2.0,0.9513,9.0,-0.045,41.0,-0.2527,16.0,-0.0034,1.0,0.1568,30.0,,,0.1155,6.0,0.0327,17.0,0.3103,8.0,-0.0915,12.0,0.0854,1.0,0.4385,6.0,-0.1312,7.0,0.2234,7.0,0.7882,4.0,0.7081,4.0,,,0.3003,3.0,-0.0755,10.0,0.1419,9.0,-0.1035,5.0,,,0.1289,30.0,-0.1506,132.0,0.0637,76.0
2025-11-27,Fiscal Policy-Stimulus Package,0.001,1.0,0.435,2.0,-0.0323,1.0,0.3503,18.0,0.6345,5.0,0.1176,8.0,0.0173,1.0,-0.0635,20.0,0.027,3.0,,,0.2603,4.0,,,0.3711,5.0,0.3404,14.0,-0.5352,2.0,0.0026,2.0,,,0.2973,3.0,,,-0.0325,8.0,0.0529,3.0,-0.2962,1.0,0.9185,1.0,0.0289,2.0,-0.0642,1.0,-0.1287,11.0,-0.0917,3.0,,,0.197,18.0,-0.1452,170.0,-0.1198,49.0
2025-11-27,Monetary Policy,0.239,8.0,0.0714,9.0,-0.2005,8.0,0.4731,5.0,0.0637,11.0,,,,,0.3826,6.0,0.1468,48.0,,,0.2973,12.0,,,0.1602,8.0,0.1672,40.0,0.0669,60.0,0.0167,1.0,0.083,6.0,0.8973,3.0,,,0.4907,2.0,0.0063,4.0,-0.4977,10.0,0.029,1.0,,,,,,,,,,,0.0159,1.0,0.0739,33.0,-0.0562,90.0
2025-11-27,Monetary Policy-Interest Rates,,,-0.5882,1.0,0.0216,3.0,,,,,,,,,,,0.1883,17.0,,,-0.9061,1.0,,,,,0.0503,14.0,0.5584,14.0,,,-0.2581,6.0,,,,,,,-0.9058,1.0,,,,,,,,,,,,,,,,,-0.1697,6.0,-0.0513,36.0
2025-11-27,Monetary Policy-Quantitative Easing,,,,,-0.0095,1.0,-0.0561,8.0,-0.1072,30.0,,,,,-0.0039,2.0,0.2228,44.0,,,0.111,25.0,0.0209,1.0,0.3482,9.0,-0.1446,16.0,0.3484,21.0,0.0095,1.0,-0.0478,6.0,0.9461,1.0,,,0.0931,1.0,0.0092,3.0,0.0423,17.0,0.065,4.0,,,0.0194,1.0,0.0027,3.0,,,0.8499,1.0,0.079,1.0,0.1538,19.0,-0.1528,97.0
2025-11-27,Natural Disaster,,,-0.5765,2.0,,,0.0078,1.0,0.0157,4.0,,,,,-0.8382,2.0,-0.0112,1.0,-0.2546,1.0,-0.5016,6.0,,,,,-0.6378,5.0,,,-0.0093,3.0,,,,,,,-0.3572,3.0,,,-0.0285,2.0,,,-0.451,2.0,,,-0.7864,1.0,,,,,,,0.0133,1.0,-0.2081,77.0
2025-11-27,Oil Spills,,,,,,,,,,,,,,,,,,,,,,,,,,,,,,,,,,,,,,,,,,,,,,,,,,,,,,,,,,,,,0.9438,1.0
2025-11-27,Pandemic,-0.1678,15.0,-0.5616,106.0,-0.0211,31.0,-0.0615,60.0,-0.0365,48.0,-0.8153,1.0,-0.0566,6.0,-0.1471,62.0,-0.2479,32.0,-0.5492,1.0,-0.2016,70.0,-0.1862,9.0,-0.1181,40.0,0.0521,23.0,-0.5241,12.0,-0.1773,21.0,0.1304,9.0,-0.4204,32.0,-0.2699,10.0,0.0495,21.0,0.3305,6.0,0.052,23.0,0.4497,7.0,-0.1579,6.0,0.0776,19.0,-0.0149,27.0,0.4223,7.0,-0.1924,14.0,-0.2486,29.0,-0.1044,78.0,-0.0725,286.0
2025-11-27,Politics,-0.0486,66.0,-0.0678,53.0,-0.083,68.0,0.077,164.0,0.0952,135.0,0.0567,23.0,0.3076,16.0,-0.059,280.0,-0.0794,69.0,0.0471,18.0,-0.0141,253.0,-0.1313,27.0,0.0313,91.0,0.1029,68.0,-0.2941,40.0,-0.2071,56.0,0.2678,7.0,-0.2803,32.0,-0.1659,72.0,-0.0094,37.0,-0.0842,28.0,-0.0558,327.0,0.4669,18.0,0.0353,11.0,-0.0915,107.0,-0.0638,117.0,-0.0922,34.0,0.1002,153.0,-0.0278,412.0,-0.1267,443.0,-0.0542,745.0
2025-11-27,Politics-Election,,,,,,,-0.0206,4.0,,,,,0.0002,2.0,-0.0134,2.0,-0.0007,1.0,,,0.0129,24.0,,,-0.4254,2.0,0.2359,4.0,-0.1992,3.0,,,,,,,,,,,,,,,,,,,0.0036,1.0,0.1782,8.0,,,,,,,0.0078,2.0,0.0107,15.0
2025-11-27,Politics-Political Tension,-0.1089,4.0,0.0553,5.0,0.1586,19.0,-0.1081,22.0,0.055,13.0,-0.0448,9.0,,,-0.0833,15.0,-0.0166,22.0,-0.4359,2.0,-0.2499,35.0,-0.2682,10.0,-0.0113,5.0,-0.3193,10.0,0.0233,4.0,-0.2861,3.0,,,-0.0233,1.0,-0.3151,15.0,,,-0.6449,2.0,-0.045,85.0,,,0.0059,1.0,-0.4089,32.0,0.0058,14.0,-0.2256,9.0,0.0453,15.0,-0.1448,116.0,-0.2471,18.0,-0.2263,72.0
2025-11-27,Terrorist Attacks,-0.8829,1.0,-0.5209,9.0,-0.2415,2.0,-0.0138,10.0,-0.38,14.0,,,-0.0259,2.0,-0.3093,5.0,-0.2371,26.0,,,-0.3292,27.0,-0.0928,4.0,-0.0908,7.0,,,,,-0.2067,4.0,,,-0.6374,18.0,-0.6604,40.0,-0.8079,2.0,-0.3381,2.0,-0.426,14.0,,,,,,,-0.4279,5.0,,,-0.1198,2.0,-0.3994,37.0,-0.4441,60.0,-0.2793,450.0
2025-11-27,Wars,,,-0.0789,5.0,0.953,1.0,0.0029,2.0,-0.0081,85.0,0.4109,3.0,0.4611,5.0,0.0277,135.0,0.11,45.0,0.0094,6.0,0.2578,27.0,-0.2281,96.0,-0.0704,14.0,0.0785,22.0,0.6316,10.0,-0.3064,3.0,,,-0.0459,12.0,-0.0286,26.0,-0.1136,11.0,0.0934,23.0,-0.0246,362.0,-0.2181,4.0,0.0089,1.0,-0.2105,6.0,0.0434,16.0,0.2726,13.0,0.2402,56.0,-0.0902,408.0,-0.066,16.0,0.018,151.0
2025-11-26,Economic Data,0.2662,7.0,0.1161,30.0,0.169,39.0,-0.083,43.0,0.2106,174.0,0.0006,1.0,0.4529,8.0,0.072,14.0,0.0731,51.0,-0.1393,11.0,0.3868,67.0,-0.1317,7.0,0.2902,14.0,0.1912,102.0,0.4192,32.0,0.1066,23.0,0.1785,8.0,0.0893,7.0,-0.3732,4.0,0.2873,5.0,0.1566,5.0,-0.1505,22.0,0.3723,17.0,-0.1592,5.0,0.3959,8.0,0.3957,28.0,0.3753,11.0,-0.0161,14.0,0.4487,20.0,0.0793,145.0,0.0471,533.0
2025-11-26,Economic Data-Consumer Spending,-0.9173,1.0,,,,,-0.473,4.0,0.5696,20.0,,,,,,,-0.0002,1.0,,,,,,,,,0.9405,3.0,,,,,-0.7857,1.0,,,,,,,,,-0.8984,1.0,,,,,,,,,,,,,,,0.0057,5.0,-0.0362,41.0
2025-11-26,Economic Data-Employment,,,-0.0968,3.0,,,0.8818,2.0,-0.0111,4.0,,,0.9482,1.0,-0.8719,2.0,-0.4514,16.0,,,0.1464,6.0,,,,,0.0059,1.0,,,-0.6737,5.0,,,,,-0.9022,6.0,0.7079,1.0,0.3975,5.0,,,0.4626,3.0,-0.0948,5.0,-0.4457,2.0,0.0156,10.0,0.861,1.0,0.9414,1.0,,,0.109,10.0,-0.2336,165.0
2025-11-26,Economic Data-GDP,0.2136,5.0,,,,,0.506,8.0,-0.3289,4.0,,,0.9467,1.0,0.4727,3.0,0.11,12.0,,,0.9404,6.0,,,,,0.7029,9.0,,,-0.2124,42.0,0.0963,3.0,,,,,-0.2288,2.0,,,,,0.9439,2.0,,,,,0.9009,9.0,,,,,,,-0.1482,34.0,-0.2619,35.0
2025-11-26,Economic Data-Housing,0.1917,2.0,0.0177,28.0,0.0175,2.0,0.1647,38.0,-0.0447,21.0,,,0.1608,4.0,,,0.1135,7.0,,,0.4995,21.0,,,-0.051,3.0,0.7156,10.0,0.1869,5.0,,,-0.9022,5.0,,,,,0.4592,2.0,,,0.4122,2.0,0.1597,12.0,-0.0018,3.0,,,0.0911,5.0,0.9422,3.0,,,,,0.0246,43.0,0.1349,90.0
2025-11-26,Economic Data-Inflation,,,0.4734,36.0,0.1171,6.0,,,0.0222,5.0,,,,,0.0073,1.0,,,,,,,,,,,0.002,2.0,,,0.374,17.0,,,,,,,,,,,-0.9203,1.0,,,,,,,,,,,,,0.9369,3.0,-0.1846,28.0,0.0101,46.0
2025-11-26,Economic Data-Interest Rates,0.0803,7.0,0.044,36.0,0.445,10.0,0.9321,3.0,0.4857,9.0,,,0.0556,2.0,0.4881,3.0,-0.0005,16.0,,,0.4645,23.0,-0.0873,5.0,0.2444,21.0,0.1758,39.0,0.6062,4.0,0.3458,10.0,-0.6224,56.0,0.0685,4.0,,,,,0.0063,5.0,0.1771,9.0,0.007,1.0,0.0144,1.0,0.5327,2.0,0.4811,2.0,,,,,0.7595,2.0,-0.0377,103.0,0.0888,345.0
2025-11-26,Economic Data-Manufacturing,,,0.3716,2.0,0.9126,1.0,0.0108,4.0,0.5268,31.0,,,0.9459,1.0,,,0.5822,8.0,,,0.6976,8.0,,,,,0.9454,1.0,0.9139,2.0,,,,,0.933,1.0,,,,,,,0.9288,5.0,,,0.6371,9.0,,,,,0.8954,5.0,,,,,,,0.5758,15.0
2025-11-26,Economic Data-Retail Sales,0.0056,1.0,0.9438,1.0,,,,,-0.1437,7.0,,,,,,,,,,,0.9477,1.0,,,,,0.2583,9.0,0.0659,2.0,0.261,2.0,0.9382,3.0,,,,,0.9409,1.0,,,,,-0.8777,1.0,0.4942,5.0,0.3522,4.0,,,,,0.9373,1.0,,,-0.2998,7.0,0.0709,97.0
2025-11-26,Extreme Weather,0.0313,7.0,-0.32,27.0,-0.4701,23.0,0.1037,24.0,0.1741,15.0,,,-0.9117,1.0,-0.0614,18.0,0.2249,13.0,,,-0.2654,31.0,-0.2854,4.0,-0.1089,14.0,-0.2539,26.0,-0.2286,4.0,-0.1007,21.0,,,0.0071,2.0,,,0.107,8.0,-0.8766,1.0,-0.2281,4.0,0.2398,5.0,-0.48,6.0,0.3037,3.0,-0.2724,37.0,0.1875,8.0,0.0604,3.0,-0.0236,2.0,-0.0027,12.0,-0.0637,186.0
2025-11-26,Extreme Weather-Cold,,,,,0.009,1.0,0.3846,10.0,-0.2827,2.0,,,,,-0.0053,2.0,-0.0473,5.0,,,-0.1878,13.0,,,-0.0204,2.0,,,,,-0.5012,5.0,,,,,,,0.1744,3.0,-0.1884,4.0,-0.1799,3.0,,,,,,,0.001,1.0,,,,,,,0.0511,14.0,-0.2596,98.0
2025-11-26,Extreme Weather-Drought,-0.008,1.0,,,-0.1287,3.0,,,,,,,,,-0.2745,1.0,,,,,0.0393,7.0,,,,,0.1492,2.0,,,0.0008,1.0,,,-0.9003,1.0,,,-0.4338,3.0,,,,,,,,,-0.2974,4.0,0.0026,2.0,0.9465,1.0,,,-0.0026,2.0,-0.0412,1.0,-0.2298,11.0
2025-11-26,Extreme Weather-Heat,0.0217,1.0,-0.5788,3.0,,,,,-0.9151,1.0,,,0.001,1.0,-0.4474,2.0,0.0499,1.0,,,-0.4498,2.0,,,0.0027,3.0,,,,,,,,,,,,,,,,,,,0.001,1.0,,,-0.8185,1.0,0.0108,3.0,0.0108,1.0,,,,,0.3428,2.0,-0.0183,15.0
2025-11-26,Fiscal Policy,-0.0317,4.0,0.272,11.0,-0.0132,21.0,0.1026,45.0,-0.0035,29.0,,,0.9252,1.0,-0.1483,24.0,0.0019,39.0,,,0.1313,51.0,0.0256,3.0,0.043,12.0,0.1926,25.0,0.1281,10.0,-0.1002,7.0,,,0.1717,10.0,-0.2185,9.0,-0.5156,3.0,0.4522,9.0,-0.1406,6.0,0.9519,1.0,0.1787,5.0,0.3168,13.0,0.1004,16.0,0.3086,41.0,0.0007,1.0,0.246,82.0,-0.0201,265.0,0.1362,183.0
2025-11-26,Fiscal Policy-Stimulus Package,-0.8915,1.0,-0.2528,7.0,0.3112,19.0,0.0419,33.0,-0.218,3.0,,,-0.0059,1.0,0.1123,12.0,-0.0703,22.0,,,0.6717,10.0,0.0048,1.0,-0.1906,3.0,0.4715,15.0,0.014,2.0,0.2188,5.0,,,0.2406,3.0,-0.8755,5.0,-0.0975,10.0,0.0719,7.0,-0.4152,2.0,0.0043,1.0,0.27,2.0,0.0351,6.0,0.4974,7.0,0.3582,58.0,,,0.4797,26.0,-0.0059,569.0,-0.1266,81.0
2025-11-26,Monetary Policy,0.0346,5.0,0.1732,17.0,0.2451,7.0,0.2474,5.0,0.4355,15.0,,,,,0.4881,3.0,0.0175,17.0,,,0.445,25.0,-0.6174,2.0,0.8319,13.0,0.2669,34.0,0.9093,2.0,0.299,9.0,-0.5078,48.0,-0.344,2.0,,,,,,,0.0102,14.0,,,0.0144,1.0,0.5327,2.0,0.7134,3.0,,,,,0.8883,1.0,-0.0053,24.0,0.1309,259.0
2025-11-26,Monetary Policy-Interest Rates,,,0.0837,8.0,-0.4018,3.0,0.1065,1.0,-0.4544,2.0,,,,,,,0.0355,1.0,,,0.3105,5.0,-0.4146,1.0,,,0.0974,12.0,,,,,-0.5365,9.0,,,,,,,,,,,,,,,,,,,,,,,,,-0.5562,4.0,0.1297,94.0
2025-11-26,Monetary Policy-Quantitative Easing,0.0041,1.0,,,0.0008,3.0,0.0015,1.0,0.1077,34.0,,,,,0.0688,4.0,-0.23,37.0,,,0.0818,18.0,,,,,-0.0627,30.0,0.145,23.0,,,0.0167,16.0,0.9435,2.0,,,0.9468,1.0,0.0203,4.0,0.0653,2.0,-0.3216,4.0,0.6177,1.0,0.0019,2.0,0.0033,1.0,,,0.4271,5.0,,,0.2192,25.0,-0.0298,90.0
2025-11-26,Natural Disaster,,,-0.6566,6.0,-0.9191,1.0,-0.9086,1.0,,,,,-0.9117,1.0,,,,,,,-0.3874,3.0,,,-0.6577,1.0,-0.3013,15.0,,,0.0029,13.0,,,,,,,,,,,,,,,-0.3605,2.0,,,-0.2722,4.0,-0.4731,1.0,,,,,0.0279,1.0,-0.2647,48.0
2025-11-26,Oil Spills,,,,,,,,,,,,,,,,,,,,,,,,,,,,,,,,,,,,,,,,,,,,,,,,,,,,,,,,,,,,,-0.4275,2.0
2025-11-26,Pandemic,-0.0576,15.0,-0.1853,27.0,0.0565,28.0,0.0097,44.0,-0.0323,51.0,-0.002,2.0,0.347,8.0,-0.1619,49.0,-0.0674,35.0,,,-0.0581,71.0,0.1018,9.0,0.0244,78.0,-0.1045,13.0,-0.1562,10.0,-0.2001,23.0,0.0151,2.0,-0.2775,41.0,-0.285,8.0,-0.3152,9.0,-0.212,8.0,-0.076,11.0,0.4098,5.0,-0.0143,17.0,-0.2854,9.0,-0.1443,21.0,0.2974,10.0,-0.5073,23.0,-0.1323,39.0,-0.1024,74.0,-0.0446,377.0
2025-11-26,Politics,-0.0649,32.0,-0.1279,57.0,-0.1306,291.0,0.0233,125.0,-0.0204,193.0,-0.1048,13.0,0.3212,12.0,-0.0393,284.0,-0.0552,119.0,0.0222,6.0,0.0175,295.0,-0.256,83.0,-0.0169,64.0,0.0009,96.0,-0.1786,80.0,0.0455,78.0,-0.2684,5.0,-0.1472,63.0,-0.1745,58.0,-0.1492,31.0,-0.0126,24.0,-0.0152,518.0,0.4481,20.0,0.0915,15.0,0.0384,76.0,-0.0354,66.0,0.2918,167.0,-0.0916,53.0,0.0681,749.0,-0.0062,834.0,-0.0374,1035.0
2025-11-26,Politics-Election,,,-0.0042,1.0,0.7194,1.0,0.0077,1.0,,,0.0101,1.0,-0.0622,3.0,0.258,2.0,0.0048,1.0,,,0.0132,13.0,,,0.4624,2.0,0.1556,6.0,,,0.0076,1.0,,,,,,,,,,,,,,,,,,,0.0094,1.0,,,-0.0096,2.0,,,,,0.108,38.0
2025-11-26,Politics-Political Tension,-0.0544,4.0,-0.2142,3.0,-0.2594,9.0,-0.1174,13.0,0.223,32.0,-0.0213,21.0,-0.0116,1.0,-0.1031,26.0,0.0128,26.0,,,-0.1488,41.0,-0.195,20.0,0.2062,17.0,0.0179,19.0,-0.3948,4.0,0.0205,7.0,,,0.0119,1.0,-0.2404,3.0,-0.3072,3.0,,,0.0126,132.0,-0.345,5.0,,,-0.0389,9.0,-0.0618,17.0,0.0594,18.0,0.1503,6.0,-0.023,245.0,-0.2776,16.0,-0.1836,122.0
2025-11-26,Terrorist Attacks,-0.1473,1.0,-0.5382,4.0,-0.4433,2.0,0.0785,19.0,-0.487,9.0,,,,,-0.4126,20.0,-0.5123,16.0,,,-0.1258,66.0,-0.6043,1.0,0.0039,1.0,,,,,-0.8562,1.0,-0.6583,2.0,-0.4337,34.0,-0.2705,29.0,-0.3959,3.0,-0.8768,1.0,-0.4151,10.0,,,,,-0.6245,1.0,-0.6589,4.0,-0.8625,1.0,-0.4383,7.0,,,-0.1243,21.0,-0.4527,508.0
2025-11-26,Wars,0.0375,2.0,,,0.7202,4.0,0.1655,6.0,-0.0469,74.0,,,0.2053,8.0,0.1065,19.0,0.0002,42.0,0.0098,1.0,0.0268,18.0,-0.216,113.0,0.0361,1.0,-0.1825,52.0,-0.3343,8.0,0.0011,2.0,0.0183,1.0,0.0698,19.0,-0.1475,29.0,0.3568,4.0,0.3452,25.0,-0.0861,370.0,0.0431,7.0,-0.1646,3.0,0.0564,6.0,-0.0005,1.0,0.5082,56.0,0.3648,28.0,-0.046,726.0,-0.2504,24.0,-0.0035,169.0
2025-11-25,Economic Data,0.3212,7.0,0.1847,21.0,0.1356,27.0,0.0864,40.0,0.2091,208.0,0.0424,3.0,0.1706,5.0,0.1717,25.0,-0.0379,47.0,0.0058,1.0,0.3756,84.0,0.1915,7.0,0.5823,8.0,0.2074,57.0,-0.0496,12.0,0.0016,11.0,0.2963,3.0,0.2959,8.0,-0.012,5.0,0.2452,20.0,0.0589,18.0,0.189,10.0,0.3078,18.0,0.482,7.0,0.1906,24.0,0.0708,29.0,0.6965,6.0,0.3224,4.0,0.1395,9.0,0.0912,78.0,0.0492,731.0
2025-11-25,Economic Data-Consumer Spending,0.9425,1.0,,,,,-0.004,5.0,-0.8858,1.0,,,,,-0.4192,27.0,-0.7169,2.0,,,0.0291,1.0,,,-0.925,1.0,0.0015,1.0,,,,,,,,,,,0.0106,2.0,,,,,,,,,,,,,,,,,,,-0.2042,7.0,-0.1714,58.0
2025-11-25,Economic Data-Employment,,,0.9302,1.0,0.0763,1.0,0.3585,9.0,0.3379,3.0,,,,,0.478,2.0,0.156,4.0,,,0.1548,16.0,,,,,0.1346,3.0,,,-0.0076,3.0,0.936,5.0,,,,,,,0.0192,2.0,,,,,-0.9184,1.0,0.8722,1.0,-0.9192,1.0,,,,,-0.9164,2.0,-0.0718,13.0,-0.2693,61.0
2025-11-25,Economic Data-GDP,0.8395,14.0,0.9475,2.0,-0.891,2.0,0.1252,13.0,,,,,,,0.0047,3.0,-0.2355,79.0,,,0.5274,10.0,,,0.0208,3.0,,,0.2403,1.0,0.0024,1.0,,,,,,,-0.2865,3.0,,,0.0027,2.0,,,0.9512,1.0,-0.2451,4.0,-0.9011,1.0,,,,,,,-0.4417,7.0,0.0915,32.0
2025-11-25,Economic Data-Housing,,,0.0053,1.0,0.8378,3.0,0.2651,12.0,0.2322,10.0,,,0.9467,1.0,-0.0025,2.0,0.1716,15.0,-0.2942,4.0,0.544,10.0,,,0.0323,7.0,0.0268,9.0,-0.576,7.0,0.1708,4.0,0.9055,3.0,,,,,0.9391,1.0,,,0.503,4.0,0.08,8.0,,,,,0.4418,2.0,0.0191,1.0,,,0.1536,12.0,0.1997,38.0,0.3202,208.0
2025-11-25,Economic Data-Inflation,0.0002,1.0,0.1942,9.0,,,,,0.0282,6.0,,,,,,,-0.486,2.0,,,,,,,,,0.114,6.0,,,-0.0002,2.0,,,,,,,0.4626,2.0,0.0054,1.0,,,0.9439,1.0,,,0.0155,1.0,0.9328,4.0,,,-0.8301,3.0,,,0.4567,2.0,0.0226,109.0
2025-11-25,Economic Data-Interest Rates,-0.8579,1.0,0.4236,5.0,0.2556,3.0,-0.1662,12.0,-0.1897,13.0,0.9343,1.0,0.0101,2.0,0.4883,3.0,-0.3247,11.0,,,0.1382,12.0,-0.399,10.0,0.7856,35.0,0.3382,18.0,-0.4002,5.0,0.0085,1.0,-0.0564,6.0,0.0837,26.0,,,-0.1808,3.0,,,0.8724,1.0,,,0.0174,3.0,0.8591,5.0,,,,,,,0.1302,1.0,-0.0402,20.0,0.1175,392.0
2025-11-25,Economic Data-Manufacturing,,,0.9457,1.0,,,-0.4147,6.0,0.3597,18.0,,,0.0062,1.0,,,0.5635,18.0,,,0.5915,4.0,0.7174,2.0,,,0.9014,2.0,,,,,,,,,,,,,0.2299,1.0,,,,,,,,,-0.9219,1.0,0.3181,5.0,,,,,0.4813,2.0,0.2473,30.0
2025-11-25,Economic Data-Retail Sales,,,0.6827,4.0,0.4452,3.0,-0.8195,21.0,0.1883,7.0,,,,,-0.6822,1.0,-0.0034,1.0,,,0.4594,2.0,,,0.9342,1.0,0.3707,3.0,0.9226,11.0,0.2416,10.0,,,,,,,-0.0155,3.0,0.5037,10.0,,,,,-0.9008,1.0,,,,,,,,,,,0.0011,22.0,-0.3204,227.0
2025-11-25,Extreme Weather,-0.3016,3.0,-0.4198,32.0,-0.2976,27.0,0.0152,8.0,0.2572,26.0,0.0031,1.0,0.9131,2.0,0.1168,6.0,0.0283,10.0,,,-0.4354,54.0,-0.651,5.0,0.0115,9.0,-0.1626,82.0,-0.2178,4.0,0.0826,10.0,0.4819,2.0,,,,,-0.145,37.0,0.0157,3.0,0.035,7.0,0.243,7.0,0.3865,5.0,-0.0643,9.0,0.1246,30.0,-0.6161,3.0,0.159,2.0,-0.2521,7.0,-0.1324,24.0,-0.2763,317.0
2025-11-25,Extreme Weather-Cold,,,,,,,-0.4609,3.0,0.2983,3.0,-0.7436,1.0,,,0.0083,2.0,-0.3145,6.0,,,-0.2849,8.0,,,-0.1533,4.0,,,,,-0.0141,2.0,,,,,,,0.1775,6.0,-0.145,1.0,0.197,2.0,,,0.5699,3.0,,,-0.2292,5.0,,,,,0.0655,1.0,0.2173,18.0,-0.1803,54.0
2025-11-25,Extreme Weather-Drought,-0.0183,1.0,,,-0.7777,1.0,,,0.01,1.0,,,,,0.0024,1.0,-0.6902,1.0,,,0.4525,6.0,,,,,,,,,,,,,,,,,0.9468,1.0,0.9442,1.0,,,-0.1435,2.0,-0.8333,1.0,-0.5462,1.0,0.9101,1.0,,,-0.0523,1.0,-0.156,4.0,,,-0.0765,16.0
2025-11-25,Extreme Weather-Heat,0.4781,2.0,-0.4248,2.0,,,-0.0105,1.0,0.0524,2.0,,,,,0.7029,3.0,0.9508,1.0,,,0.1482,7.0,,,0.0066,4.0,,,0.5935,1.0,-0.0016,1.0,,,,,,,,,0.8555,2.0,0.0904,1.0,,,,,0.0071,1.0,0.1949,4.0,,,-0.0022,1.0,,,0.2465,7.0,0.353,4.0
2025-11-25,Fiscal Policy,0.21,5.0,0.4082,2.0,0.1493,13.0,0.2202,25.0,0.2101,16.0,,,0.0699,1.0,0.0535,34.0,-0.1795,37.0,0.0015,1.0,0.1022,40.0,0.3789,10.0,-0.0633,6.0,0.199,16.0,,,-0.2454,7.0,,,0.5619,5.0,-0.3911,15.0,-0.7414,5.0,0.9422,1.0,-0.1538,28.0,0.9325,4.0,0.5668,5.0,-0.1066,9.0,0.4757,7.0,0.1292,4.0,0.0117,1.0,0.1201,16.0,0.065,152.0,0.0115,271.0
2025-11-25,Fiscal Policy-Stimulus Package,0.0196,1.0,,,0.2666,4.0,0.0033,17.0,0.1141,4.0,,,,,0.2398,14.0,0.1422,20.0,0.0282,1.0,0.2944,17.0,-0.1847,3.0,0.144,2.0,0.2433,22.0,-0.2728,2.0,-0.8411,3.0,,,0.4403,2.0,-0.0978,1.0,0.232,4.0,0.0073,2.0,-0.4547,4.0,0.0163,2.0,,,,,-0.6872,9.0,-0.0506,4.0,,,-0.1692,4.0,-0.0221,84.0,-0.1115,83.0
2025-11-25,Monetary Policy,-0.4276,2.0,0.4236,5.0,0.3569,8.0,-0.2789,13.0,0.6757,12.0,0.9343,1.0,0.0101,2.0,0.2305,6.0,-0.0803,16.0,,,0.1838,17.0,-0.3622,10.0,0.5263,17.0,0.435,11.0,-0.4002,5.0,,,0.0013,3.0,0.0066,22.0,,,,,0.9393,3.0,0.8724,1.0,0.0033,1.0,,,0.9429,7.0,,,,,0.0102,2.0,0.5326,2.0,0.4178,8.0,0.1771,306.0
2025-11-25,Monetary Policy-Interest Rates,,,,,,,-0.697,2.0,,,0.0424,3.0,,,,,-0.3626,2.0,,,0.8649,1.0,,,,,,,-0.0993,1.0,,,-0.2307,1.0,0.4181,6.0,,,-0.7988,1.0,,,,,,,,,,,,,,,,,,,-0.0011,2.0,0.1022,118.0
2025-11-25,Monetary Policy-Quantitative Easing,0.9353,1.0,0.0179,1.0,0.052,2.0,0.0071,3.0,0.1009,25.0,,,,,-0.2325,12.0,-0.198,37.0,-0.0225,1.0,-0.0549,18.0,,,,,-0.0971,15.0,0.2617,11.0,,,,,0.9497,1.0,,,0.0139,1.0,,,0.0161,2.0,0.171,2.0,,,0.1348,9.0,-0.0756,4.0,,,-0.8288,3.0,,,0.2501,11.0,0.1867,128.0
2025-11-25,Natural Disaster,,,-0.4931,18.0,-0.6798,4.0,,,-0.1755,1.0,,,,,0.0024,1.0,,,,,-0.7589,16.0,,,,,-0.1536,75.0,0.0543,1.0,0.1036,8.0,,,,,,,-0.449,13.0,,,,,,,,,0.0121,5.0,,,,,,,,,-0.588,3.0,-0.6429,129.0
2025-11-25,Oil Spills,,,,,,,,,,,,,,,,,,,,,,,,,,,,,,,,,,,,,,,,,,,,,,,,,,,,,,,,,,,,,-0.4105,19.0
2025-11-25,Pandemic,0.0092,14.0,0.0609,25.0,0.0085,15.0,-0.0065,39.0,0.0237,74.0,-0.0024,2.0,0.3747,6.0,-0.1948,81.0,-0.3221,48.0,-0.4151,2.0,-0.0021,65.0,0.0902,18.0,-0.1411,54.0,0.0925,22.0,-0.2201,15.0,-0.2286,10.0,0.3078,1.0,-0.5327,51.0,-0.2575,5.0,-0.1135,29.0,-0.2942,5.0,-0.2178,34.0,0.0539,4.0,-0.0794,9.0,-0.1498,24.0,-0.2841,29.0,0.4309,7.0,-0.1936,17.0,-0.4186,23.0,-0.258,50.0,-0.0066,423.0
2025-11-25,Politics,0.0391,29.0,-0.2909,118.0,-0.0439,501.0,-0.0059,106.0,0.0424,176.0,0.006,4.0,-0.0642,21.0,0.0685,184.0,-0.0804,147.0,-0.0896,20.0,-0.1092,295.0,-0.0589,97.0,-0.0669,73.0,0.0009,96.0,-0.1301,48.0,-0.1463,40.0,0.0532,5.0,-0.0283,42.0,-0.2735,33.0,-0.0988,43.0,-0.0213,14.0,-0.0402,295.0,0.2,25.0,0.1383,14.0,-0.1996,30.0,0.0166,51.0,0.0006,39.0,-0.042,67.0,0.0481,821.0,-0.0134,364.0,-0.0607,1333.0
2025-11-25,Politics-Election,,,,,0.5777,7.0,,,,,-0.0054,1.0,-0.0012,2.0,0.1769,16.0,,,-0.013,2.0,-0.0637,22.0,,,0.0046,11.0,,,0.1331,1.0,,,,,,,0.8706,1.0,,,,,,,,,,,,,,,,,,,,,-0.9025,1.0,-0.012,44.0
2025-11-25,Politics-Political Tension,0.0259,4.0,0.0244,1.0,-0.0775,13.0,-0.0251,3.0,0.1953,79.0,-0.045,1.0,-0.0254,2.0,0.0324,24.0,-0.073,21.0,-0.1632,6.0,-0.3292,31.0,-0.2791,30.0,0.1211,5.0,0.0319,35.0,-0.3901,7.0,0.0011,4.0,,,0.3939,2.0,-0.1227,5.0,-0.8493,1.0,0.1643,3.0,-0.0434,63.0,0.459,2.0,,,0.1055,7.0,0.0207,6.0,0.0125,31.0,0.0244,5.0,0.0795,309.0,-0.1963,44.0,-0.0035,120.0
2025-11-25,Terrorist Attacks,-0.0416,2.0,-0.6062,7.0,,,-0.4733,10.0,-0.0019,1.0,,,,,-0.3652,145.0,-0.3715,30.0,,,-0.2514,34.0,-0.3584,5.0,,,-0.8061,3.0,,,-0.477,8.0,,,-0.4611,70.0,-0.6999,19.0,,,,,-0.4817,9.0,-0.0558,1.0,-0.7676,1.0,-0.5831,2.0,-0.5801,4.0,,,-0.8453,1.0,-0.4677,7.0,-0.3056,25.0,-0.465,113.0
2025-11-25,Wars,,,0.9447,1.0,0.8021,1.0,0.4008,2.0,0.0388,51.0,0.0012,2.0,0.2492,9.0,0.0761,16.0,0.2164,30.0,,,0.1293,41.0,-0.2772,133.0,0.026,13.0,0.1672,29.0,-0.1376,23.0,-0.4652,2.0,,,-0.2037,2.0,-0.2964,30.0,-0.1998,5.0,0.0887,20.0,-0.1396,325.0,0.3102,22.0,,,-0.0187,5.0,-0.0448,5.0,0.1425,6.0,0.2103,19.0,0.0652,789.0,0.0496,33.0,-0.0577,173.0
2025-11-24,Economic Data,0.6211,5.0,0.0263,18.0,0.0482,30.0,0.3517,51.0,0.2846,184.0,0.5925,5.0,0.3893,9.0,0.0637,43.0,-0.102,109.0,-0.0055,1.0,0.3192,79.0,-0.2345,18.0,0.2473,7.0,-0.0529,58.0,-0.1616,21.0,0.1638,15.0,0.0376,4.0,0.004,2.0,0.2202,7.0,-0.1105,18.0,-0.2157,21.0,0.1805,7.0,0.2537,14.0,0.6253,34.0,0.2335,15.0,0.0426,17.0,-0.0177,11.0,0.0063,4.0,0.0426,15.0,0.122,98.0,0.1425,630.0
2025-11-24,Economic Data-Consumer Spending,,,,,,,-0.4121,3.0,,,,,,,,,0.0086,1.0,,,0.9366,1.0,,,,,,,,,0.0033,1.0,,,,,,,,,,,,,,,,,,,,,,,,,,,0.0053,1.0,0.286,18.0
2025-11-24,Economic Data-Employment,,,0.4663,4.0,0.3229,2.0,0.0294,11.0,-0.4204,6.0,0.002,1.0,,,,,-0.4493,6.0,,,0.5061,16.0,,,,,0.5024,2.0,-0.9194,2.0,-0.2053,2.0,0.0139,1.0,,,,,-0.2533,4.0,,,,,,,-0.8859,1.0,0.003,2.0,-0.0508,1.0,-0.8605,2.0,,,,,0.0554,10.0,-0.2772,54.0
2025-11-24,Economic Data-GDP,0.9228,2.0,,,-0.903,1.0,0.696,12.0,0.3297,8.0,-0.8398,2.0,0.821,1.0,0.0014,4.0,-0.821,9.0,,,0.7501,1.0,,,,,,,,,,,,,,,,,-0.4276,2.0,0.9246,1.0,0.0817,4.0,0.5343,4.0,-0.0012,1.0,0.6346,1.0,0.0091,1.0,,,-0.8619,1.0,,,-0.1828,14.0,0.0877,51.0
2025-11-24,Economic Data-Housing,0.3651,2.0,-0.0061,9.0,,,0.1389,29.0,-0.0448,26.0,,,0.0602,7.0,-0.4138,5.0,0.0019,1.0,,,0.5762,4.0,0.0059,1.0,0.2672,2.0,0.0778,9.0,0.3359,4.0,,,,,,,,,0.5549,11.0,-0.8908,1.0,0.0243,3.0,0.3616,8.0,,,,,-0.2266,6.0,,,0.9388,1.0,,,-0.1594,27.0,0.2749,222.0
2025-11-24,Economic Data-Inflation,0.567,1.0,,,,,,,0.0711,3.0,,,,,,,0.9393,1.0,,,0.004,1.0,,,,,-0.3949,6.0,,,0.4203,7.0,,,0.0036,1.0,,,0.1157,22.0,0.3093,6.0,-0.9062,1.0,,,0.4092,34.0,0.0074,1.0,,,,,-0.9201,1.0,,,-0.0035,1.0,-0.1335,57.0
2025-11-24,Economic Data-Interest Rates,-0.216,1.0,0.1574,8.0,-0.4636,11.0,-0.1487,5.0,0.2855,8.0,,,0.0049,1.0,0.1358,9.0,-0.1596,7.0,,,-0.0917,8.0,-0.57,31.0,0.6726,9.0,0.1716,32.0,-0.4137,2.0,,,0.0658,2.0,,,,,-0.3386,5.0,-0.0515,6.0,-0.0012,5.0,0.025,1.0,,,0.521,2.0,0.7683,1.0,,,,,0.3428,2.0,0.2321,13.0,0.0665,457.0
2025-11-24,Economic Data-Manufacturing,,,0.0549,1.0,,,-0.9209,9.0,0.4683,2.0,,,-0.9201,2.0,0.0056,1.0,0.2266,5.0,,,0.8415,7.0,,,,,0.9431,1.0,,,,,,,,,0.1813,2.0,0.9176,1.0,0.0022,8.0,,,0.3295,3.0,,,,,0.9511,1.0,,,0.9159,2.0,0.0278,1.0,0.016,1.0,0.0676,43.0
2025-11-24,Economic Data-Retail Sales,,,0.0035,2.0,0.9268,1.0,-0.3646,4.0,0.644,3.0,0.9418,3.0,,,,,0.0103,1.0,,,0.9366,1.0,,,,,,,0.942,1.0,0.005,1.0,,,,,,,,,,,,,0.477,3.0,,,0.6633,8.0,,,0.9539,1.0,,,,,0.1641,7.0,0.0219,25.0
2025-11-24,Extreme Weather,-0.3115,5.0,-0.5243,12.0,-0.1458,19.0,0.244,12.0,0.2888,26.0,0.0002,2.0,0.0531,3.0,0.2029,23.0,-0.2974,31.0,,,-0.3031,28.0,-0.9066,1.0,0.0676,13.0,0.0861,19.0,0.0081,3.0,-0.0982,8.0,0.0114,1.0,,,-0.3192,2.0,-0.0893,33.0,-0.0031,1.0,0.0608,21.0,0.2819,5.0,0.0262,3.0,-0.5544,5.0,-0.1053,17.0,0.0739,4.0,0.0059,1.0,-0.5266,5.0,0.0264,7.0,-0.0562,144.0
2025-11-24,Extreme Weather-Cold,,,-0.0046,1.0,,,-0.6084,7.0,-0.6638,1.0,,,,,0.2663,10.0,-0.5411,28.0,,,-0.5897,10.0,,,-0.0622,2.0,,,,,0.0027,1.0,,,,,,,-0.1923,6.0,-0.1956,1.0,-0.0992,13.0,,,,,,,-0.7219,2.0,,,,,-0.2472,7.0,-0.3616,16.0,-0.0938,43.0
2025-11-24,Extreme Weather-Drought,-0.3956,2.0,,,-0.5227,7.0,-0.1856,3.0,0.4922,4.0,,,,,-0.0017,2.0,-0.0062,1.0,,,0.0588,6.0,,,,,-0.6827,4.0,,,,,,,,,-0.2515,1.0,-0.0298,1.0,0.9442,1.0,-0.224,2.0,-0.0008,1.0,,,0.9343,2.0,,,-0.9025,1.0,,,,,,,-0.2017,19.0
2025-11-24,Extreme Weather-Heat,,,-0.0025,1.0,0.0028,1.0,0.6747,8.0,,,,,,,0.0145,3.0,,,,,0.1767,4.0,,,0.0021,2.0,,,,,,,,,,,,,0.0945,1.0,,,0.126,4.0,,,,,,,0.0001,3.0,0.6513,2.0,0.0065,1.0,,,,,0.0049,5.0
2025-11-24,Fiscal Policy,0.1737,7.0,0.1782,4.0,0.2371,15.0,-0.0458,26.0,0.2567,25.0,-0.5764,4.0,0.9379,1.0,0.115,37.0,-0.2164,12.0,0.5512,1.0,0.1284,38.0,-0.0811,2.0,0.5191,5.0,-0.0939,11.0,0.0337,1.0,0.5459,2.0,,,0.0015,7.0,-0.0447,9.0,0.95,1.0,0.197,4.0,0.0793,11.0,0.0676,5.0,0.1788,5.0,0.2659,7.0,0.0896,8.0,-0.0177,1.0,,,-0.0938,29.0,-0.1639,108.0,-0.0285,236.0
2025-11-24,Fiscal Policy-Stimulus Package,0.0527,2.0,0.3409,2.0,-0.4551,8.0,-0.2517,30.0,-0.4644,5.0,-0.4683,2.0,,,0.3405,8.0,-0.1484,11.0,-0.8961,1.0,0.2692,9.0,,,0.0038,1.0,0.7543,4.0,,,0.2617,2.0,,,-0.3202,6.0,0.4814,2.0,,,-0.1266,9.0,-0.7622,3.0,,,-0.0269,1.0,0.255,3.0,0.0469,3.0,-0.0059,2.0,,,0.1082,4.0,-0.0751,76.0,-0.2536,83.0
2025-11-24,Monetary Policy,0.0517,2.0,0.2812,6.0,-0.2809,14.0,0.0439,6.0,0.9202,2.0,,,0.7079,3.0,0.1714,10.0,-0.0123,14.0,0.007,2.0,0.2363,15.0,-0.591,27.0,0.7079,4.0,0.256,31.0,0.0047,4.0,,,0.0658,2.0,0.0608,2.0,,,-0.3994,2.0,-0.0127,6.0,-0.0276,6.0,,,,,0.8945,1.0,,,,,0.3233,3.0,-0.081,1.0,0.3728,12.0,0.0903,339.0
2025-11-24,Monetary Policy-Interest Rates,-0.216,1.0,-0.0188,2.0,,,,,,,,,,,,,0.019,2.0,,,0.4566,5.0,-0.3086,13.0,,,-0.2225,3.0,0.0016,1.0,,,,,-0.0035,1.0,,,,,-0.4688,1.0,,,,,,,,,,,,,,,,,,,0.2508,130.0
2025-11-24,Monetary Policy-Quantitative Easing,,,0.0199,1.0,0.3958,13.0,0.0049,2.0,-0.0494,24.0,0.011,2.0,,,0.0352,16.0,-0.1162,51.0,,,0.2341,58.0,0.0063,3.0,,,-0.0752,29.0,0.0105,11.0,,,0.004,4.0,,,,,-0.0031,1.0,,,-0.1921,6.0,0.193,6.0,,,0.417,5.0,-0.0004,4.0,-0.9187,1.0,0.0795,2.0,,,0.1817,27.0,0.1668,120.0
2025-11-24,Natural Disaster,,,-0.6051,3.0,-0.8957,1.0,,,,,-0.0248,1.0,,,,,-0.6774,1.0,,,-0.5992,3.0,,,-0.4329,1.0,0.0799,1.0,,,0.0438,4.0,,,,,-0.8544,1.0,0.0094,4.0,,,,,-0.7604,1.0,,,-0.45,2.0,-0.003,1.0,,,,,,,,,-0.1832,33.0
2025-11-24,Pandemic,0.0577,7.0,0.013,49.0,-0.2867,28.0,0.1909,38.0,0.0178,50.0,-0.7705,2.0,0.0102,5.0,-0.1573,45.0,-0.016,33.0,-0.0168,1.0,-0.0826,67.0,-0.2204,20.0,-0.0578,20.0,-0.2013,14.0,0.1259,20.0,0.0037,10.0,0.5149,4.0,-0.322,16.0,-0.9096,2.0,-0.0153,21.0,-0.186,6.0,-0.1422,27.0,0.2897,7.0,0.4202,5.0,-0.0397,9.0,-0.2556,43.0,0.0079,15.0,-0.3715,25.0,0.2755,37.0,-0.1185,100.0,-0.0668,430.0
2025-11-24,Politics,-0.175,39.0,-0.1778,158.0,-0.1209,277.0,-0.0077,101.0,0.0418,343.0,-0.1717,12.0,-0.0112,18.0,-0.0659,122.0,-0.0876,99.0,-0.2417,7.0,-0.0838,265.0,-0.297,88.0,0.0008,76.0,0.0348,34.0,0.1606,65.0,0.1356,32.0,-0.0149,1.0,-0.0562,37.0,-0.1505,50.0,-0.1901,101.0,-0.1284,29.0,-0.0613,279.0,0.1114,30.0,0.2239,20.0,0.2081,34.0,-0.2065,78.0,-0.0402,24.0,-0.0235,28.0,0.0056,951.0,-0.1196,279.0,-0.074,1304.0
2025-11-24,Politics-Election,0.8738,1.0,0.0016,1.0,-0.4498,2.0,,,,,,,-0.0873,16.0,0.3062,3.0,0.0038,1.0,,,0.0161,16.0,,,-0.0071,36.0,-0.0013,2.0,-0.3123,3.0,,,,,0.1644,2.0,0.2384,7.0,-0.0012,1.0,,,,,,,,,,,-0.0634,3.0,0.9463,1.0,,,,,-0.008,2.0,0.2824,19.0
2025-11-24,Politics-Political Tension,-0.0383,3.0,-0.2317,4.0,0.0786,14.0,-0.1006,16.0,0.1589,141.0,,,,,-0.0616,23.0,0.0231,11.0,0.1222,1.0,-0.1145,23.0,0.0858,16.0,-0.0638,3.0,-0.1252,28.0,-0.0397,7.0,0.2047,5.0,,,-0.0009,2.0,-0.2622,5.0,-0.441,6.0,0.0033,1.0,-0.1808,61.0,,,,,0.3214,12.0,-0.3383,4.0,0.0017,16.0,0.0468,1.0,-0.0193,435.0,-0.0109,16.0,-0.0359,178.0
2025-11-24,Terrorist Attacks,-0.8244,2.0,-0.4221,23.0,,,-0.3141,15.0,-0.3837,2.0,,,,,-0.0233,10.0,-0.2138,25.0,,,-0.2429,19.0,,,-0.0638,1.0,-0.7861,61.0,-0.8647,2.0,-0.5349,7.0,,,-0.5873,82.0,-0.6474,361.0,-0.6359,2.0,-0.2135,9.0,-0.5035,6.0,,,-0.53,8.0,,,-0.5764,15.0,-0.375,2.0,,,-0.3076,4.0,-0.2801,32.0,-0.4609,151.0
2025-11-24,Wars,0.009,4.0,,,0.0238,4.0,0.9342,1.0,0.2209,36.0,0.8637,1.0,0.0115,4.0,0.243,20.0,0.1331,18.0,0.0147,2.0,0.0964,37.0,-0.422,294.0,0.002,4.0,-0.1928,27.0,-0.1061,43.0,0.0807,4.0,,,-0.5691,3.0,-0.2615,13.0,0.2479,6.0,0.2459,9.0,-0.0755,221.0,0.3904,20.0,-0.074,2.0,0.0079,1.0,0.0001,1.0,-0.1284,9.0,0.2854,21.0,-0.0298,848.0,0.1319,10.0,-0.0365,182.0
2025-11-23,Economic Data,0.4019,5.0,-0.0337,4.0,0.5946,13.0,0.0741,14.0,-0.0885,26.0,,,0.4875,7.0,0.4804,2.0,0.0847,11.0,,,0.4003,42.0,,,0.004,3.0,0.6163,26.0,0.3306,6.0,0.0071,4.0,0.0081,1.0,,,-0.1448,6.0,-0.0945,12.0,,,0.3032,6.0,0.547,8.0,0.5605,3.0,0.2568,21.0,0.3912,6.0,0.1626,3.0,,,0.9009,1.0,-0.0366,25.0,0.0486,143.0
2025-11-23,Economic Data-Consumer Spending,,,,,,,,,0.3983,1.0,,,,,,,,,,,,,,,,,,,,,,,,,,,,,,,,,,,,,,,,,,,,,,,,,,,-0.4576,4.0
2025-11-23,Economic Data-Employment,,,-0.6106,3.0,0.0021,1.0,-0.6069,3.0,-0.6094,4.0,,,,,-0.9032,1.0,,,,,0.4844,4.0,,,0.0737,3.0,-0.0008,1.0,0.0068,1.0,,,,,,,,,-0.3784,2.0,,,,,,,,,0.8941,1.0,,,,,,,,,-0.4318,4.0,0.1061,17.0
2025-11-23,Economic Data-GDP,,,,,,,,,,,,,,,-0.5902,1.0,,,,,,,,,,,,,,,,,,,,,,,,,,,,,,,,,0.1546,1.0,0.7682,4.0,,,,,,,0.9459,1.0,-0.1371,17.0
2025-11-23,Economic Data-Housing,0.2696,3.0,-0.4593,7.0,0.4687,3.0,-0.025,4.0,0.7688,4.0,,,0.0021,1.0,,,0.5959,6.0,,,0.9431,1.0,,,,,,,-0.4164,2.0,-0.7864,1.0,,,,,,,0.9473,1.0,,,-0.9107,1.0,0.6194,1.0,0.028,2.0,,,-0.4577,2.0,,,,,0.8706,1.0,0.0575,10.0,-0.0816,30.0
2025-11-23,Economic Data-Inflation,,,,,,,,,,,,,,,,,,,,,,,,,,,,,,,,,,,,,,,,,,,,,,,-0.0019,2.0,,,,,,,,,,,-0.321,5.0,0.0113,18.0
2025-11-23,Economic Data-Interest Rates,,,,,,,,,-0.0799,2.0,,,,,,,,,,,,,,,0.5356,3.0,,,-0.8693,1.0,,,,,,,,,-0.0002,1.0,,,,,0.9516,7.0,0.9161,2.0,,,0.0062,1.0,,,,,,,0.0061,1.0,-0.1811,65.0
2025-11-23,Economic Data-Manufacturing,,,,,,,,,,,,,,,,,-0.8081,1.0,,,,,,,,,,,,,,,,,,,,,,,,,,,0.6851,1.0,,,,,,,0.009,2.0,,,,,,,0.5645,3.0
2025-11-23,Economic Data-Retail Sales,,,,,,,,,0.0052,1.0,,,,,,,,,,,0.0051,2.0,,,0.932,2.0,0.0176,1.0,,,,,,,,,,,,,,,,,,,,,,,,,,,,,,,0.5944,5.0,0.087,4.0
2025-11-23,Extreme Weather,-0.1945,6.0,-0.4616,63.0,0.0572,17.0,0.0075,7.0,0.3907,20.0,,,0.0271,1.0,0.0189,11.0,-0.4362,9.0,,,-0.1916,23.0,,,0.0926,3.0,0.0009,2.0,,,-0.0389,11.0,0.016,1.0,,,-0.6846,6.0,-0.1232,11.0,-0.4162,2.0,-0.0686,6.0,0.7171,13.0,0.3879,2.0,-0.4161,4.0,-0.0417,17.0,0.3187,3.0,0.0073,1.0,-0.7866,5.0,0.2727,19.0,-0.0012,103.0
2025-11-23,Extreme Weather-Cold,,,,,,,-0.0025,1.0,-0.0669,2.0,,,,,0.0265,18.0,-0.0879,8.0,,,-0.6656,5.0,,,-0.8745,1.0,,,,,-0.0288,2.0,,,,,,,-0.1014,16.0,-0.2009,1.0,0.4699,2.0,,,-0.91,7.0,-0.3624,2.0,0.0096,2.0,-0.6356,1.0,,,-0.3964,6.0,-0.0339,8.0,-0.3542,17.0
2025-11-23,Extreme Weather-Drought,0.0102,3.0,,,-0.915,1.0,-0.5301,3.0,,,,,,,,,-0.0062,1.0,,,-0.1022,7.0,,,,,,,,,,,,,,,,,0.1985,3.0,,,,,,,,,,,0.0083,1.0,,,,,-0.0006,1.0,,,0.1032,8.0
2025-11-23,Extreme Weather-Heat,,,0.537,3.0,0.0483,1.0,,,0.8048,1.0,,,,,0.2167,1.0,,,,,-0.2964,3.0,,,0.0003,3.0,,,,,,,,,,,,,,,,,,,-0.001,1.0,0.0256,1.0,-0.3076,3.0,-0.0651,12.0,0.9505,1.0,-0.0001,1.0,,,-0.0115,1.0,,
2025-11-23,Fiscal Policy,-0.0908,6.0,0.4936,3.0,0.3553,30.0,-0.4296,2.0,0.079,10.0,,,0.4303,2.0,0.051,14.0,-0.2784,14.0,,,0.1787,46.0,0.0258,5.0,-0.168,1.0,0.0442,7.0,-0.0536,2.0,-0.1258,2.0,,,,,0.2712,5.0,-0.3677,10.0,,,0.2208,3.0,0.0147,2.0,0.5843,5.0,0.3539,34.0,-0.1074,4.0,0.2941,5.0,-0.8568,1.0,0.1713,29.0,-0.0596,50.0,0.0696,98.0
2025-11-23,Fiscal Policy-Stimulus Package,,,0.859,1.0,0.0114,1.0,,,0.9356,1.0,,,,,-0.0192,3.0,0.0026,3.0,,,0.3244,3.0,0.0104,2.0,,,0.31,10.0,,,,,,,,,-0.912,1.0,0.0174,2.0,,,-0.708,1.0,,,,,0.2841,38.0,,,,,,,0.0044,2.0,0.0177,39.0,-0.0528,18.0
2025-11-23,Monetary Policy,,,,,,,0.344,1.0,,,,,,,,,,,,,,,,,0.7257,2.0,,,,,,,,,,,,,,,,,,,,,0.8992,1.0,,,0.0062,1.0,,,,,,,0.0061,1.0,-0.3599,32.0
2025-11-23,Monetary Policy-Interest Rates,,,,,,,,,,,,,,,,,,,,,,,,,,,,,,,,,,,,,,,,,,,,,,,0.9331,1.0,,,,,,,,,,,,,-0.2538,24.0
2025-11-23,Monetary Policy-Quantitative Easing,0.1024,1.0,0.1803,1.0,,,,,0.6305,7.0,,,,,0.4793,2.0,,,,,,,,,,,0.6376,7.0,,,,,,,,,,,,,,,0.0069,4.0,,,,,,,,,,,,,,,,,-0.0675,20.0
2025-11-23,Natural Disaster,0.0156,1.0,-0.4906,38.0,-0.0114,1.0,,,,,,,,,,,,,,,-0.461,4.0,,,0.1241,2.0,,,,,0.028,10.0,,,,,,,-0.2832,3.0,,,,,,,,,,,,,,,,,,,,,-0.0281,26.0
2025-11-23,Pandemic,-0.3867,2.0,-0.4516,7.0,0.1014,91.0,-0.27,9.0,-0.2753,27.0,,,-0.1918,1.0,-0.207,33.0,-0.2295,23.0,,,-0.2301,50.0,,,-0.0821,4.0,-0.2542,5.0,-0.4141,4.0,-0.2742,10.0,,,-0.068,6.0,0.9209,1.0,-0.3656,10.0,0.4974,1.0,-0.065,9.0,-0.2038,5.0,0.3372,7.0,0.2817,2.0,-0.1762,7.0,-0.5298,5.0,-0.6054,9.0,-0.3557,10.0,-0.0721,28.0,-0.2049,130.0
2025-11-23,Politics,-0.1083,32.0,0.2417,11.0,-0.1435,408.0,0.0494,22.0,0.1071,56.0,0.0026,2.0,-0.061,10.0,-0.1402,126.0,-0.1167,62.0,-0.1151,6.0,0.0143,192.0,-0.0595,40.0,0.0152,36.0,0.013,52.0,0.0681,13.0,-0.1237,18.0,-0.2585,2.0,-0.0163,9.0,-0.043,17.0,-0.2155,36.0,-0.2364,10.0,-0.0704,138.0,0.2174,25.0,0.2997,10.0,0.0885,149.0,0.0478,44.0,0.3023,11.0,-0.0436,11.0,-0.0463,783.0,-0.0824,171.0,-0.1283,653.0
2025-11-23,Politics-Election,,,-0.0968,1.0,-0.3072,4.0,,,,,,,,,-0.0108,8.0,-0.032,2.0,,,0.0531,34.0,,,-0.0003,11.0,-0.0017,1.0,,,,,,,,,-0.805,1.0,,,,,,,,,,,,,0.0426,1.0,0.0191,1.0,,,0.0122,1.0,,,0.0108,15.0
2025-11-23,Politics-Political Tension,-0.2132,10.0,-0.007,1.0,0.01,37.0,-0.2524,9.0,-0.0906,22.0,,,0.0403,1.0,-0.0065,34.0,-0.1549,19.0,0.0052,1.0,-0.0986,49.0,-0.0375,19.0,0.2229,8.0,-0.483,9.0,-0.2209,7.0,0.1092,2.0,,,,,-0.0267,3.0,-0.057,2.0,,,-0.1853,44.0,0.0179,6.0,0.9269,1.0,0.3173,41.0,-0.0521,5.0,0.0181,2.0,,,-0.0443,303.0,-0.1169,21.0,-0.0469,159.0
2025-11-23,Terrorist Attacks,,,-0.4239,3.0,-0.6007,17.0,-0.2473,4.0,0.811,1.0,,,0.0304,1.0,-0.3672,8.0,-0.1788,7.0,,,-0.3121,34.0,,,,,,,,,-0.6607,2.0,,,-0.5808,190.0,-0.2957,5.0,-0.2586,2.0,,,-0.4557,2.0,,,-0.5113,3.0,-0.7133,4.0,-0.3316,2.0,-0.5053,1.0,-0.8964,1.0,-0.8376,2.0,-0.4079,26.0,-0.4631,140.0
2025-11-23,Wars,0.0085,5.0,,,0.0175,3.0,,,0.0051,20.0,,,-0.0628,29.0,-0.0526,15.0,0.122,8.0,-0.0543,1.0,0.1089,45.0,-0.3391,157.0,0.0021,4.0,0.0992,25.0,0.1554,9.0,-0.1781,8.0,,,-0.0805,6.0,-0.1718,15.0,0.0353,7.0,-0.1345,5.0,-0.0727,143.0,0.1934,9.0,0.8751,1.0,0.0134,2.0,0.0142,4.0,0.4854,10.0,0.2242,6.0,-0.1413,605.0,-0.2219,9.0,-0.0129,134.0
2025-11-22,Economic Data,0.1518,7.0,0.4723,2.0,-0.4636,3.0,-0.1329,14.0,0.1437,49.0,,,-0.0544,7.0,-0.0671,20.0,-0.3849,17.0,,,0.2792,37.0,0.203,5.0,0.0922,4.0,0.0859,20.0,-0.4185,7.0,-0.0013,1.0,0.0205,1.0,0.5036,2.0,0.3224,4.0,-0.2725,4.0,0.4279,2.0,-0.112,4.0,0.1929,1.0,0.0335,7.0,0.3668,18.0,0.5127,4.0,0.1945,2.0,0.1948,1.0,-0.0164,1.0,-0.1757,25.0,-0.0949,137.0
2025-11-22,Economic Data-Consumer Spending,,,,,,,,,,,,,,,,,,,,,,,,,,,,,,,,,,,,,,,,,,,,,,,,,,,,,,,,,,,-0.9034,1.0,-0.0265,4.0
2025-11-22,Economic Data-Employment,,,,,0.0358,2.0,0.099,1.0,0.4737,2.0,,,,,0.0712,1.0,0.796,1.0,,,0.2867,26.0,,,,,,,-0.8851,2.0,,,,,,,,,0.3103,4.0,-0.118,1.0,,,,,,,-0.2899,4.0,0.1019,1.0,,,,,,,-0.0932,5.0,-0.264,14.0
2025-11-22,Economic Data-GDP,0.0196,1.0,,,,,,,0.5093,5.0,,,,,,,0.6456,1.0,,,0.0144,1.0,,,,,,,0.0664,4.0,0.0353,1.0,,,,,,,,,,,-0.4922,1.0,,,0.5645,3.0,0.0316,1.0,,,,,0.9487,1.0,,,,,0.0305,2.0
2025-11-22,Economic Data-Housing,,,0.9465,1.0,,,0.0065,35.0,0.4491,6.0,,,0.0292,1.0,0.0215,3.0,0.0105,1.0,,,0.7382,10.0,,,0.2657,1.0,,,0.0484,4.0,,,,,,,,,,,,,,,0.7217,6.0,-0.0015,3.0,0.0036,1.0,-0.453,2.0,,,,,0.0194,1.0,0.243,6.0,0.2172,29.0
2025-11-22,Economic Data-Inflation,,,,,,,,,,,,,,,,,-0.868,1.0,,,,,,,,,,,,,,,,,,,-0.2687,2.0,,,,,,,,,,,,,,,,,,,,,,,-0.0595,30.0
2025-11-22,Economic Data-Interest Rates,,,,,-0.8277,1.0,,,,,,,,,,,-0.8392,1.0,,,,,,,0.8708,15.0,0.3378,6.0,-0.4606,1.0,,,,,,,,,,,,,,,,,,,,,,,,,,,,,0.5863,5.0,-0.0408,50.0
2025-11-22,Economic Data-Manufacturing,,,,,,,,,0.4542,3.0,,,,,,,0.937,1.0,,,0.084,1.0,,,,,0.9435,1.0,,,,,,,,,,,,,,,,,,,,,,,,,,,,,,,0.9451,1.0,-0.1802,5.0
2025-11-22,Economic Data-Retail Sales,,,,,,,-0.9175,2.0,,,,,,,,,,,,,,,,,0.3473,1.0,,,,,,,,,,,,,,,,,,,,,,,0.9479,1.0,,,,,,,,,0.5509,3.0,0.2884,9.0
2025-11-22,Extreme Weather,0.0001,3.0,0.412,25.0,0.0464,9.0,0.0291,2.0,0.0492,20.0,,,,,-0.1391,16.0,-0.2703,8.0,0.0168,1.0,-0.1665,27.0,,,-0.3509,5.0,-0.0012,3.0,,,-0.0294,5.0,,,,,-0.3009,6.0,-0.1466,13.0,0.6675,1.0,-0.0101,4.0,,,,,-0.1383,6.0,-0.2047,18.0,-0.1146,1.0,0.0499,2.0,-0.3006,3.0,-0.0298,18.0,-0.0847,109.0
2025-11-22,Extreme Weather-Cold,,,0.002,1.0,,,-0.273,2.0,-0.3633,7.0,,,,,-0.0617,7.0,0.0005,15.0,,,-0.0494,7.0,,,-0.0282,1.0,0.004,1.0,,,,,,,,,,,-0.1898,11.0,,,,,,,,,,,-0.0294,12.0,,,,,,,-0.0127,13.0,-0.1469,12.0
2025-11-22,Extreme Weather-Drought,,,0.014,1.0,,,-0.4375,3.0,0.4852,2.0,,,0.0024,1.0,,,,,,,0.1467,3.0,0.9408,1.0,,,,,,,-0.1173,3.0,,,,,,,0.0005,1.0,,,,,,,,,,,,,0.7417,2.0,,,,,,,0.0173,18.0
2025-11-22,Extreme Weather-Heat,,,-0.0003,1.0,0.0023,2.0,,,0.0104,1.0,,,-0.1732,2.0,-0.2953,2.0,,,,,-0.0053,4.0,,,0.0036,2.0,,,,,,,,,,,,,,,,,,,,,,,,,0.0114,7.0,0.9443,1.0,-0.0005,1.0,,,0.0235,1.0,0.2437,8.0
2025-11-22,Fiscal Policy,-0.0421,4.0,,,0.2579,9.0,0.2458,17.0,-0.045,2.0,0.0863,1.0,,,-0.162,37.0,-0.1451,11.0,0.0223,2.0,0.1165,41.0,,,0.3487,4.0,0.0804,5.0,-0.2726,3.0,,,0.418,1.0,-0.3426,5.0,0.1412,6.0,0.1282,6.0,-0.2681,1.0,-0.0425,1.0,,,,,0.2549,29.0,0.3792,3.0,0.0974,1.0,,,-0.0276,27.0,-0.03,34.0,-0.1342,100.0
2025-11-22,Fiscal Policy-Stimulus Package,0.8513,1.0,0.0142,1.0,-0.4774,2.0,-0.316,3.0,,,,,,,-0.2547,24.0,,,,,0.0288,3.0,,,-0.6365,1.0,0.3641,12.0,0.9314,1.0,0.0147,1.0,,,,,,,0.2694,5.0,,,-0.0727,1.0,,,,,0.2281,1.0,,,,,,,-0.1171,6.0,-0.0142,15.0,-0.0989,15.0
2025-11-22,Monetary Policy,,,,,,,,,,,,,,,,,0.026,2.0,,,0.3101,2.0,,,0.7993,9.0,0.1659,4.0,-0.4606,1.0,,,,,,,,,,,,,,,,,,,,,,,,,,,,,0.635,3.0,-0.0624,48.0
2025-11-22,Monetary Policy-Interest Rates,,,,,,,,,,,,,,,,,,,,,,,,,,,0.8536,2.0,,,,,,,,,,,,,,,,,,,,,,,,,,,,,,,,,-0.2567,7.0
2025-11-22,Monetary Policy-Quantitative Easing,,,,,,,,,,,,,,,0.0032,1.0,-0.0147,3.0,,,-0.493,2.0,,,,,-0.2239,6.0,,,,,,,,,,,,,,,,,0.9465,2.0,,,,,,,,,,,,,0.0726,3.0,-0.144,29.0
2025-11-22,Natural Disaster,0.0054,1.0,0.0933,4.0,,,,,0.0054,1.0,,,,,,,,,,,,,,,-0.8749,1.0,,,,,-0.0369,4.0,,,,,,,-0.0085,1.0,,,-0.0015,1.0,,,,,,,-0.8069,1.0,,,,,-0.8814,1.0,,,-0.1517,9.0
2025-11-22,Oil Spills,,,,,,,,,,,,,,,,,,,,,-0.8694,1.0,,,,,,,,,,,,,,,,,,,,,,,,,,,,,,,,,,,,,,,0.2872,6.0
2025-11-22,Pandemic,-0.098,4.0,-0.0352,8.0,-0.0448,12.0,-0.2949,20.0,0.0918,21.0,-0.0027,1.0,0.1291,4.0,-0.0611,32.0,-0.2063,17.0,0.4545,1.0,-0.0938,73.0,-0.1573,4.0,-0.1942,4.0,-0.0919,49.0,-0.6974,6.0,-0.024,11.0,,,-0.123,12.0,-0.3925,3.0,0.0009,21.0,-0.001,4.0,-0.3145,11.0,,,-0.3429,2.0,-0.1001,7.0,-0.1919,7.0,0.2169,3.0,-0.4613,28.0,-0.1338,44.0,-0.2525,46.0,-0.1497,236.0
2025-11-22,Politics,0.0569,32.0,0.2289,4.0,-0.2462,663.0,0.0044,76.0,-0.0396,91.0,-0.3377,2.0,0.1855,6.0,-0.0791,152.0,-0.0887,47.0,0.1374,17.0,0.0036,240.0,0.0608,25.0,0.0994,22.0,-0.0164,62.0,-0.1692,30.0,-0.0242,40.0,,,-0.3365,11.0,-0.1276,18.0,0.0825,51.0,0.0134,3.0,0.0372,153.0,0.0423,25.0,0.0296,4.0,-0.0414,192.0,-0.0119,81.0,-0.016,16.0,-0.2878,9.0,-0.0747,844.0,-0.1214,130.0,-0.0766,797.0
2025-11-22,Politics-Election,,,,,0.0009,15.0,,,,,,,,,0.0007,1.0,0.0031,1.0,,,-0.0181,28.0,0.1536,1.0,0.0062,1.0,-0.343,3.0,0.0091,2.0,,,,,0.0068,1.0,,,,,,,,,,,,,0.6143,1.0,,,,,,,,,,,-0.0014,27.0
2025-11-22,Politics-Political Tension,-0.2452,20.0,,,-0.107,38.0,-0.1934,16.0,-0.0802,20.0,,,,,-0.1943,54.0,-0.0587,16.0,0.0069,1.0,-0.2326,27.0,0.1043,6.0,0.0044,3.0,-0.3248,2.0,,,0.0044,1.0,,,0.044,2.0,0.355,2.0,-0.4056,2.0,-0.0131,3.0,-0.0431,45.0,0.0059,1.0,,,0.2016,83.0,0.0133,6.0,-0.0387,1.0,,,-0.1133,250.0,-0.0165,28.0,-0.073,219.0
2025-11-22,Terrorist Attacks,-0.3481,3.0,,,-0.7164,3.0,-0.2583,5.0,-0.8391,1.0,,,-0.4088,2.0,-0.1883,15.0,-0.4446,6.0,,,-0.1616,48.0,-0.859,4.0,,,-0.0585,2.0,,,-0.4235,20.0,,,-0.6323,326.0,-0.5671,6.0,-0.2184,11.0,-0.3394,4.0,-0.7963,1.0,,,-0.0534,1.0,-0.5137,7.0,-0.5158,1.0,,,-0.7887,1.0,-0.1301,2.0,-0.3796,10.0,-0.5599,157.0
2025-11-22,Wars,0.0135,5.0,0.0007,1.0,,,0.1398,4.0,-0.0448,48.0,,,0.2435,7.0,-0.024,22.0,-0.0012,5.0,0.0329,1.0,0.235,29.0,-0.1988,77.0,0.1385,3.0,0.0047,20.0,,,,,,,-0.2638,6.0,0.0802,16.0,0.4802,9.0,0.1472,5.0,-0.1762,159.0,0.1445,8.0,0.0582,2.0,0.0032,2.0,-0.6371,1.0,0.0013,3.0,0.0132,3.0,-0.1077,568.0,0.0455,9.0,-0.0086,112.0
2025-11-21,Economic Data,-0.3563,5.0,0.3557,27.0,0.2821,36.0,0.0148,48.0,-0.1574,156.0,,,-0.165,12.0,-0.1475,87.0,-0.3079,73.0,0.4777,2.0,0.094,73.0,0.9342,1.0,0.3407,15.0,0.2992,149.0,0.2863,23.0,0.1199,20.0,-0.4689,12.0,0.4477,14.0,0.2681,1.0,0.0164,18.0,0.1437,8.0,-0.1626,7.0,0.6165,8.0,-0.2275,10.0,0.163,21.0,-0.1621,23.0,0.5898,15.0,-0.9174,2.0,0.0017,6.0,0.0215,158.0,0.0615,706.0
2025-11-21,Economic Data-Consumer Spending,,,,,,,-0.2865,4.0,,,,,,,,,,,,,0.009,1.0,,,,,,,,,0.0029,1.0,-0.2482,5.0,,,,,,,,,,,,,,,,,0.2015,1.0,,,,,,,-0.5752,34.0,-0.644,17.0
2025-11-21,Economic Data-Employment,,,-0.8676,2.0,0.6474,3.0,0.1711,6.0,0.3373,7.0,,,,,-0.9111,1.0,-0.1635,3.0,0.0175,1.0,0.4822,14.0,,,0.0596,1.0,0.0036,2.0,-0.4066,3.0,0.0439,2.0,-0.8738,2.0,0.9438,1.0,,,0.239,3.0,,,-0.5443,2.0,,,0.9271,1.0,0.7368,1.0,0.0507,1.0,,,,,,,-0.2684,15.0,0.0156,120.0
2025-11-21,Economic Data-GDP,,,0.7181,2.0,-0.0213,1.0,0.0025,6.0,0.9293,4.0,,,,,0.3131,22.0,-0.3162,25.0,,,-0.2944,3.0,,,0.0243,1.0,0.185,18.0,0.9435,2.0,-0.3271,11.0,,,,,,,-0.4092,19.0,,,,,,,0.6287,37.0,0.3634,1.0,-0.0193,5.0,,,,,,,-0.0304,11.0,-0.1052,23.0
2025-11-21,Economic Data-Housing,0.4617,3.0,0.0557,8.0,0.1592,1.0,0.0898,39.0,0.0471,21.0,,,0.6113,5.0,0.5654,2.0,0.0333,30.0,,,0.415,13.0,,,-0.5336,2.0,-0.0099,34.0,-0.4319,2.0,0.4835,2.0,-0.8124,1.0,0.4933,2.0,,,0.8342,3.0,0.4041,3.0,,,0.0757,3.0,0.0187,2.0,0.0026,1.0,0.0907,2.0,-0.6114,1.0,,,,,0.0973,20.0,0.3256,355.0
2025-11-21,Economic Data-Inflation,,,-0.1526,5.0,,,,,-0.826,3.0,,,,,-0.7146,1.0,0.6711,1.0,,,,,,,,,0.289,44.0,0.9292,4.0,,,,,,,,,,,0.0054,1.0,,,,,,,,,,,,,,,,,-0.1776,4.0,0.0285,61.0
2025-11-21,Economic Data-Interest Rates,,,0.178,6.0,-0.3396,2.0,-0.0474,17.0,-0.2104,14.0,,,-0.2138,3.0,-0.021,9.0,0.4848,11.0,,,0.4722,4.0,,,0.5881,30.0,0.2102,73.0,,,0.949,1.0,-0.7888,2.0,0.1225,3.0,,,0.3195,4.0,-0.4358,2.0,-0.2683,5.0,0.9255,4.0,,,-0.5548,3.0,,,,,,,,,-0.1708,40.0,-0.1612,376.0
2025-11-21,Economic Data-Manufacturing,0.9453,1.0,,,,,0.9459,1.0,0.2144,15.0,,,0.9504,1.0,-0.3034,14.0,-0.1387,11.0,,,0.949,1.0,,,,,-0.4658,17.0,,,,,,,,,,,,,,,,,,,0.9449,6.0,,,0.9425,1.0,-0.3935,2.0,,,,,0.227,8.0,-0.1451,30.0
2025-11-21,Economic Data-Retail Sales,0.0239,1.0,,,,,-0.4027,35.0,0.4953,6.0,,,,,-0.0029,1.0,0.0403,1.0,,,,,,,0.3536,20.0,,,0.0061,1.0,0.0402,5.0,0.8331,1.0,,,,,,,,,,,,,0.944,1.0,0.9155,1.0,,,,,,,,,-0.8245,37.0,0.0991,92.0
2025-11-21,Extreme Weather,-0.0922,14.0,0.2204,17.0,-0.4356,29.0,0.2294,8.0,0.2081,34.0,,,0.0111,2.0,0.0112,12.0,-0.0478,29.0,,,-0.0943,31.0,,,-0.3899,4.0,-0.0198,15.0,-0.8566,1.0,0.0448,9.0,-0.0027,1.0,,,-0.2363,9.0,-0.055,13.0,0.1074,6.0,-0.043,9.0,0.312,4.0,-0.4563,2.0,0.2482,12.0,-0.0347,69.0,0.1938,5.0,0.0,1.0,-0.7836,12.0,-0.0655,31.0,-0.0436,159.0
2025-11-21,Extreme Weather-Cold,-0.89,2.0,,,,,-0.1061,4.0,0.0837,2.0,,,,,0.0452,7.0,-0.1252,10.0,-0.4651,1.0,0.0053,2.0,,,0.0033,2.0,-0.9185,1.0,,,-0.3245,2.0,,,,,,,-0.057,12.0,-0.1177,3.0,-0.2605,4.0,,,,,,,-0.2218,8.0,,,0.0053,2.0,-0.3676,15.0,-0.474,54.0,-0.1049,15.0
2025-11-21,Extreme Weather-Drought,0.0022,1.0,-0.3856,1.0,-0.4523,1.0,-0.1355,1.0,-0.0093,3.0,,,,,-0.0184,1.0,,,,,-0.4502,3.0,,,0.0016,1.0,,,,,0.0537,1.0,,,,,,,0.3608,3.0,,,-0.8985,1.0,,,,,0.0068,1.0,0.4169,3.0,,,,,,,0.0021,1.0,0.1676,15.0
2025-11-21,Extreme Weather-Heat,,,-0.2992,3.0,0.0052,1.0,,,0.1229,2.0,,,,,,,0.9333,2.0,,,0.2147,2.0,,,0.0012,1.0,0.0099,1.0,,,0.0036,1.0,,,,,,,,,,,,,,,,,-0.8485,1.0,0.0569,16.0,0.0608,5.0,,,0.1257,2.0,-0.8351,1.0,0.0012,1.0
2025-11-21,Fiscal Policy,-0.4472,26.0,0.1593,7.0,0.4208,124.0,0.1168,43.0,-0.2159,12.0,0.3395,3.0,,,0.1696,36.0,-0.0403,18.0,,,0.4138,32.0,,,0.4217,10.0,0.2336,30.0,0.0065,4.0,0.0368,14.0,-0.2741,5.0,0.1803,9.0,-0.2722,10.0,-0.8763,4.0,-0.0006,19.0,0.0058,10.0,,,,,0.1027,16.0,-0.3483,5.0,0.5195,1.0,,,-0.3047,34.0,-0.1484,98.0,-0.0041,190.0
2025-11-21,Fiscal Policy-Stimulus Package,-0.3009,1.0,0.1575,4.0,0.9323,1.0,0.3658,11.0,0.3371,8.0,,,,,0.7032,4.0,-0.2004,2.0,,,0.2903,9.0,,,0.0051,2.0,0.6506,140.0,0.1193,5.0,0.3642,12.0,,,0.224,1.0,,,0.51,6.0,,,0.0024,3.0,,,,,-0.0007,4.0,-0.1977,4.0,0.286,1.0,,,-0.4253,3.0,-0.0574,49.0,-0.0955,94.0
2025-11-21,Monetary Policy,0.0694,1.0,0.9499,1.0,0.4766,3.0,-0.0576,15.0,-0.0836,13.0,,,-0.328,2.0,0.217,11.0,0.6357,14.0,,,0.2682,14.0,,,0.49,12.0,0.2654,60.0,,,0.949,1.0,,,0.4854,2.0,,,0.4719,3.0,0.0103,3.0,0.9419,2.0,0.9303,5.0,,,0.0169,6.0,,,,,,,,,-0.0268,22.0,-0.1282,313.0
2025-11-21,Monetary Policy-Interest Rates,,,,,,,-0.8693,1.0,0.047,3.0,,,0.0146,1.0,,,,,,,,,,,,,-0.1008,13.0,,,,,,,,,,,,,,,,,,,-0.908,1.0,-0.2186,2.0,,,,,,,,,,,-0.1091,117.0
2025-11-21,Monetary Policy-Quantitative Easing,,,,,0.1106,5.0,0.0282,1.0,0.1837,17.0,,,,,-0.0871,19.0,0.1166,23.0,-0.1386,3.0,-0.0227,27.0,,,-0.6371,6.0,-0.0143,84.0,,,,,,,0.449,3.0,,,0.0074,1.0,0.0036,2.0,0.1051,2.0,0.0073,1.0,0.0317,5.0,0.4765,3.0,0.0032,1.0,,,,,,,-0.0806,28.0,0.1148,140.0
2025-11-21,Natural Disaster,-0.0784,1.0,0.2133,6.0,,,,,-0.0045,2.0,,,,,,,,,,,-0.115,5.0,,,0.1488,1.0,0.2232,8.0,-0.8566,1.0,0.0189,4.0,,,,,-0.2363,9.0,-0.1643,2.0,0.131,2.0,-0.0024,1.0,,,,,,,-0.9005,2.0,,,,,,,-0.0015,1.0,-0.2905,11.0
2025-11-21,Oil Spills,,,,,,,,,,,,,,,,,,,,,,,,,,,,,,,,,,,,,,,,,,,,,,,,,,,,,,,,,,,,,-0.3918,11.0
2025-11-21,Pandemic,0.0287,8.0,-0.1305,28.0,0.0205,12.0,-0.0409,39.0,0.0079,58.0,0.0033,4.0,0.0022,1.0,-0.0743,140.0,-0.0378,33.0,-0.6411,1.0,-0.1859,101.0,-0.1441,9.0,-0.0852,21.0,-0.1036,46.0,-0.1228,13.0,-0.2014,20.0,,,-0.259,14.0,0.0014,1.0,0.0306,27.0,-0.0406,2.0,-0.2938,14.0,0.08,7.0,0.0248,2.0,-0.172,11.0,-0.3184,29.0,0.1516,14.0,-0.3232,5.0,-0.1141,36.0,-0.1683,66.0,-0.0456,380.0
2025-11-21,Politics,-0.1359,14.0,0.2155,38.0,0.126,298.0,0.1403,130.0,-0.0146,143.0,0.1563,8.0,-0.0288,8.0,-0.0408,156.0,-0.1323,96.0,0.3456,10.0,0.0662,288.0,0.0108,157.0,0.05,69.0,0.3541,189.0,-0.113,35.0,0.0511,115.0,-0.3781,6.0,-0.1206,72.0,-0.3226,46.0,-0.1456,69.0,-0.0222,39.0,-0.0616,262.0,0.0023,68.0,0.2349,14.0,0.0733,232.0,-0.0337,93.0,0.0449,16.0,-0.0345,11.0,-0.0877,1167.0,-0.1424,270.0,-0.0329,1420.0
2025-11-21,Politics-Election,,,0.0026,3.0,,,0.302,10.0,,,,,,,0.0104,3.0,-0.0009,2.0,0.0367,4.0,0.0462,24.0,0.0062,1.0,0.0036,4.0,,,,,0.4669,2.0,,,,,,,0.0603,2.0,,,,,0.0245,1.0,-0.3417,1.0,,,0.0068,1.0,,,,,0.0033,4.0,-0.6676,1.0,-0.004,80.0
2025-11-21,Politics-Political Tension,0.2153,7.0,0.4632,4.0,-0.0358,40.0,0.0246,11.0,0.1786,22.0,,,0.0044,1.0,-0.0191,6.0,0.0131,17.0,,,0.0942,21.0,-0.2616,4.0,-0.2282,13.0,-0.5672,5.0,0.19,2.0,-0.042,8.0,,,-0.1497,5.0,-0.0339,3.0,-0.0651,12.0,0.4722,2.0,-0.0091,70.0,-0.1837,7.0,0.0013,1.0,-0.1904,20.0,-0.0187,18.0,-0.3336,4.0,0.4716,2.0,-0.1507,417.0,-0.0784,17.0,-0.0349,256.0
2025-11-21,Terrorist Attacks,-0.5542,5.0,-0.443,9.0,-0.2256,3.0,-0.3341,16.0,-0.8505,2.0,,,,,-0.2936,15.0,-0.0613,15.0,,,-0.469,56.0,,,-0.3024,4.0,-0.2129,2.0,-0.3077,3.0,-0.3042,21.0,,,-0.6923,286.0,-0.7479,33.0,-0.5936,10.0,-0.5346,6.0,-0.7907,2.0,,,,,-0.7129,1.0,-0.4689,4.0,,,-0.1425,2.0,0.0648,2.0,-0.2551,44.0,-0.3911,163.0
2025-11-21,Wars,-0.1106,2.0,0.0289,4.0,0.4522,1.0,0.3141,7.0,0.1242,66.0,-0.0001,1.0,0.4136,6.0,-0.1447,45.0,0.0977,24.0,,,-0.1098,28.0,-0.1304,98.0,-0.0894,16.0,-0.006,47.0,0.0403,13.0,-0.1683,8.0,,,-0.0193,37.0,-0.095,19.0,0.2367,9.0,0.1997,15.0,-0.0928,242.0,0.1526,12.0,-0.3683,7.0,0.8709,3.0,-0.0945,4.0,0.1979,7.0,0.1415,27.0,-0.0857,895.0,0.3569,20.0,-0.0299,287.0
2025-11-20,Economic Data,0.1958,6.0,0.166,30.0,0.294,16.0,-0.0104,54.0,0.2691,145.0,0.9372,3.0,0.7759,8.0,0.1943,28.0,-0.2916,121.0,0.3177,4.0,0.4923,69.0,0.9285,3.0,0.1011,13.0,-0.0248,108.0,0.5191,14.0,-0.1695,29.0,0.1306,5.0,-0.023,5.0,0.1792,14.0,0.3651,23.0,0.1089,13.0,0.0814,20.0,0.5402,31.0,0.1199,5.0,0.1363,27.0,0.0972,33.0,0.2343,34.0,0.7041,6.0,-0.068,13.0,-0.0504,116.0,0.014,697.0
2025-11-20,Economic Data-Consumer Spending,,,0.8733,8.0,,,,,,,,,,,,,,,,,,,,,,,,,,,,,,,,,,,,,,,,,,,,,,,-0.0091,2.0,,,0.0099,1.0,,,-0.8433,6.0,0.0499,30.0
2025-11-20,Economic Data-Employment,,,-0.2102,3.0,0.9446,1.0,-0.4541,3.0,0.1114,11.0,,,,,-0.0203,1.0,-0.6905,21.0,,,0.27,4.0,,,,,-0.2735,4.0,-0.9266,1.0,0.1277,1.0,0.4635,2.0,0.9479,1.0,,,-0.2975,2.0,,,,,-0.466,4.0,0.7167,1.0,,,,,0.019,1.0,-0.0071,1.0,,,-0.3363,24.0,0.0389,642.0
2025-11-20,Economic Data-GDP,,,0.621,6.0,0.505,3.0,0.0236,1.0,-0.05,8.0,,,,,0.0017,2.0,0.4847,23.0,,,0.9437,9.0,,,,,0.4689,2.0,,,-0.1569,7.0,,,,,0.8795,5.0,-0.4614,4.0,0.0367,3.0,-0.7609,1.0,,,0.7577,1.0,,,0.0557,11.0,,,,,,,,,-0.1057,12.0
2025-11-20,Economic Data-Housing,0.0013,1.0,0.2161,4.0,,,0.0622,46.0,0.3386,39.0,,,-0.0029,1.0,0.1049,9.0,0.4682,2.0,-0.4482,2.0,-0.0653,9.0,,,0.7002,13.0,0.0251,12.0,0.745,4.0,0.9459,2.0,0.2953,2.0,,,,,0.2588,3.0,0.475,4.0,,,0.4825,4.0,-0.2178,2.0,0.0825,4.0,0.211,5.0,0.5586,3.0,,,,,0.1649,42.0,0.15,222.0
2025-11-20,Economic Data-Inflation,,,,,,,0.3235,12.0,-0.2608,3.0,,,,,-0.7833,2.0,-0.8287,8.0,,,,,,,,,0.4498,14.0,0.9113,1.0,,,,,,,,,,,0.0054,1.0,-0.9117,2.0,,,,,,,-0.2967,3.0,,,,,,,0.2269,4.0,-0.0613,37.0
2025-11-20,Economic Data-Interest Rates,0.3762,3.0,-0.0664,14.0,0.1226,7.0,0.464,17.0,0.0659,82.0,,,0.0516,8.0,0.0295,2.0,0.4318,18.0,,,0.423,13.0,,,0.619,12.0,0.121,51.0,0.4655,3.0,0.0295,3.0,,,0.7556,1.0,0.4562,1.0,-0.3392,3.0,,,0.0038,1.0,0.9506,26.0,,,-0.1336,38.0,,,,,,,,,-0.3334,41.0,-0.1146,313.0
2025-11-20,Economic Data-Manufacturing,,,,,0.9443,1.0,0.9377,2.0,0.6544,5.0,,,,,,,-0.7159,7.0,,,0.5995,13.0,,,0.0144,1.0,0.0162,2.0,,,0.0152,1.0,,,0.9508,1.0,,,0.0817,2.0,,,,,0.9473,1.0,,,,,0.9517,4.0,0.4759,5.0,,,,,-0.8778,8.0,0.5474,33.0
2025-11-20,Economic Data-Retail Sales,,,0.0265,3.0,,,0.4724,7.0,-0.177,4.0,,,,,,,0.1328,6.0,,,0.7615,7.0,,,-0.0011,2.0,,,,,0.493,11.0,,,,,,,0.2687,3.0,0.6553,1.0,,,0.3257,2.0,,,0.4167,2.0,-0.9222,2.0,,,,,,,-0.0118,17.0,0.2218,41.0
2025-11-20,Extreme Weather,-0.2059,12.0,0.0273,12.0,-0.4443,36.0,0.2831,18.0,0.0036,39.0,,,,,0.0719,40.0,-0.1514,14.0,,,-0.2601,28.0,-0.0021,2.0,-0.0863,10.0,-0.205,15.0,-0.0001,3.0,0.0069,17.0,0.9478,1.0,-0.1797,2.0,,,-0.1671,13.0,0.7377,1.0,0.1933,6.0,0.9368,1.0,0.2111,2.0,-0.0632,6.0,-0.1191,17.0,0.4999,2.0,-0.1145,16.0,-0.8977,2.0,-0.267,33.0,-0.0985,159.0
2025-11-20,Extreme Weather-Cold,,,,,0.0199,1.0,-0.894,4.0,0.015,9.0,,,,,0.5378,5.0,-0.1004,12.0,,,-0.3022,5.0,,,0.0352,3.0,0.1234,1.0,-0.0695,1.0,,,,,,,,,0.0018,3.0,-0.8949,1.0,-0.7939,2.0,,,-0.8252,5.0,,,0.0464,7.0,,,,,-0.7457,4.0,-0.4418,76.0,-0.1743,24.0
2025-11-20,Extreme Weather-Drought,0.0031,1.0,,,-0.9129,24.0,-0.0176,2.0,0.1305,1.0,,,0.9426,1.0,,,,,,,-0.0574,7.0,,,,,,,,,-0.0032,1.0,,,,,,,-0.4425,3.0,,,,,,,,,,,0.939,1.0,,,,,,,-0.2109,2.0,-0.226,19.0
2025-11-20,Extreme Weather-Heat,0.0043,1.0,,,0.4421,1.0,0.2542,1.0,,,,,,,,,,,,,-0.2168,4.0,,,,,,,-0.68,1.0,0.1681,3.0,,,,,,,-0.024,2.0,,,-0.0056,2.0,,,,,-0.2592,5.0,-0.1661,7.0,,,-0.0015,1.0,,,-0.0316,1.0,0.0013,3.0
2025-11-20,Fiscal Policy,-0.1063,12.0,-0.2426,10.0,0.3646,86.0,0.0731,30.0,0.1412,27.0,0.9526,1.0,-0.0065,1.0,-0.2023,10.0,-0.1559,32.0,0.0025,6.0,0.3037,37.0,,,0.1253,6.0,0.132,31.0,-0.1604,5.0,0.0293,14.0,-0.9228,1.0,0.0116,1.0,-0.0202,22.0,0.0039,12.0,0.1165,8.0,0.0898,17.0,0.163,7.0,0.0036,3.0,0.1492,17.0,-0.0681,3.0,0.1448,7.0,,,-0.1896,50.0,-0.1252,70.0,-0.0976,196.0
2025-11-20,Fiscal Policy-Stimulus Package,0.0459,4.0,0.2503,3.0,-0.0115,1.0,0.3652,10.0,0.6383,3.0,,,,,-0.2465,4.0,0.255,10.0,0.0061,1.0,0.3157,7.0,,,-0.0237,5.0,0.3314,20.0,0.9083,1.0,0.0057,1.0,,,0.0796,6.0,,,0.3159,3.0,0.0048,1.0,0.0228,3.0,0.0893,2.0,,,0.0268,5.0,0.0025,2.0,0.1152,4.0,,,0.0296,3.0,-0.2038,25.0,-0.156,67.0
2025-11-20,Monetary Policy,0.3517,4.0,0.1074,15.0,-0.4168,5.0,0.1814,12.0,0.0838,73.0,,,0.2227,4.0,0.495,10.0,0.5272,15.0,,,0.2375,17.0,,,0.9494,1.0,0.0218,43.0,0.4655,3.0,-0.4221,5.0,,,0.7556,1.0,0.4562,1.0,-0.0546,2.0,,,0.0459,1.0,0.9514,22.0,0.002,3.0,-0.3931,30.0,0.0084,3.0,,,,,,,-0.0857,11.0,-0.1323,244.0
2025-11-20,Monetary Policy-Interest Rates,0.028,1.0,-0.2019,1.0,,,-0.0168,1.0,0.1502,4.0,,,0.0126,5.0,,,0.0061,1.0,,,,,,,,,0.0708,18.0,,,-0.2566,1.0,,,,,,,,,,,,,,,0.8296,1.0,-0.2715,9.0,,,,,,,,,-0.8361,3.0,-0.3691,81.0
2025-11-20,Monetary Policy-Quantitative Easing,0.1395,4.0,0.2444,10.0,,,,,-0.0625,10.0,,,,,0.556,8.0,0.0047,3.0,,,-0.0125,20.0,,,,,-0.0015,37.0,0.0162,1.0,-0.0071,1.0,,,0.0099,1.0,,,,,,,0.9231,1.0,0.36,6.0,0.001,1.0,0.0075,1.0,0.0071,5.0,,,,,0.0101,2.0,0.1452,15.0,-0.1112,117.0
2025-11-20,Natural Disaster,,,,,,,,,-0.4838,3.0,,,,,-0.8869,2.0,-0.1191,1.0,,,-0.4955,4.0,-0.0021,2.0,,,-0.4259,8.0,,,0.0102,6.0,,,,,,,-0.0617,4.0,,,,,,,,,,,0.7867,1.0,,,-0.9113,1.0,,,-0.5343,10.0,-0.2955,10.0
2025-11-20,Oil Spills,,,,,,,,,,,,,,,,,,,,,-0.5551,2.0,,,,,,,,,,,,,,,,,,,,,,,,,,,,,,,,,,,,,,,,
2025-11-20,Pandemic,0.0225,11.0,0.007,49.0,0.0061,34.0,0.01,49.0,0.0293,61.0,-0.0574,3.0,0.1055,5.0,-0.0363,108.0,-0.0553,72.0,,,-0.036,91.0,0.1185,8.0,0.1204,19.0,-0.018,27.0,-0.3711,14.0,-0.0046,29.0,,,-0.4053,20.0,-0.0684,3.0,0.0098,22.0,0.0672,4.0,-0.1723,43.0,0.0554,16.0,0.2139,4.0,-0.0734,50.0,-0.0594,29.0,-0.2967,6.0,-0.2076,14.0,-0.0897,50.0,-0.3086,119.0,-0.0957,411.0
2025-11-20,Politics,-0.0966,36.0,0.0008,36.0,0.0049,159.0,0.0353,101.0,-0.1041,207.0,0.3131,3.0,0.3698,53.0,-0.1314,121.0,0.013,113.0,-0.0825,13.0,0.0211,322.0,-0.069,53.0,-0.0093,72.0,0.1124,86.0,0.0209,38.0,-0.0223,98.0,0.0557,4.0,-0.2976,55.0,-0.0164,57.0,0.1004,45.0,-0.2255,21.0,-0.0316,260.0,0.0207,83.0,0.0633,13.0,0.0428,132.0,-0.0613,262.0,0.13,25.0,-0.1144,18.0,-0.0791,825.0,-0.0026,216.0,-0.0935,1605.0
2025-11-20,Politics-Election,-0.0063,1.0,,,0.3139,1.0,,,,,,,,,-0.0012,2.0,0.0138,2.0,,,0.0956,23.0,,,0.0071,4.0,-0.0,1.0,0.0387,1.0,,,0.0111,2.0,-0.1936,4.0,,,,,,,,,,,,,,,-0.2026,2.0,,,,,,,0.0133,2.0,0.0696,33.0
2025-11-20,Politics-Political Tension,-0.2157,3.0,0.0188,3.0,-0.0329,37.0,-0.2672,12.0,-0.1434,24.0,,,0.0145,2.0,-0.1682,12.0,-0.0324,18.0,0.0053,1.0,0.06,36.0,-0.0493,2.0,-0.0006,3.0,-0.1164,12.0,,,-0.1076,6.0,,,0.0664,2.0,-0.1934,4.0,-0.2124,5.0,-0.3306,2.0,-0.1097,30.0,0.065,16.0,0.0743,4.0,0.2185,17.0,-0.1118,33.0,-0.3742,4.0,0.0075,1.0,-0.1316,284.0,-0.1232,26.0,-0.0837,227.0
2025-11-20,Terrorist Attacks,-0.8521,1.0,0.0066,5.0,,,-0.3978,2.0,-0.6778,7.0,,,,,0.155,4.0,-0.0546,70.0,,,-0.5175,81.0,0.4612,4.0,-0.1781,2.0,-0.2316,1.0,,,-0.3986,25.0,,,-0.5468,70.0,-0.4161,10.0,-0.3284,9.0,-0.1298,1.0,-0.5234,9.0,,,0.0585,2.0,,,-0.1365,1.0,,,-0.7104,1.0,-0.5547,7.0,-0.4949,14.0,-0.3941,131.0
2025-11-20,Wars,0.0239,2.0,0.0204,1.0,-0.257,6.0,0.0643,7.0,0.0296,71.0,,,0.3967,33.0,0.0273,52.0,0.0671,52.0,-0.1801,6.0,0.0024,28.0,-0.1563,92.0,0.034,10.0,0.1235,41.0,-0.0272,6.0,-0.1954,7.0,,,-0.1549,25.0,-0.2441,19.0,0.146,12.0,0.0538,20.0,-0.0287,323.0,0.152,29.0,,,-0.0957,8.0,0.115,12.0,0.0014,3.0,0.2657,11.0,-0.0613,681.0,0.2488,31.0,-0.0269,225.0
2025-11-19,Economic Data,0.1273,13.0,0.5523,49.0,0.1139,21.0,0.1261,58.0,0.3089,202.0,0.3773,3.0,0.5841,9.0,-0.0196,50.0,0.0964,36.0,0.9485,1.0,0.3282,39.0,0.4988,4.0,0.5096,23.0,0.131,70.0,-0.6084,5.0,-0.0385,20.0,0.8936,4.0,0.1311,7.0,0.0132,5.0,0.4071,70.0,0.0392,14.0,0.2632,10.0,0.5888,16.0,0.7353,5.0,0.4705,20.0,0.0831,24.0,0.3549,1.0,0.94,1.0,-0.4614,2.0,0.0511,162.0,0.0135,658.0
2025-11-19,Economic Data-Consumer Spending,,,0.2913,5.0,,,,,0.9494,1.0,,,,,0.301,1.0,-0.9167,1.0,,,,,,,,,0.0274,1.0,,,,,,,,,,,0.6108,2.0,,,,,,,,,,,,,,,,,,,0.0088,1.0,-0.6101,9.0
2025-11-19,Economic Data-Employment,-0.787,1.0,0.695,9.0,0.8725,4.0,-0.0057,2.0,0.1537,7.0,,,0.893,1.0,0.0139,2.0,-0.4318,8.0,,,0.2413,8.0,,,-0.0006,3.0,0.2927,5.0,-0.919,1.0,0.0069,1.0,,,0.0212,1.0,,,-0.238,3.0,,,-0.0377,1.0,,,-0.7927,1.0,,,0.4174,3.0,-0.9154,1.0,,,,,-0.3625,11.0,-0.1671,106.0
2025-11-19,Economic Data-GDP,0.2125,1.0,0.9338,3.0,,,-0.5393,12.0,-0.8753,1.0,,,,,0.0017,3.0,0.9493,1.0,,,-0.2217,5.0,,,,,-0.9144,3.0,0.9456,2.0,,,0.1908,4.0,,,,,0.6687,8.0,0.0137,1.0,0.0323,1.0,,,0.352,3.0,0.541,3.0,0.3203,2.0,,,,,,,-0.0249,2.0,0.2778,18.0
2025-11-19,Economic Data-Housing,0.9441,1.0,0.4306,22.0,-0.0926,7.0,-0.0465,39.0,0.3503,12.0,,,0.9424,1.0,0.1992,6.0,0.0037,4.0,,,0.7076,10.0,,,0.3367,3.0,0.166,9.0,-0.3015,6.0,0.4752,2.0,-0.5735,8.0,,,,,0.3165,3.0,0.225,4.0,,,0.6488,8.0,0.0077,2.0,0.0049,1.0,0.6771,8.0,,,,,,,0.0346,75.0,0.1002,109.0
2025-11-19,Economic Data-Inflation,,,,,,,0.2895,2.0,0.6393,8.0,,,,,0.9468,2.0,,,,,,,,,,,0.0781,6.0,,,,,,,,,,,,,0.0054,1.0,0.912,2.0,,,,,0.59,21.0,,,,,,,,,-0.2291,147.0,0.0613,51.0
2025-11-19,Economic Data-Interest Rates,0.2768,1.0,-0.0463,10.0,0.0805,14.0,-0.1383,20.0,0.0622,17.0,0.9474,6.0,,,0.0235,8.0,0.0491,18.0,0.022,5.0,0.0254,10.0,,,0.1769,5.0,0.0391,25.0,,,,,,,-0.0047,1.0,,,0.1664,3.0,,,-0.5375,3.0,,,-0.8896,1.0,0.6079,3.0,0.0395,2.0,,,,,-0.9152,1.0,-0.1545,70.0,-0.2127,243.0
2025-11-19,Economic Data-Manufacturing,0.4293,1.0,0.0068,2.0,-0.8857,1.0,,,0.141,8.0,,,,,,,,,,,0.4838,2.0,,,,,0.9219,14.0,,,0.061,1.0,,,,,,,0.8989,3.0,,,-0.8589,1.0,,,,,0.2061,1.0,,,0.9305,4.0,,,,,,,0.3078,22.0
2025-11-19,Economic Data-Retail Sales,,,0.8955,2.0,0.1093,2.0,0.0202,5.0,0.5525,5.0,,,,,,,0.2088,10.0,,,0.0633,3.0,,,0.0028,1.0,0.0037,1.0,,,0.4821,2.0,,,,,,,0.0166,3.0,0.9501,1.0,,,,,0.6325,5.0,0.3318,12.0,,,,,,,,,0.2403,1.0,0.4601,37.0
2025-11-19,Extreme Weather,-0.3012,3.0,-0.0689,13.0,-0.1417,21.0,0.0372,20.0,0.1391,22.0,,,,,0.1458,6.0,-0.025,8.0,,,-0.0293,39.0,0.9124,3.0,-0.0176,16.0,-0.5529,56.0,,,0.1329,17.0,,,,,0.616,1.0,-0.1825,17.0,0.0044,2.0,-0.2252,5.0,-0.0002,2.0,-0.0093,1.0,0.0001,4.0,0.0239,18.0,-0.4852,2.0,0.1027,6.0,-0.8996,2.0,-0.0345,31.0,-0.0843,207.0
2025-11-19,Extreme Weather-Cold,,,,,-0.4159,1.0,-0.327,4.0,-0.239,9.0,,,,,0.1042,5.0,-0.1421,6.0,,,-0.7575,3.0,,,0.0115,1.0,0.0423,1.0,,,-0.0293,2.0,,,,,,,-0.3016,10.0,-0.8749,1.0,-0.122,3.0,,,,,,,-0.1748,12.0,-0.2618,3.0,,,0.0166,1.0,-0.2816,100.0,-0.239,39.0
2025-11-19,Extreme Weather-Drought,-0.0203,2.0,,,-0.452,5.0,-0.4463,2.0,0.0546,1.0,,,-0.2426,3.0,0.0042,2.0,0.0095,1.0,,,0.2383,4.0,,,-0.8991,1.0,,,,,0.5274,2.0,,,,,,,0.1774,4.0,,,,,0.361,2.0,,,-0.4533,2.0,0.0055,2.0,,,,,-0.4111,2.0,,,0.0687,23.0
2025-11-19,Extreme Weather-Heat,,,-0.001,2.0,0.0052,3.0,,,0.4417,2.0,,,,,,,0.0026,2.0,,,-0.2516,4.0,,,0.0026,2.0,,,,,-0.0041,1.0,,,,,,,0.0143,1.0,,,,,,,,,-0.0001,1.0,-0.0007,5.0,,,0.0034,1.0,,,-0.4081,3.0,0.1966,10.0
2025-11-19,Fiscal Policy,-0.1122,9.0,0.0046,6.0,-0.0869,26.0,0.0092,30.0,0.1501,27.0,0.225,1.0,0.942,1.0,-0.1293,26.0,-0.2945,38.0,0.9307,1.0,0.2937,29.0,0.4978,2.0,-0.0918,7.0,0.2086,6.0,0.0421,1.0,0.1842,3.0,0.4895,2.0,0.1098,8.0,0.2236,10.0,0.3672,24.0,0.0137,1.0,0.073,9.0,0.3369,24.0,0.4157,5.0,0.0241,12.0,0.0559,11.0,-0.3997,8.0,,,-0.1844,58.0,0.0752,47.0,-0.2043,270.0
2025-11-19,Fiscal Policy-Stimulus Package,0.3484,3.0,0.3517,6.0,0.3644,7.0,0.0846,9.0,0.024,7.0,,,,,0.1718,2.0,0.2066,14.0,,,0.1364,7.0,,,0.0044,3.0,0.3716,27.0,-0.1303,2.0,0.523,2.0,,,0.0051,1.0,0.0127,1.0,0.0252,1.0,-0.9014,1.0,0.0055,2.0,0.4722,3.0,0.2403,3.0,0.0319,2.0,-0.2955,1.0,,,,,-0.0027,7.0,0.1893,28.0,-0.0571,56.0
2025-11-19,Monetary Policy,,,-0.2419,4.0,0.0424,10.0,0.034,14.0,0.3111,24.0,0.9478,4.0,,,0.0235,8.0,0.1274,19.0,-0.1809,5.0,0.0238,7.0,,,0.0891,11.0,0.0533,11.0,,,,,,,-0.0047,1.0,,,0.237,2.0,,,,,0.0139,4.0,-0.4433,9.0,0.4508,4.0,,,,,,,-0.453,3.0,-0.2452,62.0,-0.0139,200.0
2025-11-19,Monetary Policy-Interest Rates,,,0.9293,3.0,,,,,0.0113,3.0,,,,,,,,,,,-0.8668,1.0,,,,,-0.1326,8.0,,,,,,,,,,,,,,,,,,,,,0.7629,1.0,,,,,,,,,-0.6713,8.0,-0.4237,59.0
2025-11-19,Monetary Policy-Quantitative Easing,-0.4256,2.0,,,-0.2075,7.0,,,0.0535,17.0,,,,,0.3332,18.0,0.2975,16.0,,,0.1136,15.0,,,0.5301,5.0,0.0837,29.0,0.5216,10.0,-0.4127,2.0,,,0.2839,4.0,,,,,,,-0.0147,8.0,0.0727,11.0,0.3789,4.0,0.5594,6.0,0.0031,1.0,,,,,0.0028,1.0,0.0373,23.0,-0.0078,156.0
2025-11-19,Natural Disaster,-0.9009,1.0,-0.2639,2.0,,,,,,,,,,,,,,,,,-0.0794,9.0,,,-0.2843,4.0,-0.5827,59.0,,,0.1657,8.0,,,,,,,-0.1531,5.0,,,-0.8991,1.0,,,,,,,0.0686,1.0,-0.147,1.0,,,,,,,-0.0416,25.0
2025-11-19,Pandemic,-0.212,7.0,-0.1949,21.0,-0.043,17.0,0.0475,57.0,-0.0986,63.0,0.1649,4.0,,,-0.1285,34.0,-0.106,60.0,0.4639,3.0,-0.1278,137.0,-0.2581,8.0,-0.0632,16.0,-0.0088,35.0,0.0042,18.0,-0.1382,18.0,0.0164,4.0,-0.1176,17.0,-0.3612,9.0,-0.1931,46.0,-0.1839,4.0,0.0363,31.0,0.0338,19.0,0.1963,5.0,-0.0138,8.0,0.005,29.0,-0.01,11.0,-0.2977,24.0,-0.1233,72.0,-0.0674,66.0,-0.063,457.0
2025-11-19,Politics,-0.0901,55.0,0.1785,37.0,0.0456,122.0,0.0177,85.0,-0.0631,261.0,0.2738,9.0,0.0456,15.0,-0.1235,116.0,-0.1094,170.0,0.4706,4.0,-0.0687,312.0,-0.1094,67.0,-0.0168,74.0,-0.0495,96.0,0.2426,27.0,-0.0004,40.0,0.1703,9.0,-0.0637,86.0,-0.1121,53.0,-0.0822,101.0,-0.147,35.0,-0.0059,235.0,0.1329,424.0,0.263,18.0,0.0576,58.0,-0.0274,105.0,-0.09,32.0,0.2944,26.0,-0.1573,595.0,-0.076,219.0,-0.0685,1477.0
2025-11-19,Politics-Election,0.0102,1.0,,,,,,,,,,,-0.5559,1.0,-0.1845,3.0,,,,,0.0194,29.0,,,0.0036,2.0,0.0002,2.0,0.5001,1.0,,,,,,,,,-0.0001,1.0,,,,,,,,,,,-0.0342,2.0,0.1224,1.0,,,,,0.0008,1.0,-0.1282,69.0
2025-11-19,Politics-Political Tension,-0.0737,4.0,0.0566,5.0,-0.1982,28.0,-0.1938,5.0,-0.2284,42.0,-0.0245,6.0,,,-0.3619,23.0,0.0312,13.0,0.8579,1.0,-0.2228,24.0,0.2354,4.0,-0.3935,6.0,-0.3941,13.0,,,0.0034,3.0,,,0.2598,3.0,-0.1479,4.0,-0.2175,6.0,-0.2852,19.0,-0.0283,33.0,-0.1049,28.0,,,-0.0067,6.0,0.0548,14.0,-0.5008,6.0,0.1718,11.0,-0.236,242.0,-0.3368,22.0,-0.0718,151.0
2025-11-19,Terrorist Attacks,-0.7484,2.0,-0.2392,4.0,-0.6923,12.0,-0.1937,19.0,-0.6292,5.0,,,,,-0.1815,8.0,-0.6159,8.0,,,-0.3234,43.0,,,-0.1021,7.0,-0.4102,13.0,-0.4887,1.0,-0.4338,16.0,,,-0.6574,107.0,-0.8496,2.0,-0.4439,15.0,-0.2932,31.0,-0.5852,14.0,-0.2527,3.0,,,-0.4339,4.0,-0.7535,5.0,,,,,-0.8093,5.0,-0.1664,21.0,-0.3326,102.0
2025-11-19,Wars,0.9501,1.0,0.9366,2.0,0.0366,3.0,0.2608,5.0,-0.0647,55.0,0.0304,10.0,-0.0387,8.0,-0.0292,14.0,0.1042,89.0,-0.0073,1.0,0.1738,23.0,-0.0835,116.0,0.0458,17.0,-0.1082,42.0,0.4569,6.0,-0.2048,3.0,0.4475,2.0,-0.1772,11.0,-0.2653,14.0,-0.1411,8.0,-0.0276,69.0,-0.0134,377.0,0.2029,149.0,0.005,1.0,0.1172,8.0,0.4753,6.0,-0.2232,6.0,0.299,13.0,-0.0999,454.0,-0.0212,81.0,-0.0512,192.0
2025-11-18,Economic Data,0.4211,9.0,0.149,35.0,0.3494,15.0,0.3136,49.0,0.1411,227.0,,,0.6648,11.0,-0.1254,17.0,0.0932,35.0,0.4449,19.0,0.2286,77.0,0.6104,6.0,0.0207,14.0,-0.0191,98.0,-0.1438,13.0,0.3234,12.0,-0.5992,8.0,0.1175,10.0,-0.0053,2.0,0.0773,24.0,0.4327,3.0,-0.0467,10.0,0.2201,20.0,0.5533,7.0,0.1008,18.0,-0.0261,20.0,0.1234,29.0,,,0.2251,4.0,0.0667,129.0,0.0171,534.0
2025-11-18,Economic Data-Consumer Spending,,,0.4483,2.0,,,,,0.0013,2.0,,,,,,,-0.8619,1.0,,,,,,,,,,,,,,,,,,,,,,,,,,,,,,,0.0189,1.0,,,,,,,,,,,-0.1744,24.0
2025-11-18,Economic Data-Employment,0.0212,1.0,-0.0195,4.0,,,0.3256,13.0,-0.3341,14.0,,,,,0.0624,3.0,0.4107,3.0,,,0.2004,15.0,0.0271,1.0,-0.9022,1.0,-0.0154,7.0,-0.9032,1.0,,,0.0125,1.0,0.2384,3.0,,,-0.7432,1.0,,,,,0.0258,1.0,0.4152,2.0,0.3526,3.0,0.9307,1.0,,,,,0.9421,1.0,-0.0438,23.0,-0.282,140.0
2025-11-18,Economic Data-GDP,,,-0.026,1.0,-0.0075,1.0,0.0107,2.0,-0.1047,10.0,,,,,-0.0374,4.0,,,,,0.4244,9.0,,,-0.9055,3.0,-0.1235,17.0,,,,,,,0.0152,1.0,,,0.9466,2.0,,,,,,,,,,,0.5594,2.0,,,,,,,0.0287,2.0,-0.2915,9.0
2025-11-18,Economic Data-Housing,-0.4623,2.0,-0.1249,10.0,0.4952,2.0,0.2691,65.0,0.088,10.0,,,,,0.0048,1.0,0.1332,18.0,,,0.8103,7.0,,,0.2779,9.0,0.1642,8.0,0.1155,7.0,0.4367,1.0,0.0074,1.0,-0.3681,2.0,,,0.0178,1.0,0.0062,1.0,,,0.3531,10.0,0.1384,6.0,0.3071,4.0,-0.2309,8.0,0.4737,2.0,,,0.0235,1.0,0.1448,34.0,-0.0371,225.0
2025-11-18,Economic Data-Inflation,0.528,2.0,0.7731,1.0,,,0.0366,9.0,-0.557,5.0,-0.8893,2.0,,,0.0045,1.0,,,,,,,,,0.5723,1.0,-0.1512,7.0,,,0.7845,1.0,-0.8921,1.0,,,,,-0.0128,1.0,,,,,,,,,,,,,,,,,,,-0.2355,15.0,0.075,52.0
2025-11-18,Economic Data-Interest Rates,0.0281,1.0,-0.4682,26.0,-0.075,5.0,-0.5197,16.0,0.1471,7.0,,,0.0163,3.0,0.0887,42.0,0.1026,9.0,0.1458,25.0,0.1023,11.0,,,,,-0.1398,20.0,0.0066,8.0,,,,,,,0.9238,1.0,-0.4018,6.0,,,0.1283,1.0,,,0.0031,1.0,0.4668,2.0,,,,,0.0004,2.0,,,0.0787,60.0,-0.3837,245.0
2025-11-18,Economic Data-Manufacturing,,,0.2651,14.0,0.0019,2.0,-0.9167,8.0,0.1833,6.0,,,,,0.1629,1.0,-0.8981,2.0,,,0.1044,7.0,,,,,-0.4576,3.0,0.659,2.0,,,,,,,,,,,,,,,0.9391,2.0,,,0.0279,1.0,,,0.0486,2.0,,,,,0.0568,2.0,0.4672,80.0
2025-11-18,Economic Data-Retail Sales,,,0.4179,6.0,0.7366,7.0,0.9372,1.0,0.5099,6.0,,,,,,,0.1427,2.0,,,,,,,,,,,,,,,,,0.9317,1.0,,,,,,,,,,,,,0.0189,1.0,,,,,,,,,0.3213,6.0,0.327,22.0
2025-11-18,Extreme Weather,-0.2559,18.0,-0.3583,8.0,-0.0368,16.0,0.1639,21.0,0.1621,40.0,,,0.9441,1.0,-0.1471,12.0,-0.0181,14.0,,,0.0108,44.0,-0.7717,3.0,-0.6104,47.0,-0.2413,31.0,0.1376,4.0,-0.1748,20.0,0.7202,1.0,0.0516,2.0,,,-0.1055,13.0,,,-0.1358,10.0,0.4789,2.0,0.7455,1.0,-0.0136,2.0,-0.1383,22.0,0.9123,5.0,0.061,3.0,-0.7154,6.0,0.0669,39.0,-0.0039,172.0
2025-11-18,Extreme Weather-Cold,,,,,,,-0.1854,8.0,-0.214,5.0,,,0.9428,1.0,0.0509,3.0,-0.5503,7.0,,,-0.2105,8.0,,,0.0145,1.0,-0.0095,3.0,0.0682,1.0,-0.0391,3.0,,,,,,,-0.2915,6.0,,,0.0343,2.0,,,-0.003,5.0,0.0042,1.0,0.0108,2.0,-0.0158,1.0,,,-0.3041,3.0,-0.2636,84.0,-0.1037,29.0
2025-11-18,Extreme Weather-Drought,-0.0051,1.0,0.0181,2.0,,,,,-0.0138,3.0,,,0.0194,1.0,,,,,,,-0.3357,25.0,,,-0.0014,1.0,,,,,0.0703,1.0,,,,,,,-0.2851,4.0,,,,,0.4656,1.0,,,0.0087,1.0,,,,,-0.8305,1.0,,,-0.6441,4.0,0.106,36.0
2025-11-18,Extreme Weather-Heat,0.0074,1.0,-0.0008,1.0,-0.8335,1.0,0.7175,12.0,-0.916,1.0,,,,,,,0.0129,1.0,,,-0.8895,2.0,,,-0.343,2.0,0.0016,1.0,-0.9126,1.0,-0.0036,1.0,,,,,,,0.7079,1.0,,,0.4218,5.0,,,,,0.2159,2.0,0.0083,5.0,,,-0.0019,1.0,0.9142,1.0,,,0.0582,2.0
2025-11-18,Fiscal Policy,0.2719,3.0,0.3391,6.0,0.2971,14.0,-0.0135,55.0,-0.0119,30.0,,,0.4224,3.0,-0.0127,40.0,-0.3206,18.0,,,0.0836,44.0,,,0.1008,4.0,-0.0606,26.0,-0.0035,2.0,-0.231,8.0,0.4735,4.0,-0.0767,4.0,-0.1163,29.0,0.2381,23.0,-0.0855,8.0,0.5014,8.0,0.3762,15.0,0.2444,6.0,-0.1204,12.0,0.6702,8.0,-0.5674,4.0,,,0.1024,40.0,-0.0296,33.0,0.0141,192.0
2025-11-18,Fiscal Policy-Stimulus Package,0.1701,2.0,0.2812,1.0,,,0.1817,33.0,0.0947,7.0,,,,,-0.5176,6.0,-0.1978,6.0,,,0.3604,8.0,,,0.0163,1.0,0.2646,21.0,0.9471,3.0,0.2022,6.0,,,0.7777,2.0,0.3194,3.0,0.0041,1.0,-0.0331,1.0,0.4691,4.0,,,,,0.0219,3.0,-0.0194,29.0,0.1505,1.0,,,0.295,14.0,-0.1412,43.0,-0.0325,66.0
2025-11-18,Monetary Policy,0.0281,1.0,-0.5931,20.0,0.0094,1.0,-0.1024,12.0,0.2071,12.0,,,0.0163,3.0,0.0673,21.0,0.3233,38.0,0.2002,22.0,0.2005,11.0,,,,,-0.0371,17.0,-0.424,3.0,,,,,-0.9114,1.0,,,-0.9014,2.0,,,0.1283,1.0,,,0.0029,4.0,0.9324,1.0,,,,,,,,,0.0512,35.0,-0.2855,164.0
2025-11-18,Monetary Policy-Interest Rates,,,-0.0961,9.0,0.0065,1.0,-0.6891,1.0,,,,,0.9403,1.0,,,,,0.0125,6.0,,,,,,,-0.1181,9.0,,,,,,,,,,,-0.8304,3.0,,,,,,,,,,,,,,,,,,,-0.4476,8.0,-0.2619,46.0
2025-11-18,Monetary Policy-Quantitative Easing,0.0007,2.0,0.5118,12.0,-0.0881,23.0,-0.1497,3.0,0.0391,42.0,-0.4306,6.0,0.3707,1.0,0.4332,15.0,0.197,20.0,0.0548,13.0,-0.0081,17.0,,,0.4984,11.0,-0.0494,33.0,-0.8044,2.0,,,,,0.4805,5.0,,,,,,,0.0288,2.0,-0.1751,1.0,0.0102,2.0,-0.3315,6.0,-0.5838,3.0,,,0.4759,2.0,,,0.0284,30.0,-0.0476,112.0
2025-11-18,Natural Disaster,-0.7517,5.0,-0.7924,2.0,,,,,-0.6026,3.0,,,,,,,,,,,-0.2578,3.0,-0.8592,1.0,-0.7986,29.0,-0.3536,20.0,,,0.0094,2.0,,,,,,,0.0014,2.0,,,,,,,,,,,0.2035,1.0,,,,,,,-0.8973,1.0,-0.0806,17.0
2025-11-18,Oil Spills,,,,,,,,,,,,,,,,,,,,,,,,,,,,,,,,,,,,,,,,,,,-0.9189,1.0,,,,,,,,,,,,,,,0.1183,1.0,-0.0127,2.0
2025-11-18,Pandemic,-0.1979,4.0,-0.1198,32.0,0.1224,13.0,0.072,55.0,-0.0264,90.0,-0.7517,5.0,-0.1179,3.0,-0.0182,52.0,-0.1801,41.0,,,-0.1133,80.0,-0.2151,2.0,-0.2984,32.0,-0.1581,42.0,-0.3812,7.0,-0.1191,15.0,-0.3964,5.0,-0.2298,11.0,0.1407,14.0,-0.2043,26.0,-0.2737,23.0,-0.068,13.0,-0.0484,35.0,-0.2473,6.0,-0.3662,14.0,-0.1553,18.0,0.3586,19.0,-0.544,26.0,-0.3792,43.0,0.0113,134.0,0.0197,532.0
2025-11-18,Politics,0.0047,39.0,-0.1911,22.0,0.0433,121.0,0.0517,160.0,-0.139,330.0,-0.1805,12.0,0.3246,23.0,-0.054,141.0,-0.0397,111.0,0.4415,7.0,-0.0456,212.0,-0.1784,86.0,-0.0577,57.0,-0.1962,87.0,0.1009,30.0,0.0063,62.0,-0.3425,28.0,0.0305,82.0,-0.0331,71.0,0.0115,167.0,-0.1447,55.0,-0.0126,177.0,0.1767,505.0,0.0927,11.0,-0.0597,47.0,-0.0026,96.0,0.1704,39.0,-0.1323,27.0,-0.0471,375.0,0.0174,273.0,-0.0399,1437.0
2025-11-18,Politics-Election,,,,,-0.0946,1.0,0.0744,7.0,0.0098,1.0,,,-0.585,8.0,,,,,,,0.0191,37.0,,,0.1885,1.0,,,,,,,,,0.0083,2.0,0.0759,1.0,,,,,,,,,,,0.0084,1.0,0.0424,1.0,,,,,,,0.0079,2.0,0.0425,89.0
2025-11-18,Politics-Political Tension,-0.0027,1.0,-0.0625,1.0,0.2782,26.0,-0.3189,7.0,-0.0354,52.0,-0.5189,1.0,,,-0.2336,22.0,-0.1074,21.0,0.4771,2.0,-0.1441,33.0,-0.1604,17.0,-0.4721,5.0,-0.2045,19.0,-0.2038,3.0,-0.1794,7.0,,,-0.0504,5.0,0.4541,4.0,-0.3272,19.0,-0.2211,3.0,0.0405,35.0,0.1394,58.0,0.0115,2.0,-0.0606,21.0,0.0844,11.0,-0.1629,11.0,-0.4394,7.0,-0.266,192.0,-0.2102,16.0,-0.0653,101.0
2025-11-18,Terrorist Attacks,-0.8102,2.0,-0.6782,1.0,-0.4161,17.0,-0.3158,10.0,-0.8615,1.0,,,,,-0.4147,10.0,-0.2541,13.0,,,-0.2221,125.0,-0.6575,8.0,-0.3343,3.0,-0.4791,7.0,,,-0.5987,13.0,-0.0276,3.0,-0.5643,90.0,-0.6523,26.0,-0.5951,5.0,-0.1335,32.0,-0.4794,17.0,-0.2213,6.0,-0.6227,11.0,,,-0.6389,5.0,-0.0018,1.0,-0.8252,4.0,-0.2425,9.0,-0.2006,19.0,-0.3525,118.0
2025-11-18,Wars,0.1151,5.0,0.4984,3.0,-0.0853,6.0,0.017,4.0,-0.082,109.0,0.3424,9.0,0.2426,6.0,0.0825,48.0,0.3053,27.0,,,0.2371,21.0,-0.1779,109.0,-0.0227,15.0,-0.0106,40.0,-0.2826,16.0,0.1605,3.0,,,-0.2139,21.0,-0.1556,16.0,0.0461,53.0,-0.1316,40.0,-0.0297,256.0,0.1457,96.0,,,-0.157,8.0,0.2465,17.0,0.0924,9.0,-0.0758,17.0,-0.0316,342.0,0.0696,14.0,0.094,160.0
2025-11-17,Economic Data,-0.3376,9.0,-0.1438,11.0,0.2085,22.0,0.0462,106.0,0.2057,200.0,0.8841,3.0,0.5572,15.0,-0.0777,20.0,-0.1163,47.0,0.0026,1.0,0.465,72.0,0.3109,8.0,-0.0876,13.0,0.0558,128.0,0.1727,23.0,0.0755,15.0,0.0371,20.0,-0.1809,11.0,-0.6582,5.0,0.4341,9.0,0.3449,14.0,-0.2746,23.0,-0.0364,19.0,0.3787,20.0,0.6956,7.0,0.1688,25.0,0.2435,10.0,0.3203,7.0,0.006,6.0,0.1177,108.0,0.0474,593.0
2025-11-17,Economic Data-Consumer Spending,,,0.8992,2.0,,,,,-0.4729,6.0,,,,,0.001,1.0,-0.8856,1.0,,,0.0257,1.0,,,,,-0.4642,6.0,,,,,,,,,,,,,,,0.0154,1.0,,,0.0067,6.0,,,,,,,,,,,-0.3228,11.0,,
2025-11-17,Economic Data-Employment,0.0698,1.0,0.0129,1.0,,,0.197,11.0,0.0085,5.0,,,-0.1149,3.0,0.0116,1.0,-0.1619,4.0,,,0.2678,12.0,0.0087,1.0,0.0108,1.0,-0.5956,4.0,-0.7829,1.0,-0.0148,1.0,,,0.0152,1.0,,,-0.9121,1.0,0.003,1.0,,,0.9444,1.0,0.4755,2.0,,,0.3186,3.0,,,,,-0.9132,2.0,0.464,23.0,-0.4153,64.0
2025-11-17,Economic Data-GDP,,,,,-0.0666,10.0,0.3192,2.0,-0.9008,2.0,,,,,0.0017,2.0,-0.1245,3.0,,,0.6364,3.0,0.7149,4.0,0.3098,6.0,-0.4175,152.0,0.9418,1.0,,,,,0.0092,1.0,,,-0.9057,1.0,,,-0.8013,2.0,,,,,0.1895,2.0,0.6353,22.0,,,,,-0.9083,5.0,-0.4543,2.0,-0.0796,22.0
2025-11-17,Economic Data-Housing,,,0.3816,5.0,,,0.3417,49.0,-0.1548,17.0,,,0.0134,1.0,-0.0317,8.0,-0.3047,12.0,,,0.0679,6.0,0.0012,2.0,0.0024,2.0,-0.0679,14.0,-0.2255,6.0,-0.2866,3.0,0.7252,7.0,0.4806,1.0,,,,,,,-0.229,2.0,0.3099,11.0,0.5016,13.0,-0.2278,3.0,0.1195,4.0,-0.0483,2.0,0.949,1.0,-0.8812,2.0,-0.0409,53.0,0.0659,130.0
2025-11-17,Economic Data-Inflation,,,,,0.0706,5.0,-0.0973,59.0,0.0224,3.0,,,,,-0.8816,1.0,0.9468,1.0,,,-0.0182,3.0,,,-0.0251,13.0,-0.0144,5.0,,,,,,,-0.6735,9.0,,,,,0.3143,4.0,-0.8707,1.0,,,0.7155,1.0,,,,,,,,,,,-0.0045,1.0,0.0493,54.0
2025-11-17,Economic Data-Interest Rates,-0.1036,2.0,-0.6863,4.0,0.3728,8.0,0.1643,21.0,-0.158,7.0,0.4603,2.0,0.0111,3.0,-0.0057,1.0,-0.1386,26.0,0.2184,5.0,0.2444,9.0,0.327,8.0,0.6742,1.0,-0.0356,18.0,,,,,-0.2983,12.0,-0.1903,9.0,,,-0.2286,3.0,,,,,,,0.0143,1.0,0.0405,8.0,-0.925,2.0,,,0.6079,2.0,,,-0.0827,17.0,-0.1079,259.0
2025-11-17,Economic Data-Manufacturing,,,0.4929,2.0,,,,,0.3239,16.0,,,,,0.1328,1.0,-0.0248,8.0,,,0.8084,5.0,,,,,0.4665,16.0,0.0105,1.0,,,,,0.9426,1.0,,,,,,,,,0.9408,21.0,,,,,,,,,,,,,,,0.2606,28.0
2025-11-17,Economic Data-Retail Sales,,,0.0134,2.0,,,,,0.4347,11.0,,,,,0.0062,2.0,0.2303,16.0,,,-0.4268,2.0,,,,,0.4154,7.0,,,,,,,,,,,,,,,,,0.9457,3.0,,,,,,,,,,,,,,,0.5642,29.0
2025-11-17,Extreme Weather,-0.2825,10.0,-0.2548,12.0,-0.2588,15.0,0.2177,10.0,-0.0421,32.0,,,0.878,1.0,-0.1714,13.0,-0.2408,11.0,-0.032,1.0,-0.2175,29.0,,,-0.5494,51.0,-0.5294,56.0,0.0427,3.0,0.1411,18.0,,,0.76,1.0,,,-0.1673,17.0,,,-0.3074,6.0,-0.2514,3.0,0.0122,1.0,-0.4639,12.0,-0.0152,27.0,0.0608,4.0,-0.0498,2.0,0.0185,12.0,-0.0008,41.0,0.0298,180.0
2025-11-17,Extreme Weather-Cold,,,,,,,,,-0.2735,5.0,,,,,-0.0023,3.0,0.0069,5.0,,,-0.2565,19.0,,,,,,,,,-0.0648,7.0,,,,,,,0.068,2.0,,,-0.8718,1.0,,,-0.0321,10.0,,,-0.2416,7.0,,,,,-0.7712,2.0,-0.175,77.0,-0.0837,25.0
2025-11-17,Extreme Weather-Drought,-0.0061,5.0,0.0153,1.0,-0.8409,8.0,,,,,,,,,0.0124,1.0,,,,,0.3654,9.0,,,0.9417,1.0,,,,,-0.0075,1.0,,,0.5185,1.0,,,-0.2025,2.0,,,,,-0.8083,2.0,0.0015,1.0,-0.6459,2.0,-0.002,1.0,,,-0.9124,1.0,,,,,-0.1847,10.0
2025-11-17,Extreme Weather-Heat,,,,,,,,,-0.0231,8.0,,,,,0.0011,1.0,0.1654,3.0,,,0.4597,2.0,,,0.0138,5.0,,,0.3061,1.0,0.0103,6.0,,,,,,,,,,,0.4602,2.0,,,,,,,0.0047,3.0,-0.004,1.0,,,,,0.008,1.0,-0.1493,5.0
2025-11-17,Fiscal Policy,-0.1072,9.0,0.1128,7.0,0.3269,20.0,0.0758,35.0,-0.061,25.0,0.0031,1.0,0.0113,3.0,0.0273,21.0,-0.2008,32.0,0.3684,3.0,0.2671,63.0,,,0.0166,6.0,-0.0939,35.0,0.0097,2.0,-0.1513,11.0,0.0078,1.0,0.3657,2.0,-0.1553,3.0,-0.0191,34.0,-0.8351,1.0,0.0539,28.0,0.3129,3.0,0.0217,2.0,0.0785,7.0,-0.3473,13.0,,,0.8378,3.0,-0.0203,69.0,-0.1576,58.0,0.0253,157.0
2025-11-17,Fiscal Policy-Stimulus Package,0.3187,8.0,0.538,1.0,0.4743,14.0,0.1324,16.0,0.59,13.0,,,,,-0.0027,8.0,0.0188,2.0,0.7822,7.0,0.4381,15.0,,,0.0077,1.0,0.3112,20.0,,,0.0239,6.0,,,0.0313,3.0,-0.5714,1.0,0.0252,1.0,0.0227,4.0,0.1425,5.0,,,,,-0.9185,1.0,-0.3461,8.0,0.2121,2.0,,,0.2266,25.0,0.0142,32.0,-0.0193,84.0
2025-11-17,Monetary Policy,-0.1036,2.0,,,-0.0812,6.0,-0.1732,14.0,0.2193,7.0,0.914,1.0,0.2897,4.0,0.0,1.0,-0.0342,28.0,0.4683,4.0,0.1477,17.0,0.327,8.0,0.3503,2.0,0.2746,11.0,,,,,-0.2379,10.0,-0.1414,10.0,,,-0.2286,3.0,,,0.0066,1.0,0.0081,2.0,0.0067,2.0,-0.4364,2.0,,,,,0.6079,2.0,,,-0.127,11.0,-0.1363,175.0
2025-11-17,Monetary Policy-Interest Rates,,,,,0.0005,2.0,0.0911,10.0,0.6914,1.0,,,0.0941,1.0,,,0.1991,5.0,-0.7815,1.0,,,,,,,-0.9106,1.0,,,,,-0.3925,2.0,-0.8599,1.0,,,,,,,,,,,,,0.3675,5.0,,,,,,,,,0.9343,1.0,-0.3554,53.0
2025-11-17,Monetary Policy-Quantitative Easing,0.0307,5.0,0.4769,8.0,0.0249,2.0,0.558,6.0,0.0555,18.0,0.0069,1.0,,,0.1645,49.0,-0.1598,65.0,0.8572,1.0,0.0294,26.0,-0.0467,1.0,0.0237,6.0,-0.0334,21.0,0.0948,4.0,-0.2305,2.0,,,,,-0.017,1.0,,,,,-0.6142,7.0,,,0.1172,10.0,0.0048,5.0,0.1392,2.0,,,,,,,0.1461,29.0,-0.009,131.0
2025-11-17,Natural Disaster,-0.7996,2.0,,,,,,,-0.3596,1.0,,,,,,,0.1128,2.0,,,-0.7045,1.0,,,-0.8437,21.0,-0.6097,50.0,,,0.3443,4.0,,,,,,,-0.2713,6.0,,,,,,,,,-0.5996,4.0,-0.8415,1.0,,,,,,,-0.0266,3.0,0.1616,8.0
2025-11-17,Oil Spills,,,,,0.0082,4.0,,,,,,,,,,,,,,,-0.8917,1.0,,,,,,,,,,,,,,,,,,,,,-0.0185,1.0,,,,,,,,,,,,,,,-0.5936,3.0,,
2025-11-17,Pandemic,0.0133,6.0,-0.3958,34.0,-0.1194,66.0,-0.0931,44.0,-0.1899,41.0,0.0063,3.0,-0.1213,7.0,0.1328,32.0,-0.0884,34.0,-0.2029,2.0,-0.2424,86.0,-0.5568,32.0,-0.1976,16.0,-0.1254,35.0,-0.4483,14.0,-0.0629,14.0,0.3606,4.0,-0.0074,13.0,0.022,9.0,0.0078,34.0,0.2588,9.0,-0.279,21.0,-0.3345,59.0,-0.1522,6.0,-0.2719,20.0,-0.0387,17.0,-0.3277,4.0,-0.6305,40.0,-0.3319,25.0,0.0158,186.0,0.1494,482.0
2025-11-17,Politics,-0.0714,25.0,-0.0305,42.0,0.0722,82.0,-0.0024,147.0,-0.0056,198.0,-0.1109,22.0,-0.3493,7.0,-0.0326,115.0,-0.1012,91.0,0.203,46.0,0.0649,300.0,-0.2329,103.0,-0.1289,74.0,-0.0973,110.0,-0.1831,36.0,-0.0564,129.0,-0.2094,5.0,-0.0449,54.0,0.1233,29.0,-0.1017,133.0,-0.1575,23.0,-0.035,295.0,0.0658,165.0,-0.1638,12.0,-0.0708,29.0,0.008,65.0,0.142,16.0,-0.1537,15.0,-0.0565,373.0,0.0394,389.0,-0.0513,1027.0
2025-11-17,Politics-Election,0.7718,1.0,,,,,0.0232,1.0,0.0053,3.0,,,-0.4418,5.0,0.0042,1.0,0.0047,3.0,0.3709,1.0,0.0085,47.0,,,0.0071,2.0,-0.2363,1.0,,,,,,,,,,,0.0025,2.0,,,,,,,,,,,-0.0355,6.0,,,,,,,0.1881,7.0,0.0846,20.0
2025-11-17,Politics-Political Tension,,,,,0.2448,4.0,0.0014,1.0,-0.0399,40.0,-0.1262,11.0,,,-0.0297,16.0,-0.1351,24.0,-0.019,1.0,0.0732,29.0,-0.1265,24.0,-0.0814,1.0,-0.2113,13.0,,,0.1109,10.0,0.0928,1.0,0.0232,5.0,-0.0228,6.0,-0.1115,18.0,0.4097,2.0,0.0375,89.0,0.0836,4.0,,,0.2573,3.0,0.04,6.0,-0.2175,5.0,0.0304,4.0,-0.3112,113.0,-0.3111,49.0,-0.056,126.0
2025-11-17,Terrorist Attacks,-0.0023,1.0,-0.4565,2.0,-0.7042,3.0,-0.2972,8.0,-0.4946,8.0,,,,,-0.256,12.0,-0.5159,40.0,-0.2838,1.0,-0.2915,188.0,-0.6737,3.0,,,-0.3552,4.0,,,-0.4948,3.0,,,-0.6473,163.0,-0.7979,7.0,-0.6504,3.0,-0.472,89.0,-0.7511,6.0,-0.8933,2.0,-0.6584,11.0,-0.2716,3.0,-0.0254,1.0,,,-0.4988,12.0,-0.6208,7.0,-0.4233,21.0,-0.4174,158.0
2025-11-17,Wars,-0.0145,1.0,0.4905,2.0,-0.0265,4.0,,,0.1303,91.0,0.0161,2.0,-0.6076,4.0,0.249,80.0,0.042,52.0,0.0756,3.0,0.0995,23.0,-0.0833,181.0,0.0624,11.0,-0.0043,33.0,0.0615,62.0,-0.2314,7.0,,,-0.2481,8.0,-0.1016,35.0,0.2383,19.0,-0.0071,44.0,-0.1019,280.0,0.2182,37.0,-0.0667,2.0,-0.1126,12.0,-0.0999,8.0,-0.3684,11.0,-0.1418,9.0,-0.008,402.0,-0.0297,28.0,0.0465,185.0
2025-11-16,Economic Data,-0.0109,2.0,0.3475,8.0,0.1005,5.0,-0.1134,6.0,0.1308,68.0,0.0057,1.0,-0.0032,5.0,0.03,8.0,-0.0683,15.0,,,0.1246,26.0,,,-0.1215,10.0,-0.1154,12.0,-0.0526,9.0,0.2816,4.0,0.4923,3.0,,,0.0077,1.0,0.2565,4.0,,,-0.4119,24.0,0.0949,21.0,0.9508,2.0,0.0017,1.0,0.1154,8.0,0.0034,1.0,0.0063,2.0,-0.138,2.0,0.2062,80.0,-0.0019,113.0
2025-11-16,Economic Data-Consumer Spending,,,,,,,,,0.1231,2.0,,,,,0.0261,1.0,,,,,,,,,,,,,,,0.0255,1.0,,,,,,,,,,,,,,,,,,,-0.2488,1.0,,,,,,,0.0045,2.0,0.0623,4.0
2025-11-16,Economic Data-Employment,,,0.0328,1.0,0.6961,4.0,,,0.2059,3.0,,,0.9381,1.0,0.0165,1.0,0.0045,1.0,,,0.0326,3.0,,,,,-0.2145,6.0,,,0.0142,1.0,,,0.0218,1.0,,,0.0039,1.0,,,,,0.1569,3.0,0.0144,1.0,0.0112,1.0,,,,,,,,,-0.2698,3.0,-0.5265,9.0
2025-11-16,Economic Data-GDP,,,,,,,,,-0.4432,2.0,,,,,,,-0.8283,1.0,,,0.7872,1.0,0.9109,8.0,,,-0.0471,5.0,,,,,,,,,,,-0.4485,2.0,,,-0.0027,1.0,0.94,1.0,,,,,0.0173,1.0,,,,,-0.0601,1.0,,,-0.6782,5.0
2025-11-16,Economic Data-Housing,,,0.4609,2.0,,,0.0104,1.0,-0.0954,9.0,,,,,-0.0885,1.0,,,-0.0,1.0,0.2525,16.0,,,,,,,-0.8921,1.0,,,-0.1929,5.0,,,,,,,0.0357,10.0,-0.0151,2.0,0.4373,3.0,0.047,1.0,0.0019,4.0,0.6738,7.0,,,,,-0.0251,1.0,-0.044,20.0,0.1915,39.0
2025-11-16,Economic Data-Inflation,,,,,,,,,0.1171,1.0,,,,,,,,,,,,,,,,,0.1893,4.0,,,,,,,,,,,,,,,,,,,,,,,,,,,,,,,,,-0.0325,7.0
2025-11-16,Economic Data-Interest Rates,,,-0.8587,1.0,-0.9122,1.0,,,0.6991,1.0,,,-0.193,5.0,0.002,1.0,-0.607,2.0,,,,,,,,,,,,,0.0093,1.0,,,,,,,,,,,,,-0.9122,1.0,,,0.265,1.0,,,,,,,0.0131,1.0,0.5004,2.0,0.0572,18.0
2025-11-16,Economic Data-Manufacturing,,,0.0337,1.0,,,,,0.008,2.0,,,,,0.0997,1.0,0.7659,18.0,,,0.6782,1.0,,,,,,,,,,,,,,,,,,,,,,,,,,,,,,,-0.8631,1.0,,,,,,,,
2025-11-16,Economic Data-Retail Sales,,,,,,,,,0.4727,6.0,,,,,0.02,1.0,,,,,0.6026,1.0,,,,,,,,,,,,,,,,,,,,,,,,,,,,,,,,,,,,,0.3595,5.0,0.0494,3.0
2025-11-16,Extreme Weather,-0.4281,7.0,-0.2508,3.0,0.0774,15.0,0.0042,1.0,0.111,10.0,0.0012,1.0,-0.9117,1.0,-0.4994,5.0,-0.0777,2.0,,,0.0104,17.0,0.1183,3.0,-0.5698,6.0,-0.4883,90.0,-0.0627,3.0,-0.0836,22.0,0.6444,1.0,,,,,0.0001,6.0,0.0006,1.0,-0.0002,1.0,0.3266,4.0,0.9464,1.0,-0.8568,6.0,0.0131,23.0,-0.8876,2.0,0.0921,2.0,-0.4987,9.0,-0.4719,19.0,0.0372,91.0
2025-11-16,Extreme Weather-Cold,,,,,,,0.0051,2.0,-0.1931,4.0,,,-0.8619,1.0,-0.1993,3.0,-0.2021,5.0,,,-0.2518,4.0,,,,,,,,,-0.094,3.0,,,,,,,0.0073,4.0,-0.2775,1.0,-0.2853,2.0,,,-0.0192,1.0,,,-0.4386,2.0,,,,,-0.8094,1.0,0.0323,50.0,-0.1865,18.0
2025-11-16,Extreme Weather-Drought,,,0.8871,1.0,-0.0096,2.0,-0.0675,2.0,0.2372,4.0,,,,,0.0002,1.0,,,,,0.2693,3.0,,,0.0063,2.0,,,,,,,,,,,-0.9143,1.0,-0.0388,1.0,,,,,0.9286,1.0,0.0082,1.0,-0.0129,1.0,,,,,,,,,0.4709,5.0,-0.0503,4.0
2025-11-16,Extreme Weather-Heat,,,0.2508,1.0,-0.0086,5.0,,,0.0041,1.0,,,,,,,,,,,-0.392,4.0,,,-0.0009,3.0,0.0005,2.0,,,0.0043,3.0,,,,,,,,,,,,,,,,,,,0.0004,4.0,,,0.0012,1.0,,,,,0.0019,1.0
2025-11-16,Fiscal Policy,0.0208,4.0,0.7569,8.0,0.2827,5.0,0.4755,9.0,-0.2332,11.0,,,0.8321,1.0,0.1025,12.0,-0.1969,21.0,,,0.3888,34.0,,,0.1428,4.0,0.9238,1.0,0.0018,1.0,0.1406,2.0,,,,,0.0324,9.0,0.1398,7.0,0.1604,1.0,-0.5115,10.0,0.0139,3.0,,,0.1981,3.0,0.0224,2.0,0.9153,1.0,,,0.1273,19.0,-0.0193,43.0,0.0101,90.0
2025-11-16,Fiscal Policy-Stimulus Package,0.0044,1.0,,,,,-0.0013,2.0,0.4611,4.0,,,,,-0.0233,5.0,0.0003,4.0,,,0.3095,5.0,,,0.0253,2.0,0.4091,10.0,,,-0.0096,1.0,,,,,,,-0.4276,3.0,0.8521,1.0,-0.8063,1.0,,,,,0.1094,3.0,0.0086,1.0,,,,,0.2342,2.0,-0.2708,19.0,-0.0374,30.0
2025-11-16,Monetary Policy,,,,,,,,,0.6991,1.0,,,0.0472,3.0,0.002,1.0,-0.5369,1.0,,,,,,,0.9461,1.0,,,,,,,,,,,,,,,,,,,,,,,,,,,,,,,,,,,0.0037,13.0
2025-11-16,Monetary Policy-Interest Rates,,,,,-0.9122,1.0,,,,,,,-0.5534,2.0,,,-0.6771,1.0,,,,,,,,,,,,,,,,,,,,,,,,,,,,,,,,,,,,,,,,,,,-0.245,10.0
2025-11-16,Monetary Policy-Quantitative Easing,-0.0559,1.0,,,0.0476,1.0,,,0.0934,3.0,,,,,,,0.9306,1.0,,,,,,,,,0.0084,2.0,,,0.944,4.0,,,,,0.0039,1.0,,,,,,,-0.1751,1.0,,,,,,,0.0054,1.0,,,,,,,-0.1797,26.0
2025-11-16,Natural Disaster,-0.9122,2.0,,,,,,,-0.9205,1.0,,,,,,,,,,,-0.5762,3.0,,,,,-0.4828,76.0,,,0.0873,7.0,0.6444,1.0,,,,,,,,,-0.0002,1.0,,,0.9464,1.0,,,,,,,,,-0.9016,1.0,-0.599,6.0,0.0224,3.0
2025-11-16,Pandemic,-0.4087,5.0,-0.5943,9.0,-0.3942,8.0,0.0038,5.0,-0.1502,23.0,-0.1353,5.0,-0.1139,8.0,-0.2155,15.0,-0.1124,33.0,0.0031,1.0,-0.2162,39.0,-0.2033,5.0,-0.091,20.0,-0.2171,25.0,-0.2152,12.0,-0.1368,17.0,,,0.0383,1.0,-0.2216,16.0,-0.1037,11.0,-0.4503,2.0,-0.2021,24.0,-0.0137,4.0,-0.4684,4.0,-0.0194,9.0,-0.136,13.0,,,-0.4892,34.0,-0.2188,17.0,0.0777,187.0,-0.1898,167.0
2025-11-16,Politics,0.0462,14.0,0.3043,21.0,-0.0539,43.0,-0.1491,38.0,-0.011,115.0,-0.2255,4.0,0.002,4.0,-0.0583,71.0,-0.0782,99.0,-0.0629,14.0,-0.0616,232.0,-0.0918,43.0,-0.0521,45.0,-0.0403,41.0,-0.0046,27.0,-0.3231,205.0,,,0.0697,12.0,0.01,30.0,-0.2003,194.0,0.1086,7.0,-0.0874,117.0,0.0558,36.0,-0.5876,3.0,-0.0052,24.0,-0.0587,32.0,0.2189,17.0,0.0636,18.0,-0.1562,166.0,0.0205,422.0,-0.0264,500.0
2025-11-16,Politics-Election,,,0.9007,1.0,,,,,,,,,,,0.0029,4.0,0.0674,7.0,-0.0203,4.0,0.0204,34.0,0.0036,1.0,0.0083,2.0,,,,,,,,,,,,,-0.5077,1.0,,,,,,,,,,,,,,,,,,,0.0262,1.0,-0.29,38.0
2025-11-16,Politics-Political Tension,0.0061,2.0,,,0.0058,3.0,-0.0039,2.0,-0.3086,18.0,,,,,-0.073,7.0,-0.0335,14.0,-0.4434,3.0,0.1237,3.0,-0.4306,6.0,-0.0597,7.0,-0.0197,3.0,0.01,7.0,-0.1423,14.0,,,-0.0089,1.0,-0.6319,5.0,-0.1344,17.0,,,-0.0496,12.0,0.0112,2.0,,,0.0097,1.0,,,-0.0121,1.0,0.0023,1.0,-0.269,43.0,-0.1696,20.0,-0.1121,62.0
2025-11-16,Terrorist Attacks,-0.8781,4.0,-0.1621,7.0,-0.681,2.0,-0.0173,12.0,,,,,,,-0.3701,15.0,-0.3607,14.0,,,-0.4362,170.0,-0.2679,3.0,-0.7975,3.0,-0.47,8.0,-0.8426,1.0,-0.4308,25.0,,,-0.8043,1.0,-0.809,23.0,-0.6329,5.0,,,-0.8458,1.0,,,-0.8619,1.0,,,-0.8158,2.0,,,-0.366,8.0,-0.7475,9.0,-0.3588,10.0,-0.5252,224.0
2025-11-16,Wars,,,0.0414,2.0,-0.1339,1.0,,,-0.0199,53.0,-0.1566,8.0,0.4173,3.0,0.4953,23.0,0.0219,31.0,-0.3477,1.0,-0.0572,18.0,-0.0472,68.0,0.2301,4.0,0.0008,39.0,-0.0894,10.0,-0.293,6.0,-0.0,1.0,0.0029,2.0,-0.1459,4.0,0.0392,8.0,-0.0209,5.0,-0.1499,216.0,-0.0145,12.0,0.0159,1.0,-0.1957,3.0,-0.3638,8.0,0.0667,7.0,0.171,6.0,-0.1938,205.0,0.0014,8.0,0.0091,163.0
2025-11-15,Economic Data,-0.0699,4.0,0.3847,10.0,0.4696,15.0,0.098,9.0,-0.0431,62.0,,,-0.5155,5.0,-0.1,9.0,-0.2802,9.0,,,0.3854,36.0,0.01,1.0,0.2336,10.0,0.1498,10.0,0.0041,2.0,0.3983,6.0,-0.9002,2.0,0.4769,3.0,0.0152,5.0,0.6565,10.0,-0.5662,1.0,-0.4466,2.0,0.3858,7.0,-0.8455,1.0,0.0393,4.0,0.2253,6.0,,,,,-0.4579,3.0,0.0214,36.0,0.0309,164.0
2025-11-15,Economic Data-Consumer Spending,,,,,,,,,-0.0065,1.0,,,,,,,,,,,,,,,,,,,,,0.0422,1.0,,,,,,,,,,,,,,,,,,,,,,,,,,,,,-0.0136,1.0
2025-11-15,Economic Data-Employment,,,0.0012,1.0,-0.9105,1.0,0.0059,1.0,,,,,,,,,,,,,-0.1305,6.0,,,0.0281,1.0,-0.8737,1.0,,,,,,,,,,,,,,,,,,,-0.4169,3.0,-0.8054,2.0,,,0.0624,1.0,,,,,-0.2851,4.0,-0.0114,14.0
2025-11-15,Economic Data-GDP,,,,,,,,,0.2776,1.0,,,,,,,,,,,0.9478,4.0,,,,,,,0.0367,1.0,,,,,,,,,,,,,-0.5453,3.0,,,,,,,0.476,2.0,,,,,,,,,-0.1603,5.0
2025-11-15,Economic Data-Housing,0.1843,3.0,0.1079,6.0,0.0005,2.0,,,,,,,0.4127,3.0,0.939,2.0,0.0531,4.0,,,0.2034,7.0,,,0.0202,1.0,0.0028,4.0,0.3503,2.0,,,,,,,0.1106,1.0,0.2821,3.0,,,,,,,,,-0.0165,2.0,-0.4479,5.0,,,,,0.443,1.0,0.0449,10.0,0.2201,68.0
2025-11-15,Economic Data-Inflation,-0.874,1.0,,,,,,,,,,,0.9486,1.0,-0.4334,2.0,0.0236,1.0,,,-0.4519,6.0,,,,,0.3818,1.0,,,,,,,,,-0.8931,1.0,,,,,,,,,,,,,,,,,,,,,-0.0032,1.0,-0.1797,13.0
2025-11-15,Economic Data-Interest Rates,,,,,,,,,-0.8574,1.0,0.0065,1.0,,,,,0.0227,4.0,,,0.0103,1.0,,,,,,,,,0.3469,1.0,,,0.0094,2.0,,,0.0539,1.0,,,,,,,,,0.9455,3.0,,,,,,,0.0093,1.0,0.0688,4.0,-0.3241,26.0
2025-11-15,Economic Data-Manufacturing,,,,,,,0.0252,1.0,0.38,10.0,,,,,,,-0.9025,3.0,,,0.2497,6.0,,,,,,,,,,,,,,,,,,,,,,,,,,,,,0.0475,1.0,,,,,,,0.0141,2.0,0.9328,2.0
2025-11-15,Economic Data-Retail Sales,,,,,,,,,0.128,4.0,,,,,,,,,,,0.0139,1.0,,,,,0.4328,2.0,,,,,,,,,,,0.008,1.0,,,,,,,,,,,,,,,,,,,,,0.2608,5.0
2025-11-15,Extreme Weather,-0.1656,9.0,-0.0655,8.0,0.0414,27.0,-0.2282,12.0,-0.3111,11.0,,,,,-0.4412,4.0,0.0398,10.0,,,-0.2723,17.0,-0.4496,2.0,-0.5369,12.0,0.6101,3.0,,,-0.1563,23.0,,,,,,,-0.1802,19.0,,,-0.4716,6.0,0.015,6.0,,,0.0268,3.0,0.0253,17.0,-0.5422,4.0,-0.6901,7.0,-0.2564,16.0,-0.432,109.0,-0.1152,153.0
2025-11-15,Extreme Weather-Cold,,,,,,,-0.3527,4.0,0.9167,1.0,-0.0062,1.0,,,,,-0.3022,3.0,,,-0.4453,4.0,,,-0.7774,1.0,,,,,0.2393,4.0,,,,,,,-0.2754,2.0,,,,,,,,,0.0077,1.0,,,,,,,-0.07,1.0,-0.1409,18.0,-0.0417,12.0
2025-11-15,Extreme Weather-Drought,-0.0033,2.0,0.9123,1.0,,,0.8247,1.0,0.8674,2.0,,,,,-0.3906,2.0,,,,,0.0001,3.0,,,0.0531,2.0,-0.7358,1.0,,,,,,,,,,,,,,,,,,,,,-0.8154,1.0,-0.3,3.0,,,,,,,0.9483,1.0,0.2475,9.0
2025-11-15,Extreme Weather-Heat,,,,,-0.0994,20.0,0.0084,1.0,0.8525,2.0,,,,,0.0194,1.0,,,,,0.0059,3.0,,,-0.0018,1.0,,,,,,,,,,,,,,,,,,,,,,,0.0473,1.0,0.0002,6.0,,,0.0,1.0,,,,,0.9364,2.0
2025-11-15,Fiscal Policy,0.0182,3.0,0.2651,3.0,0.3799,18.0,0.0596,18.0,-0.246,11.0,,,,,0.1959,6.0,-0.1375,16.0,,,0.2992,27.0,-0.826,1.0,0.1594,9.0,0.0007,2.0,-0.4631,2.0,0.058,4.0,,,0.0481,5.0,0.9471,1.0,-0.1511,4.0,,,0.0255,2.0,0.001,5.0,0.244,5.0,-0.8598,2.0,-0.3721,2.0,,,,,0.0131,36.0,-0.3199,26.0,-0.0346,98.0
2025-11-15,Fiscal Policy-Stimulus Package,0.0107,2.0,-0.9172,1.0,,,0.0483,4.0,0.3808,11.0,,,,,0.0869,5.0,0.1761,8.0,,,0.4482,10.0,,,,,0.3465,10.0,-0.2304,2.0,0.2795,1.0,,,-0.3838,2.0,,,-0.011,1.0,,,,,0.0195,3.0,,,0.8201,1.0,0.0013,1.0,,,,,-0.0233,5.0,-0.3272,31.0,0.0441,40.0
2025-11-15,Monetary Policy,,,,,,,,,0.1726,4.0,,,,,,,-0.0014,7.0,,,,,,,,,,,,,0.3469,1.0,,,0.0139,1.0,,,0.0539,1.0,,,,,,,,,0.9422,1.0,,,0.0072,1.0,,,,,0.377,3.0,-0.1853,28.0
2025-11-15,Monetary Policy-Interest Rates,,,,,,,,,,,,,,,,,,,,,,,,,,,,,,,,,,,,,,,,,,,,,,,,,,,,,,,,,,,,,-0.6994,7.0
2025-11-15,Monetary Policy-Quantitative Easing,0.0241,1.0,,,,,-0.0248,1.0,0.0088,4.0,0.0086,1.0,,,,,0.0111,4.0,,,0.834,1.0,,,,,,,,,0.0029,2.0,,,,,,,,,,,,,,,0.0112,1.0,0.9458,1.0,,,0.3026,1.0,,,,,,,-0.2322,28.0
2025-11-15,Natural Disaster,,,-0.4595,2.0,,,,,-0.8335,3.0,,,,,,,-0.0378,1.0,,,-0.4124,2.0,,,,,0.9139,2.0,,,0.013,3.0,,,,,,,-0.4109,8.0,,,-0.0,1.0,-0.0103,3.0,,,,,,,-0.5422,4.0,-0.8703,6.0,,,-0.6343,68.0,-0.2647,18.0
2025-11-15,Oil Spills,,,,,,,,,,,,,,,,,,,,,,,,,,,,,,,,,,,,,,,,,,,,,,,,,,,,,,,,,,,,,-0.7497,1.0
2025-11-15,Pandemic,-0.2426,8.0,-0.6116,1.0,-0.3072,13.0,-0.1089,28.0,-0.2648,28.0,-0.0863,4.0,-0.075,9.0,0.026,12.0,-0.0935,22.0,0.4321,3.0,-0.0076,54.0,-0.2912,7.0,-0.6759,7.0,-0.0896,20.0,-0.2115,7.0,0.0347,15.0,-0.4543,1.0,-0.4077,6.0,-0.1411,6.0,-0.2147,15.0,,,-0.0829,21.0,0.1187,1.0,-0.2133,2.0,-0.2707,8.0,-0.0538,12.0,0.0158,2.0,-0.5234,49.0,-0.0399,33.0,-0.0912,82.0,-0.0687,238.0
2025-11-15,Politics,0.0647,18.0,-0.0475,20.0,-0.087,139.0,0.0823,47.0,-0.0368,95.0,0.0332,2.0,,,-0.1276,61.0,0.0511,84.0,0.0016,14.0,0.0405,300.0,-0.203,44.0,-0.2196,46.0,0.0769,35.0,0.0529,20.0,-0.0554,96.0,,,-0.0979,14.0,-0.1079,30.0,-0.0245,47.0,-0.0572,16.0,-0.0863,85.0,0.0784,53.0,0.3407,9.0,-0.1391,14.0,-0.016,51.0,0.2668,5.0,0.1219,12.0,-0.0776,329.0,-0.2128,214.0,-0.0887,661.0
2025-11-15,Politics-Election,,,,,-0.2285,1.0,0.013,1.0,0.0319,2.0,,,,,,,0.0291,4.0,,,0.0562,87.0,,,,,-0.0,1.0,,,,,0.0288,1.0,0.0126,1.0,,,0.0215,2.0,,,,,,,,,-0.4419,2.0,0.0026,1.0,,,,,,,,,-0.2406,16.0
2025-11-15,Politics-Political Tension,0.0054,1.0,-0.8261,1.0,0.1639,10.0,-0.028,5.0,-0.3245,10.0,,,0.0064,2.0,-0.5389,6.0,-0.3092,29.0,0.0295,1.0,-0.3716,21.0,-0.006,4.0,-0.6271,4.0,-0.2407,6.0,-0.002,2.0,-0.9104,1.0,0.0127,1.0,,,-0.1787,7.0,0.0284,6.0,-0.4113,4.0,-0.013,4.0,0.2835,1.0,-0.9128,1.0,-0.2975,3.0,-0.1896,4.0,,,,,-0.2212,92.0,-0.1796,25.0,-0.0083,41.0
2025-11-15,Terrorist Attacks,-0.7933,45.0,-0.8214,3.0,-0.5529,3.0,-0.0108,1.0,,,,,,,-0.4151,44.0,-0.3381,15.0,,,-0.5805,299.0,-0.6544,5.0,,,,,,,-0.7955,2.0,,,-0.7495,5.0,-0.6741,37.0,-0.4964,1.0,-0.0438,2.0,-0.8767,1.0,,,-0.7772,2.0,-0.3349,2.0,-0.3286,7.0,,,-0.6064,17.0,-0.2792,5.0,-0.3319,12.0,-0.4159,136.0
2025-11-15,Wars,0.8902,1.0,,,-0.1103,18.0,0.0063,1.0,-0.0853,77.0,0.0174,1.0,-0.0037,1.0,0.2061,15.0,-0.0512,15.0,,,0.1481,16.0,-0.145,42.0,0.0106,1.0,0.0462,39.0,-0.0149,4.0,0.0321,2.0,,,-0.1213,10.0,0.2364,12.0,-0.3069,4.0,-0.1522,1.0,-0.2117,193.0,0.0144,24.0,,,-0.265,8.0,0.1197,7.0,0.1809,5.0,0.4308,6.0,-0.1218,227.0,0.1392,10.0,-0.032,133.0
2025-11-14,Economic Data,0.1327,14.0,0.3845,13.0,-0.0294,25.0,0.0433,27.0,0.0522,257.0,0.0087,1.0,0.4004,17.0,-0.3353,58.0,0.0413,30.0,0.0166,1.0,0.3316,69.0,-0.0242,5.0,0.3162,24.0,0.3798,90.0,0.265,25.0,-0.0338,12.0,-0.8274,5.0,0.3138,20.0,0.2521,3.0,0.0349,17.0,0.0975,15.0,0.1843,8.0,0.6222,3.0,-0.2841,13.0,0.3035,16.0,-0.0647,27.0,0.1855,12.0,0.3086,3.0,-0.0306,8.0,-0.0788,67.0,0.041,595.0
2025-11-14,Economic Data-Consumer Spending,,,,,,,,,-0.1535,10.0,,,,,,,,,,,,,,,,,0.8431,2.0,,,,,,,,,,,-0.7798,1.0,,,,,,,,,,,,,,,,,,,,,0.0042,2.0
2025-11-14,Economic Data-Employment,0.0026,1.0,-0.4351,2.0,,,0.0042,2.0,-0.5792,17.0,,,,,,,-0.2754,3.0,,,0.0677,5.0,,,0.8838,1.0,-0.0971,9.0,-0.5509,1.0,0.9001,1.0,,,0.5443,1.0,,,,,,,,,0.7319,1.0,0.0129,3.0,0.026,1.0,0.01,2.0,-0.1412,2.0,,,,,-0.0685,18.0,-0.3649,50.0
2025-11-14,Economic Data-GDP,,,,,0.3956,2.0,,,-0.3061,48.0,,,,,0.0017,3.0,0.942,1.0,,,0.9439,2.0,,,-0.168,7.0,0.9085,5.0,,,,,,,0.6507,3.0,,,,,,,-0.6534,15.0,,,,,0.0134,1.0,0.9473,1.0,,,,,,,-0.6131,2.0,-0.4887,17.0
2025-11-14,Economic Data-Housing,0.1332,1.0,-0.1481,9.0,0.9423,1.0,0.0085,9.0,-0.3338,64.0,,,0.255,3.0,0.7947,10.0,0.0026,2.0,,,0.627,3.0,,,0.0595,6.0,0.4871,4.0,0.1808,3.0,0.1277,1.0,,,0.9447,1.0,,,0.0283,5.0,0.0128,3.0,0.4184,2.0,,,0.0823,5.0,0.9291,1.0,0.0375,10.0,0.0324,1.0,0.9464,1.0,,,-0.1492,26.0,0.2444,101.0
2025-11-14,Economic Data-Inflation,0.8351,2.0,,,,,0.0125,2.0,-0.2519,4.0,,,,,-0.1364,33.0,,,,,-0.918,3.0,,,,,-0.017,7.0,,,,,,,,,,,,,-0.219,7.0,-0.9002,10.0,,,,,,,0.8754,20.0,,,,,,,-0.3499,2.0,-0.0827,42.0
2025-11-14,Economic Data-Interest Rates,0.4171,1.0,-0.0043,16.0,0.0363,5.0,-0.4525,5.0,-0.6396,8.0,0.4327,3.0,0.0142,1.0,-0.0073,8.0,-0.037,20.0,,,-0.0227,6.0,0.7519,2.0,0.0062,3.0,0.1609,10.0,,,-0.149,3.0,0.0052,11.0,-0.5996,3.0,,,0.6715,1.0,-0.6236,8.0,0.0111,1.0,,,,,0.6589,8.0,,,,,,,0.1492,8.0,0.1186,22.0,-0.4316,269.0
2025-11-14,Economic Data-Manufacturing,0.042,1.0,-0.1163,4.0,,,0.9399,17.0,-0.3518,63.0,0.3772,1.0,,,,,0.1495,5.0,,,0.3117,4.0,,,,,0.6039,5.0,,,-0.0017,2.0,0.9471,6.0,,,,,,,,,,,,,,,0.4928,2.0,,,0.6241,7.0,,,,,-0.4346,2.0,0.1182,12.0
2025-11-14,Economic Data-Retail Sales,,,,,0.7319,1.0,0.7485,12.0,-0.0779,56.0,,,,,0.0117,8.0,0.0027,1.0,,,0.9474,1.0,,,,,,,,,-0.4315,2.0,,,,,,,0.8329,2.0,,,0.948,4.0,,,,,,,0.3103,1.0,,,,,,,0.9473,1.0,0.5042,18.0
2025-11-14,Extreme Weather,-0.4121,4.0,-0.0714,6.0,0.122,23.0,-0.1074,12.0,-0.0936,27.0,-0.8735,1.0,,,-0.3159,11.0,-0.0961,17.0,,,-0.1051,25.0,-0.5104,4.0,-0.3547,7.0,0.197,7.0,-0.5376,35.0,-0.0797,26.0,,,,,,,-0.1971,28.0,0.0441,2.0,-0.1188,11.0,,,-0.4397,3.0,-0.0514,11.0,-0.0673,27.0,-0.076,7.0,0.133,2.0,-0.4122,3.0,-0.1612,40.0,-0.0397,175.0
2025-11-14,Extreme Weather-Cold,,,-0.83,1.0,,,-0.0734,5.0,-0.5728,2.0,,,,,-0.1983,5.0,,,,,-0.1767,8.0,,,,,,,,,-0.187,3.0,,,,,,,-0.1513,11.0,,,-0.2261,1.0,,,0.0018,1.0,,,0.022,1.0,,,,,,,-0.3877,13.0,-0.1726,15.0
2025-11-14,Extreme Weather-Drought,0.4589,2.0,0.0039,1.0,0.0055,3.0,-0.9033,2.0,,,,,,,-0.2671,2.0,,,,,0.0227,5.0,,,,,,,,,,,0.0248,1.0,,,,,,,-0.0475,1.0,,,0.0065,1.0,,,0.0111,1.0,-0.0191,4.0,,,,,,,-0.2856,20.0,-0.1427,26.0
2025-11-14,Extreme Weather-Heat,0.123,1.0,-0.0008,1.0,,,,,0.3926,5.0,,,,,,,0.0108,2.0,,,0.0058,2.0,,,-0.0015,2.0,0.0054,1.0,,,0.0053,3.0,,,,,,,,,,,,,0.1063,1.0,,,0.0048,1.0,0.0641,10.0,,,-0.0005,1.0,,,-0.4132,2.0,0.1163,7.0
2025-11-14,Fiscal Policy,0.1793,15.0,0.2452,7.0,0.2626,8.0,-0.1775,13.0,0.0895,20.0,,,0.8195,2.0,0.0248,27.0,0.1991,31.0,-0.0011,1.0,0.5225,50.0,-0.0007,1.0,0.0109,6.0,0.0356,13.0,0.6305,7.0,0.0285,50.0,,,0.2728,9.0,0.1486,4.0,0.0063,10.0,-0.0098,9.0,-0.0731,9.0,0.0931,2.0,0.3221,4.0,0.4011,12.0,-0.2429,4.0,-0.0025,3.0,,,-0.0112,49.0,-0.3245,84.0,-0.0413,270.0
2025-11-14,Fiscal Policy-Stimulus Package,0.032,2.0,-0.0013,1.0,0.6185,3.0,0.2113,37.0,0.4052,13.0,0.0181,1.0,0.947,1.0,-0.2039,7.0,0.0319,31.0,,,0.4969,13.0,,,0.0064,1.0,0.1037,10.0,0.8657,3.0,0.1123,10.0,,,-0.9029,1.0,,,0.1867,4.0,0.17,1.0,,,,,,,0.3187,4.0,0.3277,2.0,0.4332,1.0,,,0.0132,9.0,-0.1997,131.0,-0.0671,113.0
2025-11-14,Monetary Policy,0.4171,1.0,-0.3212,12.0,0.0066,2.0,-0.4424,2.0,-0.3741,5.0,0.8589,1.0,-0.446,2.0,0.0015,3.0,0.3799,14.0,,,-0.3284,15.0,0.3764,3.0,-0.4526,7.0,0.2253,7.0,,,0.0822,8.0,0.0146,1.0,0.0059,1.0,,,,,-0.7421,6.0,,,,,,,0.7163,6.0,,,,,0.0043,2.0,0.2107,3.0,-0.0262,15.0,-0.3733,246.0
2025-11-14,Monetary Policy-Interest Rates,,,,,,,,,,,,,,,,,-0.9229,1.0,,,,,,,0.0213,1.0,,,,,,,,,,,,,,,-0.1361,4.0,,,,,,,,,,,,,,,,,,,-0.485,55.0
2025-11-14,Monetary Policy-Quantitative Easing,0.0772,1.0,,,0.021,2.0,,,-0.0381,25.0,0.0067,6.0,,,0.0101,6.0,0.1981,10.0,0.0629,2.0,-0.1501,50.0,,,0.0768,3.0,-0.0039,36.0,0.5872,9.0,0.0029,2.0,,,,,,,0.0027,2.0,,,0.0077,3.0,-0.925,1.0,0.7384,11.0,0.0326,10.0,-0.5838,3.0,0.3314,6.0,,,0.009,1.0,0.0037,14.0,-0.0865,110.0
2025-11-14,Natural Disaster,,,,,-0.0672,2.0,,,-0.5878,3.0,,,,,-0.4508,3.0,-0.7318,1.0,,,,,,,-0.6676,3.0,-0.4456,2.0,,,0.0609,2.0,,,,,,,-0.3528,7.0,,,-0.0026,2.0,,,-0.8782,2.0,,,-0.6026,1.0,-0.354,4.0,,,-0.8294,1.0,-0.3247,8.0,-0.5259,17.0
2025-11-14,Oil Spills,,,,,,,,,-0.1456,2.0,,,,,,,,,,,,,,,,,,,,,,,,,0.0886,1.0,,,,,,,-0.4847,6.0,,,,,,,,,,,,,,,,,-0.7167,25.0
2025-11-14,Pandemic,0.0052,7.0,-0.031,28.0,0.0434,37.0,0.0351,34.0,-0.14,60.0,-0.0364,2.0,0.1542,7.0,-0.0083,39.0,-0.0801,53.0,,,0.2355,51.0,0.4974,3.0,-0.08,20.0,-0.0898,44.0,-0.0159,4.0,0.058,18.0,0.022,3.0,-0.0056,14.0,-0.3785,10.0,0.1991,25.0,-0.0571,9.0,-0.119,17.0,0.2901,3.0,0.2669,6.0,0.1228,17.0,-0.289,23.0,0.9454,1.0,-0.7073,45.0,-0.219,47.0,-0.0294,115.0,-0.0626,494.0
2025-11-14,Politics,0.1298,22.0,0.1747,28.0,-0.333,142.0,0.0137,93.0,-0.006,210.0,0.0147,7.0,0.1835,9.0,-0.0692,126.0,0.0487,176.0,-0.062,13.0,0.2071,552.0,-0.1816,56.0,-0.1618,65.0,-0.0357,102.0,0.1739,28.0,0.0494,86.0,,,0.0389,37.0,-0.1141,48.0,-0.097,61.0,-0.0452,54.0,-0.1665,118.0,0.1625,44.0,-0.0957,14.0,0.255,45.0,-0.0005,57.0,0.2383,10.0,-0.0456,7.0,-0.1489,335.0,-0.1618,379.0,-0.0445,1355.0
2025-11-14,Politics-Election,,,,,,,0.0076,3.0,0.0144,1.0,-0.0048,1.0,,,-0.1821,4.0,-0.0019,2.0,,,0.2332,501.0,,,0.0069,1.0,0.0004,1.0,,,0.0063,1.0,0.9382,2.0,-0.5273,1.0,0.0356,2.0,-0.0778,8.0,,,,,,,,,-0.0462,6.0,0.0096,1.0,0.0076,1.0,-0.0183,1.0,,,0.0064,4.0,0.0707,53.0
2025-11-14,Politics-Political Tension,0.0771,11.0,-0.2701,3.0,0.0083,21.0,0.227,5.0,-0.0249,31.0,-0.0984,3.0,0.5923,1.0,0.0104,7.0,-0.0934,12.0,0.2248,3.0,-0.0936,26.0,-0.18,6.0,-0.0267,3.0,-0.3404,8.0,-0.0123,1.0,-0.1253,3.0,,,-0.2244,2.0,-0.3495,20.0,-0.094,16.0,0.0131,13.0,-0.1341,25.0,,,-0.2038,4.0,-0.4858,4.0,-0.2679,4.0,-0.0587,5.0,0.1133,1.0,-0.1399,109.0,-0.3494,14.0,-0.1278,138.0
2025-11-14,Terrorist Attacks,,,-0.2333,2.0,-0.4537,11.0,-0.2005,7.0,,,,,-0.2388,2.0,-0.1361,188.0,-0.105,11.0,,,-0.391,142.0,-0.4866,10.0,-0.0447,1.0,,,-0.7358,1.0,-0.6667,10.0,,,-0.4324,6.0,-0.5419,63.0,-0.323,1.0,,,-0.3261,14.0,,,-0.5834,12.0,-0.1618,2.0,-0.3515,4.0,,,-0.1169,4.0,-0.4967,15.0,-0.3072,18.0,-0.3006,154.0
2025-11-14,Wars,0.0194,4.0,0.0105,5.0,0.2897,7.0,0.0026,2.0,-0.0573,142.0,0.4598,2.0,0.2795,3.0,0.1178,34.0,0.189,67.0,,,0.0925,11.0,-0.2261,43.0,0.2697,5.0,0.0198,32.0,0.1733,14.0,0.0134,4.0,,,0.2618,12.0,0.0377,18.0,0.1485,12.0,0.1225,7.0,-0.1147,343.0,0.038,12.0,,,-0.0949,21.0,-0.1121,8.0,-0.0541,18.0,0.1513,1.0,-0.1612,255.0,0.136,15.0,0.0949,275.0
2025-11-13,Economic Data,0.2928,9.0,-0.2016,54.0,0.3246,24.0,-0.0342,40.0,0.1459,197.0,0.041,6.0,0.1119,17.0,-0.0224,21.0,-0.2165,50.0,0.9438,1.0,0.1532,77.0,0.941,1.0,0.051,31.0,-0.0502,97.0,0.3209,13.0,-0.1021,8.0,0.2931,14.0,0.1591,4.0,-0.0868,3.0,0.144,16.0,0.1584,22.0,0.1067,11.0,0.4127,22.0,0.4136,20.0,0.4854,23.0,0.0645,15.0,0.186,13.0,0.7268,2.0,-0.0528,3.0,-0.023,120.0,0.0048,624.0
2025-11-13,Economic Data-Consumer Spending,,,,,,,,,-0.2231,3.0,,,,,-0.0163,1.0,,,,,,,,,,,,,,,,,,,,,,,,,,,,,,,,,,,,,,,,,,,0.0074,1.0,-0.4225,2.0
2025-11-13,Economic Data-Employment,0.0369,2.0,-0.4559,51.0,-0.8585,2.0,0.3413,4.0,-0.4581,2.0,,,,,0.2212,40.0,-0.5175,5.0,,,0.0186,1.0,,,-0.0036,2.0,0.1028,2.0,-0.2895,2.0,,,0.1668,2.0,,,,,0.4722,2.0,,,,,0.0055,1.0,0.1781,8.0,0.214,5.0,0.0669,6.0,,,,,0.4388,3.0,0.5818,7.0,-0.2435,65.0
2025-11-13,Economic Data-GDP,,,,,0.4407,15.0,-0.6942,7.0,0.0427,6.0,,,,,0.276,3.0,-0.1429,15.0,,,0.7887,10.0,,,,,0.469,7.0,,,-0.8602,1.0,-0.8899,1.0,0.0076,1.0,,,0.3258,3.0,0.6343,18.0,,,,,,,-0.8379,1.0,0.8783,3.0,0.9475,9.0,,,,,-0.3091,166.0,-0.1137,14.0
2025-11-13,Economic Data-Housing,0.9477,1.0,-0.0151,5.0,0.0579,2.0,0.0954,33.0,0.0728,26.0,0.4361,1.0,0.6135,9.0,0.4799,2.0,0.1295,7.0,0.0331,2.0,0.4219,15.0,,,0.038,2.0,0.3428,11.0,-0.2122,5.0,0.0826,5.0,0.7687,1.0,,,,,-0.4737,2.0,0.9493,2.0,,,0.7234,4.0,0.0481,4.0,,,0.0767,24.0,,,0.9503,2.0,,,-0.2328,50.0,0.3395,99.0
2025-11-13,Economic Data-Inflation,-0.467,1.0,-0.4731,5.0,,,,,-0.2149,6.0,,,,,0.009,1.0,-0.0474,5.0,,,-0.7761,3.0,,,-0.913,1.0,0.2628,15.0,,,0.0136,1.0,,,,,,,0.0164,1.0,0.0054,1.0,-0.862,1.0,0.4789,10.0,,,,,,,,,,,,,-0.2973,6.0,-0.0638,57.0
2025-11-13,Economic Data-Interest Rates,-0.5786,2.0,-0.1251,15.0,0.0503,8.0,0.077,5.0,-0.235,43.0,0.0279,2.0,,,0.9397,3.0,0.2052,13.0,0.5857,4.0,0.0057,33.0,,,,,-0.5581,28.0,,,-0.9146,1.0,0.0938,12.0,0.5612,2.0,,,-0.8262,1.0,-0.8429,1.0,-0.9065,2.0,,,,,-0.0115,1.0,0.4477,6.0,,,,,0.0093,3.0,0.0535,29.0,-0.076,311.0
2025-11-13,Economic Data-Manufacturing,0.0779,1.0,,,,,0.2349,9.0,0.1606,32.0,0.1527,14.0,,,,,,,,,0.2027,5.0,,,0.5442,1.0,0.9438,1.0,-0.9095,1.0,,,0.6309,9.0,,,0.0087,1.0,0.1421,2.0,,,0.6314,5.0,,,,,,,0.8111,4.0,,,,,,,-0.4333,23.0,0.1539,19.0
2025-11-13,Economic Data-Retail Sales,0.0032,1.0,0.9506,1.0,-0.6587,10.0,0.2346,4.0,0.1254,31.0,,,,,,,0.0047,2.0,0.0698,1.0,0.6322,5.0,,,,,0.8114,4.0,,,0.053,3.0,,,0.9482,1.0,,,0.0172,1.0,0.5524,1.0,,,0.9496,1.0,,,0.0908,1.0,,,0.8658,6.0,,,,,0.2654,3.0,0.491,33.0
2025-11-13,Extreme Weather,-0.0869,7.0,0.3083,21.0,0.4397,12.0,-0.0016,21.0,-0.3796,26.0,0.4508,1.0,,,-0.2394,7.0,-0.028,14.0,,,-0.201,39.0,-0.8964,1.0,0.0965,7.0,0.0482,14.0,-0.0948,5.0,-0.0627,19.0,0.1669,9.0,,,,,-0.0776,42.0,,,-0.5825,9.0,-0.6464,3.0,0.1374,1.0,-0.1811,5.0,-0.068,23.0,-0.6147,16.0,0.0689,5.0,-0.7532,20.0,0.0507,40.0,0.0453,251.0
2025-11-13,Extreme Weather-Cold,,,,,-0.6855,1.0,-0.3239,7.0,-0.1195,8.0,,,,,,,,,,,-0.2428,13.0,,,,,0.0062,4.0,-0.1587,1.0,-0.2253,2.0,,,,,,,-0.0047,13.0,,,,,,,,,,,,,-0.5524,1.0,,,-0.3853,4.0,-0.143,11.0,0.0072,23.0
2025-11-13,Extreme Weather-Drought,0.9308,6.0,0.3312,4.0,-0.3919,2.0,,,,,,,,,-0.0172,1.0,,,,,0.6128,3.0,,,,,,,,,-0.512,7.0,,,,,,,0.025,1.0,,,,,-0.0198,2.0,,,,,0.2929,3.0,-0.3936,5.0,,,,,-0.4857,5.0,0.1215,14.0
2025-11-13,Extreme Weather-Heat,0.0053,1.0,0.0062,1.0,,,,,,,,,0.0985,2.0,-0.0069,2.0,0.2423,5.0,,,,,,,-0.0009,3.0,,,0.5581,1.0,-0.0032,1.0,,,,,,,,,,,,,,,,,,,0.0056,8.0,,,0.0089,1.0,,,,,0.0924,10.0
2025-11-13,Fiscal Policy,0.0741,9.0,0.1438,10.0,0.0754,10.0,0.1115,51.0,0.1938,46.0,-0.5712,2.0,0.6304,9.0,-0.218,52.0,-0.1149,33.0,-0.006,3.0,0.0161,43.0,0.9132,2.0,0.0905,15.0,0.2559,7.0,0.3281,4.0,-0.1852,9.0,-0.1031,9.0,0.0517,6.0,-0.3882,7.0,0.1525,13.0,0.3147,9.0,0.0697,7.0,0.6199,13.0,0.9293,1.0,0.0291,9.0,0.0042,6.0,,,,,-0.1249,119.0,-0.3005,49.0,-0.0632,647.0
2025-11-13,Fiscal Policy-Stimulus Package,0.0722,1.0,0.0558,6.0,-0.0632,4.0,-0.091,21.0,0.4148,8.0,,,0.6514,1.0,-0.0906,9.0,-0.0112,11.0,-0.2233,4.0,0.2012,17.0,,,-0.3491,2.0,0.3205,4.0,,,0.0493,3.0,0.9478,1.0,0.4692,2.0,0.1708,1.0,0.5116,6.0,,,,,0.9415,5.0,,,0.359,7.0,0.0331,5.0,-0.6951,1.0,,,0.0482,19.0,0.1259,21.0,-0.068,780.0
2025-11-13,Monetary Policy,-0.3879,3.0,-0.153,9.0,0.0117,8.0,0.0389,6.0,-0.1479,32.0,0.0279,2.0,,,0.4679,4.0,-0.1759,9.0,0.4944,3.0,-0.1911,26.0,,,0.0016,3.0,-0.5815,21.0,,,-0.9146,1.0,0.073,13.0,0.1725,1.0,,,-0.8262,1.0,,,-0.2899,3.0,,,0.7388,5.0,0.8321,1.0,-0.9178,1.0,0.2309,1.0,,,0.3409,2.0,0.1748,15.0,-0.1057,201.0
2025-11-13,Monetary Policy-Interest Rates,,,-0.6766,4.0,,,-0.8898,1.0,,,,,,,,,,,,,-0.5463,3.0,,,,,-0.108,3.0,,,,,,,,,,,,,,,,,,,,,,,,,,,,,,,-0.9025,1.0,-0.2803,63.0
2025-11-13,Monetary Policy-Quantitative Easing,0.798,10.0,,,-0.0423,7.0,0.0288,7.0,0.13,25.0,0.0905,38.0,0.0027,1.0,0.2077,4.0,0.1478,17.0,,,-0.1651,35.0,0.941,1.0,0.4536,2.0,0.083,30.0,0.4682,6.0,0.5197,2.0,,,,,,,0.0097,1.0,0.4505,3.0,0.0003,2.0,-0.1751,1.0,0.2448,26.0,0.4654,2.0,0.0024,3.0,0.0058,2.0,,,0.3019,1.0,0.2026,32.0,0.0209,85.0
2025-11-13,Natural Disaster,,,0.2485,2.0,,,,,-0.881,9.0,,,,,-0.9013,1.0,,,,,,,,,,,-0.0009,1.0,,,0.0059,3.0,,,,,,,-0.34,14.0,,,,,-0.8304,1.0,,,,,-0.2224,3.0,-0.6128,13.0,,,,,0.0236,3.0,0.0641,17.0
2025-11-13,Oil Spills,,,,,,,,,,,,,,,-0.0114,1.0,,,,,,,,,,,,,,,,,,,,,,,,,,,-0.8938,1.0,,,,,,,,,,,,,,,,,-0.6398,50.0
2025-11-13,Pandemic,-0.2978,5.0,-0.1172,22.0,0.1501,42.0,0.1351,59.0,-0.0774,62.0,-0.0007,1.0,-0.0677,4.0,-0.0246,67.0,-0.143,74.0,,,-0.0016,83.0,-0.553,4.0,-0.1848,20.0,-0.0817,33.0,-0.183,9.0,0.0911,14.0,0.0383,2.0,0.1559,13.0,-0.3151,15.0,-0.189,55.0,-0.0881,10.0,-0.0235,12.0,0.3493,7.0,-0.0834,12.0,-0.1474,8.0,-0.2664,70.0,-0.0034,2.0,-0.6021,14.0,-0.0709,49.0,-0.1388,162.0,-0.0455,659.0
2025-11-13,Politics,-0.0691,17.0,0.1442,73.0,-0.0565,50.0,0.0664,127.0,0.0457,192.0,-0.123,5.0,0.0992,26.0,-0.076,169.0,0.0752,279.0,-0.3542,16.0,-0.0219,226.0,-0.0736,98.0,-0.0727,88.0,-0.1596,63.0,0.064,28.0,-0.1552,50.0,0.3446,6.0,-0.1164,57.0,0.197,126.0,-0.0584,123.0,0.1625,60.0,-0.0529,180.0,0.5154,19.0,0.0987,16.0,0.0881,40.0,-0.0668,80.0,0.1449,21.0,-0.2273,29.0,-0.1548,687.0,-0.0977,278.0,-0.0738,2304.0
2025-11-13,Politics-Election,,,,,,,0.0418,1.0,,,0.002,1.0,,,,,,,,,0.0291,77.0,,,0.0086,1.0,,,,,0.1784,1.0,,,0.0119,1.0,,,,,,,,,,,,,,,0.1969,2.0,,,,,,,0.0081,1.0,0.1641,50.0
2025-11-13,Politics-Political Tension,-0.2971,3.0,-0.421,4.0,0.0125,3.0,-0.2115,14.0,-0.0503,81.0,-0.277,5.0,0.2979,3.0,-0.0796,15.0,-0.018,22.0,-0.2227,6.0,0.0448,15.0,0.0816,23.0,-0.0007,4.0,-0.3165,20.0,0.586,1.0,-0.0227,4.0,,,-0.8695,2.0,0.1534,20.0,0.1807,10.0,-0.5455,6.0,-0.1447,42.0,,,0.0109,1.0,-0.5503,3.0,-0.1943,15.0,0.0036,1.0,0.0079,1.0,-0.2549,188.0,-0.0822,40.0,-0.1273,218.0
2025-11-13,Terrorist Attacks,,,-0.2083,2.0,-0.5062,2.0,-0.2777,13.0,-0.2518,1.0,-0.821,1.0,,,0.0157,495.0,-0.2595,29.0,-0.8684,1.0,-0.1728,304.0,-0.0803,4.0,-0.3269,3.0,,,-0.8287,51.0,-0.0275,6.0,,,-0.3158,4.0,-0.176,31.0,-0.595,4.0,,,-0.0136,1.0,,,-0.7232,4.0,0.16,3.0,-0.3946,5.0,,,-0.0716,2.0,-0.0157,5.0,-0.2515,24.0,-0.3973,99.0
2025-11-13,Wars,0.0016,3.0,-0.2611,6.0,0.8163,6.0,0.0405,4.0,-0.0307,78.0,,,0.0378,1.0,0.1149,40.0,0.0896,102.0,-0.813,1.0,0.2542,32.0,-0.1451,86.0,0.1584,13.0,0.0037,18.0,0.019,9.0,,,,,-0.1745,18.0,-0.1843,14.0,-0.0112,30.0,0.1602,28.0,-0.0854,252.0,-0.4304,10.0,,,-0.1059,4.0,0.0096,5.0,-0.1484,6.0,-0.0113,3.0,-0.073,398.0,-0.0602,13.0,0.0492,158.0
2025-11-12,Economic Data,0.1294,23.0,0.2419,32.0,0.5093,46.0,0.2732,47.0,0.0929,245.0,0.0049,1.0,0.3331,3.0,-0.0037,26.0,-0.1615,83.0,0.0067,1.0,0.2022,122.0,,,-0.1439,18.0,0.3966,113.0,0.3733,10.0,0.3953,35.0,0.1897,2.0,0.0134,9.0,0.2767,10.0,0.1624,41.0,-0.2431,12.0,0.3686,11.0,0.231,17.0,0.1511,18.0,0.06,28.0,0.4894,17.0,0.3234,15.0,0.3284,6.0,0.0228,2.0,0.0726,83.0,-0.0075,563.0
2025-11-12,Economic Data-Consumer Spending,,,0.894,7.0,,,-0.8383,2.0,0.0026,2.0,,,,,,,,,,,0.0619,5.0,,,,,,,,,0.9211,1.0,0.7634,3.0,,,,,,,,,,,,,,,,,,,,,,,,,,,0.4729,2.0
2025-11-12,Economic Data-Employment,-0.421,2.0,-0.4552,3.0,0.8322,7.0,0.2035,4.0,0.9061,2.0,,,,,0.87,1.0,-0.6124,3.0,,,0.3313,7.0,,,0.6219,1.0,0.0147,2.0,-0.0267,11.0,,,,,,,,,0.9433,1.0,,,0.0008,2.0,0.9486,1.0,0.3141,3.0,-0.5998,11.0,-0.0618,6.0,,,,,0.0556,2.0,-0.0413,21.0,-0.302,70.0
2025-11-12,Economic Data-GDP,0.2577,3.0,,,-0.9064,1.0,-0.8523,3.0,-0.2205,6.0,,,0.0032,3.0,0.3719,12.0,0.0791,27.0,0.0474,1.0,-0.3718,5.0,,,,,0.9364,3.0,0.1074,3.0,,,,,-0.9146,1.0,,,0.0164,3.0,0.9453,1.0,,,,,,,-0.4279,5.0,,,,,,,,,-0.275,5.0,0.1332,16.0
2025-11-12,Economic Data-Housing,0.4764,3.0,0.381,28.0,0.0145,1.0,0.29,64.0,0.1462,39.0,,,0.0506,1.0,0.0149,1.0,0.0043,3.0,,,0.2349,5.0,,,0.1835,6.0,0.0076,8.0,,,,,0.0784,11.0,-0.1948,3.0,,,0.2129,10.0,,,0.0385,1.0,0.4844,3.0,0.007,1.0,0.0035,4.0,-0.3594,8.0,0.1595,1.0,,,,,0.1289,33.0,0.0989,100.0
2025-11-12,Economic Data-Inflation,0.3455,32.0,,,,,0.0302,2.0,0.0317,3.0,,,,,-0.8202,1.0,0.2149,63.0,,,-0.8865,7.0,,,,,0.1622,8.0,,,-0.439,2.0,,,,,0.9269,1.0,,,0.0054,1.0,-0.9148,3.0,,,,,0.0159,1.0,-0.4472,2.0,,,,,-0.8575,1.0,-0.0111,2.0,0.1333,64.0
2025-11-12,Economic Data-Interest Rates,0.0093,2.0,-0.3861,12.0,-0.1491,24.0,0.0784,27.0,-0.1071,17.0,,,,,0.3764,5.0,0.4795,28.0,-0.3899,5.0,0.0714,11.0,0.0115,1.0,-0.3406,2.0,0.0475,23.0,-0.2078,6.0,0.2779,4.0,,,0.2777,4.0,,,0.3072,5.0,-0.9083,3.0,-0.9102,1.0,-0.8891,1.0,0.8512,5.0,0.4574,23.0,0.3084,9.0,0.0142,1.0,,,-0.0145,2.0,0.3243,21.0,0.1442,212.0
2025-11-12,Economic Data-Manufacturing,,,0.4101,3.0,0.9377,1.0,0.4785,10.0,0.2682,60.0,,,,,,,0.4782,8.0,,,0.6145,11.0,,,0.6842,21.0,0.8183,17.0,0.8783,1.0,,,,,0.7625,1.0,,,0.6627,6.0,,,,,0.9346,1.0,,,0.9408,1.0,,,0.0151,10.0,,,,,0.843,3.0,0.4764,22.0
2025-11-12,Economic Data-Retail Sales,,,0.937,1.0,,,0.3693,7.0,-0.3453,38.0,,,,,,,,,,,0.6727,3.0,,,,,,,,,-0.0446,2.0,0.938,1.0,,,,,0.0005,1.0,,,,,0.0066,1.0,,,,,,,,,,,,,-0.3854,5.0,0.5045,13.0
2025-11-12,Extreme Weather,-0.1474,9.0,0.0348,24.0,-0.2433,28.0,-0.0159,18.0,-0.6626,102.0,,,0.0094,1.0,-0.0633,10.0,-0.182,15.0,,,-0.2529,42.0,,,-0.0209,11.0,0.2008,11.0,-0.4491,2.0,-0.1792,32.0,0.0438,1.0,0.8694,2.0,,,-0.3534,74.0,0.0039,1.0,-0.7863,2.0,0.9466,7.0,0.0687,3.0,0.068,2.0,0.0231,31.0,-0.7696,107.0,-0.4294,4.0,-0.4987,7.0,-0.1184,59.0,0.0397,381.0
2025-11-12,Extreme Weather-Cold,,,,,,,0.3712,2.0,,,,,,,,,0.0045,2.0,,,-0.2977,9.0,,,0.8862,2.0,0.0133,1.0,0.0193,1.0,-0.5803,3.0,,,,,,,-0.0084,4.0,,,,,,,,,,,-0.4513,1.0,,,,,-0.106,1.0,-0.4287,9.0,-0.2644,41.0
2025-11-12,Extreme Weather-Drought,0.0049,1.0,-0.027,2.0,-0.6554,2.0,-0.5808,1.0,0.722,1.0,,,,,,,,,,,0.1792,6.0,,,-0.1518,2.0,-0.0008,1.0,,,,,,,-0.9231,1.0,,,-0.9013,1.0,,,,,0.2506,2.0,-0.451,2.0,0.269,2.0,-0.0002,2.0,,,,,,,-0.1445,7.0,-0.1389,10.0
2025-11-12,Extreme Weather-Heat,,,0.0983,2.0,,,,,-0.0022,1.0,,,,,0.1164,5.0,-0.2513,2.0,,,0.3059,7.0,,,-0.0172,2.0,0.408,1.0,,,0.049,2.0,,,-0.1271,1.0,,,-0.4544,7.0,,,,,,,,,-0.0106,1.0,0.256,7.0,,,-0.0012,1.0,,,,,-0.0313,9.0
2025-11-12,Fiscal Policy,-0.0387,17.0,0.2658,20.0,0.1801,42.0,0.1265,61.0,0.1033,57.0,0.0063,2.0,,,-0.0378,91.0,-0.3776,33.0,-0.0039,2.0,0.1765,25.0,-0.0203,3.0,-0.0606,21.0,0.2526,31.0,-0.0126,6.0,0.0334,9.0,,,0.0722,13.0,-0.6787,7.0,0.3647,18.0,0.222,7.0,-0.2358,5.0,0.165,7.0,0.2877,7.0,0.17,18.0,0.2081,8.0,0.3928,1.0,,,-0.2608,57.0,-0.087,53.0,-0.0129,523.0
2025-11-12,Fiscal Policy-Stimulus Package,-0.0091,1.0,-0.4359,2.0,0.0889,18.0,0.1016,14.0,0.0168,8.0,-0.0072,3.0,0.008,1.0,0.0647,30.0,-0.0168,14.0,0.8172,3.0,0.2919,13.0,0.2325,1.0,0.0602,10.0,0.518,11.0,,,0.0647,11.0,,,0.2729,9.0,,,0.0047,6.0,0.1319,5.0,-0.9061,2.0,0.9433,3.0,,,0.573,11.0,-0.1632,6.0,,,,,-0.0444,5.0,-0.0176,17.0,-0.1762,237.0
2025-11-12,Monetary Policy,0.2336,3.0,-0.2678,3.0,0.0263,20.0,0.0712,28.0,0.0534,20.0,,,0.5617,2.0,0.3764,5.0,0.2678,19.0,-0.4474,4.0,-0.0051,10.0,,,-0.6877,1.0,0.0562,13.0,-0.468,5.0,0.2907,3.0,0.0083,2.0,0.2758,3.0,,,0.0883,9.0,-0.9083,3.0,0.9392,2.0,-0.8891,1.0,,,0.4368,18.0,0.4683,8.0,,,0.0162,2.0,-0.0808,4.0,0.1838,13.0,0.0593,157.0
2025-11-12,Monetary Policy-Interest Rates,0.0114,1.0,,,-0.058,2.0,0.7566,1.0,0.6174,1.0,,,,,,,-0.6133,7.0,0.4727,1.0,-0.817,1.0,,,,,-0.7914,2.0,0.3351,2.0,0.2397,1.0,,,,,,,,,-0.085,1.0,,,,,,,,,-0.9141,1.0,,,,,,,-0.9094,1.0,-0.0699,35.0
2025-11-12,Monetary Policy-Quantitative Easing,0.0162,3.0,-0.0412,12.0,0.1901,14.0,0.0109,2.0,0.1653,32.0,,,0.9483,1.0,0.3888,5.0,-0.2041,16.0,0.0896,2.0,0.2107,14.0,,,-0.7942,1.0,-0.0266,41.0,0.7384,7.0,,,,,,,-0.0179,2.0,,,,,0.0948,39.0,0.0062,2.0,,,0.1819,7.0,0.0031,1.0,,,,,,,0.0332,21.0,0.0353,101.0
2025-11-12,Natural Disaster,,,-0.4542,6.0,-0.895,1.0,,,-0.8082,79.0,,,,,,,,,,,-0.6707,2.0,,,-0.2017,1.0,0.0517,7.0,,,0.0136,2.0,,,,,,,-0.6064,33.0,,,,,,,,,,,-0.1845,1.0,-0.7834,70.0,-0.9004,1.0,-0.8771,1.0,-0.5506,2.0,-0.3289,13.0
2025-11-12,Pandemic,0.0847,5.0,-0.2842,28.0,-0.1274,56.0,0.1351,55.0,-0.0193,106.0,-0.0754,8.0,0.5801,9.0,-0.0031,41.0,-0.2471,67.0,-0.8873,1.0,0.0008,91.0,-0.5395,7.0,-0.1238,24.0,-0.1409,48.0,-0.0162,9.0,0.0712,25.0,0.9357,3.0,0.0121,21.0,-0.0662,3.0,0.207,59.0,-0.0018,4.0,-0.3461,26.0,0.3141,18.0,-0.2951,4.0,-0.0006,16.0,-0.0849,28.0,-0.6197,50.0,-0.1394,4.0,-0.3479,47.0,-0.1525,99.0,-0.0782,558.0
2025-11-12,Politics,-0.0532,36.0,-0.0057,73.0,-0.0361,153.0,0.1126,139.0,-0.0165,259.0,-0.1847,17.0,0.0525,27.0,-0.056,245.0,-0.1595,113.0,0.0859,15.0,0.0643,206.0,-0.0061,357.0,-0.0248,85.0,0.1617,79.0,-0.3625,73.0,-0.0192,71.0,-0.1453,1.0,-0.1114,61.0,0.0461,50.0,0.0723,61.0,-0.1358,60.0,-0.0644,202.0,0.3061,13.0,0.202,13.0,0.1313,46.0,0.002,74.0,0.0966,15.0,-0.1729,42.0,-0.3314,640.0,-0.0927,428.0,-0.0421,1556.0
2025-11-12,Politics-Election,,,-0.0011,1.0,0.0597,1.0,0.0064,4.0,,,0.0067,1.0,,,-0.0687,4.0,0.2927,1.0,,,0.125,69.0,,,,,,,,,-0.1102,2.0,,,-0.4507,5.0,,,-0.0752,1.0,,,,,,,,,,,0.1699,4.0,,,,,,,0.0607,9.0,0.058,72.0
2025-11-12,Politics-Political Tension,-0.0132,3.0,0.0999,15.0,-0.1898,22.0,0.2483,38.0,0.0408,26.0,-0.1297,9.0,0.0333,1.0,-0.0108,30.0,-0.0563,13.0,0.0011,4.0,-0.1189,20.0,-0.1386,77.0,-0.0875,5.0,-0.2141,23.0,-0.1257,4.0,-0.0921,6.0,,,-0.2619,3.0,0.2696,18.0,0.0224,3.0,-0.424,14.0,-0.1099,40.0,,,0.0046,2.0,-0.2069,3.0,-0.0607,4.0,-0.5238,2.0,-0.863,1.0,-0.3202,333.0,-0.1032,70.0,-0.1164,130.0
2025-11-12,Terrorist Attacks,-0.0043,1.0,,,-0.5858,15.0,-0.4449,4.0,-0.431,6.0,-0.4435,1.0,,,0.0107,107.0,-0.2758,29.0,,,-0.2239,438.0,-0.6572,5.0,-0.4106,3.0,-0.791,2.0,,,-0.4815,5.0,0.002,8.0,-0.0057,1.0,-0.2204,147.0,-0.4647,6.0,,,-0.5364,13.0,,,,,-0.399,6.0,-0.4614,4.0,,,-0.2655,23.0,-0.7858,1.0,-0.0573,30.0,-0.4106,60.0
2025-11-12,Wars,0.0316,1.0,0.2901,15.0,-0.4152,15.0,0.1895,5.0,0.0051,93.0,0.0044,2.0,-0.1447,11.0,-0.0755,44.0,-0.0524,35.0,-0.2849,3.0,0.1122,19.0,-0.2208,228.0,0.0288,21.0,-0.0067,29.0,-0.2453,22.0,0.1725,4.0,0.0061,1.0,0.2632,51.0,-0.1657,18.0,0.2169,6.0,,,-0.0067,265.0,0.1609,5.0,,,0.1192,8.0,-0.0647,11.0,0.4457,4.0,-0.1004,18.0,-0.2041,342.0,-0.2089,34.0,0.0095,189.0
2025-11-11,Economic Data,0.1748,13.0,0.0633,41.0,-0.1047,23.0,0.11,32.0,0.0438,287.0,-0.0129,5.0,0.2747,5.0,0.0562,31.0,-0.0475,124.0,0.0513,4.0,0.2971,81.0,,,0.3277,20.0,-0.0636,77.0,0.3966,20.0,0.2698,19.0,0.0532,11.0,0.5248,3.0,-0.4846,4.0,-0.0899,15.0,0.0113,2.0,-0.4966,8.0,0.21,27.0,0.012,1.0,0.0195,25.0,0.3656,24.0,-0.0371,8.0,0.4811,2.0,0.9461,1.0,0.0116,124.0,0.0843,471.0
2025-11-11,Economic Data-Consumer Spending,,,0.8078,3.0,,,-0.8383,3.0,0.2979,5.0,,,,,,,,,,,,,,,,,-0.0,1.0,,,0.46,2.0,0.477,5.0,,,,,,,,,,,,,,,,,,,,,,,,,-0.8575,15.0,0.8482,2.0
2025-11-11,Economic Data-Employment,,,,,0.0163,2.0,-0.0246,10.0,-0.0967,6.0,,,,,,,0.0431,3.0,,,0.708,20.0,,,-0.0013,1.0,,,0.4537,2.0,-0.3936,2.0,0.4333,1.0,,,,,0.0119,1.0,0.0049,2.0,,,0.9308,2.0,0.0094,1.0,-0.5504,20.0,0.6545,6.0,0.8577,1.0,,,,,0.1328,112.0,-0.3239,93.0
2025-11-11,Economic Data-GDP,0.6006,1.0,0.0079,1.0,0.9385,3.0,0.0116,2.0,-0.6537,12.0,,,0.0019,3.0,0.3575,6.0,-0.4586,15.0,-0.4727,1.0,,,,,,,0.787,8.0,,,,,0.9276,3.0,0.9376,2.0,,,0.9332,2.0,,,0.1157,1.0,0.4542,1.0,,,-0.7872,3.0,-0.0068,2.0,,,,,,,-0.2924,4.0,-0.4316,12.0
2025-11-11,Economic Data-Housing,0.9393,1.0,0.2484,9.0,0.0014,1.0,0.2607,23.0,-0.0336,14.0,,,0.0019,1.0,0.5081,5.0,-0.2885,3.0,,,0.6034,16.0,,,-0.1088,4.0,0.0099,5.0,,,0.2457,5.0,-0.0017,3.0,,,,,0.0142,1.0,0.3876,2.0,,,0.5279,19.0,0.0172,7.0,0.0828,7.0,0.0061,3.0,,,,,0.3029,2.0,0.2903,47.0,0.177,92.0
2025-11-11,Economic Data-Inflation,0.37,1.0,,,-0.096,14.0,,,-0.1585,12.0,-0.0681,3.0,,,-0.381,2.0,,,0.3087,9.0,-0.1126,3.0,,,,,-0.0543,8.0,,,,,-0.7158,11.0,,,0.2065,1.0,,,0.0054,1.0,,,,,,,0.3019,1.0,-0.0049,1.0,,,,,,,0.3068,8.0,-0.0262,40.0
2025-11-11,Economic Data-Interest Rates,0.5384,1.0,-0.1843,15.0,0.48,27.0,0.0528,7.0,0.0926,23.0,,,,,-0.3059,3.0,0.3255,4.0,,,-0.048,20.0,,,-0.0849,3.0,0.5818,18.0,-0.4537,11.0,0.028,1.0,0.0153,4.0,-0.1973,3.0,,,0.0592,1.0,0.0045,1.0,,,-0.1483,12.0,0.4685,2.0,0.9464,1.0,,,,,,,,,-0.2461,64.0,0.2044,97.0
2025-11-11,Economic Data-Manufacturing,0.0502,1.0,0.3254,3.0,,,,,-0.0041,14.0,,,,,,,-0.0622,13.0,,,0.3481,16.0,0.1287,1.0,0.9409,1.0,0.4045,5.0,0.8842,1.0,-0.5139,6.0,,,0.9392,2.0,,,,,,,,,0.8962,3.0,,,0.4738,8.0,,,0.4647,2.0,,,,,0.3178,7.0,0.2788,29.0
2025-11-11,Economic Data-Retail Sales,,,0.6192,26.0,0.9448,1.0,0.0309,7.0,0.0599,19.0,,,,,,,0.1613,1.0,,,,,,,0.9316,5.0,,,0.0064,1.0,0.5554,8.0,0.0149,1.0,0.0389,1.0,,,0.911,1.0,,,,,,,0.9451,1.0,,,,,,,0.9443,2.0,,,-0.2106,17.0,0.3219,17.0
2025-11-11,Extreme Weather,0.0245,9.0,-0.192,29.0,0.1685,39.0,-0.1324,27.0,-0.5309,70.0,0.0031,2.0,0.2459,4.0,0.0799,8.0,-0.1489,28.0,,,-0.1212,42.0,,,0.3946,7.0,0.1533,15.0,0.1512,2.0,-0.2755,23.0,0.1732,3.0,,,0.4398,2.0,-0.4075,169.0,0.6057,1.0,-0.1634,9.0,0.0313,5.0,-0.001,2.0,-0.452,6.0,-0.0678,27.0,-0.2416,78.0,-0.4428,2.0,0.4458,8.0,-0.1681,21.0,-0.0133,229.0
2025-11-11,Extreme Weather-Cold,,,,,-0.0077,1.0,-0.4421,15.0,,,,,,,,,0.0099,1.0,,,-0.3411,8.0,,,,,,,,,-0.24,11.0,,,,,,,-0.0443,9.0,,,-0.288,2.0,,,-0.2839,3.0,,,,,,,,,-0.907,1.0,-0.0705,17.0,-0.1273,88.0
2025-11-11,Extreme Weather-Drought,,,-0.0558,6.0,-0.4376,4.0,-0.9024,1.0,-0.4292,2.0,,,,,,,,,,,0.2975,9.0,0.9085,1.0,,,-0.8351,1.0,,,,,,,,,,,-0.0773,9.0,,,,,,,,,0.5947,2.0,,,,,,,,,-0.8301,1.0,0.0568,23.0
2025-11-11,Extreme Weather-Heat,,,-0.0003,1.0,0.0263,1.0,0.9484,2.0,-0.6052,5.0,,,,,0.0017,1.0,,,,,0.0003,1.0,,,0.0003,2.0,,,,,,,,,,,,,,,,,-0.019,1.0,0.095,3.0,,,0.0103,1.0,-0.3681,4.0,0.0369,2.0,-0.001,1.0,,,0.017,5.0,-0.1334,7.0
2025-11-11,Fiscal Policy,0.043,16.0,0.1439,9.0,0.1433,21.0,0.0205,17.0,0.0872,69.0,,,0.5192,2.0,-0.1346,27.0,-0.1101,30.0,0.0081,2.0,0.2087,54.0,-0.0043,1.0,0.0669,10.0,-0.2333,27.0,0.1848,4.0,0.098,10.0,0.1534,1.0,-0.0628,4.0,0.3196,2.0,0.1181,14.0,-0.4136,3.0,-0.5481,3.0,0.2681,13.0,0.2344,3.0,-0.1559,11.0,0.3161,4.0,-0.2822,2.0,,,-0.0405,25.0,0.1311,43.0,-0.1231,541.0
2025-11-11,Fiscal Policy-Stimulus Package,,,0.3303,7.0,0.4363,3.0,0.159,8.0,0.3471,5.0,,,,,-0.2697,8.0,0.0027,8.0,0.6589,6.0,0.6258,11.0,,,0.027,3.0,0.0286,4.0,0.0028,1.0,0.2775,4.0,,,0.0824,1.0,0.0044,4.0,0.1622,4.0,,,0.2158,14.0,0.3425,4.0,,,0.3535,1.0,-0.2162,3.0,0.0259,1.0,,,-0.2011,11.0,-0.1456,45.0,-0.0567,376.0
2025-11-11,Monetary Policy,0.7337,2.0,-0.4136,11.0,0.3874,23.0,-0.058,5.0,0.0914,38.0,,,0.4488,2.0,0.0025,1.0,0.5488,14.0,,,-0.0677,22.0,,,0.0047,1.0,0.3514,12.0,-0.7729,6.0,,,0.0082,2.0,0.0556,2.0,,,0.0323,2.0,0.0045,1.0,,,-0.1799,11.0,0.9126,1.0,0.4476,5.0,,,,,,,,,-0.2725,44.0,0.1124,90.0
2025-11-11,Monetary Policy-Interest Rates,,,-0.2217,8.0,0.612,3.0,,,0.033,2.0,,,,,,,0.0056,1.0,,,,,,,,,0.0016,1.0,0.0142,1.0,,,,,-0.703,1.0,,,-0.6983,1.0,,,,,,,,,,,,,,,,,,,0.0129,13.0,0.0362,22.0
2025-11-11,Monetary Policy-Quantitative Easing,0.2318,4.0,,,-0.0305,5.0,-0.2955,5.0,0.4663,31.0,,,0.9496,1.0,0.0029,3.0,0.0525,25.0,-0.9157,2.0,0.2713,15.0,,,,,-0.0918,14.0,0.3123,5.0,,,,,-0.9151,1.0,,,,,,,0.0033,2.0,0.9226,1.0,,,,,0.0033,1.0,,,0.003,2.0,,,0.143,49.0,0.1962,79.0
2025-11-11,Natural Disaster,,,-0.7607,7.0,-0.2365,6.0,,,-0.8642,49.0,,,,,,,,,,,0.44,2.0,,,,,0.4465,4.0,,,-0.3436,4.0,,,,,,,-0.4935,126.0,,,-0.9078,2.0,,,,,-0.455,2.0,,,-0.6819,15.0,-0.8766,1.0,,,-0.7241,4.0,-0.1482,18.0
2025-11-11,Oil Spills,,,,,,,-0.4486,1.0,,,,,,,,,,,,,,,,,,,-0.0017,1.0,,,,,,,,,,,,,,,,,,,,,-0.7836,1.0,,,,,,,,,,,,
2025-11-11,Pandemic,-0.1872,11.0,0.0574,28.0,-0.1156,41.0,-0.0001,53.0,0.1551,58.0,-0.2115,6.0,-0.4741,13.0,-0.0026,30.0,-0.0711,51.0,0.0094,1.0,-0.0257,98.0,-0.0607,9.0,-0.1789,30.0,0.0161,29.0,-0.3207,4.0,-0.0025,26.0,0.0754,4.0,-0.151,7.0,-0.2655,13.0,-0.0574,43.0,-0.1943,7.0,-0.1733,33.0,-0.0048,32.0,-0.0412,14.0,-0.4284,16.0,-0.2077,48.0,-0.3422,8.0,-0.8705,1.0,-0.0872,71.0,-0.0153,113.0,-0.2083,610.0
2025-11-11,Politics,0.1204,34.0,0.1982,42.0,0.0914,70.0,0.0992,104.0,-0.0111,273.0,-0.6158,2.0,-0.1497,15.0,-0.1089,163.0,-0.0362,115.0,0.0528,25.0,0.1409,248.0,0.007,103.0,0.0417,68.0,-0.0774,69.0,-0.1212,38.0,-0.0882,58.0,-0.246,3.0,-0.2137,41.0,-0.019,48.0,0.0023,33.0,-0.1072,60.0,-0.0067,185.0,0.0563,21.0,0.2082,13.0,-0.1094,29.0,-0.0535,62.0,-0.0518,18.0,-0.2083,142.0,-0.147,267.0,-0.0704,216.0,-0.083,1656.0
2025-11-11,Politics-Election,0.1292,1.0,,,,,,,,,,,-0.0053,6.0,0.0024,1.0,,,,,0.0689,192.0,,,0.0036,2.0,0.0044,1.0,,,0.0092,2.0,,,0.0062,2.0,,,,,,,,,,,,,,,0.1959,3.0,0.3017,2.0,,,0.0103,3.0,0.003,2.0,0.1703,88.0
2025-11-11,Politics-Political Tension,-0.1869,4.0,0.2033,7.0,-0.1277,3.0,0.1934,52.0,-0.0715,38.0,,,-0.7767,1.0,-0.1056,32.0,-0.2844,10.0,-0.1669,5.0,0.0323,35.0,-0.1626,14.0,-0.0028,8.0,,,0.1389,7.0,-0.5876,2.0,,,-0.2251,3.0,-0.0422,9.0,-0.0017,4.0,-0.3124,8.0,-0.1875,28.0,0.014,1.0,,,-0.0594,6.0,0.174,6.0,-0.0008,5.0,-0.2086,8.0,-0.1266,35.0,-0.5479,57.0,-0.1561,132.0
2025-11-11,Terrorist Attacks,-0.3403,5.0,-0.4396,1.0,-0.726,4.0,-0.1347,6.0,-0.4356,3.0,,,-0.1273,2.0,-0.0544,66.0,-0.3138,80.0,,,-0.276,817.0,-0.0964,2.0,-0.179,3.0,,,-0.82,1.0,-0.4646,9.0,0.0056,4.0,0.0007,1.0,-0.5368,619.0,-0.6698,10.0,-0.0003,2.0,-0.329,3.0,,,-0.6857,1.0,-0.0098,1.0,-0.843,1.0,,,-0.4902,3.0,-0.0475,1.0,-0.37,40.0,-0.349,65.0
2025-11-11,Wars,0.0268,2.0,0.0004,7.0,-0.445,5.0,0.0524,13.0,-0.0369,50.0,,,-0.4451,4.0,0.0142,31.0,-0.0167,43.0,,,0.0996,28.0,-0.1451,70.0,0.01,6.0,-0.0456,9.0,-0.0954,37.0,0.4622,9.0,,,-0.2719,10.0,-0.2386,9.0,0.2568,4.0,0.3921,8.0,-0.0178,234.0,0.4718,2.0,0.0088,3.0,0.0117,1.0,-0.2365,17.0,-0.1013,8.0,0.1121,23.0,-0.2382,271.0,0.0232,22.0,-0.004,200.0
2025-11-10,Economic Data,0.1269,6.0,0.1979,35.0,0.3799,13.0,0.3795,73.0,0.1192,347.0,0.0027,1.0,0.3169,15.0,0.1246,29.0,-0.0271,59.0,-0.528,2.0,0.3966,90.0,0.4294,3.0,0.0134,6.0,0.1624,80.0,0.4095,9.0,0.0591,12.0,0.2666,4.0,-0.1275,6.0,-0.7365,11.0,-0.0481,16.0,0.0976,3.0,-0.0587,20.0,0.2407,24.0,0.0514,3.0,0.4681,11.0,0.2806,18.0,0.2361,17.0,-0.0354,7.0,0.1691,10.0,0.2402,38.0,0.0084,430.0
2025-11-10,Economic Data-Consumer Spending,,,,,,,,,0.0009,2.0,,,,,,,,,,,,,,,,,0.0228,1.0,,,,,,,,,,,,,,,,,,,,,,,-0.7803,1.0,,,,,,,,,-0.1881,3.0
2025-11-10,Economic Data-Employment,0.4809,2.0,0.0174,1.0,0.0446,2.0,0.0898,2.0,-0.3762,4.0,-0.1209,5.0,,,-0.231,2.0,-0.1822,5.0,,,-0.2906,9.0,,,0.0877,2.0,0.0163,2.0,,,0.1191,4.0,0.9335,1.0,0.8304,1.0,,,0.3311,1.0,,,0.0221,1.0,0.0311,2.0,0.0436,1.0,,,0.0102,1.0,0.9296,1.0,,,,,-0.1439,19.0,-0.24,33.0
2025-11-10,Economic Data-GDP,0.0035,1.0,0.3385,8.0,0.0121,1.0,,,-0.1481,11.0,,,-0.8547,1.0,,,0.5017,2.0,,,-0.4372,2.0,,,,,0.8351,10.0,-0.6082,2.0,,,,,,,,,0.4307,5.0,,,,,,,,,,,,,,,,,,,0.6124,6.0,-0.3987,8.0
2025-11-10,Economic Data-Housing,0.3644,1.0,0.4953,11.0,0.0217,1.0,0.0229,24.0,0.1128,13.0,,,-0.2531,3.0,0.0067,4.0,0.0282,5.0,,,0.6327,12.0,,,-0.1111,4.0,-0.0427,7.0,0.0074,1.0,0.0211,3.0,0.5442,3.0,0.0476,2.0,,,0.2356,3.0,0.9172,1.0,,,0.9265,4.0,-0.3676,2.0,0.004,9.0,0.5952,5.0,0.0137,1.0,,,,,0.1251,40.0,0.2883,93.0
2025-11-10,Economic Data-Inflation,,,-0.0688,1.0,0.245,5.0,,,0.231,29.0,,,0.7256,18.0,-0.7924,2.0,,,,,,,,,-0.3846,1.0,0.2304,5.0,,,,,,,,,,,-0.9155,1.0,0.0054,1.0,,,,,,,,,,,0.0015,1.0,,,0.4762,4.0,-0.0094,3.0,-0.0853,34.0
2025-11-10,Economic Data-Interest Rates,,,-0.256,21.0,0.6553,8.0,0.7918,7.0,0.3244,19.0,,,0.8951,1.0,0.0518,2.0,0.0977,21.0,,,0.1986,13.0,,,,,0.1069,59.0,,,-0.906,1.0,,,0.5604,3.0,0.0382,2.0,-0.6089,4.0,0.4537,4.0,0.9419,5.0,,,,,,,,,,,-0.8317,1.0,,,0.0081,13.0,0.1081,176.0
2025-11-10,Economic Data-Manufacturing,,,0.7289,4.0,,,0.008,2.0,0.1142,13.0,,,,,0.9425,10.0,0.0223,6.0,,,0.277,10.0,0.1972,10.0,,,0.1816,1.0,,,,,,,,,,,,,,,,,0.6547,11.0,,,0.9434,1.0,0.9527,1.0,0.0149,4.0,0.9466,2.0,,,0.005,1.0,0.6682,33.0
2025-11-10,Economic Data-Retail Sales,0.1317,1.0,0.8616,2.0,,,0.0153,7.0,0.2473,4.0,,,,,,,0.0056,2.0,,,0.3413,3.0,,,,,,,,,0.3317,3.0,,,-0.0675,1.0,0.9514,1.0,0.741,1.0,,,,,0.0032,2.0,0.0969,12.0,0.0845,1.0,0.0939,2.0,,,,,0.9431,1.0,,,0.1812,21.0
2025-11-10,Extreme Weather,0.0024,6.0,0.1054,11.0,-0.3199,76.0,0.0338,46.0,0.035,22.0,,,0.1112,1.0,0.1304,5.0,0.0406,17.0,0.0056,2.0,-0.334,35.0,,,0.0033,1.0,-0.1084,83.0,-0.0609,3.0,-0.3095,30.0,,,,,-0.0002,1.0,-0.5091,485.0,0.003,1.0,-0.3738,6.0,-0.0793,3.0,,,-0.451,2.0,-0.2964,29.0,-0.0745,13.0,0.0071,1.0,-0.4504,9.0,-0.3884,20.0,-0.0149,223.0
2025-11-10,Extreme Weather-Cold,,,,,-0.8962,1.0,0.3148,7.0,-0.317,3.0,,,,,,,0.0109,1.0,,,-0.1253,10.0,,,,,,,,,-0.1522,10.0,,,,,,,-0.3999,4.0,,,,,,,,,,,,,,,,,0.9386,1.0,0.0645,7.0,-0.078,124.0
2025-11-10,Extreme Weather-Drought,,,0.9433,1.0,-0.32,14.0,-0.902,1.0,0.9499,1.0,,,,,0.0046,1.0,0.0054,3.0,,,-0.1029,6.0,,,,,,,,,-0.0097,1.0,-0.0097,14.0,,,,,0.4744,2.0,,,,,,,,,,,0.0271,1.0,,,-0.9161,2.0,-0.731,1.0,-0.5898,4.0,-0.4212,3.0
2025-11-10,Extreme Weather-Heat,,,-0.0025,1.0,-0.0408,5.0,0.237,1.0,,,,,,,-0.1244,3.0,0.0081,1.0,,,-0.2733,3.0,,,0.0008,2.0,,,,,-0.0166,1.0,,,-0.866,1.0,,,,,,,0.0349,1.0,,,,,,,0.1244,4.0,,,-0.0016,1.0,,,0.5313,1.0,0.2387,9.0
2025-11-10,Fiscal Policy,-0.1309,6.0,0.2706,15.0,0.032,10.0,0.1859,42.0,0.2146,39.0,-0.1342,3.0,,,-0.0468,24.0,0.0562,26.0,0.0064,2.0,0.2695,52.0,0.0843,1.0,0.0414,3.0,-0.0391,25.0,0.3686,8.0,0.1519,8.0,,,0.3957,8.0,0.1408,3.0,0.3291,5.0,,,0.0592,6.0,,,0.1589,3.0,-0.407,6.0,0.4663,2.0,-0.3533,5.0,0.9356,1.0,0.0149,28.0,0.0768,58.0,0.1462,925.0
2025-11-10,Fiscal Policy-Stimulus Package,-0.0386,1.0,-0.4446,3.0,-0.2674,3.0,0.1625,26.0,0.2006,8.0,0.0029,1.0,,,-0.0273,12.0,0.1446,8.0,0.9441,2.0,0.2145,8.0,,,-0.2174,4.0,0.2883,12.0,0.9183,7.0,-0.2853,3.0,,,,,,,0.3112,1.0,-0.8142,1.0,-0.378,5.0,0.3284,3.0,0.004,2.0,0.3209,6.0,,,0.3919,3.0,,,,,0.1022,35.0,-0.0601,555.0
2025-11-10,Monetary Policy,,,-0.1926,25.0,0.6553,8.0,0.0221,1.0,0.4198,18.0,,,0.8951,1.0,,,0.1258,24.0,,,0.1778,7.0,,,,,0.1303,61.0,,,-0.906,1.0,,,0.8365,2.0,,,-0.9185,3.0,0.2276,7.0,0.9419,5.0,,,0.6308,6.0,,,,,,,-0.8317,1.0,,,-0.188,8.0,0.0966,113.0
2025-11-10,Monetary Policy-Interest Rates,,,-0.1393,1.0,0.3667,2.0,,,0.3257,1.0,,,,,,,0.0048,1.0,,,,,,,,,0.0719,12.0,,,,,,,,,,,,,-0.6061,1.0,,,,,,,,,,,,,,,,,-0.3045,3.0,-0.3037,29.0
2025-11-10,Monetary Policy-Quantitative Easing,0.0586,3.0,0.0221,3.0,0.0201,27.0,0.2397,5.0,0.3547,34.0,,,0.7772,3.0,0.0068,4.0,0.0219,26.0,0.4613,4.0,0.6587,26.0,,,0.0068,2.0,0.0112,6.0,,,0.0089,1.0,,,0.0036,2.0,,,-0.0002,3.0,0.0062,2.0,0.0114,6.0,0.0088,1.0,,,0.0038,5.0,0.0108,2.0,0.5226,6.0,,,,,0.0889,93.0,0.1265,65.0
2025-11-10,Natural Disaster,,,,,-0.5267,34.0,-0.9107,3.0,-0.4597,5.0,,,,,,,,,,,-0.5222,5.0,,,0.0033,1.0,-0.1377,60.0,,,0.0202,8.0,,,,,,,-0.5107,392.0,,,,,-0.2621,1.0,,,,,-0.8671,4.0,-0.2354,8.0,,,,,-0.8808,4.0,-0.2006,18.0
2025-11-10,Oil Spills,,,,,,,,,,,,,,,,,,,,,,,,,,,,,,,,,,,,,,,,,,,,,,,,,,,,,,,,,,,,,-0.8808,1.0
2025-11-10,Pandemic,-0.2879,11.0,0.0653,54.0,-0.0935,38.0,0.0095,70.0,0.0262,126.0,-0.2013,5.0,,,-0.2103,27.0,-0.2651,32.0,0.1159,1.0,-0.034,64.0,0.0362,15.0,-0.2665,14.0,-0.2106,19.0,-0.7252,2.0,-0.0959,17.0,-0.5907,4.0,-0.29,10.0,0.1033,5.0,-0.0799,68.0,-0.1488,12.0,-0.0139,27.0,-0.0928,28.0,0.8723,6.0,-0.1585,13.0,-0.2047,15.0,0.1609,8.0,-0.4213,9.0,-0.1066,61.0,-0.0273,74.0,-0.1725,757.0
2025-11-10,Politics,-0.0163,30.0,-0.0881,50.0,0.0704,90.0,0.1398,135.0,-0.0378,212.0,-0.2219,6.0,0.1293,16.0,-0.0009,621.0,-0.0071,112.0,0.118,26.0,0.0899,281.0,-0.0975,99.0,-0.0952,73.0,-0.057,77.0,-0.2704,93.0,-0.145,27.0,-0.2419,3.0,-0.2152,66.0,-0.08,49.0,-0.0886,30.0,-0.4206,29.0,-0.0603,178.0,0.0344,19.0,0.1553,9.0,0.0194,63.0,0.0988,41.0,-0.1308,22.0,-0.1257,8.0,-0.135,302.0,-0.0161,234.0,0.0208,2137.0
2025-11-10,Politics-Election,0.0001,1.0,,,0.0052,2.0,0.0081,1.0,0.0106,2.0,,,0.0085,31.0,-0.0681,3.0,0.0667,4.0,,,0.0914,80.0,,,,,0.0031,6.0,,,0.068,2.0,,,-0.0079,5.0,0.0017,1.0,,,,,,,,,,,,,0.0845,4.0,-0.0049,3.0,,,,,0.0126,3.0,0.0416,44.0
2025-11-10,Politics-Political Tension,-0.2657,3.0,0.1415,13.0,-0.1209,4.0,-0.0359,4.0,-0.166,24.0,,,0.0011,1.0,-0.0079,14.0,-0.142,25.0,0.0179,5.0,-0.03,35.0,-0.0852,22.0,0.0951,7.0,-0.4122,5.0,-0.3421,3.0,0.038,7.0,,,-0.4974,4.0,0.2261,10.0,-0.0125,8.0,-0.6079,3.0,-0.1913,41.0,,,0.0193,2.0,-0.1174,9.0,-0.0576,4.0,-0.1959,10.0,,,-0.2213,44.0,-0.306,40.0,-0.0351,282.0
2025-11-10,Terrorist Attacks,,,-0.0013,2.0,-0.5484,2.0,-0.1095,8.0,-0.2603,3.0,-0.8739,1.0,,,-0.1517,58.0,-0.1158,94.0,,,-0.4415,666.0,-0.0086,3.0,-0.6666,4.0,,,,,-0.374,4.0,-0.5417,8.0,-0.6551,4.0,-0.2686,6.0,-0.1225,24.0,,,-0.7049,3.0,-0.393,2.0,,,-0.5403,3.0,-0.7798,5.0,-0.8717,1.0,-0.7814,4.0,-0.495,8.0,-0.5632,21.0,-0.5163,131.0
2025-11-10,Wars,,,0.1861,10.0,0.0107,2.0,0.3452,7.0,0.1057,56.0,-0.1904,4.0,0.1528,6.0,0.0827,18.0,-0.0769,35.0,0.0053,2.0,0.3435,20.0,-0.1027,110.0,-0.0234,4.0,-0.0639,29.0,-0.4418,48.0,0.0018,3.0,,,0.0214,16.0,-0.3074,27.0,0.2016,15.0,-0.1541,9.0,-0.0938,227.0,0.3179,14.0,,,,,-0.0008,6.0,0.1575,9.0,0.2698,9.0,-0.2413,269.0,-0.0026,21.0,-0.0819,130.0
2025-11-09,Economic Data,-0.9175,3.0,-0.0303,5.0,0.0217,5.0,-0.1601,4.0,0.1845,153.0,0.0089,3.0,0.928,2.0,-0.3208,16.0,-0.2464,11.0,0.03,1.0,0.537,17.0,0.5029,8.0,0.0177,1.0,0.1798,10.0,-0.3749,3.0,-0.0094,9.0,0.0207,1.0,,,-0.0278,3.0,0.0117,9.0,0.2882,3.0,-0.2287,5.0,-0.2436,6.0,-0.447,2.0,0.006,1.0,0.0365,12.0,0.862,7.0,,,,,0.1734,16.0,-0.1054,112.0
2025-11-09,Economic Data-Consumer Spending,,,,,,,,,-0.8802,1.0,,,,,,,,,,,,,,,,,,,,,,,,,,,,,,,,,,,,,,,,,,,,,,,,,,,-0.3023,3.0
2025-11-09,Economic Data-Employment,-0.9202,1.0,,,,,-0.7079,2.0,0.282,3.0,0.002,2.0,,,0.0142,1.0,0.0635,3.0,,,0.2348,3.0,,,0.138,1.0,0.2193,3.0,-0.4619,2.0,,,0.2121,2.0,,,,,0.5491,1.0,,,,,0.0031,1.0,-0.0938,1.0,,,-0.3774,2.0,,,,,0.0026,1.0,0.181,6.0,-0.3929,16.0
2025-11-09,Economic Data-GDP,,,-0.8996,1.0,,,,,0.1129,2.0,,,,,,,,,,,0.9515,1.0,,,,,,,0.6494,2.0,,,,,,,,,0.208,1.0,,,,,,,,,,,,,,,,,,,,,0.0033,6.0
2025-11-09,Economic Data-Housing,,,0.0078,3.0,,,-0.2504,3.0,,,,,0.0054,1.0,,,0.9356,1.0,,,0.4524,2.0,,,0.2119,4.0,0.1017,5.0,-0.9188,1.0,-0.9233,1.0,,,,,,,0.9109,1.0,,,-0.0036,1.0,0.7818,2.0,,,,,0.4578,2.0,,,,,,,0.1902,14.0,0.3019,32.0
2025-11-09,Economic Data-Inflation,-0.2108,2.0,,,,,,,0.0921,60.0,,,,,,,,,,,,,,,,,,,,,,,,,,,,,,,,,,,,,,,,,,,,,,,,,,,-0.1975,9.0
2025-11-09,Economic Data-Interest Rates,-0.0064,4.0,-0.5326,4.0,-0.9175,1.0,,,,,,,,,,,-0.256,2.0,,,0.8558,1.0,,,,,-0.4756,2.0,,,,,,,,,,,-0.1751,2.0,,,,,0.9409,1.0,,,0.3977,1.0,,,,,,,,,0.3529,3.0,-0.1915,18.0
2025-11-09,Economic Data-Manufacturing,,,,,,,,,0.083,19.0,,,,,,,0.0755,1.0,,,0.8712,2.0,0.8371,3.0,,,,,,,0.4643,1.0,,,,,-0.9143,5.0,,,,,,,0.0921,5.0,,,,,,,,,,,,,,,-0.0636,2.0
2025-11-09,Economic Data-Retail Sales,0.9511,1.0,,,,,,,0.9498,1.0,,,,,0.2136,2.0,,,,,,,,,,,,,,,,,,,,,,,,,-0.8543,1.0,,,,,,,,,,,,,,,,,,,0.0195,2.0
2025-11-09,Extreme Weather,-0.2264,11.0,-0.1309,4.0,-0.516,136.0,0.0827,10.0,0.1672,15.0,,,0.0537,2.0,-0.021,4.0,-0.0859,11.0,,,-0.2957,38.0,,,-0.9077,2.0,-0.0769,357.0,-0.8631,1.0,-0.1153,18.0,-0.5656,2.0,,,-0.5732,3.0,-0.3349,772.0,-0.0746,1.0,-0.4754,8.0,,,,,0.1084,3.0,-0.4582,75.0,-0.5934,4.0,0.0,1.0,-0.3508,5.0,0.1836,10.0,-0.1269,132.0
2025-11-09,Extreme Weather-Cold,,,,,,,0.0214,2.0,,,,,,,-0.0014,1.0,0.0019,1.0,,,-0.4259,9.0,,,,,,,-0.0084,2.0,-0.0207,4.0,,,,,,,-0.1851,4.0,,,,,,,,,,,-0.0081,2.0,,,,,,,-0.1886,6.0,-0.0739,43.0
2025-11-09,Extreme Weather-Drought,-0.7279,4.0,-0.4082,2.0,0.189,3.0,,,0.3731,1.0,,,,,,,,,,,-0.1578,6.0,,,,,0.0476,1.0,,,0.3378,1.0,0.3465,1.0,,,,,-0.0004,2.0,,,,,,,,,-0.9191,2.0,0.0436,2.0,,,,,0.0006,1.0,-0.2542,4.0,0.1227,6.0
2025-11-09,Extreme Weather-Heat,,,-0.0022,1.0,0.8715,1.0,,,,,,,,,,,,,,,-0.4578,2.0,,,0.0026,2.0,,,,,0.008,3.0,,,,,,,,,,,,,,,,,0.0029,1.0,0.0149,5.0,,,,,,,0.0009,1.0,0.0069,3.0
2025-11-09,Fiscal Policy,-0.9201,1.0,-0.3963,5.0,0.0142,5.0,-0.2699,10.0,0.2601,14.0,,,,,-0.0545,24.0,-0.3074,8.0,0.8964,5.0,0.4275,29.0,0.3108,3.0,0.0128,2.0,-0.0609,1.0,,,0.0076,4.0,,,,,-0.2155,4.0,-0.258,4.0,,,-0.4658,2.0,,,0.5594,3.0,-0.89,1.0,0.2603,7.0,,,,,0.1433,1.0,-0.0585,21.0,-0.3245,257.0
2025-11-09,Fiscal Policy-Stimulus Package,0.465,2.0,0.7681,2.0,0.0083,2.0,0.3605,6.0,0.3008,5.0,,,,,-0.1046,7.0,-0.0067,3.0,,,0.6206,7.0,,,,,-0.0969,5.0,,,0.025,3.0,,,,,,,,,,,,,,,,,0.0039,1.0,0.0108,1.0,0.0022,5.0,,,0.0103,1.0,-0.0213,29.0,-0.2495,170.0
2025-11-09,Monetary Policy,-0.0067,2.0,-0.2881,5.0,,,,,0.0064,1.0,,,,,0.0,1.0,-0.5164,1.0,0.9471,1.0,0.8558,1.0,,,0.0093,2.0,,,,,,,,,,,,,-0.1748,5.0,,,,,,,,,,,,,,,,,,,,,-0.3433,9.0
2025-11-09,Monetary Policy-Interest Rates,,,-0.8962,1.0,-0.9175,1.0,,,,,,,,,,,,,,,,,,,,,,,,,,,,,,,,,,,-0.0952,1.0,,,,,,,,,,,,,,,,,0.9219,1.0,-0.3463,8.0
2025-11-09,Monetary Policy-Quantitative Easing,-0.4189,2.0,-0.1137,4.0,,,,,0.6742,3.0,,,0.4907,4.0,,,,,,,-0.9104,1.0,0.01,1.0,0.0123,1.0,-0.1083,9.0,,,,,,,,,,,-0.0122,2.0,,,-0.9098,1.0,,,,,,,,,,,,,0.94,4.0,,,0.0664,26.0
2025-11-09,Natural Disaster,-0.9066,1.0,,,-0.6417,109.0,,,,,,,,,,,,,,,-0.4051,17.0,,,,,-0.0846,353.0,,,0.0206,5.0,-0.3544,1.0,,,,,-0.3599,677.0,,,-0.0047,1.0,,,,,,,-0.8727,42.0,-0.884,1.0,,,,,,,-0.1171,34.0
2025-11-09,Oil Spills,,,,,,,,,,,,,,,,,,,,,-0.9072,1.0,,,,,,,,,,,,,,,,,,,,,,,,,,,,,,,,,,,,,,,,
2025-11-09,Pandemic,-0.3842,11.0,-0.4077,13.0,-0.3015,23.0,0.0025,1.0,0.0572,25.0,-0.0011,1.0,0.3188,3.0,-0.0722,33.0,-0.1538,25.0,0.0106,1.0,-0.2595,36.0,-0.2371,3.0,-0.1836,10.0,-0.0099,14.0,-0.4335,11.0,0.0127,16.0,0.044,2.0,0.2255,2.0,-0.1732,12.0,-0.3076,35.0,0.0011,3.0,-0.4075,4.0,-0.1238,23.0,-0.0022,1.0,-0.8266,2.0,-0.33,21.0,0.0647,5.0,0.2069,2.0,-0.2899,38.0,-0.1309,43.0,-0.5754,390.0
2025-11-09,Politics,-0.0275,13.0,-0.057,22.0,-0.0205,64.0,0.1276,45.0,0.1056,121.0,0.0034,2.0,0.0302,12.0,-0.0793,116.0,-0.3332,95.0,0.4391,14.0,0.1089,237.0,0.0055,48.0,-0.0133,35.0,-0.2415,35.0,0.1936,14.0,0.1408,29.0,-0.2352,2.0,-0.0544,23.0,0.0489,64.0,-0.3832,22.0,-0.1642,8.0,0.0508,95.0,-0.1,5.0,0.239,6.0,-0.0931,16.0,0.0093,60.0,-0.0204,16.0,-0.2158,8.0,-0.2085,98.0,-0.0822,168.0,-0.2213,809.0
2025-11-09,Politics-Election,,,,,0.1463,1.0,-0.4375,2.0,0.0057,2.0,,,-0.0293,3.0,-0.0195,3.0,,,,,0.0368,64.0,,,,,,,,,,,,,0.2268,8.0,,,,,0.0233,1.0,,,,,,,,,-0.2619,3.0,0.0014,1.0,,,,,0.0139,1.0,0.1261,25.0
2025-11-09,Politics-Political Tension,-0.0916,4.0,-0.0813,2.0,0.0184,2.0,0.0278,8.0,-0.0346,7.0,,,-0.0136,1.0,-0.1734,13.0,-0.2311,17.0,-0.0379,4.0,-0.353,9.0,-0.3007,25.0,0.0072,2.0,0.004,2.0,,,-0.0006,1.0,,,,,0.1591,13.0,0.2832,2.0,,,-0.0818,23.0,0.0507,3.0,0.0028,1.0,-0.3097,13.0,0.2903,8.0,,,0.7408,1.0,-0.2853,14.0,-0.3004,32.0,-0.2135,97.0
2025-11-09,Terrorist Attacks,,,-0.0087,1.0,-0.7895,1.0,-0.1478,8.0,-0.2514,1.0,,,,,-0.0774,56.0,-0.3123,8.0,,,-0.4142,34.0,0.001,1.0,,,-0.2668,2.0,-0.7484,3.0,-0.6507,9.0,,,-0.7416,2.0,-0.4402,3.0,0.2762,2.0,,,-0.6168,6.0,-0.6223,6.0,,,-0.8146,1.0,-0.4862,2.0,,,-0.6148,5.0,-0.8605,1.0,-0.3335,17.0,-0.5131,102.0
2025-11-09,Wars,,,0.007,1.0,-0.6268,3.0,0.2843,4.0,-0.0426,32.0,0.0028,6.0,0.0665,5.0,-0.0959,10.0,-0.0659,16.0,,,0.0251,22.0,0.0032,117.0,-0.1311,4.0,-0.2217,5.0,0.5805,4.0,0.2041,9.0,,,-0.2731,14.0,-0.0024,38.0,0.1409,13.0,-0.1656,16.0,-0.0743,204.0,-0.0308,7.0,,,0.7136,1.0,-0.1757,11.0,0.1554,7.0,-0.0879,14.0,-0.1897,186.0,0.0542,24.0,-0.0378,85.0
2025-11-08,Economic Data,-0.0456,2.0,0.4744,4.0,0.0972,6.0,0.3872,11.0,0.3487,66.0,,,,,-0.1524,13.0,0.0491,14.0,,,0.2375,21.0,0.8966,3.0,-0.1091,3.0,0.2986,18.0,0.505,5.0,-0.003,6.0,,,,,,,0.1795,11.0,0.0002,1.0,-0.006,2.0,0.2273,9.0,0.916,6.0,0.1752,4.0,0.1568,7.0,0.8505,9.0,0.886,2.0,0.0239,2.0,0.1055,16.0,0.009,94.0
2025-11-08,Economic Data-Consumer Spending,,,,,,,,,,,,,,,,,,,,,,,,,,,,,,,,,,,,,,,,,,,,,,,,,,,,,,,,,,,,,0.6161,1.0
2025-11-08,Economic Data-Employment,,,0.0033,1.0,0.9443,2.0,0.2863,10.0,,,,,,,-0.003,1.0,-0.3076,1.0,0.0101,3.0,0.1342,3.0,,,0.886,1.0,0.5379,1.0,,,0.0031,1.0,0.5094,2.0,,,,,,,,,,,,,,,,,0.2381,4.0,,,,,,,0.0109,2.0,-0.4423,13.0
2025-11-08,Economic Data-GDP,,,,,,,0.0152,1.0,0.264,1.0,,,,,,,0.9365,1.0,,,,,,,,,,,,,,,,,,,-0.9161,4.0,,,,,,,,,,,,,,,,,,,,,-0.883,1.0,-0.5058,6.0
2025-11-08,Economic Data-Housing,-0.0445,2.0,-0.5662,3.0,,,0.1521,5.0,0.9442,1.0,,,0.0035,1.0,0.5376,1.0,0.0433,1.0,,,,,,,,,0.2376,4.0,,,0.6414,1.0,,,,,,,,,,,,,0.94,1.0,0.9206,1.0,0.1029,2.0,-0.0241,2.0,,,,,,,0.2386,13.0,0.0881,31.0
2025-11-08,Economic Data-Inflation,,,,,,,,,,,,,,,,,,,,,-0.1326,5.0,,,,,,,,,,,,,,,,,-0.024,2.0,,,,,,,,,,,,,,,,,,,-0.1968,6.0,-0.2466,20.0
2025-11-08,Economic Data-Interest Rates,-0.1108,2.0,0.0187,1.0,0.8726,2.0,0.1286,3.0,0.0113,3.0,,,,,,,,,,,,,0.9364,1.0,0.1768,8.0,0.0011,1.0,,,0.0083,1.0,,,0.2698,1.0,,,,,,,,,,,,,0.9514,1.0,-0.8568,1.0,,,0.2315,1.0,0.0163,1.0,0.0798,4.0,-0.1204,23.0
2025-11-08,Economic Data-Manufacturing,,,,,,,,,0.2654,8.0,,,,,,,,,,,0.0377,2.0,,,,,,,0.4238,3.0,0.6878,1.0,,,,,,,0.9402,1.0,,,,,,,,,,,,,,,,,,,0.9403,1.0,0.4756,2.0
2025-11-08,Economic Data-Retail Sales,,,,,,,0.9292,1.0,0.9473,2.0,,,,,,,,,,,,,,,,,0.9376,1.0,,,0.4812,5.0,,,,,,,,,,,,,,,,,,,,,,,,,,,,,-0.6689,8.0
2025-11-08,Extreme Weather,-0.1507,5.0,0.3555,9.0,-0.6269,374.0,0.5365,6.0,0.0296,11.0,,,-0.0835,2.0,-0.2007,8.0,-0.5584,5.0,,,-0.4031,29.0,,,-0.2735,4.0,-0.0718,13.0,0.0016,1.0,0.0605,30.0,-0.8987,1.0,,,-0.4485,2.0,0.0021,144.0,-0.9029,1.0,-0.1597,11.0,-0.0974,2.0,-0.5699,1.0,0.0009,2.0,-0.3085,18.0,-0.4145,2.0,0.0206,1.0,-0.5027,14.0,-0.2335,13.0,-0.025,103.0
2025-11-08,Extreme Weather-Cold,,,,,,,-0.232,8.0,-0.8337,1.0,,,,,,,-0.2088,4.0,0.0214,1.0,0.0063,4.0,,,,,,,,,-0.3471,6.0,,,,,,,-0.2042,11.0,,,,,,,,,,,-0.007,1.0,,,,,-0.4519,2.0,-0.0006,1.0,-0.1349,45.0
2025-11-08,Extreme Weather-Drought,-0.0837,2.0,,,0.2213,2.0,,,,,,,,,,,-0.0481,1.0,,,0.0079,7.0,-0.5579,1.0,,,-0.0878,5.0,,,,,,,,,,,-0.0028,1.0,,,0.0217,1.0,,,,,-0.6075,1.0,0.2386,4.0,,,0.037,1.0,,,-0.5475,10.0,0.1467,4.0
2025-11-08,Extreme Weather-Heat,,,-0.0019,1.0,-0.8994,1.0,,,,,,,,,,,0.2563,2.0,,,0.3001,4.0,,,0.0038,2.0,0.0584,2.0,,,-0.004,5.0,,,,,-0.3224,2.0,,,,,,,,,,,,,0.0023,7.0,,,-0.0005,1.0,,,0.0001,1.0,0.0068,2.0
2025-11-08,Fiscal Policy,-0.3762,4.0,,,0.1282,7.0,-0.1747,6.0,0.3669,29.0,0.947,1.0,0.9496,1.0,-0.0489,16.0,0.0478,20.0,,,0.1656,41.0,,,0.1694,7.0,-0.008,10.0,0.8825,1.0,0.0819,5.0,,,0.0094,2.0,0.1556,4.0,0.0538,4.0,0.4985,9.0,0.0011,1.0,-0.9169,1.0,0.0016,3.0,0.0512,4.0,-0.0052,2.0,,,,,-0.0232,3.0,-0.0553,12.0,-0.3037,211.0
2025-11-08,Fiscal Policy-Stimulus Package,0.0005,3.0,0.0066,1.0,0.9473,1.0,0.4323,21.0,0.8784,7.0,,,,,-0.1626,8.0,-0.0399,6.0,,,0.4114,9.0,,,,,-0.1105,4.0,,,,,,,0.3819,1.0,,,0.045,7.0,,,,,,,,,-0.0112,3.0,-0.0156,1.0,,,,,-0.0062,2.0,-0.1504,26.0,-0.3792,217.0
2025-11-08,Monetary Policy,,,0.0268,1.0,,,0.6227,2.0,0.472,4.0,,,,,-0.8658,1.0,0.0173,1.0,,,,,0.9364,1.0,0.1665,11.0,,,,,,,,,0.2698,1.0,,,,,,,,,,,,,0.9514,1.0,,,,,0.0005,2.0,,,-0.2166,3.0,-0.1262,28.0
2025-11-08,Monetary Policy-Interest Rates,,,0.0187,1.0,,,,,,,,,,,,,,,,,,,,,,,,,,,,,,,,,,,,,,,,,,,,,,,,,,,,,,,,,-0.9211,1.0
2025-11-08,Monetary Policy-Quantitative Easing,0.1028,11.0,0.4836,2.0,,,0.0161,1.0,0.2434,6.0,,,,,,,0.1922,6.0,,,,,,,0.0046,3.0,0.1995,2.0,,,,,,,,,0.1721,1.0,,,,,-0.1884,1.0,,,,,,,,,,,,,,,-0.4524,2.0,-0.0664,21.0
2025-11-08,Natural Disaster,,,,,-0.7487,321.0,-0.4514,1.0,0.0115,2.0,,,,,-0.8806,2.0,-0.8998,1.0,,,-0.8957,1.0,,,-0.8996,2.0,-0.1401,9.0,,,0.0704,12.0,,,,,,,-0.0538,92.0,,,-0.0038,1.0,,,,,,,-0.3072,4.0,0.0775,1.0,,,-0.5465,2.0,-0.7498,1.0,-0.0557,11.0
2025-11-08,Oil Spills,,,,,,,,,,,,,,,,,,,,,,,,,,,,,,,-0.1364,1.0,,,,,,,,,,,,,,,,,,,,,,,,,,,,,,
2025-11-08,Pandemic,-0.5144,5.0,-0.1569,10.0,0.0341,38.0,-0.2412,28.0,-0.0275,44.0,-0.371,2.0,-0.169,1.0,-0.1288,28.0,-0.2526,17.0,-0.3322,3.0,-0.1016,49.0,-0.0602,4.0,-0.345,7.0,0.0098,23.0,0.2372,4.0,-0.0345,22.0,-0.2344,3.0,-0.1831,5.0,0.025,27.0,-0.0435,34.0,0.1294,6.0,-0.1603,9.0,0.2947,4.0,0.855,1.0,0.1285,8.0,-0.2845,12.0,-0.2871,3.0,-0.1442,7.0,-0.2547,26.0,-0.0686,18.0,-0.4362,453.0
2025-11-08,Politics,0.0717,17.0,0.1728,8.0,-0.0098,91.0,0.0555,52.0,0.1096,112.0,-0.4353,6.0,0.5359,2.0,-0.0812,72.0,0.0078,78.0,0.0356,24.0,0.0536,287.0,-0.0532,43.0,-0.0814,26.0,-0.0217,25.0,-0.1207,12.0,-0.0008,31.0,-0.7278,1.0,-0.1737,35.0,-0.0715,72.0,-0.1033,62.0,0.0576,28.0,-0.0747,209.0,-0.4539,2.0,0.0016,3.0,-0.1961,71.0,-0.0822,38.0,-0.2871,8.0,-0.0962,6.0,-0.1951,67.0,-0.063,100.0,-0.2338,979.0
2025-11-08,Politics-Election,,,,,-0.1531,3.0,-0.2852,4.0,,,,,,,,,-0.0046,5.0,,,-0.0452,43.0,,,,,-0.7065,1.0,,,0.0052,1.0,,,0.2255,3.0,,,,,,,,,,,,,,,,,,,,,-0.3555,3.0,,,-0.0783,40.0
2025-11-08,Politics-Political Tension,,,0.0002,2.0,0.1304,4.0,-0.0214,1.0,-0.1601,17.0,-0.0493,3.0,,,-0.052,6.0,-0.2431,6.0,0.0297,9.0,0.0395,13.0,-0.0066,1.0,0.0074,2.0,,,-0.0352,1.0,0.0029,3.0,,,-0.2338,5.0,-0.0381,10.0,-0.495,1.0,-0.3825,7.0,-0.3107,22.0,-0.0006,1.0,-0.4486,2.0,-0.2787,12.0,-0.0257,1.0,0.0046,6.0,-0.0501,3.0,-0.1273,10.0,,,-0.0512,140.0
2025-11-08,Terrorist Attacks,,,-0.2295,2.0,-0.5353,1.0,-0.3139,12.0,-0.5271,3.0,-0.7403,1.0,,,-0.3131,61.0,-0.6633,9.0,,,-0.3705,24.0,-0.0775,4.0,,,-0.0001,1.0,,,-0.4697,4.0,-0.4317,1.0,-0.8358,1.0,-0.8521,6.0,-0.0943,2.0,,,,,,,,,-0.7788,5.0,-0.708,11.0,-0.0121,1.0,-0.8497,6.0,-0.6844,3.0,-0.4145,39.0,-0.4841,138.0
2025-11-08,Wars,-0.0027,1.0,0.0212,1.0,-0.0464,3.0,0.0012,3.0,0.2672,63.0,0.018,15.0,-0.0214,3.0,-0.1196,13.0,0.2283,25.0,0.0071,1.0,0.3677,11.0,-0.1509,55.0,0.0375,6.0,0.0461,11.0,-0.3019,2.0,0.1289,4.0,,,-0.14,18.0,-0.2234,56.0,-0.0869,10.0,-0.2526,5.0,-0.0548,277.0,0.6735,6.0,,,-0.3317,6.0,0.0447,5.0,0.3736,3.0,0.1147,10.0,-0.1884,138.0,-0.1609,18.0,-0.1137,175.0
2025-11-07,Economic Data,-0.2864,20.0,0.0401,11.0,-0.2497,11.0,0.1448,57.0,-0.1289,340.0,0.2839,2.0,0.4493,2.0,0.0438,51.0,-0.1517,97.0,,,0.3546,77.0,0.385,5.0,-0.0273,10.0,0.0911,60.0,0.1277,5.0,0.1194,25.0,0.9408,1.0,0.6337,4.0,0.0205,1.0,-0.4737,27.0,0.0166,4.0,0.1813,9.0,0.22,13.0,0.1885,6.0,-0.0169,18.0,0.232,22.0,0.6583,25.0,-0.2428,24.0,,,0.0783,75.0,-0.1025,618.0
2025-11-07,Economic Data-Consumer Spending,0.8623,1.0,,,,,,,,,,,,,,,,,,,,,,,,,-0.0291,29.0,,,0.013,1.0,,,,,,,0.0146,1.0,,,,,,,,,,,,,,,,,,,-0.0048,1.0,-0.2389,25.0
2025-11-07,Economic Data-Employment,0.4046,2.0,,,,,0.0448,91.0,0.0695,2.0,,,,,-0.5631,2.0,0.138,1.0,,,0.4503,5.0,,,0.1774,4.0,,,,,0.0012,2.0,,,,,,,0.9318,1.0,-0.0391,4.0,,,0.9357,4.0,,,0.01,2.0,-0.9205,1.0,0.0104,1.0,,,-0.6238,1.0,0.4034,12.0,-0.4161,132.0
2025-11-07,Economic Data-GDP,,,,,,,0.6095,9.0,-0.2925,80.0,,,,,0.207,12.0,0.8222,5.0,-0.9007,1.0,0.821,5.0,,,,,,,,,0.1337,6.0,,,0.7149,3.0,,,-0.5398,45.0,0.9374,7.0,0.0449,2.0,,,,,0.5599,1.0,0.8135,1.0,,,0.4652,1.0,0.51,3.0,0.0057,1.0,-0.4296,10.0
2025-11-07,Economic Data-Housing,0.6255,3.0,0.5603,7.0,0.003,1.0,0.183,25.0,0.1633,25.0,,,,,0.006,1.0,-0.279,11.0,,,0.1662,8.0,,,0.5198,3.0,0.2794,3.0,,,0.0363,1.0,0.0108,1.0,,,,,,,0.0239,6.0,,,0.0712,5.0,0.0005,2.0,-0.0014,2.0,0.262,3.0,,,,,,,0.1604,66.0,0.3932,115.0
2025-11-07,Economic Data-Inflation,0.2682,7.0,,,,,,,0.3483,4.0,,,0.9476,1.0,,,,,,,-0.9216,2.0,,,,,0.0008,2.0,,,-0.5678,9.0,,,,,,,-0.4982,14.0,0.0054,1.0,-0.4499,4.0,,,,,,,0.8102,1.0,,,0.1298,2.0,-0.9126,1.0,-0.0195,2.0,-0.1061,57.0
2025-11-07,Economic Data-Interest Rates,-0.8658,1.0,-0.0261,4.0,0.4686,2.0,-0.1368,5.0,0.4635,4.0,0.2052,6.0,,,-0.546,3.0,0.1699,7.0,,,0.5781,19.0,,,-0.5764,2.0,0.2348,7.0,,,-0.8016,4.0,,,0.9417,1.0,,,-0.3034,8.0,-0.1298,9.0,-0.272,1.0,,,,,,,-0.23,4.0,,,0.0768,1.0,,,0.1092,65.0,0.0186,135.0
2025-11-07,Economic Data-Manufacturing,-0.9221,3.0,0.9435,2.0,0.9431,1.0,0.0295,1.0,0.1376,9.0,,,,,,,0.3082,10.0,,,0.3213,4.0,,,,,0.4725,2.0,,,,,,,,,,,0.9386,5.0,,,,,0.3196,5.0,,,0.1591,1.0,0.938,1.0,-0.0005,1.0,,,,,0.9326,1.0,-0.0308,22.0
2025-11-07,Economic Data-Retail Sales,,,,,0.4326,2.0,,,0.3306,4.0,0.9479,6.0,,,0.0093,1.0,,,,,0.3993,8.0,,,,,0.9523,1.0,,,0.642,9.0,0.9438,1.0,,,,,0.0229,1.0,-0.3185,6.0,,,0.9082,1.0,0.8511,1.0,0.8855,1.0,,,,,0.0031,1.0,,,0.3157,4.0,-0.0019,71.0
2025-11-07,Extreme Weather,-0.21,5.0,0.0689,19.0,-0.0944,53.0,0.0104,11.0,-0.2314,27.0,-0.0027,1.0,,,-0.1751,13.0,-0.2026,17.0,,,-0.0037,35.0,-0.029,1.0,-0.252,4.0,-0.0013,3.0,-0.8767,5.0,-0.1464,44.0,,,,,-0.8749,1.0,-0.2414,90.0,,,-0.4497,6.0,0.9468,5.0,0.0002,3.0,-0.2024,9.0,-0.1072,28.0,0.0426,6.0,,,,,-0.1146,32.0,-0.0024,156.0
2025-11-07,Extreme Weather-Cold,,,,,,,-0.0031,1.0,-0.0051,1.0,,,,,,,-0.2341,2.0,,,-0.3398,9.0,,,,,,,,,-0.4452,2.0,,,,,,,-0.0099,2.0,,,-0.8995,2.0,,,,,,,0.0115,3.0,,,,,0.0055,4.0,-0.0636,13.0,-0.0278,55.0
2025-11-07,Extreme Weather-Drought,0.0652,4.0,-0.011,2.0,-0.3388,2.0,0.0267,1.0,,,,,,,-0.9029,1.0,-0.2758,1.0,,,0.2007,3.0,,,,,,,,,-0.0542,1.0,,,,,,,,,,,,,,,,,-0.0506,1.0,0.2357,4.0,,,,,,,0.0118,2.0,0.1042,29.0
2025-11-07,Extreme Weather-Heat,,,0.4971,3.0,-0.0509,10.0,,,-0.4485,2.0,,,,,0.0015,2.0,0.0154,1.0,,,-0.0025,1.0,,,0.0037,1.0,,,,,-0.0009,1.0,,,,,,,,,,,,,,,,,-0.1511,2.0,0.0119,1.0,,,-0.0014,1.0,,,0.5033,7.0,0.3592,3.0
2025-11-07,Fiscal Policy,0.0029,7.0,-0.0831,6.0,0.2775,21.0,-0.0533,42.0,0.0459,33.0,,,,,-0.1554,45.0,-0.1359,17.0,0.5894,1.0,0.1252,52.0,0.8168,1.0,-0.311,11.0,-0.2813,39.0,,,-0.1716,8.0,-0.312,1.0,0.0751,5.0,0.2318,4.0,-0.3473,24.0,,,0.2973,4.0,,,-0.3539,2.0,0.2375,6.0,0.045,10.0,-0.6801,2.0,0.0088,1.0,0.0096,2.0,-0.0721,37.0,-0.2819,393.0
2025-11-07,Fiscal Policy-Stimulus Package,0.9513,2.0,,,0.0074,1.0,-0.0016,25.0,0.4766,6.0,,,,,-0.5877,5.0,0.1834,8.0,0.2089,1.0,0.588,8.0,0.0008,4.0,0.3721,2.0,0.0815,15.0,,,0.24,8.0,,,0.4393,1.0,,,-0.1644,5.0,,,0.3841,5.0,0.9475,1.0,,,0.059,5.0,-0.0768,2.0,,,,,-0.1454,4.0,-0.0485,31.0,-0.2656,278.0
2025-11-07,Monetary Policy,0.7133,1.0,-0.0851,5.0,0.4686,2.0,,,0.1352,14.0,0.2052,6.0,,,0.0061,3.0,0.3262,8.0,0.0104,1.0,0.5974,25.0,,,,,0.1275,5.0,,,-0.7841,3.0,,,0.9409,1.0,,,0.0045,4.0,-0.1058,14.0,,,,,-0.8923,2.0,0.0035,2.0,0.0103,2.0,,,0.0333,3.0,,,0.025,62.0,0.0382,104.0
2025-11-07,Monetary Policy-Interest Rates,,,,,,,-0.0051,3.0,,,,,,,,,-0.0395,1.0,,,,,,,,,,,,,-0.8542,1.0,,,,,,,-0.7653,4.0,-0.8847,1.0,-0.272,1.0,,,,,,,,,,,,,,,-0.3097,13.0,-0.1244,29.0
2025-11-07,Monetary Policy-Quantitative Easing,0.0531,4.0,0.0228,1.0,0.0604,1.0,,,0.3794,47.0,,,,,0.308,9.0,-0.0838,17.0,,,0.1032,29.0,,,,,0.1001,30.0,,,0.4439,3.0,,,,,,,0.2456,4.0,0.9395,2.0,0.4773,4.0,0.9407,1.0,,,0.2952,7.0,,,,,0.0169,14.0,0.0083,5.0,-0.0265,27.0,0.0512,105.0
2025-11-07,Natural Disaster,,,,,-0.8889,1.0,,,,,,,,,-0.0048,3.0,-0.907,1.0,,,-0.9143,2.0,,,,,,,-0.7707,1.0,0.0047,20.0,,,,,,,-0.5467,50.0,,,-0.4528,3.0,,,,,-0.4826,4.0,,,,,,,,,-0.2724,5.0,-0.3578,6.0
2025-11-07,Oil Spills,,,,,,,,,,,,,,,,,,,,,,,,,,,,,,,-0.9076,1.0,,,,,,,,,,,,,,,,,,,,,,,,,,,,,-0.3808,7.0
2025-11-07,Pandemic,-0.2826,7.0,-0.1037,15.0,0.0174,28.0,-0.1408,48.0,-0.013,57.0,-0.0005,1.0,,,-0.0949,50.0,-0.1529,44.0,-0.2135,4.0,-0.1301,65.0,-0.4473,3.0,-0.2516,10.0,-0.1717,31.0,-0.751,4.0,0.0582,22.0,,,-0.1455,18.0,-0.1962,8.0,-0.1172,44.0,-0.006,4.0,-0.0378,28.0,0.0925,5.0,0.0057,2.0,0.0425,15.0,-0.1369,16.0,,,-0.2408,6.0,-0.0984,41.0,-0.2549,54.0,-0.4839,762.0
2025-11-07,Politics,-0.1559,39.0,-0.0719,15.0,-0.0069,229.0,-0.078,146.0,-0.0595,261.0,0.0514,12.0,-0.0795,2.0,-0.0743,169.0,-0.0473,85.0,-0.0747,74.0,-0.0143,406.0,0.0148,94.0,-0.0138,55.0,-0.2201,107.0,-0.1484,18.0,-0.1456,131.0,-0.0835,10.0,0.0359,50.0,-0.025,31.0,-0.4069,58.0,-0.0019,38.0,-0.0544,355.0,0.3234,7.0,-0.0585,17.0,-0.0292,37.0,0.0661,55.0,0.0193,11.0,-0.1496,21.0,0.1012,208.0,-0.0582,240.0,-0.1922,1603.0
2025-11-07,Politics-Election,0.2229,3.0,0.0473,1.0,-0.3097,2.0,0.4658,3.0,,,,,0.0049,1.0,,,0.7583,1.0,0.1097,1.0,0.2017,71.0,0.0338,2.0,,,,,,,0.0022,1.0,0.0055,1.0,0.3444,5.0,,,,,,,,,0.9351,1.0,,,,,-0.3315,1.0,,,,,,,,,0.0653,147.0
2025-11-07,Politics-Political Tension,0.0928,3.0,0.0039,1.0,-0.0213,14.0,-0.1991,5.0,-0.0739,26.0,,,0.3933,1.0,-0.078,28.0,0.2008,6.0,-0.0233,41.0,-0.0742,45.0,0.1467,10.0,0.0816,4.0,-0.1974,6.0,,,-0.3272,7.0,,,-0.016,1.0,-0.1583,2.0,-0.179,5.0,-0.6361,4.0,-0.3023,67.0,,,0.9404,1.0,-0.588,5.0,-0.2581,5.0,,,,,0.0081,39.0,-0.3588,18.0,-0.1448,119.0
2025-11-07,Terrorist Attacks,,,-0.2771,2.0,-0.5999,1.0,-0.1092,2.0,,,,,,,-0.1874,21.0,-0.447,6.0,-0.8101,1.0,-0.5012,36.0,-0.8291,4.0,-0.7765,1.0,-0.7745,1.0,,,-0.3327,13.0,-0.3971,2.0,-0.657,1.0,-0.4253,2.0,-0.7598,4.0,,,-0.2895,3.0,,,-0.0612,6.0,-0.2173,4.0,-0.2308,20.0,-0.0438,1.0,,,0.0271,7.0,-0.2728,23.0,-0.5316,258.0
2025-11-07,Wars,-0.0517,1.0,0.3465,2.0,0.0085,1.0,0.1319,6.0,0.343,340.0,-0.0207,5.0,0.0062,2.0,0.1295,31.0,0.1285,52.0,0.0184,1.0,0.2085,19.0,-0.0518,80.0,0.5356,9.0,0.185,15.0,-0.2845,10.0,-0.3179,6.0,0.9405,1.0,-0.1579,34.0,-0.218,40.0,0.4704,4.0,0.1812,15.0,-0.0977,263.0,0.0455,8.0,-0.6413,1.0,-0.1854,7.0,-0.0091,9.0,-0.3328,6.0,-0.02,18.0,-0.0403,375.0,-0.0755,35.0,-0.0701,217.0
2025-11-06,Economic Data,0.1975,6.0,0.408,28.0,0.4372,24.0,-0.2775,61.0,0.1985,101.0,0.5165,7.0,0.4694,3.0,0.2256,29.0,-0.2367,56.0,0.9189,2.0,0.2132,72.0,0.361,7.0,0.12,6.0,0.07,42.0,-0.038,8.0,0.1737,8.0,,,0.4731,2.0,,,0.5038,18.0,0.1327,9.0,-0.0048,26.0,-0.0559,19.0,0.0819,11.0,0.5207,6.0,0.3171,11.0,-0.0843,3.0,0.794,1.0,-0.8851,2.0,-0.069,107.0,-0.0918,424.0
2025-11-06,Economic Data-Consumer Spending,0.0049,1.0,,,,,,,,,,,,,,,0.911,1.0,,,,,,,,,0.3019,12.0,,,,,,,,,,,,,,,,,,,,,,,,,,,,,,,-0.1492,3.0,-0.0024,25.0
2025-11-06,Economic Data-Employment,,,,,0.001,1.0,-0.0826,22.0,-0.9161,1.0,,,,,-0.0052,8.0,-0.4541,2.0,,,0.4526,2.0,,,0.0423,1.0,0.0725,2.0,,,,,0.1662,5.0,,,,,0.1482,3.0,-0.8855,1.0,,,0.9308,5.0,-0.6469,1.0,,,0.3114,2.0,,,,,,,-0.542,8.0,-0.4409,214.0
2025-11-06,Economic Data-GDP,,,-0.0003,1.0,0.0093,3.0,-0.1199,10.0,0.7911,4.0,-0.8773,1.0,,,0.0017,2.0,-0.8125,7.0,,,0.006,1.0,,,-0.141,4.0,,,,,0.9431,1.0,,,0.952,1.0,,,0.6369,4.0,,,-0.9042,1.0,,,,,,,,,,,0.4652,2.0,,,0.0359,5.0,0.0308,11.0
2025-11-06,Economic Data-Housing,,,0.018,8.0,,,0.5593,35.0,-0.124,11.0,,,,,0.4008,6.0,-0.0473,10.0,,,0.2172,13.0,0.1277,1.0,0.2458,5.0,0.4038,11.0,,,0.6272,2.0,,,0.9429,1.0,,,0.4639,2.0,,,,,0.9454,1.0,0.0925,2.0,0.3932,2.0,0.2819,5.0,,,,,,,0.0314,30.0,0.0764,134.0
2025-11-06,Economic Data-Inflation,,,,,0.3107,1.0,,,,,,,,,,,,,,,-0.1503,2.0,,,,,0.0068,2.0,,,,,,,,,,,,,0.0112,4.0,,,,,,,,,,,0.4682,2.0,,,,,-0.217,6.0,-0.1578,23.0
2025-11-06,Economic Data-Interest Rates,0.9121,4.0,0.1167,13.0,0.3179,13.0,-0.3457,18.0,,,0.255,16.0,0.9492,4.0,0.4764,4.0,0.0048,30.0,,,0.5534,5.0,,,0.4567,5.0,0.4326,4.0,-0.0317,1.0,-0.4635,16.0,0.9215,2.0,0.0045,1.0,,,0.1072,34.0,-0.227,24.0,,,,,-0.8866,4.0,0.2958,3.0,-0.2943,1.0,,,0.9496,3.0,,,-0.066,296.0,-0.1431,134.0
2025-11-06,Economic Data-Manufacturing,0.0044,2.0,0.0641,1.0,,,,,0.4914,13.0,0.6956,3.0,0.3635,2.0,,,-0.1151,22.0,0.9368,1.0,0.2741,15.0,0.9334,1.0,0.9294,1.0,,,,,,,,,,,-0.0298,1.0,0.6013,1.0,,,,,0.0604,14.0,0.9491,1.0,0.8345,1.0,0.2579,11.0,0.8914,1.0,,,,,0.5639,3.0,0.5086,24.0
2025-11-06,Economic Data-Retail Sales,,,,,0.94,1.0,0.9161,11.0,-0.4557,4.0,,,0.9481,1.0,0.014,5.0,,,0.9419,1.0,-0.1,2.0,,,,,-0.3359,2.0,,,0.0431,2.0,,,,,,,0.1356,1.0,0.7395,6.0,,,0.0377,2.0,,,,,,,,,,,,,0.3433,6.0,0.3912,21.0
2025-11-06,Extreme Weather,0.0028,3.0,0.3203,13.0,-0.0407,29.0,0.4845,5.0,0.1298,11.0,-0.0021,1.0,,,0.0006,10.0,-0.0941,15.0,,,-0.0483,18.0,,,,,0.9374,7.0,,,-0.1293,11.0,,,,,-0.015,1.0,-0.5328,150.0,,,-0.3098,5.0,0.9448,7.0,0.0042,2.0,-0.4224,3.0,-0.2212,13.0,0.9129,1.0,0.056,1.0,0.0125,1.0,0.3998,13.0,0.0631,130.0
2025-11-06,Extreme Weather-Cold,,,-0.8924,1.0,,,0.0031,1.0,,,,,,,,,,,,,-0.3423,3.0,,,-0.0132,1.0,,,,,-0.0034,2.0,,,,,,,0.1825,3.0,,,,,,,,,,,,,-0.0567,1.0,,,,,,,-0.1066,47.0
2025-11-06,Extreme Weather-Drought,0.0129,5.0,,,-0.3847,2.0,0.0131,2.0,,,,,,,,,,,,,-0.3518,2.0,,,,,,,,,0.028,2.0,,,,,,,0.6122,3.0,,,,,,,,,0.048,3.0,-0.7804,1.0,,,-0.3197,2.0,,,,,-0.0327,6.0
2025-11-06,Extreme Weather-Heat,,,,,-0.454,2.0,,,,,,,,,0.565,1.0,0.0013,1.0,,,-0.4308,2.0,,,,,,,,,-0.0614,2.0,,,,,,,0.0012,1.0,,,0.1371,1.0,,,,,,,,,,,,,-0.9006,2.0,0.2101,2.0,0.0816,3.0
2025-11-06,Fiscal Policy,-0.1059,13.0,,,0.2277,34.0,-0.1716,22.0,0.1183,27.0,0.0102,4.0,-0.2569,2.0,-0.0175,24.0,-0.0799,15.0,,,0.0536,29.0,,,0.1953,7.0,-0.1753,4.0,,,0.2022,8.0,,,0.4823,2.0,,,0.1546,10.0,,,-0.4912,10.0,,,0.8685,1.0,0.3462,5.0,0.1347,14.0,,,0.0368,1.0,-0.6754,9.0,-0.1301,51.0,-0.3133,287.0
2025-11-06,Fiscal Policy-Stimulus Package,-0.5892,1.0,,,0.2678,9.0,0.2535,48.0,0.4073,4.0,,,0.2936,1.0,-0.1567,7.0,0.0186,6.0,,,0.1967,10.0,,,0.0489,2.0,-0.4509,2.0,,,0.1987,6.0,,,,,-0.8127,1.0,0.4602,2.0,0.012,1.0,,,-0.9165,1.0,0.0094,1.0,0.0221,1.0,-0.917,1.0,,,,,-0.376,2.0,0.0585,45.0,-0.0405,252.0
2025-11-06,Monetary Policy,0.2227,3.0,-0.1183,9.0,0.3217,13.0,-0.6536,14.0,-0.1974,3.0,0.3468,9.0,,,0.4764,4.0,-0.0283,27.0,,,0.6059,20.0,,,-0.734,2.0,0.5717,4.0,-0.0317,1.0,-0.4602,12.0,0.7766,4.0,0.0045,1.0,,,-0.1981,24.0,-0.5302,15.0,,,,,-0.2917,5.0,0.3575,2.0,,,,,,,,,-0.0743,192.0,0.019,101.0
2025-11-06,Monetary Policy-Interest Rates,,,,,0.0408,3.0,,,,,0.2244,10.0,,,,,0.0067,11.0,,,0.0122,1.0,,,,,0.8067,2.0,,,-0.7891,3.0,,,,,,,-0.0879,6.0,0.4816,6.0,,,,,-0.896,1.0,0.2341,1.0,,,,,,,,,0.0898,108.0,-0.2458,16.0
2025-11-06,Monetary Policy-Quantitative Easing,0.1285,6.0,,,0.1377,6.0,0.485,2.0,-0.1471,2.0,-0.6999,4.0,,,-0.3039,14.0,0.1118,25.0,,,0.1892,19.0,,,0.0016,1.0,-0.0208,32.0,,,-0.0008,2.0,,,0.4753,2.0,,,,,0.7324,1.0,-0.9163,1.0,-0.002,1.0,,,0.434,2.0,0.0063,2.0,,,,,,,0.1298,25.0,-0.0801,65.0
2025-11-06,Natural Disaster,,,,,,,,,0.0306,1.0,,,,,0.5944,1.0,,,,,,,,,,,,,,,-0.003,9.0,,,,,-0.015,1.0,-0.6789,94.0,,,-0.386,1.0,,,,,,,-0.902,5.0,,,0.056,1.0,,,0.9114,2.0,0.0443,11.0
2025-11-06,Oil Spills,,,,,,,,,,,,,,,,,,,,,,,,,,,,,,,,,,,,,,,,,,,,,,,,,,,,,,,,,,,,,-0.5589,12.0
2025-11-06,Pandemic,-0.1481,5.0,0.0724,11.0,-0.1874,29.0,-0.0363,45.0,0.0366,21.0,,,0.1103,3.0,0.0116,76.0,-0.2808,37.0,-0.0402,1.0,0.0961,43.0,0.1082,4.0,-0.0839,12.0,0.1582,31.0,-0.3078,5.0,-0.0117,28.0,-0.9221,1.0,0.0972,8.0,0.5456,3.0,-0.1663,63.0,0.1112,6.0,-0.5116,9.0,0.3309,9.0,0.0126,1.0,0.2303,6.0,-0.0506,23.0,-0.873,1.0,0.0018,2.0,-0.0747,26.0,-0.2428,65.0,-0.4629,569.0
2025-11-06,Politics,-0.0599,78.0,-0.0535,14.0,0.0245,129.0,-0.0189,143.0,0.0953,154.0,-0.2561,36.0,0.0027,20.0,-0.0693,128.0,-0.1715,74.0,-0.012,5.0,-0.0634,264.0,-0.1336,56.0,-0.0369,38.0,-0.1157,17.0,0.4975,3.0,-0.1588,116.0,,,0.1392,26.0,-0.2354,22.0,-0.1232,72.0,-0.1175,12.0,0.0024,169.0,0.0884,7.0,0.1055,5.0,0.0737,25.0,-0.0044,44.0,-0.3027,5.0,-0.0686,31.0,-0.1633,85.0,-0.0892,199.0,-0.1121,1557.0
2025-11-06,Politics-Election,0.0212,2.0,,,0.1197,5.0,0.0144,5.0,,,-0.5438,1.0,,,,,0.7583,2.0,,,0.1776,192.0,0.0112,1.0,,,,,,,,,0.0033,2.0,-0.3422,1.0,,,,,,,,,,,,,,,0.0015,1.0,,,,,,,0.9383,2.0,0.0767,125.0
2025-11-06,Politics-Political Tension,0.0447,9.0,0.0015,2.0,-0.1314,7.0,-0.4127,8.0,0.1944,17.0,-0.2273,9.0,,,-0.022,6.0,-0.1279,10.0,0.011,4.0,-0.2199,30.0,-0.4738,24.0,-0.1563,9.0,,,,,-0.2086,13.0,,,-0.8046,1.0,0.363,7.0,-0.1724,5.0,-0.3378,1.0,-0.3569,24.0,0.0993,1.0,,,-0.1706,12.0,-0.3101,7.0,0.6265,1.0,-0.6878,1.0,0.0549,12.0,-0.0323,13.0,-0.0895,125.0
2025-11-06,Terrorist Attacks,-0.2948,1.0,-0.2096,5.0,-0.8208,2.0,-0.3589,17.0,,,,,-0.2676,3.0,-0.2641,39.0,-0.2732,61.0,-0.0132,2.0,-0.5352,18.0,-0.6454,1.0,-0.2892,5.0,,,,,-0.2017,25.0,,,-0.0769,1.0,,,-0.1017,9.0,,,-0.5487,2.0,-0.6302,1.0,,,,,-0.1777,6.0,,,,,,,-0.4409,28.0,-0.2765,177.0
2025-11-06,Wars,-0.2234,1.0,-0.4374,3.0,0.3785,6.0,-0.0165,17.0,0.1879,32.0,,,-0.1668,2.0,0.0572,14.0,0.2071,17.0,,,0.0185,17.0,-0.1476,67.0,-0.3777,7.0,0.2585,11.0,-0.1019,9.0,0.4888,2.0,,,-0.1383,29.0,-0.2489,20.0,0.0428,8.0,0.2608,67.0,-0.0028,259.0,0.5958,4.0,-0.5025,1.0,-0.1577,3.0,0.0476,9.0,-0.884,2.0,0.3814,12.0,0.0808,224.0,-0.0225,21.0,0.0039,145.0
2025-11-05,Economic Data,,,0.2001,11.0,0.1399,7.0,0.3659,39.0,0.2426,64.0,0.4666,2.0,0.9354,2.0,-0.1689,12.0,0.2333,31.0,,,0.6594,30.0,,,0.3455,11.0,0.1385,40.0,-0.2259,1.0,,,-0.0779,4.0,,,-0.8426,3.0,-0.2978,3.0,0.7103,1.0,-0.9041,1.0,0.3887,13.0,0.9408,3.0,-0.3824,6.0,0.6084,7.0,0.5366,9.0,0.2705,3.0,0.0115,1.0,0.121,34.0,0.0514,206.0
2025-11-05,Economic Data-Consumer Spending,,,,,,,,,,,,,,,,,0.0125,1.0,,,,,,,,,,,,,,,,,,,,,,,,,,,,,,,,,,,,,,,,,-0.778,2.0,0.3901,3.0
2025-11-05,Economic Data-Employment,,,,,-0.914,1.0,0.2472,8.0,,,,,,,-0.0008,1.0,0.0393,3.0,,,-0.0192,4.0,,,,,,,,,,,-0.2184,6.0,,,-0.9141,1.0,,,,,,,,,-0.0082,3.0,0.1099,1.0,,,,,,,,,-0.2225,3.0,0.1437,69.0
2025-11-05,Economic Data-GDP,,,,,0.01,1.0,-0.3215,3.0,0.2333,4.0,,,,,-0.1926,6.0,,,,,,,,,0.0032,1.0,,,,,,,,,,,,,,,,,-0.9127,1.0,,,0.1139,1.0,,,0.6844,4.0,,,,,,,0.4976,2.0,0.1025,12.0
2025-11-05,Economic Data-Housing,,,0.0942,1.0,,,0.1808,20.0,0.9148,3.0,,,,,0.0835,4.0,0.905,1.0,,,0.6122,11.0,,,,,0.3362,3.0,,,,,,,,,,,,,,,,,,,0.9377,2.0,,,-0.9204,1.0,,,,,,,0.2363,2.0,0.0369,75.0
2025-11-05,Economic Data-Inflation,,,,,,,,,,,0.9428,2.0,,,,,,,,,,,,,,,,,,,,,,,,,,,0.64,9.0,,,,,,,,,,,,,,,-0.9154,1.0,,,,,0.1618,5.0
2025-11-05,Economic Data-Interest Rates,-0.026,3.0,-0.3077,20.0,0.2054,17.0,0.0784,17.0,,,0.9416,1.0,0.9341,2.0,,,0.1354,6.0,0.0032,1.0,0.0111,2.0,,,,,0.1997,12.0,,,,,0.4808,4.0,-0.7146,1.0,,,0.3768,3.0,-0.2639,5.0,,,,,,,,,,,,,,,,,-0.2462,7.0,0.105,65.0
2025-11-05,Economic Data-Manufacturing,,,,,,,,,0.9307,2.0,,,,,0.9443,4.0,0.5897,23.0,,,0.3357,9.0,,,,,,,,,,,,,,,,,,,,,,,,,,,,,-0.3854,2.0,0.9292,2.0,,,,,,,0.9385,7.0
2025-11-05,Economic Data-Retail Sales,,,,,,,0.4866,4.0,,,,,,,0.0188,2.0,0.9367,3.0,,,,,,,-0.613,3.0,0.0025,1.0,,,,,,,,,,,,,,,,,,,0.0119,5.0,0.0167,1.0,,,,,,,,,-0.4632,2.0,0.3376,7.0
2025-11-05,Extreme Weather,0.0052,2.0,-0.0673,1.0,0.3865,2.0,-0.008,15.0,0.227,5.0,,,0.8372,1.0,0.133,2.0,-0.7655,3.0,,,0.507,19.0,,,0.005,1.0,0.9417,3.0,,,0.0271,10.0,,,,,,,-0.388,93.0,,,-0.002,1.0,,,,,-0.6159,1.0,,,,,,,-0.9093,1.0,0.0226,3.0,0.1141,80.0
2025-11-05,Extreme Weather-Cold,,,,,,,0.0001,2.0,,,,,,,,,,,,,,,,,,,,,,,-0.3362,2.0,,,,,,,,,,,,,,,,,,,,,,,,,,,0.0071,1.0,-0.1888,24.0
2025-11-05,Extreme Weather-Drought,,,,,,,,,,,,,,,,,,,,,0.0211,2.0,,,,,,,,,,,,,,,-0.9175,1.0,,,,,,,,,,,,,-0.0016,1.0,,,,,,,-0.0109,1.0,0.9035,1.0
2025-11-05,Extreme Weather-Heat,,,,,,,,,,,,,,,,,0.0013,1.0,,,-0.0025,1.0,,,0.1881,2.0,,,,,,,,,,,,,,,,,,,,,,,,,,,,,,,,,,,-0.0291,6.0
2025-11-05,Fiscal Policy,,,0.5772,1.0,0.2286,6.0,0.2755,41.0,0.3927,8.0,,,,,0.0087,2.0,-0.2574,3.0,,,0.1329,18.0,,,,,-0.9128,8.0,,,,,0.0317,1.0,-0.7146,1.0,,,,,,,,,,,-0.3623,2.0,0.41,1.0,0.9415,3.0,,,,,,,-0.0548,26.0,-0.1282,216.0
2025-11-05,Fiscal Policy-Stimulus Package,0.8546,2.0,,,0.267,3.0,0.1058,69.0,,,,,,,,,0.3668,3.0,,,-0.1529,7.0,,,,,0.0166,5.0,,,0.0146,1.0,0.8691,1.0,0.4768,2.0,,,,,,,,,,,-0.1515,1.0,0.0305,1.0,,,,,,,-0.214,3.0,-0.1564,22.0,-0.3153,172.0
2025-11-05,Monetary Policy,-0.026,3.0,-0.1532,9.0,0.1336,15.0,-0.2283,15.0,0.014,3.0,0.9416,1.0,,,,,-0.0065,3.0,0.0032,1.0,0.4492,3.0,,,,,0.108,13.0,,,,,0.9278,5.0,0.0246,2.0,,,0.3768,3.0,-0.2639,5.0,,,,,,,,,,,,,0.8416,2.0,,,-0.2107,7.0,0.1311,46.0
2025-11-05,Monetary Policy-Interest Rates,,,-0.2549,1.0,0.4975,3.0,,,,,,,,,,,,,,,,,,,,,-0.904,1.0,,,,,,,,,,,,,,,,,,,,,,,,,,,,,,,-0.1267,1.0,0.312,2.0
2025-11-05,Monetary Policy-Quantitative Easing,,,,,,,0.5613,4.0,0.9507,1.0,,,0.2181,1.0,,,0.0408,2.0,,,0.513,2.0,,,,,-0.0907,7.0,-0.0177,3.0,,,,,0.3155,3.0,,,0.0087,1.0,,,,,0.8246,1.0,,,-0.7829,1.0,,,,,,,,,0.238,4.0,-0.1789,36.0
2025-11-05,Natural Disaster,,,-0.0673,1.0,,,,,,,,,,,,,,,,,-0.3671,1.0,,,,,,,,,0.19,6.0,,,,,,,-0.6233,73.0,,,,,,,,,,,,,,,,,,,,,-0.1942,3.0
2025-11-05,Oil Spills,,,,,,,,,,,,,,,,,,,,,,,,,,,,,,,,,,,,,,,,,,,,,,,,,,,,,,,,,,,,,-0.5975,2.0
2025-11-05,Pandemic,0.9536,1.0,0.3967,14.0,-0.4011,4.0,0.2711,42.0,0.7311,7.0,,,-0.8284,1.0,-0.2116,17.0,-0.2167,12.0,,,-0.1966,37.0,0.4237,1.0,-0.2213,6.0,0.2076,22.0,-0.6927,1.0,0.0158,9.0,,,,,-0.9141,2.0,-0.1263,10.0,-0.0026,1.0,0.176,5.0,0.0351,1.0,0.0792,2.0,0.0444,7.0,-0.3567,1.0,0.9502,3.0,,,0.0356,2.0,0.0948,32.0,-0.1969,274.0
2025-11-05,Politics,0.4544,3.0,0.2121,4.0,-0.0364,23.0,0.0692,136.0,0.1573,31.0,-0.1837,6.0,-0.8284,1.0,-0.1553,33.0,-0.1107,47.0,0.8934,1.0,-0.0157,204.0,0.0454,14.0,0.4653,7.0,-0.1697,17.0,0.2485,4.0,-0.0836,71.0,0.4504,2.0,-0.1298,3.0,-0.1741,15.0,-0.1518,15.0,0.002,4.0,-0.1804,19.0,0.0296,1.0,-0.3824,5.0,-0.0503,18.0,0.0217,14.0,-0.0018,1.0,-0.1405,6.0,-0.2072,6.0,-0.0322,78.0,0.0414,1158.0
2025-11-05,Politics-Election,0.0506,2.0,,,0.0287,1.0,0.215,4.0,,,,,,,0.0278,1.0,0.4867,6.0,,,-0.1244,58.0,,,,,,,,,,,,,,,,,0.0058,1.0,,,,,,,,,,,,,,,,,,,0.029,2.0,0.179,554.0
2025-11-05,Politics-Political Tension,,,-0.6584,1.0,-0.4114,2.0,-0.0162,2.0,-0.0427,12.0,0.0051,3.0,,,,,-0.0014,4.0,,,-0.0704,28.0,,,,,0.0085,1.0,,,-0.2995,3.0,,,,,0.0013,1.0,,,,,-0.0814,5.0,,,-0.7511,1.0,,,0.0015,2.0,-0.0112,1.0,,,-0.0177,2.0,0.0046,4.0,-0.1911,58.0
2025-11-05,Terrorist Attacks,,,,,,,-0.8898,1.0,,,,,-0.0827,1.0,-0.2279,20.0,-0.3713,9.0,,,-0.4261,8.0,,,,,,,-0.0365,1.0,-0.485,5.0,,,,,-0.4508,4.0,,,,,,,,,,,,,-0.881,1.0,,,,,,,-0.1643,5.0,-0.4843,94.0
2025-11-05,Wars,,,0.2442,7.0,,,0.0176,1.0,0.3749,8.0,,,,,0.005,5.0,0.0572,10.0,,,0.0887,5.0,0.0445,15.0,0.5604,11.0,0.0142,3.0,0.2508,3.0,0.0388,1.0,,,-0.3033,4.0,-0.2832,11.0,,,,,0.0069,116.0,0.324,5.0,,,,,,,,,0.0955,6.0,-0.0585,26.0,0.2645,8.0,-0.0587,30.0
2025-11-04,Economic Data,-0.8817,2.0,-0.3982,22.0,0.0759,12.0,0.2647,32.0,0.121,47.0,,,-0.494,8.0,0.0479,10.0,-0.3139,11.0,,,0.3613,46.0,,,0.941,1.0,0.1502,37.0,-0.7778,2.0,-0.2313,4.0,-0.2118,4.0,,,-0.9153,1.0,,,0.0019,1.0,-0.0016,1.0,-0.002,5.0,0.0043,2.0,0.0285,5.0,0.1655,5.0,,,0.0137,6.0,0.6325,10.0,-0.0414,18.0,0.0164,195.0
2025-11-04,Economic Data-Consumer Spending,,,-0.4548,7.0,,,0.0186,6.0,0.2296,1.0,,,,,,,,,,,,,,,,,,,,,,,,,,,,,,,,,,,,,,,,,,,,,,,,,0.7729,1.0,,
2025-11-04,Economic Data-Employment,,,,,,,-0.1501,6.0,,,,,,,,,0.8966,3.0,,,0.2165,7.0,,,,,,,,,,,0.4684,15.0,,,,,,,,,,,,,0.8017,4.0,,,0.3506,7.0,,,,,,,,,-0.21,17.0
2025-11-04,Economic Data-GDP,,,-0.8997,1.0,,,-0.3948,2.0,,,,,,,0.0017,3.0,,,,,0.698,1.0,0.2404,4.0,,,0.0061,1.0,0.8764,6.0,,,,,,,,,,,,,,,,,,,,,,,,,0.9152,2.0,,,0.49,3.0,0.0131,1.0
2025-11-04,Economic Data-Housing,,,0.6402,7.0,0.0043,1.0,0.1662,17.0,-0.0567,8.0,,,0.9497,1.0,,,0.0207,4.0,,,0.2876,3.0,,,,,-0.9167,1.0,,,0.0073,1.0,,,,,,,,,,,,,0.3441,3.0,0.5102,1.0,,,,,,,,,,,0.3132,7.0,0.1206,50.0
2025-11-04,Economic Data-Inflation,,,-0.5003,5.0,,,,,,,,,,,,,,,,,,,,,,,0.4414,1.0,0.8351,6.0,,,,,,,0.923,1.0,,,,,,,,,,,,,,,,,,,,,,,-0.0795,15.0
2025-11-04,Economic Data-Interest Rates,,,-0.047,40.0,-0.0792,13.0,-0.2623,6.0,,,0.0023,1.0,,,,,-0.3912,2.0,,,-0.25,4.0,,,,,-0.1961,8.0,0.9471,1.0,-0.9163,2.0,0.4516,6.0,,,,,,,,,,,,,,,,,,,,,,,,,0.306,15.0,-0.0179,84.0
2025-11-04,Economic Data-Manufacturing,,,0.8773,2.0,-0.9108,4.0,,,0.8628,1.0,,,0.0152,1.0,,,,,,,0.0171,2.0,,,,,0.1334,9.0,,,0.9465,1.0,,,,,,,,,,,,,,,-0.9091,3.0,,,0.1447,1.0,,,,,,,,,0.4936,20.0
2025-11-04,Economic Data-Retail Sales,,,0.1996,1.0,,,0.5952,9.0,-0.4529,3.0,,,,,,,0.9495,1.0,,,,,,,,,,,,,-0.0036,1.0,,,,,,,,,,,,,,,,,,,,,,,,,,,0.2533,3.0,0.2717,21.0
2025-11-04,Extreme Weather,-0.003,1.0,0.013,18.0,0.5459,5.0,0.0029,11.0,0.4189,8.0,,,0.0279,3.0,0.0097,4.0,,,,,-0.0172,11.0,,,-0.3519,5.0,,,,,-0.2179,7.0,,,-0.7621,1.0,,,-0.6352,157.0,,,-0.2952,5.0,0.9482,3.0,,,,,-0.0707,20.0,,,,,0.0202,3.0,0.0332,6.0,-0.0249,62.0
2025-11-04,Extreme Weather-Cold,,,,,,,0.0047,1.0,,,,,,,,,,,,,,,,,,,,,,,-0.2262,3.0,,,,,,,,,,,,,,,,,,,,,,,,,,,,,0.0103,12.0
2025-11-04,Extreme Weather-Drought,,,,,0.0605,1.0,,,,,,,,,,,,,,,0.0007,1.0,,,,,0.1261,1.0,,,,,,,,,,,,,,,,,,,,,-0.0719,1.0,,,,,,,,,,,0.4649,3.0
2025-11-04,Extreme Weather-Heat,,,,,0.0021,1.0,,,,,,,,,,,,,,,,,,,,,,,,,-0.0033,1.0,,,,,,,,,,,,,,,,,,,0.0925,1.0,,,,,,,,,0.088,6.0
2025-11-04,Fiscal Policy,0.0307,2.0,-0.2638,1.0,0.2192,13.0,-0.0748,54.0,0.028,8.0,,,0.0241,1.0,-0.2911,4.0,-0.4495,3.0,0.0305,2.0,0.2204,37.0,0.2659,7.0,0.0073,1.0,-0.0633,7.0,-0.0472,4.0,0.613,6.0,,,0.4557,2.0,0.0029,1.0,0.0601,1.0,,,,,,,,,,,0.004,1.0,,,,,0.6041,10.0,-0.0308,29.0,-0.2514,135.0
2025-11-04,Fiscal Policy-Stimulus Package,,,,,,,0.0473,47.0,,,,,,,-0.1727,5.0,-0.9039,1.0,,,-0.0702,11.0,,,,,0.7489,1.0,0.3131,13.0,-0.0008,1.0,,,,,,,,,,,,,0.161,1.0,,,,,,,,,,,0.3092,10.0,0.1241,67.0,-0.2993,130.0
2025-11-04,Monetary Policy,,,-0.071,33.0,-0.1761,10.0,0.2115,6.0,0.0059,1.0,,,0.003,1.0,,,0.0743,3.0,,,-0.1504,5.0,,,,,-0.2485,7.0,0.9471,1.0,-0.9163,2.0,0.1674,10.0,,,,,,,,,,,0.0118,1.0,,,,,,,,,,,,,0.2085,8.0,-0.1598,72.0
2025-11-04,Monetary Policy-Interest Rates,,,-0.2674,6.0,0.1146,3.0,,,,,0.0023,1.0,,,,,,,,,,,,,,,,,,,,,,,,,,,,,,,,,,,,,,,,,,,,,,,0.4758,3.0,0.1246,2.0
2025-11-04,Monetary Policy-Quantitative Easing,-0.8817,2.0,-0.0007,3.0,0.0509,1.0,0.0127,3.0,-0.0733,7.0,,,,,-0.0021,1.0,0.0392,7.0,,,0.2375,18.0,,,,,0.0751,11.0,0.9437,1.0,,,,,0.013,1.0,,,,,,,-0.0,1.0,,,,,-0.5947,2.0,,,,,-0.4611,2.0,,,0.2347,6.0,-0.1498,40.0
2025-11-04,Natural Disaster,,,,,,,,,,,,,,,,,,,,,,,,,-0.8842,5.0,,,,,0.1246,5.0,,,-0.7621,1.0,,,-0.6587,117.0,,,-0.2952,5.0,,,,,,,,,,,,,,,-0.8951,2.0,-0.008,5.0
2025-11-04,Pandemic,-0.1108,3.0,-0.0761,5.0,0.0059,3.0,-0.076,21.0,0.1239,26.0,,,0.0887,1.0,-0.3081,22.0,-0.3143,11.0,,,0.0205,34.0,0.0021,2.0,-0.8652,7.0,-0.0066,1.0,0.4039,1.0,0.2921,21.0,,,-0.4561,3.0,,,-0.3391,4.0,,,,,0.3536,3.0,-0.575,1.0,0.1601,7.0,0.0004,1.0,,,0.0,3.0,0.7619,6.0,0.0055,29.0,-0.1927,222.0
2025-11-04,Politics,0.3106,4.0,-0.2172,12.0,-0.0229,28.0,-0.1161,130.0,0.2044,62.0,0.3245,4.0,,,-0.1567,21.0,-0.0141,23.0,-0.0253,1.0,0.0285,247.0,-0.1983,25.0,-0.2131,6.0,0.3761,12.0,0.488,40.0,-0.1469,19.0,-0.3418,2.0,-0.1179,29.0,0.0914,4.0,-0.0,3.0,0.0034,2.0,-0.1695,24.0,0.103,4.0,-0.0963,13.0,-0.0409,3.0,0.0481,18.0,,,0.1588,10.0,0.2723,26.0,0.0851,151.0,-0.1527,827.0
2025-11-04,Politics-Election,,,,,,,-0.3038,3.0,,,,,0.0078,2.0,0.0002,1.0,,,,,0.1797,63.0,,,,,,,,,,,,,,,,,,,,,,,,,,,0.0061,1.0,,,,,,,,,,,-0.0151,242.0
2025-11-04,Politics-Political Tension,0.0106,1.0,,,0.1426,15.0,-0.2519,7.0,0.0026,11.0,0.0122,1.0,,,-0.0606,2.0,0.0626,3.0,-0.0126,1.0,-0.2143,28.0,-0.0026,4.0,,,0.6311,7.0,,,,,0.0386,1.0,-0.8604,1.0,-0.0127,2.0,,,,,-0.3238,2.0,,,,,,,0.0409,1.0,-0.0379,1.0,0.1021,4.0,0.1731,11.0,-0.0717,2.0,-0.2825,82.0
2025-11-04,Terrorist Attacks,,,,,-0.3782,4.0,-0.3138,7.0,,,,,,,0.0043,3.0,-0.4857,3.0,,,-0.2036,19.0,,,,,,,,,-0.5987,10.0,,,,,-0.7886,8.0,,,,,,,,,,,,,-0.1459,1.0,,,,,,,-0.1123,13.0,-0.3467,86.0
2025-11-04,Wars,,,,,-0.4995,1.0,,,0.0757,11.0,,,,,0.2375,4.0,0.0104,11.0,,,0.1715,8.0,-0.149,26.0,,,,,0.3459,16.0,-0.3211,4.0,,,-0.2204,31.0,-0.1852,13.0,-0.0929,3.0,0.0146,2.0,0.025,41.0,-0.0997,8.0,,,,,0.0261,1.0,0.5355,5.0,0.8706,1.0,-0.0645,30.0,,,0.0364,46.0
2025-11-03,Economic Data,,,-0.0305,2.0,-0.0067,1.0,0.3759,11.0,-0.0458,9.0,,,,,0.0207,5.0,0.013,6.0,,,0.3783,16.0,,,0.0723,2.0,,,0.3633,3.0,-0.0219,3.0,0.9475,2.0,,,,,0.0083,1.0,,,,,,,,,,,,,,,,,,,0.0482,11.0,0.0744,117.0
2025-11-03,Economic Data-Consumer Spending,,,,,,,,,,,,,,,,,,,,,,,,,,,,,,,,,,,,,,,,,,,,,,,,,,,,,,,,,,,,,-0.9067,3.0
2025-11-03,Economic Data-Employment,,,,,,,0.0103,3.0,,,,,,,,,,,,,-0.8801,1.0,,,,,,,,,,,,,,,,,,,,,,,,,,,,,,,,,,,,,0.0081,3.0,0.1178,11.0
2025-11-03,Economic Data-GDP,,,,,,,-0.8987,1.0,,,,,,,,,,,,,,,,,,,,,,,0.9438,1.0,,,,,0.1041,1.0,,,,,,,,,,,,,,,,,,,,,,,-0.1012,6.0
2025-11-03,Economic Data-Housing,,,0.8729,8.0,,,-0.1587,4.0,0.1805,2.0,,,,,,,0.3207,2.0,,,0.0064,1.0,,,0.0187,1.0,,,,,0.9432,1.0,0.0085,1.0,0.9472,1.0,,,0.4773,2.0,,,,,0.0052,1.0,0.9465,1.0,0.002,2.0,,,,,,,,,0.6349,5.0,0.125,55.0
2025-11-03,Economic Data-Inflation,,,,,,,-0.8881,6.0,,,,,,,,,,,,,,,,,,,,,0.9137,1.0,0.013,1.0,,,,,,,,,,,,,,,,,,,,,,,,,,,,,-0.099,5.0
2025-11-03,Economic Data-Interest Rates,,,0.003,3.0,,,0.002,8.0,,,,,,,0.0024,1.0,0.0071,3.0,,,,,,,0.6294,1.0,,,0.9471,1.0,,,,,,,,,,,,,,,,,,,,,,,,,,,,,-0.1427,11.0,0.168,64.0
2025-11-03,Economic Data-Manufacturing,,,,,,,0.6859,7.0,-0.9161,1.0,0.0163,1.0,,,,,-0.2016,3.0,,,0.5544,8.0,,,,,,,,,,,,,,,,,,,,,,,,,-0.0206,4.0,,,,,0.0084,4.0,,,,,,,0.1085,33.0
2025-11-03,Economic Data-Retail Sales,,,,,,,0.0089,4.0,,,,,,,,,,,,,,,,,,,,,,,,,,,,,,,,,,,,,0.9515,2.0,,,,,,,,,,,,,,,0.3162,16.0
2025-11-03,Extreme Weather,,,-0.012,1.0,0.57,6.0,0.3077,11.0,0.0264,2.0,,,,,0.2497,2.0,-0.311,3.0,,,-0.3512,4.0,,,-0.5357,6.0,,,0.9459,1.0,0.043,1.0,,,,,,,-0.562,15.0,,,,,,,,,,,0.0792,1.0,,,0.1874,2.0,,,0.0773,4.0,-0.0116,44.0
2025-11-03,Extreme Weather-Cold,,,0.0069,2.0,,,,,,,,,,,,,,,,,,,,,,,,,,,,,,,,,,,,,,,,,,,,,,,,,,,,,,,,,0.0212,3.0
2025-11-03,Extreme Weather-Drought,,,0.0057,1.0,-0.9182,1.0,,,,,,,,,,,,,,,,,,,,,0.1172,1.0,,,,,,,,,,,,,,,,,,,,,,,,,,,,,,,,,0.1395,3.0
2025-11-03,Extreme Weather-Heat,,,,,,,,,,,,,,,,,,,,,,,0.261,2.0,,,0.0262,1.0,,,,,,,,,,,,,,,,,,,,,,,-0.5695,1.0,,,,,,,,,-0.2417,4.0
2025-11-03,Fiscal Policy,-0.9223,1.0,,,0.1156,5.0,-0.0208,9.0,-0.0025,1.0,0.0238,1.0,,,-0.2517,5.0,-0.306,2.0,,,0.3437,13.0,,,0.8167,1.0,,,,,0.7655,1.0,,,-0.8107,1.0,,,,,,,,,,,,,0.2815,1.0,,,,,,,0.0244,4.0,0.2151,13.0,-0.1863,67.0
2025-11-03,Fiscal Policy-Stimulus Package,,,,,0.8522,2.0,0.1458,14.0,,,,,,,,,,,,,0.5376,4.0,0.7957,1.0,-0.8814,1.0,,,,,-0.918,2.0,,,,,,,,,,,,,,,,,,,,,,,,,,,0.2971,7.0,-0.3485,79.0
2025-11-03,Monetary Policy,,,0.0052,2.0,0.1333,5.0,0.4643,3.0,,,,,,,0.0024,1.0,0.3117,5.0,,,0.9496,2.0,,,0.1284,1.0,,,0.9383,3.0,,,,,,,,,,,,,,,,,,,,,,,,,,,,,0.16,5.0,0.1665,77.0
2025-11-03,Monetary Policy-Interest Rates,,,-0.0305,2.0,,,,,,,,,,,,,,,,,,,,,,,,,,,,,,,,,,,,,,,,,,,,,,,,,,,,,,,,,-0.4818,2.0
2025-11-03,Monetary Policy-Quantitative Easing,,,0.0033,3.0,-0.0067,1.0,,,,,,,,,0.0027,4.0,0.2037,7.0,,,,,,,,,,,,,-0.0018,1.0,,,,,,,0.0083,1.0,,,,,,,,,,,,,,,,,,,,,0.0252,33.0
2025-11-03,Natural Disaster,,,-0.012,1.0,,,,,,,,,,,,,,,,,,,,,-0.6004,20.0,,,,,0.043,1.0,,,,,,,-0.4457,10.0,,,,,,,,,,,,,,,0.1874,2.0,,,-0.9065,1.0,-0.227,3.0
2025-11-03,Oil Spills,,,,,,,,,,,,,,,,,,,,,,,,,,,,,,,,,,,,,,,,,,,,,,,,,,,,,,,,,,,-0.4322,2.0,,
2025-11-03,Pandemic,,,0.0183,4.0,-0.1185,1.0,0.3991,14.0,0.4348,2.0,,,,,-0.3114,32.0,-0.0081,5.0,,,0.1332,16.0,,,0.0368,2.0,,,,,-0.9116,3.0,,,,,,,,,,,,,,,,,0.0078,2.0,0.0689,9.0,,,,,0.01,1.0,-0.3606,3.0,-0.0488,254.0
2025-11-03,Politics,-0.9223,1.0,0.0094,1.0,0.3233,10.0,-0.0128,47.0,0.034,30.0,0.4895,8.0,,,0.2336,11.0,-0.4196,14.0,,,-0.0003,71.0,-0.2908,13.0,-0.0997,5.0,0.0038,1.0,0.0004,1.0,0.0507,12.0,0.0021,2.0,-0.128,10.0,-0.1762,3.0,,,-0.0762,1.0,0.0164,1.0,0.0145,1.0,0.0164,2.0,0.0076,1.0,0.3037,7.0,,,,,0.1726,5.0,0.0082,32.0,-0.0505,418.0
2025-11-03,Politics-Election,0.0036,1.0,,,,,-0.0143,7.0,,,,,,,,,,,,,0.2012,14.0,,,,,,,,,,,,,,,,,,,,,,,,,,,,,,,,,,,,,,,0.017,109.0
2025-11-03,Politics-Political Tension,,,0.0037,1.0,,,,,-0.3035,3.0,0.3476,3.0,,,-0.4561,2.0,,,,,-0.0202,17.0,-0.0081,2.0,,,,,,,,,,,,,,,,,,,-0.2244,2.0,0.0081,1.0,,,0.2815,1.0,-0.1463,1.0,0.0055,1.0,,,0.02,5.0,-0.0034,2.0,-0.3484,23.0
2025-11-03,Terrorist Attacks,0.0112,2.0,,,,,-0.5308,2.0,,,,,,,-0.0474,5.0,,,,,-0.4764,4.0,,,,,,,,,-0.7181,4.0,,,,,,,,,,,,,,,-0.0748,1.0,,,,,,,,,,,-0.1764,54.0,-0.3803,80.0
2025-11-03,Wars,,,,,,,,,0.2186,7.0,,,,,,,-0.3366,1.0,,,0.0123,2.0,-0.258,8.0,0.0299,6.0,,,0.3548,3.0,-0.8602,1.0,,,-0.157,21.0,-0.4711,6.0,,,0.0022,1.0,-0.2147,10.0,,,,,,,0.0059,1.0,,,,,0.0731,18.0,0.0083,2.0,-0.1127,17.0
2025-11-02,Economic Data,,,,,,,,,,,,,,,,,0.543,1.0,,,,,,,,,,,,,,,,,,,,,,,,,,,,,,,,,,,,,,,,,,,,
2025-11-02,Economic Data-Employment,,,,,,,,,,,,,,,,,,,,,,,,,,,,,,,,,,,,,,,,,,,,,,,,,,,,,,,,,,,,,0.5397,2.0
2025-11-02,Extreme Weather-Heat,,,,,,,,,,,,,,,,,,,,,,,,,,,,,,,,,,,,,,,,,,,,,,,,,,,,,,,,,,,,,-0.9089,1.0
2025-11-02,Fiscal Policy-Stimulus Package,,,,,,,,,,,,,,,,,,,,,,,,,,,,,,,,,,,,,,,,,,,,,,,,,,,,,,,,,,,0.0034,1.0,,
2025-11-02,Politics,,,,,,,,,,,,,,,,,,,,,0.0046,1.0,,,,,,,,,,,,,,,,,,,,,,,,,,,,,,,,,,,,,0.0034,1.0,0.7966,1.0
2025-11-02,Politics-Election,,,,,,,,,,,,,,,,,,,,,0.0006,1.0,,,,,,,,,,,,,,,,,,,,,,,,,,,,,,,,,,,,,,,,
2025-11-02,Terrorist Attacks,,,,,,,,,,,,,,,,,,,,,,,,,,,,,,,,,,,,,,,,,,,,,,,,,,,,,,,,,,,-0.061,4.0,,
2025-11-02,Wars,,,,,,,,,,,,,,,0.0087,1.0,,,,,,,,,,,,,,,,,,,,,,,,,,,,,,,,,,,,,,,,,,,,,0.0028,1.0
2025-11-01,Politics,,,,,,,,,,,,,,,,,,,,,,,,,,,,,,,,,,,,,,,,,,,,,,,,,,,,,,,,,,,,,-0.8419,2.0
